bill_id,customer_id,bill_date,amount,payment_status,due_date
1,3359,2024-07-21,369.89,Paid,2024-08-20
2,8767,2024-09-04,423.6,Due,2024-10-04
3,5086,2024-12-14,486.98,Overdue,2025-01-13
4,2151,2025-03-29,149.0,Paid,2025-04-28
5,8252,2024-12-24,313.59,Due,2025-01-23
6,8216,2024-06-14,220.36,Overdue,2024-07-14
7,6510,2025-03-14,59.12,Due,2025-04-13
8,951,2024-07-12,102.23,Paid,2024-08-11
9,4391,2024-11-09,348.74,Paid,2024-12-09
10,8370,2025-04-20,202.51,Overdue,2025-05-20
11,8492,2024-06-24,405.51,Paid,2024-07-24
12,1640,2024-08-08,99.6,Overdue,2024-09-07
13,6551,2024-05-22,43.68,Paid,2024-06-21
14,4277,2024-12-02,237.26,Due,2025-01-01
15,5661,2024-08-07,472.54,Overdue,2024-09-06
16,5846,2025-03-09,148.76,Overdue,2025-04-08
17,7796,2025-04-30,410.62,Due,2025-05-30
18,1472,2024-05-02,208.32,Overdue,2024-06-01
19,9185,2024-12-21,201.19,Due,2025-01-20
20,8700,2024-08-09,259.74,Overdue,2024-09-08
21,5193,2024-05-11,31.39,Paid,2024-06-10
22,7707,2025-03-02,332.14,Due,2025-04-01
23,1575,2024-06-05,268.84,Due,2024-07-05
24,537,2024-07-25,43.52,Overdue,2024-08-24
25,3129,2025-01-07,162.01,Paid,2025-02-06
26,304,2025-03-31,252.4,Paid,2025-04-30
27,5362,2025-01-26,196.82,Paid,2025-02-25
28,8477,2025-04-07,86.06,Overdue,2025-05-07
29,21,2025-03-11,285.16,Due,2025-04-10
30,1581,2025-02-06,306.38,Overdue,2025-03-08
31,4527,2024-12-30,236.09,Paid,2025-01-29
32,1435,2025-02-09,277.92,Overdue,2025-03-11
33,7474,2024-10-29,280.49,Overdue,2024-11-28
34,7038,2025-01-29,251.31,Due,2025-02-28
35,2438,2024-07-03,103.25,Overdue,2024-08-02
36,4476,2025-03-14,231.07,Overdue,2025-04-13
37,6991,2024-11-01,391.69,Overdue,2024-12-01
38,3180,2025-04-02,151.4,Paid,2025-05-02
39,8054,2024-06-19,40.03,Paid,2024-07-19
40,4983,2024-06-23,45.16,Paid,2024-07-23
41,8042,2024-09-19,478.11,Due,2024-10-19
42,5549,2025-04-03,123.83,Overdue,2025-05-03
43,6907,2024-12-21,483.98,Overdue,2025-01-20
44,4123,2024-07-11,283.25,Overdue,2024-08-10
45,5800,2024-09-09,116.27,Paid,2024-10-09
46,9388,2024-09-29,302.7,Due,2024-10-29
47,9340,2024-09-30,353.52,Paid,2024-10-30
48,4818,2024-05-08,415.43,Due,2024-06-07
49,4983,2024-10-25,171.38,Due,2024-11-24
50,8465,2024-05-22,285.63,Paid,2024-06-21
51,1443,2025-02-04,392.18,Due,2025-03-06
52,4994,2024-10-05,348.57,Paid,2024-11-04
53,3311,2025-01-24,14.07,Overdue,2025-02-23
54,156,2024-10-04,124.46,Due,2024-11-03
55,4295,2025-02-15,55.75,Overdue,2025-03-17
56,1621,2025-03-28,365.34,Paid,2025-04-27
57,2563,2025-03-24,257.48,Paid,2025-04-23
58,4080,2024-06-10,496.55,Overdue,2024-07-10
59,9140,2024-12-30,263.66,Paid,2025-01-29
60,8378,2024-07-26,329.91,Paid,2024-08-25
61,9969,2024-08-22,454.54,Due,2024-09-21
62,1063,2024-06-19,141.13,Overdue,2024-07-19
63,2340,2024-09-01,123.69,Overdue,2024-10-01
64,6205,2024-11-01,51.72,Paid,2024-12-01
65,7468,2024-12-04,496.45,Overdue,2025-01-03
66,7218,2024-12-23,64.56,Due,2025-01-22
67,3829,2024-11-14,152.06,Paid,2024-12-14
68,4315,2024-12-24,323.06,Overdue,2025-01-23
69,9219,2024-10-14,492.58,Overdue,2024-11-13
70,7651,2024-05-23,424.23,Paid,2024-06-22
71,4313,2025-02-27,496.31,Due,2025-03-29
72,2773,2024-12-09,341.31,Paid,2025-01-08
73,7350,2025-01-03,10.29,Due,2025-02-02
74,8867,2025-02-28,226.12,Due,2025-03-30
75,2920,2024-06-10,119.2,Overdue,2024-07-10
76,6365,2025-04-28,374.39,Due,2025-05-28
77,6822,2024-10-07,55.6,Paid,2024-11-06
78,409,2024-06-27,93.09,Overdue,2024-07-27
79,823,2024-10-28,357.07,Due,2024-11-27
80,5065,2025-01-04,157.42,Due,2025-02-03
81,6909,2025-01-29,340.81,Paid,2025-02-28
82,8937,2024-06-05,153.13,Due,2024-07-05
83,2010,2025-04-29,137.3,Due,2025-05-29
84,3916,2024-05-27,282.78,Overdue,2024-06-26
85,736,2024-08-17,275.5,Due,2024-09-16
86,8392,2025-01-06,447.27,Due,2025-02-05
87,1652,2024-10-17,103.96,Due,2024-11-16
88,4803,2024-10-13,69.59,Due,2024-11-12
89,6948,2024-09-11,51.72,Paid,2024-10-11
90,6898,2024-09-12,320.68,Due,2024-10-12
91,7355,2025-01-31,393.97,Paid,2025-03-02
92,9893,2024-05-19,399.7,Due,2024-06-18
93,7765,2025-01-13,286.88,Overdue,2025-02-12
94,3481,2025-01-08,473.48,Overdue,2025-02-07
95,1471,2025-01-12,221.16,Overdue,2025-02-11
96,4060,2024-05-14,224.04,Overdue,2024-06-13
97,8641,2025-01-18,286.43,Overdue,2025-02-17
98,150,2025-04-09,174.3,Paid,2025-05-09
99,8253,2024-09-08,20.32,Overdue,2024-10-08
100,5871,2025-01-30,119.26,Paid,2025-03-01
101,7614,2024-12-23,120.53,Due,2025-01-22
102,4932,2024-06-22,55.5,Paid,2024-07-22
103,5419,2024-06-24,49.83,Due,2024-07-24
104,2096,2025-03-27,451.8,Overdue,2025-04-26
105,1917,2024-07-01,258.83,Overdue,2024-07-31
106,7996,2024-11-01,354.4,Overdue,2024-12-01
107,4133,2024-05-08,232.94,Overdue,2024-06-07
108,20,2024-10-02,275.79,Overdue,2024-11-01
109,3343,2025-03-08,406.38,Due,2025-04-07
110,640,2024-05-13,325.11,Paid,2024-06-12
111,21,2024-09-10,87.12,Due,2024-10-10
112,8957,2024-12-07,297.06,Overdue,2025-01-06
113,3764,2024-07-24,362.97,Due,2024-08-23
114,5004,2024-12-18,242.06,Overdue,2025-01-17
115,2406,2024-11-12,373.93,Due,2024-12-12
116,1459,2024-05-17,358.63,Paid,2024-06-16
117,138,2024-11-01,111.85,Paid,2024-12-01
118,1737,2024-11-04,207.09,Paid,2024-12-04
119,9454,2024-08-29,141.68,Paid,2024-09-28
120,1314,2024-06-19,49.45,Overdue,2024-07-19
121,7371,2024-10-07,161.52,Overdue,2024-11-06
122,5960,2024-07-01,48.92,Overdue,2024-07-31
123,8914,2024-05-17,34.88,Paid,2024-06-16
124,914,2024-06-22,181.01,Paid,2024-07-22
125,4956,2024-10-14,431.47,Due,2024-11-13
126,3416,2024-12-31,460.54,Due,2025-01-30
127,5380,2024-09-05,264.07,Paid,2024-10-05
128,8129,2025-01-10,334.56,Overdue,2025-02-09
129,1409,2025-03-10,296.0,Overdue,2025-04-09
130,3129,2025-04-30,404.36,Paid,2025-05-30
131,962,2025-02-24,316.37,Paid,2025-03-26
132,5146,2024-05-12,308.85,Due,2024-06-11
133,34,2024-06-02,459.99,Overdue,2024-07-02
134,9609,2024-11-14,302.49,Due,2024-12-14
135,4500,2024-07-10,43.98,Overdue,2024-08-09
136,97,2024-11-03,286.44,Paid,2024-12-03
137,1402,2025-04-21,150.02,Paid,2025-05-21
138,1204,2024-10-19,314.63,Due,2024-11-18
139,2037,2025-02-17,184.63,Overdue,2025-03-19
140,8582,2025-02-05,499.12,Overdue,2025-03-07
141,2887,2025-04-14,338.34,Due,2025-05-14
142,2656,2024-06-14,458.02,Due,2024-07-14
143,4896,2024-12-30,470.09,Due,2025-01-29
144,6623,2025-04-03,232.99,Due,2025-05-03
145,5446,2025-01-13,487.45,Overdue,2025-02-12
146,4918,2024-11-16,84.58,Due,2024-12-16
147,788,2024-12-11,208.29,Paid,2025-01-10
148,3311,2024-12-26,157.62,Paid,2025-01-25
149,8144,2024-07-07,100.08,Paid,2024-08-06
150,6336,2025-04-13,498.55,Paid,2025-05-13
151,1006,2024-12-15,380.55,Due,2025-01-14
152,2384,2024-08-25,122.51,Overdue,2024-09-24
153,4493,2024-09-28,131.24,Paid,2024-10-28
154,6818,2024-08-09,342.59,Overdue,2024-09-08
155,5601,2024-10-13,40.38,Overdue,2024-11-12
156,2994,2024-06-27,310.77,Overdue,2024-07-27
157,722,2024-07-05,137.17,Overdue,2024-08-04
158,1322,2025-04-19,32.02,Paid,2025-05-19
159,252,2024-12-19,282.47,Due,2025-01-18
160,8302,2025-01-11,385.42,Overdue,2025-02-10
161,6764,2024-06-15,297.69,Due,2024-07-15
162,357,2024-09-29,50.78,Paid,2024-10-29
163,2329,2025-03-28,462.68,Overdue,2025-04-27
164,9230,2024-06-17,407.66,Paid,2024-07-17
165,5110,2024-10-12,173.56,Paid,2024-11-11
166,792,2025-02-23,202.54,Due,2025-03-25
167,9658,2024-12-23,66.92,Overdue,2025-01-22
168,9308,2024-05-05,164.42,Overdue,2024-06-04
169,7105,2024-12-01,271.28,Paid,2024-12-31
170,1193,2025-03-02,289.39,Overdue,2025-04-01
171,5627,2024-11-09,201.84,Due,2024-12-09
172,1934,2024-08-23,391.84,Overdue,2024-09-22
173,9429,2024-08-16,50.33,Overdue,2024-09-15
174,3577,2024-05-17,265.29,Paid,2024-06-16
175,1585,2024-09-12,224.44,Due,2024-10-12
176,6180,2025-04-23,375.45,Due,2025-05-23
177,5523,2024-08-26,145.81,Overdue,2024-09-25
178,8298,2025-04-08,49.27,Overdue,2025-05-08
179,3638,2025-04-27,258.36,Due,2025-05-27
180,3704,2024-08-07,480.84,Paid,2024-09-06
181,3836,2025-01-25,486.01,Paid,2025-02-24
182,5804,2025-02-04,203.37,Paid,2025-03-06
183,5558,2025-02-10,49.24,Due,2025-03-12
184,8659,2024-06-14,132.42,Overdue,2024-07-14
185,3027,2025-02-24,312.12,Paid,2025-03-26
186,138,2024-05-11,365.72,Overdue,2024-06-10
187,3355,2024-11-09,290.12,Overdue,2024-12-09
188,5398,2024-08-29,93.51,Due,2024-09-28
189,3120,2025-04-10,337.45,Paid,2025-05-10
190,1560,2024-10-01,383.87,Overdue,2024-10-31
191,9040,2025-04-10,187.07,Overdue,2025-05-10
192,1951,2025-04-19,43.28,Overdue,2025-05-19
193,7321,2025-04-18,283.25,Overdue,2025-05-18
194,5595,2024-08-06,205.3,Overdue,2024-09-05
195,4946,2024-10-20,400.62,Due,2024-11-19
196,6674,2025-04-19,121.24,Due,2025-05-19
197,9363,2024-07-03,191.47,Paid,2024-08-02
198,9600,2024-11-23,182.9,Paid,2024-12-23
199,7382,2024-10-20,212.42,Paid,2024-11-19
200,9766,2025-01-07,78.88,Overdue,2025-02-06
201,4375,2025-02-04,332.2,Overdue,2025-03-06
202,5269,2025-04-23,460.22,Due,2025-05-23
203,2383,2025-04-26,325.23,Overdue,2025-05-26
204,1163,2024-12-02,487.76,Overdue,2025-01-01
205,244,2025-04-25,339.22,Paid,2025-05-25
206,1424,2024-09-17,10.9,Overdue,2024-10-17
207,2843,2025-01-04,343.57,Overdue,2025-02-03
208,5255,2024-11-27,457.77,Due,2024-12-27
209,6945,2025-04-11,344.33,Overdue,2025-05-11
210,6679,2024-05-30,63.84,Due,2024-06-29
211,2276,2024-11-24,328.05,Paid,2024-12-24
212,4143,2024-05-20,253.49,Due,2024-06-19
213,7537,2025-01-16,327.44,Paid,2025-02-15
214,5262,2025-02-14,298.6,Overdue,2025-03-16
215,1185,2025-03-20,108.25,Due,2025-04-19
216,5254,2025-03-20,216.61,Due,2025-04-19
217,3709,2025-02-23,16.39,Due,2025-03-25
218,892,2024-06-22,496.1,Due,2024-07-22
219,3901,2024-05-01,460.85,Due,2024-05-31
220,6353,2024-07-02,19.23,Due,2024-08-01
221,5458,2025-02-08,100.58,Due,2025-03-10
222,8436,2025-01-09,342.97,Overdue,2025-02-08
223,860,2024-11-18,102.15,Paid,2024-12-18
224,511,2024-07-25,110.7,Due,2024-08-24
225,9126,2024-07-19,334.79,Paid,2024-08-18
226,4097,2025-04-03,35.6,Overdue,2025-05-03
227,9543,2025-01-13,462.01,Paid,2025-02-12
228,6150,2025-03-27,38.42,Overdue,2025-04-26
229,3857,2025-04-18,247.79,Due,2025-05-18
230,2174,2024-12-20,370.0,Paid,2025-01-19
231,9155,2024-05-20,45.13,Paid,2024-06-19
232,5716,2024-10-19,14.17,Due,2024-11-18
233,4960,2025-02-28,281.94,Overdue,2025-03-30
234,8990,2024-12-05,307.16,Due,2025-01-04
235,8048,2024-11-21,114.09,Paid,2024-12-21
236,4276,2025-03-12,406.25,Paid,2025-04-11
237,6625,2024-10-03,222.92,Due,2024-11-02
238,775,2024-11-14,378.88,Overdue,2024-12-14
239,7898,2024-05-28,258.28,Overdue,2024-06-27
240,7845,2024-12-24,270.96,Due,2025-01-23
241,1147,2025-03-21,290.22,Paid,2025-04-20
242,1939,2024-05-28,13.73,Due,2024-06-27
243,633,2025-02-18,417.74,Overdue,2025-03-20
244,3989,2024-06-04,40.78,Due,2024-07-04
245,3820,2024-06-13,243.21,Paid,2024-07-13
246,6266,2025-01-18,209.09,Paid,2025-02-17
247,4295,2025-04-21,433.08,Due,2025-05-21
248,9357,2024-09-02,153.48,Overdue,2024-10-02
249,1882,2025-02-09,27.53,Due,2025-03-11
250,4902,2024-09-29,63.41,Paid,2024-10-29
251,1859,2024-07-17,290.03,Paid,2024-08-16
252,6529,2024-10-09,178.6,Due,2024-11-08
253,6552,2025-02-22,300.84,Paid,2025-03-24
254,5901,2024-10-02,202.93,Due,2024-11-01
255,8870,2024-10-28,343.53,Paid,2024-11-27
256,2204,2024-08-13,319.66,Due,2024-09-12
257,2882,2025-01-05,261.04,Overdue,2025-02-04
258,8815,2024-10-04,113.22,Paid,2024-11-03
259,3677,2024-10-23,51.68,Due,2024-11-22
260,3339,2025-01-10,47.22,Overdue,2025-02-09
261,3737,2024-07-03,269.92,Overdue,2024-08-02
262,3457,2025-01-29,150.36,Due,2025-02-28
263,8205,2024-05-01,263.02,Paid,2024-05-31
264,3218,2024-04-30,440.63,Due,2024-05-30
265,5067,2024-10-23,11.76,Paid,2024-11-22
266,2320,2025-01-10,19.06,Paid,2025-02-09
267,3613,2024-11-27,230.22,Paid,2024-12-27
268,1423,2024-08-08,162.2,Paid,2024-09-07
269,3699,2025-03-10,66.96,Paid,2025-04-09
270,4779,2025-02-05,116.53,Overdue,2025-03-07
271,8106,2024-08-07,140.05,Overdue,2024-09-06
272,8024,2025-03-19,341.87,Paid,2025-04-18
273,2920,2025-04-29,246.84,Due,2025-05-29
274,4849,2024-08-13,444.48,Overdue,2024-09-12
275,6845,2024-10-26,28.75,Paid,2024-11-25
276,1097,2024-05-20,279.42,Due,2024-06-19
277,9394,2024-08-27,144.32,Paid,2024-09-26
278,3378,2025-04-10,78.04,Paid,2025-05-10
279,1420,2024-06-13,471.55,Due,2024-07-13
280,6099,2024-09-10,383.01,Due,2024-10-10
281,6440,2024-12-12,15.29,Due,2025-01-11
282,7151,2024-11-26,158.13,Paid,2024-12-26
283,5694,2024-05-06,338.99,Overdue,2024-06-05
284,2821,2024-07-17,499.08,Due,2024-08-16
285,3130,2024-07-16,295.4,Overdue,2024-08-15
286,5415,2024-06-10,274.84,Overdue,2024-07-10
287,9231,2024-07-21,113.59,Overdue,2024-08-20
288,7969,2024-09-16,206.74,Overdue,2024-10-16
289,6924,2024-07-19,254.9,Paid,2024-08-18
290,2,2024-08-10,257.53,Paid,2024-09-09
291,94,2024-05-21,190.8,Paid,2024-06-20
292,1720,2024-06-03,301.48,Overdue,2024-07-03
293,4006,2024-08-31,183.57,Overdue,2024-09-30
294,7695,2024-08-18,366.05,Due,2024-09-17
295,1870,2025-03-21,488.64,Overdue,2025-04-20
296,5098,2024-06-25,280.64,Overdue,2024-07-25
297,8298,2024-11-14,264.28,Due,2024-12-14
298,932,2024-08-09,233.74,Due,2024-09-08
299,1854,2024-08-25,152.39,Overdue,2024-09-24
300,6370,2025-01-02,277.61,Overdue,2025-02-01
301,521,2025-02-04,394.22,Overdue,2025-03-06
302,6407,2024-05-29,378.4,Overdue,2024-06-28
303,3310,2024-12-18,42.9,Overdue,2025-01-17
304,3151,2025-04-10,139.51,Overdue,2025-05-10
305,4178,2025-02-08,299.32,Due,2025-03-10
306,1687,2024-05-20,262.26,Paid,2024-06-19
307,6901,2024-05-15,475.9,Due,2024-06-14
308,3929,2025-03-17,438.3,Due,2025-04-16
309,7914,2024-09-24,91.71,Due,2024-10-24
310,2175,2025-02-23,39.14,Overdue,2025-03-25
311,5317,2024-12-30,275.41,Overdue,2025-01-29
312,733,2025-01-30,373.18,Due,2025-03-01
313,5843,2025-03-09,457.99,Due,2025-04-08
314,8537,2024-11-06,469.16,Overdue,2024-12-06
315,9155,2024-05-08,163.18,Paid,2024-06-07
316,4805,2024-12-17,416.99,Overdue,2025-01-16
317,8046,2025-03-02,446.71,Due,2025-04-01
318,530,2025-01-27,324.45,Paid,2025-02-26
319,5717,2024-06-02,97.6,Overdue,2024-07-02
320,799,2025-01-02,143.25,Due,2025-02-01
321,6227,2024-05-04,103.28,Overdue,2024-06-03
322,4771,2024-09-03,479.96,Overdue,2024-10-03
323,8174,2024-12-15,21.62,Overdue,2025-01-14
324,8163,2025-04-03,85.36,Due,2025-05-03
325,5094,2025-02-14,337.29,Due,2025-03-16
326,2345,2024-11-14,219.94,Overdue,2024-12-14
327,2932,2025-01-24,131.29,Paid,2025-02-23
328,6293,2024-12-21,221.79,Paid,2025-01-20
329,3976,2024-07-09,188.85,Overdue,2024-08-08
330,6293,2025-01-17,477.74,Due,2025-02-16
331,5625,2025-02-25,136.67,Paid,2025-03-27
332,1589,2024-08-05,492.57,Overdue,2024-09-04
333,4946,2024-05-24,61.13,Overdue,2024-06-23
334,3348,2024-11-09,178.4,Paid,2024-12-09
335,1892,2025-01-08,294.56,Overdue,2025-02-07
336,654,2025-03-08,269.19,Overdue,2025-04-07
337,6673,2024-07-18,345.95,Due,2024-08-17
338,8516,2025-01-24,291.48,Overdue,2025-02-23
339,7820,2024-08-07,317.67,Paid,2024-09-06
340,2104,2025-04-29,331.22,Due,2025-05-29
341,2025,2024-10-02,88.07,Due,2024-11-01
342,8484,2024-07-09,306.75,Due,2024-08-08
343,486,2024-07-31,454.05,Overdue,2024-08-30
344,7840,2024-11-16,343.81,Paid,2024-12-16
345,1688,2024-07-29,429.17,Overdue,2024-08-28
346,3836,2024-11-26,261.43,Paid,2024-12-26
347,2605,2024-12-25,109.23,Paid,2025-01-24
348,8590,2025-04-30,195.67,Overdue,2025-05-30
349,416,2024-09-11,352.5,Due,2024-10-11
350,3588,2024-07-29,182.82,Overdue,2024-08-28
351,8842,2025-02-15,285.64,Paid,2025-03-17
352,2586,2025-03-12,473.72,Due,2025-04-11
353,266,2024-06-04,481.06,Paid,2024-07-04
354,3876,2024-12-02,274.17,Due,2025-01-01
355,1404,2024-06-19,51.54,Overdue,2024-07-19
356,7026,2024-05-10,306.54,Due,2024-06-09
357,4669,2024-06-21,282.98,Overdue,2024-07-21
358,1508,2025-03-22,228.32,Paid,2025-04-21
359,5139,2025-04-07,304.65,Paid,2025-05-07
360,338,2024-08-17,320.17,Paid,2024-09-16
361,606,2025-02-28,168.59,Paid,2025-03-30
362,1002,2024-08-18,369.56,Overdue,2024-09-17
363,7295,2024-05-30,76.91,Paid,2024-06-29
364,5628,2024-08-15,322.06,Paid,2024-09-14
365,3116,2024-10-09,175.97,Paid,2024-11-08
366,7104,2024-08-13,227.01,Paid,2024-09-12
367,8537,2025-01-28,253.8,Paid,2025-02-27
368,1571,2025-03-02,262.82,Due,2025-04-01
369,1588,2024-04-30,462.66,Paid,2024-05-30
370,1283,2024-04-30,65.22,Due,2024-05-30
371,7787,2024-10-23,277.18,Paid,2024-11-22
372,3248,2025-02-05,34.63,Overdue,2025-03-07
373,500,2025-04-05,61.65,Overdue,2025-05-05
374,9768,2024-05-20,170.4,Paid,2024-06-19
375,699,2024-06-14,312.72,Paid,2024-07-14
376,6391,2025-01-19,462.61,Paid,2025-02-18
377,1337,2025-01-05,389.56,Overdue,2025-02-04
378,4860,2024-09-08,475.76,Paid,2024-10-08
379,628,2024-06-08,326.8,Overdue,2024-07-08
380,618,2024-12-21,267.48,Due,2025-01-20
381,6429,2024-09-11,499.92,Paid,2024-10-11
382,762,2024-09-20,24.57,Overdue,2024-10-20
383,9243,2025-04-25,42.41,Due,2025-05-25
384,2359,2025-03-25,460.18,Overdue,2025-04-24
385,1277,2024-10-10,25.55,Due,2024-11-09
386,8390,2024-09-18,314.73,Overdue,2024-10-18
387,985,2024-11-11,242.2,Due,2024-12-11
388,9794,2024-12-08,355.91,Overdue,2025-01-07
389,4093,2024-08-19,243.69,Paid,2024-09-18
390,3485,2024-09-20,296.14,Paid,2024-10-20
391,2539,2024-06-13,392.89,Paid,2024-07-13
392,2444,2025-01-31,490.68,Due,2025-03-02
393,1989,2024-10-30,401.01,Paid,2024-11-29
394,4364,2024-05-01,481.35,Due,2024-05-31
395,1943,2024-07-30,389.2,Due,2024-08-29
396,6123,2024-11-15,210.47,Due,2024-12-15
397,7686,2024-12-18,140.49,Due,2025-01-17
398,1198,2025-02-15,281.61,Overdue,2025-03-17
399,4595,2025-01-28,457.63,Overdue,2025-02-27
400,2010,2024-06-08,80.79,Overdue,2024-07-08
401,1888,2025-02-03,194.32,Overdue,2025-03-05
402,6477,2024-11-22,401.58,Overdue,2024-12-22
403,5177,2024-12-15,389.48,Due,2025-01-14
404,1454,2024-06-20,189.08,Paid,2024-07-20
405,9858,2024-09-22,340.6,Overdue,2024-10-22
406,4514,2024-06-18,385.59,Paid,2024-07-18
407,9668,2024-12-24,453.33,Paid,2025-01-23
408,3876,2025-02-09,59.52,Overdue,2025-03-11
409,1275,2024-09-17,442.4,Overdue,2024-10-17
410,3497,2024-12-10,217.48,Paid,2025-01-09
411,9301,2024-09-22,281.98,Overdue,2024-10-22
412,7609,2024-10-27,239.2,Overdue,2024-11-26
413,5643,2024-10-28,271.26,Overdue,2024-11-27
414,5968,2024-06-13,11.7,Due,2024-07-13
415,8920,2025-02-22,388.13,Overdue,2025-03-24
416,4356,2025-03-26,347.34,Due,2025-04-25
417,612,2024-08-05,352.21,Paid,2024-09-04
418,8249,2024-06-17,207.89,Overdue,2024-07-17
419,7997,2024-12-27,20.15,Paid,2025-01-26
420,7186,2024-10-20,44.84,Paid,2024-11-19
421,2469,2024-10-17,107.6,Due,2024-11-16
422,7749,2024-06-27,410.75,Paid,2024-07-27
423,5259,2024-08-09,163.78,Overdue,2024-09-08
424,4336,2024-12-09,291.12,Overdue,2025-01-08
425,9966,2025-02-17,113.23,Overdue,2025-03-19
426,9044,2024-07-11,261.14,Paid,2024-08-10
427,2189,2024-09-03,385.93,Due,2024-10-03
428,1368,2024-05-22,145.01,Overdue,2024-06-21
429,8838,2025-03-26,241.44,Paid,2025-04-25
430,2984,2025-01-04,39.81,Paid,2025-02-03
431,7655,2024-08-06,469.64,Due,2024-09-05
432,5790,2025-04-27,193.37,Due,2025-05-27
433,5371,2025-03-08,497.1,Paid,2025-04-07
434,5471,2024-08-17,287.24,Paid,2024-09-16
435,8989,2024-09-29,83.9,Paid,2024-10-29
436,3796,2024-11-16,231.14,Paid,2024-12-16
437,3726,2025-03-09,63.14,Overdue,2025-04-08
438,9213,2024-05-05,159.37,Paid,2024-06-04
439,7969,2024-06-25,416.44,Paid,2024-07-25
440,7810,2025-02-03,292.98,Paid,2025-03-05
441,6175,2025-01-08,489.55,Due,2025-02-07
442,646,2024-11-13,476.1,Due,2024-12-13
443,7121,2024-11-03,330.31,Paid,2024-12-03
444,7526,2025-03-09,460.05,Overdue,2025-04-08
445,1363,2024-08-30,108.96,Overdue,2024-09-29
446,8416,2025-02-16,115.86,Overdue,2025-03-18
447,496,2024-06-09,247.67,Paid,2024-07-09
448,1110,2024-07-14,237.89,Due,2024-08-13
449,2689,2024-08-07,326.33,Overdue,2024-09-06
450,134,2024-05-28,389.07,Paid,2024-06-27
451,290,2024-10-13,497.54,Paid,2024-11-12
452,8901,2024-08-28,143.64,Overdue,2024-09-27
453,4272,2025-01-18,36.82,Due,2025-02-17
454,612,2024-05-09,431.53,Paid,2024-06-08
455,6599,2024-11-24,306.05,Paid,2024-12-24
456,5561,2024-12-23,412.64,Overdue,2025-01-22
457,2116,2024-12-15,266.75,Paid,2025-01-14
458,2480,2024-12-12,338.49,Paid,2025-01-11
459,5145,2025-04-05,283.15,Paid,2025-05-05
460,9251,2025-04-09,244.94,Paid,2025-05-09
461,562,2025-02-14,128.91,Paid,2025-03-16
462,9031,2024-09-04,115.19,Paid,2024-10-04
463,2557,2024-04-30,346.96,Overdue,2024-05-30
464,6849,2025-04-21,74.48,Overdue,2025-05-21
465,19,2025-04-14,57.6,Paid,2025-05-14
466,4354,2024-11-10,151.82,Due,2024-12-10
467,2500,2024-08-05,40.13,Paid,2024-09-04
468,5970,2024-07-03,35.09,Paid,2024-08-02
469,8072,2024-10-20,368.79,Due,2024-11-19
470,156,2025-02-21,436.27,Due,2025-03-23
471,4302,2024-07-15,83.67,Overdue,2024-08-14
472,3534,2024-10-15,224.78,Due,2024-11-14
473,681,2024-05-17,45.01,Overdue,2024-06-16
474,6446,2024-12-05,80.86,Paid,2025-01-04
475,2725,2024-12-28,167.57,Paid,2025-01-27
476,1114,2024-11-11,409.25,Due,2024-12-11
477,9824,2024-09-18,66.12,Overdue,2024-10-18
478,4714,2024-09-30,95.74,Paid,2024-10-30
479,9417,2024-06-25,342.5,Due,2024-07-25
480,1827,2025-01-24,370.67,Due,2025-02-23
481,4157,2024-05-13,247.82,Overdue,2024-06-12
482,9530,2024-12-31,82.69,Due,2025-01-30
483,8010,2024-05-31,384.52,Paid,2024-06-30
484,7177,2024-09-02,263.59,Paid,2024-10-02
485,2524,2025-03-27,281.06,Paid,2025-04-26
486,6622,2024-11-05,247.09,Due,2024-12-05
487,8802,2024-05-01,483.12,Overdue,2024-05-31
488,6530,2024-11-10,95.94,Overdue,2024-12-10
489,8724,2025-04-17,483.63,Overdue,2025-05-17
490,706,2024-12-06,292.6,Paid,2025-01-05
491,6866,2025-01-24,367.57,Overdue,2025-02-23
492,6065,2024-11-16,369.57,Paid,2024-12-16
493,1091,2024-12-15,116.92,Overdue,2025-01-14
494,4275,2024-10-19,42.77,Due,2024-11-18
495,3521,2024-10-12,420.94,Due,2024-11-11
496,1630,2024-06-10,156.52,Overdue,2024-07-10
497,2936,2024-12-02,402.33,Due,2025-01-01
498,9822,2025-03-23,230.37,Overdue,2025-04-22
499,6137,2024-05-22,109.91,Due,2024-06-21
500,2365,2024-05-26,403.09,Due,2024-06-25
501,8550,2024-09-22,79.23,Overdue,2024-10-22
502,8833,2024-11-12,101.01,Overdue,2024-12-12
503,3584,2025-04-02,227.6,Paid,2025-05-02
504,2475,2024-06-04,76.12,Due,2024-07-04
505,4535,2024-09-26,410.17,Overdue,2024-10-26
506,2467,2024-08-10,62.66,Due,2024-09-09
507,8782,2024-07-18,189.42,Due,2024-08-17
508,1599,2025-03-22,139.58,Overdue,2025-04-21
509,4169,2024-10-16,124.88,Paid,2024-11-15
510,4922,2025-01-26,16.16,Paid,2025-02-25
511,8171,2025-02-28,62.57,Overdue,2025-03-30
512,4938,2025-03-27,261.93,Paid,2025-04-26
513,6831,2024-09-09,305.17,Due,2024-10-09
514,2271,2024-07-08,276.77,Overdue,2024-08-07
515,8954,2024-11-11,172.09,Overdue,2024-12-11
516,494,2024-08-25,243.07,Due,2024-09-24
517,729,2024-09-28,188.47,Paid,2024-10-28
518,8800,2024-11-25,422.15,Paid,2024-12-25
519,7049,2024-12-29,320.23,Paid,2025-01-28
520,3317,2025-04-24,214.58,Due,2025-05-24
521,1375,2024-08-14,499.42,Due,2024-09-13
522,6710,2024-12-26,105.34,Due,2025-01-25
523,6316,2024-12-30,51.87,Overdue,2025-01-29
524,8290,2024-09-18,317.34,Due,2024-10-18
525,7760,2024-10-30,138.45,Paid,2024-11-29
526,7149,2024-09-16,496.32,Overdue,2024-10-16
527,2765,2024-12-21,171.97,Paid,2025-01-20
528,5,2024-09-06,35.49,Overdue,2024-10-06
529,2785,2024-07-25,253.93,Overdue,2024-08-24
530,2827,2025-03-17,49.68,Overdue,2025-04-16
531,1959,2025-01-19,186.82,Paid,2025-02-18
532,342,2024-12-26,396.59,Due,2025-01-25
533,2152,2024-10-06,166.42,Due,2024-11-05
534,7708,2025-01-26,46.81,Due,2025-02-25
535,6252,2024-12-17,322.01,Paid,2025-01-16
536,6931,2024-11-18,451.11,Paid,2024-12-18
537,4714,2024-07-08,130.48,Paid,2024-08-07
538,4937,2024-08-05,102.32,Due,2024-09-04
539,8120,2024-08-02,129.56,Paid,2024-09-01
540,8651,2024-06-28,108.01,Paid,2024-07-28
541,7768,2024-11-29,186.37,Due,2024-12-29
542,8024,2025-01-26,499.13,Due,2025-02-25
543,8624,2024-08-19,229.63,Due,2024-09-18
544,1827,2025-02-26,470.42,Overdue,2025-03-28
545,1159,2024-07-08,187.33,Due,2024-08-07
546,5286,2024-12-29,131.34,Overdue,2025-01-28
547,1253,2024-12-11,323.69,Paid,2025-01-10
548,1993,2025-04-04,471.69,Due,2025-05-04
549,8040,2025-03-13,375.02,Overdue,2025-04-12
550,7179,2024-08-12,92.2,Paid,2024-09-11
551,8634,2025-03-02,432.97,Due,2025-04-01
552,7758,2024-09-17,157.01,Due,2024-10-17
553,7663,2024-05-05,363.95,Overdue,2024-06-04
554,8789,2024-12-11,21.93,Paid,2025-01-10
555,7578,2025-01-10,451.21,Paid,2025-02-09
556,1189,2024-08-21,129.35,Paid,2024-09-20
557,3347,2025-01-23,292.31,Paid,2025-02-22
558,1475,2024-08-28,122.42,Paid,2024-09-27
559,9176,2024-10-14,499.23,Overdue,2024-11-13
560,2995,2025-01-30,485.78,Due,2025-03-01
561,9768,2024-12-13,468.06,Paid,2025-01-12
562,7864,2024-08-01,15.63,Paid,2024-08-31
563,7029,2024-06-23,45.6,Due,2024-07-23
564,4232,2025-03-12,194.76,Overdue,2025-04-11
565,139,2024-07-02,201.11,Paid,2024-08-01
566,2048,2024-09-18,209.38,Due,2024-10-18
567,8358,2024-06-16,470.69,Paid,2024-07-16
568,1094,2025-02-28,220.44,Paid,2025-03-30
569,4282,2024-10-13,202.83,Due,2024-11-12
570,8235,2025-02-21,38.79,Paid,2025-03-23
571,2620,2024-07-15,145.04,Due,2024-08-14
572,4078,2024-07-14,350.65,Overdue,2024-08-13
573,4204,2024-07-28,411.46,Overdue,2024-08-27
574,7695,2024-12-06,60.65,Paid,2025-01-05
575,8624,2024-10-11,412.62,Overdue,2024-11-10
576,4006,2024-12-13,263.95,Overdue,2025-01-12
577,3869,2024-06-26,146.68,Paid,2024-07-26
578,3906,2025-01-13,280.39,Due,2025-02-12
579,2915,2024-12-05,356.9,Paid,2025-01-04
580,1583,2025-03-04,380.29,Due,2025-04-03
581,6409,2025-03-27,79.8,Overdue,2025-04-26
582,1809,2024-12-21,294.46,Due,2025-01-20
583,9138,2025-01-10,228.65,Overdue,2025-02-09
584,4268,2025-04-27,267.91,Due,2025-05-27
585,3791,2024-05-30,45.29,Overdue,2024-06-29
586,6541,2025-01-18,178.14,Paid,2025-02-17
587,4541,2024-05-08,490.27,Overdue,2024-06-07
588,602,2024-07-27,73.71,Due,2024-08-26
589,7519,2024-11-10,347.19,Overdue,2024-12-10
590,4689,2024-06-17,271.53,Due,2024-07-17
591,9282,2024-11-19,371.37,Overdue,2024-12-19
592,1052,2025-04-15,250.84,Due,2025-05-15
593,4332,2024-05-10,407.06,Due,2024-06-09
594,3593,2024-10-04,83.43,Due,2024-11-03
595,564,2024-07-23,451.7,Due,2024-08-22
596,2300,2024-07-16,21.42,Paid,2024-08-15
597,4638,2024-11-22,26.44,Due,2024-12-22
598,6033,2024-05-28,161.4,Overdue,2024-06-27
599,2339,2024-11-17,450.43,Overdue,2024-12-17
600,6586,2024-07-26,395.3,Overdue,2024-08-25
601,4935,2025-03-23,284.1,Due,2025-04-22
602,4678,2024-05-13,419.74,Due,2024-06-12
603,3243,2024-10-05,198.65,Due,2024-11-04
604,6968,2024-06-12,343.62,Paid,2024-07-12
605,1917,2024-05-16,283.76,Paid,2024-06-15
606,3693,2024-05-12,77.63,Due,2024-06-11
607,7839,2024-08-30,37.03,Paid,2024-09-29
608,4654,2024-10-27,36.81,Paid,2024-11-26
609,9680,2024-12-10,24.98,Paid,2025-01-09
610,7977,2024-07-07,29.35,Due,2024-08-06
611,9300,2024-10-28,293.84,Due,2024-11-27
612,891,2025-03-17,98.11,Due,2025-04-16
613,1510,2024-06-12,217.75,Paid,2024-07-12
614,4779,2025-04-29,343.27,Paid,2025-05-29
615,6111,2024-11-09,105.83,Paid,2024-12-09
616,7883,2025-02-05,402.66,Paid,2025-03-07
617,4102,2024-08-12,341.62,Overdue,2024-09-11
618,8477,2025-03-29,144.57,Paid,2025-04-28
619,8532,2025-03-13,269.62,Overdue,2025-04-12
620,4165,2024-10-07,144.1,Due,2024-11-06
621,4583,2024-10-20,450.49,Due,2024-11-19
622,2267,2024-07-05,494.85,Overdue,2024-08-04
623,617,2024-05-15,303.84,Paid,2024-06-14
624,1399,2024-12-19,116.31,Due,2025-01-18
625,6275,2024-12-13,169.37,Due,2025-01-12
626,4281,2024-10-05,326.32,Paid,2024-11-04
627,6349,2025-04-21,107.92,Paid,2025-05-21
628,9553,2024-07-07,190.91,Paid,2024-08-06
629,3058,2025-03-17,271.23,Paid,2025-04-16
630,2487,2025-04-14,50.6,Overdue,2025-05-14
631,1330,2024-07-08,362.65,Overdue,2024-08-07
632,2482,2024-10-02,240.19,Overdue,2024-11-01
633,9005,2024-07-27,434.14,Due,2024-08-26
634,5344,2024-05-10,39.87,Paid,2024-06-09
635,9288,2024-07-21,97.4,Paid,2024-08-20
636,3444,2025-01-10,394.48,Overdue,2025-02-09
637,244,2025-02-23,360.44,Due,2025-03-25
638,4516,2024-05-28,294.68,Overdue,2024-06-27
639,268,2024-12-23,76.7,Overdue,2025-01-22
640,6188,2024-11-23,187.79,Overdue,2024-12-23
641,632,2024-06-20,234.81,Paid,2024-07-20
642,3530,2024-07-16,104.47,Paid,2024-08-15
643,5554,2024-12-03,312.6,Overdue,2025-01-02
644,1610,2024-06-24,109.29,Paid,2024-07-24
645,9932,2024-08-08,448.88,Due,2024-09-07
646,536,2025-04-30,231.8,Overdue,2025-05-30
647,4479,2024-12-19,70.53,Due,2025-01-18
648,8535,2024-05-03,376.14,Due,2024-06-02
649,9620,2024-07-13,149.57,Due,2024-08-12
650,9843,2025-02-27,204.36,Paid,2025-03-29
651,8424,2024-08-02,139.92,Overdue,2024-09-01
652,9871,2024-07-04,262.72,Due,2024-08-03
653,608,2024-05-06,124.7,Paid,2024-06-05
654,2414,2024-12-02,473.46,Overdue,2025-01-01
655,2601,2024-07-03,122.52,Paid,2024-08-02
656,4764,2025-01-28,302.32,Overdue,2025-02-27
657,6289,2025-01-15,431.51,Due,2025-02-14
658,4287,2024-09-30,230.08,Paid,2024-10-30
659,4566,2024-06-02,330.43,Paid,2024-07-02
660,1444,2024-05-04,72.35,Due,2024-06-03
661,2508,2025-02-09,61.76,Paid,2025-03-11
662,9852,2025-03-13,211.54,Paid,2025-04-12
663,2289,2024-11-16,84.29,Paid,2024-12-16
664,2184,2025-03-20,136.19,Due,2025-04-19
665,3711,2024-05-18,324.25,Due,2024-06-17
666,6495,2024-06-23,179.28,Overdue,2024-07-23
667,4857,2025-01-16,19.72,Paid,2025-02-15
668,1891,2024-06-28,409.09,Paid,2024-07-28
669,756,2025-04-02,198.95,Overdue,2025-05-02
670,2166,2025-01-27,104.47,Paid,2025-02-26
671,36,2024-10-15,120.13,Paid,2024-11-14
672,1973,2025-01-29,318.78,Paid,2025-02-28
673,5161,2025-01-03,410.72,Due,2025-02-02
674,7904,2025-04-17,250.41,Paid,2025-05-17
675,4370,2024-08-20,155.39,Due,2024-09-19
676,1405,2024-08-18,143.1,Due,2024-09-17
677,4127,2024-12-01,302.75,Overdue,2024-12-31
678,7012,2024-09-16,254.86,Overdue,2024-10-16
679,4802,2024-05-20,288.53,Paid,2024-06-19
680,1425,2024-10-26,392.5,Paid,2024-11-25
681,7500,2025-04-03,346.81,Overdue,2025-05-03
682,6243,2024-10-29,128.58,Due,2024-11-28
683,3951,2025-02-28,200.74,Due,2025-03-30
684,3824,2025-01-03,153.37,Due,2025-02-02
685,7957,2025-04-02,99.67,Due,2025-05-02
686,6666,2025-01-23,28.91,Paid,2025-02-22
687,2934,2024-11-22,285.72,Due,2024-12-22
688,558,2024-10-23,243.56,Due,2024-11-22
689,3473,2024-08-29,460.04,Paid,2024-09-28
690,9850,2025-03-01,356.94,Overdue,2025-03-31
691,5904,2024-11-09,89.22,Due,2024-12-09
692,2998,2024-06-04,391.58,Due,2024-07-04
693,824,2025-03-31,366.07,Paid,2025-04-30
694,4611,2024-09-14,192.39,Due,2024-10-14
695,1159,2025-04-30,327.31,Paid,2025-05-30
696,4576,2024-07-01,120.02,Paid,2024-07-31
697,8706,2025-04-08,264.32,Overdue,2025-05-08
698,3935,2024-08-02,295.41,Paid,2024-09-01
699,4355,2025-03-26,159.42,Due,2025-04-25
700,4013,2024-08-08,355.6,Overdue,2024-09-07
701,752,2025-03-18,193.02,Due,2025-04-17
702,7274,2025-04-23,79.87,Paid,2025-05-23
703,3636,2025-03-18,393.19,Overdue,2025-04-17
704,3094,2025-01-23,75.94,Due,2025-02-22
705,7098,2025-02-20,455.86,Paid,2025-03-22
706,7010,2024-10-26,449.39,Paid,2024-11-25
707,798,2024-05-18,95.16,Overdue,2024-06-17
708,6539,2025-02-01,79.23,Paid,2025-03-03
709,2101,2024-12-22,412.98,Overdue,2025-01-21
710,9933,2024-09-25,232.51,Due,2024-10-25
711,9903,2024-07-21,313.62,Due,2024-08-20
712,6240,2024-10-09,162.56,Overdue,2024-11-08
713,705,2025-03-13,449.75,Paid,2025-04-12
714,7477,2025-01-02,392.56,Overdue,2025-02-01
715,8660,2024-05-31,466.9,Overdue,2024-06-30
716,2363,2024-09-12,264.28,Paid,2024-10-12
717,750,2024-09-07,411.78,Due,2024-10-07
718,4173,2025-04-30,130.02,Paid,2025-05-30
719,8815,2024-11-30,297.96,Overdue,2024-12-30
720,3486,2024-10-08,147.53,Paid,2024-11-07
721,6049,2024-12-26,57.85,Due,2025-01-25
722,7337,2024-05-09,320.2,Paid,2024-06-08
723,346,2024-10-11,337.55,Paid,2024-11-10
724,9544,2024-10-27,452.9,Paid,2024-11-26
725,9111,2024-06-29,64.58,Paid,2024-07-29
726,4758,2025-01-19,282.22,Due,2025-02-18
727,9082,2024-05-22,498.85,Overdue,2024-06-21
728,229,2025-04-29,118.36,Due,2025-05-29
729,9696,2024-07-08,450.18,Due,2024-08-07
730,8592,2025-01-12,467.22,Due,2025-02-11
731,6552,2024-08-09,86.02,Paid,2024-09-08
732,2104,2025-03-30,22.11,Due,2025-04-29
733,2774,2025-02-09,314.98,Paid,2025-03-11
734,9902,2024-10-25,427.62,Due,2024-11-24
735,6317,2024-10-10,150.38,Overdue,2024-11-09
736,601,2024-08-30,167.38,Due,2024-09-29
737,6022,2024-08-11,32.88,Due,2024-09-10
738,1451,2024-07-28,253.87,Due,2024-08-27
739,8001,2024-10-19,499.73,Due,2024-11-18
740,9703,2024-12-26,373.7,Overdue,2025-01-25
741,3502,2024-10-22,459.29,Paid,2024-11-21
742,8126,2024-12-07,182.01,Overdue,2025-01-06
743,8520,2024-10-16,290.4,Due,2024-11-15
744,2172,2025-03-19,318.71,Paid,2025-04-18
745,3470,2024-11-18,37.47,Paid,2024-12-18
746,2657,2024-07-29,333.22,Overdue,2024-08-28
747,6384,2024-11-01,243.13,Due,2024-12-01
748,3118,2025-03-24,292.11,Overdue,2025-04-23
749,2368,2024-10-03,130.41,Overdue,2024-11-02
750,53,2024-10-05,477.35,Paid,2024-11-04
751,9498,2024-05-25,99.05,Paid,2024-06-24
752,881,2025-03-23,12.92,Paid,2025-04-22
753,706,2025-03-11,348.77,Due,2025-04-10
754,7904,2025-03-08,484.07,Due,2025-04-07
755,4178,2024-06-02,468.4,Overdue,2024-07-02
756,7082,2025-02-23,389.86,Overdue,2025-03-25
757,9490,2025-02-18,329.11,Due,2025-03-20
758,9705,2024-12-25,402.3,Due,2025-01-24
759,8500,2024-09-01,104.24,Overdue,2024-10-01
760,4961,2025-01-17,43.3,Due,2025-02-16
761,499,2024-12-13,299.27,Due,2025-01-12
762,5514,2024-10-27,490.66,Paid,2024-11-26
763,1724,2025-03-06,281.71,Due,2025-04-05
764,7503,2024-10-13,468.54,Overdue,2024-11-12
765,5136,2025-03-11,479.81,Paid,2025-04-10
766,8215,2024-07-20,449.92,Paid,2024-08-19
767,1416,2024-11-29,114.78,Overdue,2024-12-29
768,3492,2024-12-12,389.1,Due,2025-01-11
769,1139,2024-09-17,39.78,Paid,2024-10-17
770,2803,2025-04-04,49.79,Paid,2025-05-04
771,7125,2024-09-06,472.27,Due,2024-10-06
772,3243,2024-06-20,455.03,Overdue,2024-07-20
773,7550,2024-09-03,228.28,Due,2024-10-03
774,5262,2025-04-27,148.42,Paid,2025-05-27
775,4178,2024-12-11,276.45,Paid,2025-01-10
776,827,2024-07-12,194.07,Paid,2024-08-11
777,6268,2024-11-24,231.56,Overdue,2024-12-24
778,708,2024-08-17,103.62,Overdue,2024-09-16
779,2045,2025-02-20,113.81,Paid,2025-03-22
780,7869,2024-09-02,291.76,Overdue,2024-10-02
781,6733,2025-01-10,155.82,Overdue,2025-02-09
782,8588,2024-10-22,305.2,Overdue,2024-11-21
783,8620,2024-12-07,393.5,Paid,2025-01-06
784,4732,2024-10-03,334.55,Paid,2024-11-02
785,686,2024-04-30,366.77,Paid,2024-05-30
786,672,2024-11-17,132.59,Due,2024-12-17
787,7895,2024-06-12,460.88,Paid,2024-07-12
788,598,2024-05-24,305.93,Paid,2024-06-23
789,2651,2024-12-18,279.55,Overdue,2025-01-17
790,5442,2024-06-04,291.56,Overdue,2024-07-04
791,6381,2025-04-22,374.99,Paid,2025-05-22
792,3167,2024-12-25,102.43,Due,2025-01-24
793,9808,2024-05-26,22.73,Overdue,2024-06-25
794,1085,2024-08-29,494.07,Paid,2024-09-28
795,3851,2024-08-02,191.82,Overdue,2024-09-01
796,3474,2024-09-12,311.51,Paid,2024-10-12
797,6026,2024-09-08,227.08,Overdue,2024-10-08
798,2864,2025-03-29,48.29,Overdue,2025-04-28
799,8452,2024-05-01,339.69,Overdue,2024-05-31
800,1592,2024-08-05,288.81,Overdue,2024-09-04
801,9273,2024-07-19,106.1,Overdue,2024-08-18
802,7526,2024-07-23,90.85,Overdue,2024-08-22
803,4270,2024-10-06,457.46,Paid,2024-11-05
804,6019,2025-03-12,394.44,Due,2025-04-11
805,3781,2024-09-08,203.41,Due,2024-10-08
806,8350,2024-12-19,216.56,Due,2025-01-18
807,4851,2024-06-06,369.08,Due,2024-07-06
808,2974,2024-05-09,286.41,Due,2024-06-08
809,8911,2024-10-23,459.62,Due,2024-11-22
810,7377,2025-03-02,98.42,Paid,2025-04-01
811,1188,2024-06-19,30.58,Due,2024-07-19
812,6363,2025-02-28,312.57,Due,2025-03-30
813,7674,2024-05-05,406.24,Due,2024-06-04
814,9181,2024-10-02,487.48,Paid,2024-11-01
815,7319,2025-01-24,249.41,Paid,2025-02-23
816,7237,2024-06-28,131.22,Overdue,2024-07-28
817,3535,2024-08-31,67.85,Due,2024-09-30
818,2861,2024-11-29,245.09,Overdue,2024-12-29
819,8356,2025-01-28,317.96,Overdue,2025-02-27
820,9234,2024-12-01,208.12,Due,2024-12-31
821,8776,2024-08-08,283.68,Paid,2024-09-07
822,791,2024-06-15,148.12,Overdue,2024-07-15
823,646,2024-10-27,438.85,Paid,2024-11-26
824,8922,2024-09-06,70.71,Due,2024-10-06
825,8875,2025-03-18,250.57,Paid,2025-04-17
826,4108,2025-01-07,478.53,Paid,2025-02-06
827,9631,2024-11-27,183.66,Paid,2024-12-27
828,268,2025-03-17,331.88,Overdue,2025-04-16
829,2496,2025-01-25,371.35,Overdue,2025-02-24
830,636,2025-04-10,432.98,Due,2025-05-10
831,4639,2024-09-19,96.22,Overdue,2024-10-19
832,4614,2025-02-15,195.33,Paid,2025-03-17
833,3963,2024-10-10,129.58,Due,2024-11-09
834,9918,2024-06-07,270.31,Overdue,2024-07-07
835,8148,2024-08-12,453.8,Due,2024-09-11
836,7161,2024-06-10,277.67,Due,2024-07-10
837,2490,2024-05-03,383.6,Overdue,2024-06-02
838,4699,2024-12-28,413.2,Paid,2025-01-27
839,9447,2024-07-08,487.36,Overdue,2024-08-07
840,1458,2024-05-06,469.41,Overdue,2024-06-05
841,2111,2025-01-14,219.37,Paid,2025-02-13
842,6004,2024-05-11,22.07,Due,2024-06-10
843,6633,2024-08-22,487.68,Due,2024-09-21
844,2018,2024-12-24,428.75,Due,2025-01-23
845,6502,2024-05-22,412.54,Paid,2024-06-21
846,8816,2024-10-04,112.83,Overdue,2024-11-03
847,9171,2025-03-22,301.55,Overdue,2025-04-21
848,5167,2025-03-25,442.88,Overdue,2025-04-24
849,7073,2024-05-22,356.12,Overdue,2024-06-21
850,1764,2025-01-02,113.66,Paid,2025-02-01
851,3525,2025-03-29,153.96,Overdue,2025-04-28
852,9351,2024-05-03,209.66,Paid,2024-06-02
853,356,2025-03-04,432.91,Due,2025-04-03
854,4241,2024-09-07,373.78,Due,2024-10-07
855,3898,2024-11-25,201.3,Paid,2024-12-25
856,9683,2025-02-09,429.68,Overdue,2025-03-11
857,5556,2024-12-19,444.44,Due,2025-01-18
858,3163,2024-06-27,481.21,Overdue,2024-07-27
859,6322,2025-03-23,499.65,Overdue,2025-04-22
860,3353,2025-01-16,294.52,Due,2025-02-15
861,6186,2024-10-27,245.78,Overdue,2024-11-26
862,4638,2024-12-30,210.58,Overdue,2025-01-29
863,73,2025-04-12,271.81,Overdue,2025-05-12
864,6467,2024-10-21,59.56,Paid,2024-11-20
865,3210,2024-09-13,24.31,Due,2024-10-13
866,8142,2024-11-14,473.33,Paid,2024-12-14
867,7153,2025-03-09,294.58,Paid,2025-04-08
868,8158,2025-01-16,133.27,Due,2025-02-15
869,9114,2024-05-29,28.14,Overdue,2024-06-28
870,6282,2024-07-27,484.49,Due,2024-08-26
871,9030,2024-06-01,471.97,Overdue,2024-07-01
872,7211,2024-10-29,335.38,Due,2024-11-28
873,1214,2024-12-19,178.81,Due,2025-01-18
874,5877,2024-08-25,131.15,Overdue,2024-09-24
875,1900,2024-07-17,162.59,Overdue,2024-08-16
876,9865,2025-02-20,498.2,Overdue,2025-03-22
877,8483,2024-08-27,491.9,Paid,2024-09-26
878,1599,2025-01-25,215.61,Overdue,2025-02-24
879,446,2024-05-09,89.55,Due,2024-06-08
880,4841,2025-01-24,266.76,Due,2025-02-23
881,5711,2024-08-21,228.14,Paid,2024-09-20
882,3113,2024-08-16,240.08,Overdue,2024-09-15
883,7674,2024-10-25,209.27,Due,2024-11-24
884,5311,2025-03-13,304.23,Due,2025-04-12
885,6148,2025-02-13,462.55,Overdue,2025-03-15
886,5472,2024-10-10,345.62,Overdue,2024-11-09
887,5892,2024-09-28,341.13,Overdue,2024-10-28
888,1785,2024-09-27,45.97,Due,2024-10-27
889,7295,2025-01-28,227.74,Due,2025-02-27
890,4127,2024-11-01,82.02,Paid,2024-12-01
891,22,2024-08-13,167.56,Paid,2024-09-12
892,8650,2024-07-02,365.37,Paid,2024-08-01
893,2175,2025-04-21,263.4,Due,2025-05-21
894,9488,2024-12-31,313.2,Overdue,2025-01-30
895,4600,2024-07-09,284.34,Due,2024-08-08
896,3190,2025-01-06,181.03,Overdue,2025-02-05
897,134,2025-04-23,63.47,Overdue,2025-05-23
898,7289,2024-08-25,284.73,Paid,2024-09-24
899,8359,2024-10-30,496.19,Overdue,2024-11-29
900,4025,2025-02-28,465.24,Paid,2025-03-30
901,9683,2025-03-19,201.02,Due,2025-04-18
902,6195,2024-05-15,483.16,Overdue,2024-06-14
903,8876,2024-08-29,278.73,Paid,2024-09-28
904,3944,2025-02-22,401.42,Overdue,2025-03-24
905,891,2024-06-06,406.51,Due,2024-07-06
906,8249,2024-07-17,442.35,Overdue,2024-08-16
907,4779,2025-03-17,161.89,Overdue,2025-04-16
908,915,2025-01-30,274.24,Due,2025-03-01
909,6741,2024-12-21,318.08,Overdue,2025-01-20
910,7672,2025-01-19,373.13,Due,2025-02-18
911,6511,2025-04-08,293.84,Overdue,2025-05-08
912,5128,2025-04-12,47.05,Overdue,2025-05-12
913,7235,2024-08-10,174.96,Overdue,2024-09-09
914,4166,2024-10-27,12.13,Overdue,2024-11-26
915,7111,2025-04-16,125.17,Paid,2025-05-16
916,1549,2025-02-08,410.2,Due,2025-03-10
917,8919,2024-07-26,60.4,Due,2024-08-25
918,6246,2024-12-12,222.51,Overdue,2025-01-11
919,1499,2024-10-08,82.29,Due,2024-11-07
920,4433,2025-01-05,79.26,Overdue,2025-02-04
921,7088,2024-04-30,149.17,Paid,2024-05-30
922,8980,2024-10-14,423.28,Due,2024-11-13
923,4430,2024-10-19,80.07,Overdue,2024-11-18
924,5373,2024-11-02,148.07,Due,2024-12-02
925,1420,2025-02-22,385.86,Paid,2025-03-24
926,7396,2025-03-09,224.24,Overdue,2025-04-08
927,4380,2025-01-12,287.39,Due,2025-02-11
928,2152,2024-11-13,151.69,Paid,2024-12-13
929,6924,2025-04-14,408.91,Paid,2025-05-14
930,5399,2024-05-10,417.34,Paid,2024-06-09
931,5476,2024-09-19,483.81,Overdue,2024-10-19
932,5839,2024-09-02,349.27,Paid,2024-10-02
933,4313,2025-03-13,170.94,Due,2025-04-12
934,9696,2024-07-02,481.86,Paid,2024-08-01
935,6181,2025-03-28,280.88,Due,2025-04-27
936,5847,2024-06-10,32.93,Due,2024-07-10
937,6133,2025-04-22,135.69,Due,2025-05-22
938,8695,2024-08-01,222.45,Due,2024-08-31
939,2562,2024-07-21,26.6,Due,2024-08-20
940,9527,2024-07-13,251.23,Paid,2024-08-12
941,9218,2024-10-05,119.62,Due,2024-11-04
942,3936,2024-08-25,189.47,Due,2024-09-24
943,9683,2024-08-15,350.1,Overdue,2024-09-14
944,7560,2025-01-07,73.64,Overdue,2025-02-06
945,8345,2024-09-07,389.49,Overdue,2024-10-07
946,8219,2025-03-28,115.36,Paid,2025-04-27
947,2815,2024-10-21,149.21,Due,2024-11-20
948,1238,2024-05-02,482.38,Paid,2024-06-01
949,995,2025-03-15,376.56,Overdue,2025-04-14
950,606,2024-10-31,153.81,Paid,2024-11-30
951,2415,2024-10-02,64.96,Overdue,2024-11-01
952,9560,2024-06-21,199.31,Paid,2024-07-21
953,4197,2025-04-09,67.29,Paid,2025-05-09
954,2168,2024-06-02,159.07,Paid,2024-07-02
955,6702,2025-03-24,101.73,Paid,2025-04-23
956,8511,2025-02-09,119.95,Overdue,2025-03-11
957,7439,2025-04-14,224.34,Due,2025-05-14
958,1530,2024-11-17,68.97,Due,2024-12-17
959,1672,2024-07-29,325.64,Due,2024-08-28
960,7566,2024-05-03,34.56,Overdue,2024-06-02
961,2260,2024-07-09,494.76,Due,2024-08-08
962,6705,2024-06-08,184.49,Due,2024-07-08
963,5774,2025-02-03,38.41,Paid,2025-03-05
964,2336,2024-10-23,80.21,Paid,2024-11-22
965,1964,2025-04-17,447.19,Paid,2025-05-17
966,5231,2024-05-29,123.83,Overdue,2024-06-28
967,9152,2024-05-27,122.89,Overdue,2024-06-26
968,3161,2024-10-23,209.09,Overdue,2024-11-22
969,5901,2024-09-13,110.63,Overdue,2024-10-13
970,3214,2025-02-01,344.48,Paid,2025-03-03
971,493,2025-02-12,149.4,Overdue,2025-03-14
972,6252,2024-05-13,200.89,Due,2024-06-12
973,2141,2024-09-26,54.44,Paid,2024-10-26
974,1125,2025-04-19,255.23,Overdue,2025-05-19
975,5066,2024-07-17,316.45,Paid,2024-08-16
976,5374,2024-12-13,256.47,Paid,2025-01-12
977,2942,2025-02-18,441.66,Paid,2025-03-20
978,625,2025-01-31,306.62,Overdue,2025-03-02
979,1800,2024-09-29,379.85,Due,2024-10-29
980,9507,2024-10-22,153.38,Paid,2024-11-21
981,9776,2024-10-03,23.44,Paid,2024-11-02
982,5984,2024-04-30,367.88,Overdue,2024-05-30
983,588,2024-09-19,12.98,Paid,2024-10-19
984,7006,2024-08-07,414.42,Overdue,2024-09-06
985,3195,2024-05-06,148.39,Due,2024-06-05
986,4006,2024-05-23,71.99,Overdue,2024-06-22
987,4873,2024-08-17,89.54,Due,2024-09-16
988,7250,2024-09-08,472.03,Overdue,2024-10-08
989,517,2024-05-26,47.56,Due,2024-06-25
990,6927,2025-04-22,388.59,Paid,2025-05-22
991,2263,2025-04-30,262.71,Paid,2025-05-30
992,9709,2025-04-11,466.38,Paid,2025-05-11
993,3864,2024-08-18,206.04,Due,2024-09-17
994,8382,2025-02-28,169.61,Paid,2025-03-30
995,6399,2024-07-03,318.24,Overdue,2024-08-02
996,7500,2025-04-02,289.63,Due,2025-05-02
997,9,2024-06-01,489.05,Overdue,2024-07-01
998,2495,2025-01-07,238.91,Paid,2025-02-06
999,1351,2024-10-05,22.69,Due,2024-11-04
1000,3795,2024-07-25,448.37,Due,2024-08-24
1001,5091,2024-10-05,484.91,Due,2024-11-04
1002,5468,2024-05-17,326.71,Overdue,2024-06-16
1003,3194,2024-05-07,18.58,Paid,2024-06-06
1004,3991,2024-08-07,56.32,Paid,2024-09-06
1005,7479,2024-07-12,471.25,Due,2024-08-11
1006,862,2024-08-24,311.19,Paid,2024-09-23
1007,9985,2024-10-28,273.59,Due,2024-11-27
1008,6099,2024-08-19,305.3,Overdue,2024-09-18
1009,1528,2024-12-17,313.69,Due,2025-01-16
1010,3310,2024-08-07,492.65,Paid,2024-09-06
1011,1551,2024-05-27,80.58,Paid,2024-06-26
1012,5324,2024-09-13,170.29,Paid,2024-10-13
1013,2259,2024-08-25,100.24,Overdue,2024-09-24
1014,4781,2025-02-08,441.71,Due,2025-03-10
1015,8287,2024-06-20,58.6,Paid,2024-07-20
1016,5444,2024-10-13,375.33,Overdue,2024-11-12
1017,7688,2025-02-05,384.36,Paid,2025-03-07
1018,9028,2025-02-06,378.98,Paid,2025-03-08
1019,5470,2024-11-30,37.54,Overdue,2024-12-30
1020,9228,2024-07-20,158.08,Due,2024-08-19
1021,1898,2024-05-25,446.7,Due,2024-06-24
1022,7011,2025-03-20,96.53,Due,2025-04-19
1023,2755,2024-12-27,266.54,Overdue,2025-01-26
1024,4039,2024-06-29,57.82,Overdue,2024-07-29
1025,1491,2025-02-26,185.17,Due,2025-03-28
1026,2494,2024-09-10,301.79,Due,2024-10-10
1027,8592,2025-03-28,442.64,Due,2025-04-27
1028,3707,2024-05-04,236.93,Overdue,2024-06-03
1029,2101,2024-10-14,273.94,Overdue,2024-11-13
1030,6061,2025-01-22,336.08,Overdue,2025-02-21
1031,2338,2025-03-14,122.57,Paid,2025-04-13
1032,4423,2025-01-02,449.61,Overdue,2025-02-01
1033,2119,2025-01-24,437.76,Due,2025-02-23
1034,1034,2024-09-28,303.73,Paid,2024-10-28
1035,8642,2025-02-24,288.14,Due,2025-03-26
1036,141,2024-09-30,166.62,Paid,2024-10-30
1037,8076,2025-03-15,428.43,Overdue,2025-04-14
1038,1792,2024-09-21,122.66,Due,2024-10-21
1039,1181,2025-03-10,15.84,Due,2025-04-09
1040,1219,2024-12-03,150.31,Paid,2025-01-02
1041,7571,2024-04-30,17.47,Overdue,2024-05-30
1042,3461,2025-03-01,23.54,Due,2025-03-31
1043,97,2024-10-28,436.29,Overdue,2024-11-27
1044,2652,2025-02-23,101.62,Overdue,2025-03-25
1045,8290,2024-06-27,196.61,Overdue,2024-07-27
1046,5061,2025-04-20,484.69,Paid,2025-05-20
1047,6795,2024-05-31,203.9,Overdue,2024-06-30
1048,8769,2025-01-20,180.25,Overdue,2025-02-19
1049,2259,2024-12-22,433.47,Due,2025-01-21
1050,7941,2024-09-06,192.86,Due,2024-10-06
1051,2989,2025-02-22,147.73,Due,2025-03-24
1052,5850,2025-03-18,436.85,Overdue,2025-04-17
1053,4414,2024-09-06,223.82,Overdue,2024-10-06
1054,9297,2024-12-11,254.66,Paid,2025-01-10
1055,5448,2024-07-23,261.34,Paid,2024-08-22
1056,4859,2024-12-15,15.82,Due,2025-01-14
1057,3140,2024-11-07,214.29,Overdue,2024-12-07
1058,278,2024-12-27,413.08,Overdue,2025-01-26
1059,7583,2025-02-28,416.5,Overdue,2025-03-30
1060,8734,2024-12-02,180.32,Due,2025-01-01
1061,1089,2024-05-18,443.86,Paid,2024-06-17
1062,5887,2024-11-02,143.65,Paid,2024-12-02
1063,2858,2024-10-19,57.07,Overdue,2024-11-18
1064,1630,2025-04-20,449.46,Paid,2025-05-20
1065,9380,2024-08-31,288.79,Overdue,2024-09-30
1066,4824,2025-01-28,326.4,Overdue,2025-02-27
1067,1364,2025-04-25,338.12,Paid,2025-05-25
1068,6427,2024-08-26,471.56,Overdue,2024-09-25
1069,8279,2024-09-21,193.42,Due,2024-10-21
1070,444,2025-04-06,75.23,Overdue,2025-05-06
1071,5145,2025-01-17,214.61,Due,2025-02-16
1072,1568,2024-09-04,102.1,Overdue,2024-10-04
1073,1532,2024-09-25,399.96,Overdue,2024-10-25
1074,7559,2024-10-30,483.24,Overdue,2024-11-29
1075,1691,2024-09-17,61.11,Due,2024-10-17
1076,5474,2025-03-20,324.37,Paid,2025-04-19
1077,2306,2024-10-25,85.15,Overdue,2024-11-24
1078,5350,2025-02-26,478.34,Overdue,2025-03-28
1079,4357,2025-04-13,497.45,Paid,2025-05-13
1080,853,2024-05-13,131.28,Due,2024-06-12
1081,6024,2024-05-05,207.3,Paid,2024-06-04
1082,1391,2025-03-10,225.12,Overdue,2025-04-09
1083,5409,2025-04-10,28.66,Paid,2025-05-10
1084,7493,2025-04-18,313.37,Due,2025-05-18
1085,2300,2025-01-07,414.93,Due,2025-02-06
1086,168,2024-10-02,40.88,Due,2024-11-01
1087,6172,2024-09-28,297.25,Due,2024-10-28
1088,7413,2025-02-19,168.36,Overdue,2025-03-21
1089,9708,2025-02-24,15.07,Paid,2025-03-26
1090,6501,2024-07-04,205.0,Due,2024-08-03
1091,7131,2025-02-01,360.77,Paid,2025-03-03
1092,6020,2025-03-27,91.94,Due,2025-04-26
1093,2505,2024-07-25,179.02,Due,2024-08-24
1094,8789,2025-01-01,251.62,Due,2025-01-31
1095,8082,2024-11-19,179.18,Overdue,2024-12-19
1096,901,2025-04-07,126.83,Due,2025-05-07
1097,7391,2024-12-06,347.5,Due,2025-01-05
1098,9604,2024-05-08,164.15,Due,2024-06-07
1099,8786,2024-10-12,385.05,Paid,2024-11-11
1100,1638,2024-10-01,250.38,Due,2024-10-31
1101,5100,2025-01-12,429.99,Due,2025-02-11
1102,3640,2024-12-13,477.37,Paid,2025-01-12
1103,6481,2025-04-30,93.07,Due,2025-05-30
1104,4032,2024-08-04,100.19,Due,2024-09-03
1105,7969,2024-08-27,194.26,Paid,2024-09-26
1106,9820,2025-02-08,373.6,Overdue,2025-03-10
1107,5933,2024-07-13,210.51,Paid,2024-08-12
1108,2939,2024-09-18,301.05,Due,2024-10-18
1109,928,2025-01-20,200.6,Paid,2025-02-19
1110,3800,2025-04-25,159.32,Overdue,2025-05-25
1111,2061,2024-10-11,212.41,Paid,2024-11-10
1112,1493,2024-05-01,198.73,Paid,2024-05-31
1113,2455,2024-07-21,410.29,Paid,2024-08-20
1114,2726,2025-02-06,327.37,Overdue,2025-03-08
1115,3226,2024-06-14,140.32,Due,2024-07-14
1116,7051,2024-07-07,24.33,Overdue,2024-08-06
1117,8653,2024-09-05,138.29,Paid,2024-10-05
1118,3324,2024-12-15,92.66,Overdue,2025-01-14
1119,8113,2025-03-18,200.02,Overdue,2025-04-17
1120,581,2024-07-11,279.48,Due,2024-08-10
1121,3214,2025-04-11,396.4,Paid,2025-05-11
1122,4145,2024-12-25,314.37,Paid,2025-01-24
1123,7826,2024-12-01,131.67,Paid,2024-12-31
1124,1470,2025-02-02,466.02,Overdue,2025-03-04
1125,3017,2024-10-24,398.85,Due,2024-11-23
1126,5132,2024-11-30,125.27,Paid,2024-12-30
1127,3045,2024-08-23,486.0,Due,2024-09-22
1128,657,2025-02-28,117.54,Due,2025-03-30
1129,570,2024-05-04,140.39,Due,2024-06-03
1130,3770,2024-10-02,148.93,Due,2024-11-01
1131,4290,2025-04-18,92.65,Overdue,2025-05-18
1132,3972,2024-08-06,141.97,Due,2024-09-05
1133,2255,2024-09-22,130.88,Paid,2024-10-22
1134,6712,2025-02-14,263.2,Overdue,2025-03-16
1135,9954,2024-07-30,98.42,Due,2024-08-29
1136,373,2024-10-18,16.44,Overdue,2024-11-17
1137,3842,2024-06-10,468.54,Paid,2024-07-10
1138,6805,2024-10-17,464.6,Overdue,2024-11-16
1139,5226,2024-08-19,308.07,Paid,2024-09-18
1140,5469,2024-12-17,252.75,Due,2025-01-16
1141,7263,2024-11-14,349.42,Paid,2024-12-14
1142,9266,2024-05-10,448.41,Due,2024-06-09
1143,6056,2024-06-01,238.97,Due,2024-07-01
1144,8535,2024-09-28,374.34,Overdue,2024-10-28
1145,5756,2024-11-19,481.65,Due,2024-12-19
1146,2653,2024-11-30,348.53,Overdue,2024-12-30
1147,8493,2024-11-26,392.17,Paid,2024-12-26
1148,3299,2024-10-06,239.85,Overdue,2024-11-05
1149,4974,2024-09-09,161.65,Due,2024-10-09
1150,74,2024-05-18,154.38,Overdue,2024-06-17
1151,1865,2024-11-06,93.63,Paid,2024-12-06
1152,2973,2025-04-12,141.53,Due,2025-05-12
1153,4973,2024-10-22,399.49,Overdue,2024-11-21
1154,4742,2024-05-16,417.84,Paid,2024-06-15
1155,914,2025-03-12,405.34,Paid,2025-04-11
1156,4898,2025-01-27,61.11,Overdue,2025-02-26
1157,5708,2024-07-15,156.01,Paid,2024-08-14
1158,6271,2024-12-12,484.46,Due,2025-01-11
1159,4092,2024-09-05,361.36,Paid,2024-10-05
1160,7297,2025-01-06,492.61,Overdue,2025-02-05
1161,7640,2025-03-29,455.36,Overdue,2025-04-28
1162,6591,2024-09-21,354.82,Paid,2024-10-21
1163,3110,2024-11-29,166.1,Overdue,2024-12-29
1164,5309,2024-12-22,295.67,Due,2025-01-21
1165,6681,2025-03-19,259.92,Overdue,2025-04-18
1166,8865,2024-11-15,454.18,Due,2024-12-15
1167,2152,2025-02-14,166.25,Paid,2025-03-16
1168,1814,2024-10-13,124.96,Overdue,2024-11-12
1169,4400,2024-11-13,83.56,Due,2024-12-13
1170,3835,2024-11-18,245.82,Due,2024-12-18
1171,971,2024-11-28,193.42,Overdue,2024-12-28
1172,1812,2024-12-19,141.25,Overdue,2025-01-18
1173,34,2025-02-03,453.9,Paid,2025-03-05
1174,7301,2024-06-21,100.42,Paid,2024-07-21
1175,449,2024-12-27,365.11,Overdue,2025-01-26
1176,8036,2024-11-16,242.38,Paid,2024-12-16
1177,5085,2025-01-17,298.63,Due,2025-02-16
1178,2369,2024-06-20,142.58,Overdue,2024-07-20
1179,5988,2025-02-13,164.65,Paid,2025-03-15
1180,4808,2024-06-02,393.28,Due,2024-07-02
1181,6974,2024-12-23,285.67,Overdue,2025-01-22
1182,2827,2024-06-07,403.25,Paid,2024-07-07
1183,635,2024-09-14,247.14,Due,2024-10-14
1184,8882,2024-11-09,191.3,Overdue,2024-12-09
1185,808,2025-04-04,44.84,Overdue,2025-05-04
1186,730,2024-05-02,297.13,Overdue,2024-06-01
1187,6929,2024-11-28,197.6,Overdue,2024-12-28
1188,3491,2024-11-04,469.32,Overdue,2024-12-04
1189,9998,2024-12-05,263.45,Overdue,2025-01-04
1190,4668,2024-06-02,126.35,Paid,2024-07-02
1191,9001,2025-04-11,325.86,Paid,2025-05-11
1192,7151,2024-08-29,52.29,Due,2024-09-28
1193,2999,2024-09-01,174.52,Overdue,2024-10-01
1194,7366,2025-04-17,27.51,Overdue,2025-05-17
1195,4029,2024-09-26,490.36,Due,2024-10-26
1196,9128,2024-10-31,170.67,Paid,2024-11-30
1197,8929,2025-04-22,315.13,Paid,2025-05-22
1198,6579,2024-12-15,146.96,Paid,2025-01-14
1199,4495,2025-01-23,188.47,Due,2025-02-22
1200,7168,2024-10-27,454.01,Paid,2024-11-26
1201,1814,2024-11-21,401.94,Paid,2024-12-21
1202,3808,2024-09-14,152.82,Overdue,2024-10-14
1203,3932,2024-12-19,315.07,Paid,2025-01-18
1204,1340,2025-02-10,359.12,Overdue,2025-03-12
1205,4328,2024-09-03,299.22,Paid,2024-10-03
1206,2224,2024-06-03,366.7,Paid,2024-07-03
1207,7339,2025-01-14,96.81,Overdue,2025-02-13
1208,6095,2025-01-19,68.75,Due,2025-02-18
1209,3647,2025-01-13,276.95,Paid,2025-02-12
1210,8942,2024-09-08,499.27,Paid,2024-10-08
1211,1089,2024-06-24,174.95,Overdue,2024-07-24
1212,2543,2025-04-06,314.49,Paid,2025-05-06
1213,3462,2024-08-05,86.63,Overdue,2024-09-04
1214,1180,2025-01-09,356.27,Paid,2025-02-08
1215,1957,2024-06-13,273.74,Due,2024-07-13
1216,9368,2024-10-22,304.65,Overdue,2024-11-21
1217,9806,2024-08-21,216.94,Overdue,2024-09-20
1218,6712,2024-11-26,44.98,Due,2024-12-26
1219,1366,2025-04-03,399.96,Paid,2025-05-03
1220,8569,2024-06-06,423.69,Paid,2024-07-06
1221,8576,2024-11-03,307.46,Paid,2024-12-03
1222,3317,2025-01-26,173.52,Paid,2025-02-25
1223,963,2025-02-18,46.88,Paid,2025-03-20
1224,4696,2024-11-23,169.46,Due,2024-12-23
1225,2271,2024-10-04,481.93,Due,2024-11-03
1226,7492,2025-01-17,261.97,Due,2025-02-16
1227,7991,2024-08-24,102.92,Overdue,2024-09-23
1228,7384,2024-12-24,35.73,Overdue,2025-01-23
1229,8281,2024-10-30,394.85,Overdue,2024-11-29
1230,9694,2025-04-22,356.43,Overdue,2025-05-22
1231,1571,2025-02-21,117.16,Due,2025-03-23
1232,4996,2024-05-12,159.21,Paid,2024-06-11
1233,1054,2025-03-28,186.04,Paid,2025-04-27
1234,2355,2024-05-28,446.62,Overdue,2024-06-27
1235,6658,2024-06-10,418.33,Paid,2024-07-10
1236,1184,2024-12-13,138.86,Paid,2025-01-12
1237,2949,2025-03-01,225.31,Due,2025-03-31
1238,9766,2024-10-28,23.07,Overdue,2024-11-27
1239,3540,2024-09-01,230.12,Due,2024-10-01
1240,8606,2024-05-11,350.3,Overdue,2024-06-10
1241,8824,2024-09-26,152.24,Paid,2024-10-26
1242,3280,2025-03-28,185.87,Overdue,2025-04-27
1243,8211,2024-05-18,257.99,Due,2024-06-17
1244,5470,2024-05-18,36.99,Paid,2024-06-17
1245,5735,2024-08-14,278.12,Due,2024-09-13
1246,3960,2025-03-31,426.42,Due,2025-04-30
1247,239,2024-05-14,248.2,Paid,2024-06-13
1248,8924,2024-12-24,410.64,Overdue,2025-01-23
1249,5316,2024-11-21,346.75,Overdue,2024-12-21
1250,3666,2024-05-20,192.03,Overdue,2024-06-19
1251,4306,2024-07-31,367.68,Due,2024-08-30
1252,2338,2024-07-23,395.32,Due,2024-08-22
1253,2827,2025-03-24,447.24,Paid,2025-04-23
1254,1749,2024-07-10,28.33,Overdue,2024-08-09
1255,6035,2024-06-30,256.91,Paid,2024-07-30
1256,7376,2024-10-08,448.61,Due,2024-11-07
1257,4835,2024-07-04,398.74,Due,2024-08-03
1258,1479,2025-03-20,347.54,Overdue,2025-04-19
1259,2669,2024-11-05,366.98,Due,2024-12-05
1260,3684,2024-09-30,200.06,Due,2024-10-30
1261,9302,2025-02-20,448.55,Due,2025-03-22
1262,3338,2024-11-01,490.38,Paid,2024-12-01
1263,22,2024-09-03,70.72,Overdue,2024-10-03
1264,9907,2024-10-19,224.53,Paid,2024-11-18
1265,4642,2024-12-23,169.02,Overdue,2025-01-22
1266,5598,2025-03-24,311.09,Paid,2025-04-23
1267,7660,2024-06-20,135.1,Overdue,2024-07-20
1268,2422,2024-09-12,376.48,Paid,2024-10-12
1269,9359,2025-01-09,213.35,Paid,2025-02-08
1270,5448,2025-01-13,158.56,Paid,2025-02-12
1271,6249,2024-10-30,39.43,Overdue,2024-11-29
1272,2237,2024-07-12,168.55,Overdue,2024-08-11
1273,7401,2025-04-30,496.57,Due,2025-05-30
1274,371,2025-04-28,84.41,Overdue,2025-05-28
1275,5238,2025-03-06,12.67,Paid,2025-04-05
1276,2728,2025-04-27,346.94,Due,2025-05-27
1277,400,2025-01-31,274.59,Paid,2025-03-02
1278,3813,2024-12-12,246.49,Paid,2025-01-11
1279,9171,2025-01-16,340.58,Overdue,2025-02-15
1280,2077,2025-03-18,439.22,Paid,2025-04-17
1281,9455,2024-11-30,147.19,Overdue,2024-12-30
1282,7590,2024-05-13,200.3,Paid,2024-06-12
1283,4570,2024-11-03,392.54,Paid,2024-12-03
1284,6810,2024-05-31,485.8,Paid,2024-06-30
1285,9766,2025-02-25,194.35,Paid,2025-03-27
1286,5571,2025-02-27,175.41,Due,2025-03-29
1287,1553,2025-02-15,488.66,Due,2025-03-17
1288,3955,2024-11-17,382.71,Overdue,2024-12-17
1289,6712,2024-08-22,54.5,Due,2024-09-21
1290,7139,2025-02-20,479.64,Paid,2025-03-22
1291,2092,2025-03-28,225.44,Overdue,2025-04-27
1292,2006,2024-11-08,216.01,Due,2024-12-08
1293,4197,2024-12-24,233.2,Paid,2025-01-23
1294,835,2024-10-13,248.98,Paid,2024-11-12
1295,706,2025-04-04,373.52,Due,2025-05-04
1296,1763,2024-08-14,39.42,Overdue,2024-09-13
1297,6329,2024-10-03,393.99,Overdue,2024-11-02
1298,5203,2024-06-05,254.91,Overdue,2024-07-05
1299,6436,2024-12-03,204.77,Overdue,2025-01-02
1300,6968,2024-08-20,76.89,Due,2024-09-19
1301,2651,2025-01-12,425.42,Paid,2025-02-11
1302,7228,2024-06-01,117.22,Paid,2024-07-01
1303,9183,2024-08-06,149.17,Overdue,2024-09-05
1304,7384,2025-02-08,115.03,Overdue,2025-03-10
1305,7103,2024-07-30,446.62,Due,2024-08-29
1306,455,2024-07-18,188.9,Paid,2024-08-17
1307,2817,2024-11-05,118.31,Due,2024-12-05
1308,286,2024-07-18,341.07,Due,2024-08-17
1309,5924,2024-09-20,486.05,Paid,2024-10-20
1310,5030,2024-12-02,181.04,Overdue,2025-01-01
1311,9442,2024-08-12,96.1,Overdue,2024-09-11
1312,6275,2025-04-04,233.95,Due,2025-05-04
1313,832,2024-10-10,122.97,Due,2024-11-09
1314,5515,2024-07-12,301.49,Due,2024-08-11
1315,6462,2024-06-29,267.59,Due,2024-07-29
1316,3829,2024-11-04,218.86,Overdue,2024-12-04
1317,2878,2025-02-24,260.02,Overdue,2025-03-26
1318,6029,2024-10-28,170.48,Overdue,2024-11-27
1319,3441,2025-02-14,379.63,Due,2025-03-16
1320,6306,2024-05-30,323.81,Overdue,2024-06-29
1321,5545,2025-03-09,107.91,Paid,2025-04-08
1322,396,2024-12-06,42.94,Paid,2025-01-05
1323,1727,2024-07-11,239.45,Paid,2024-08-10
1324,3531,2024-05-12,219.03,Overdue,2024-06-11
1325,9116,2024-09-07,333.71,Paid,2024-10-07
1326,8996,2024-10-30,458.06,Due,2024-11-29
1327,2597,2024-05-25,327.39,Due,2024-06-24
1328,2326,2024-08-31,484.59,Due,2024-09-30
1329,1236,2024-07-20,148.09,Due,2024-08-19
1330,7136,2024-08-29,57.15,Paid,2024-09-28
1331,8733,2024-12-24,316.56,Due,2025-01-23
1332,5731,2024-08-04,272.43,Paid,2024-09-03
1333,6133,2024-05-11,417.49,Paid,2024-06-10
1334,6946,2025-04-22,291.38,Overdue,2025-05-22
1335,4137,2025-03-16,74.02,Overdue,2025-04-15
1336,4803,2025-04-20,73.99,Due,2025-05-20
1337,7318,2025-03-09,187.0,Due,2025-04-08
1338,5827,2024-05-20,480.22,Paid,2024-06-19
1339,6468,2024-11-09,167.73,Due,2024-12-09
1340,3963,2024-07-20,372.96,Paid,2024-08-19
1341,9233,2024-08-05,75.69,Due,2024-09-04
1342,5715,2024-08-01,181.02,Overdue,2024-08-31
1343,9384,2025-01-20,386.36,Paid,2025-02-19
1344,8294,2024-06-27,47.09,Due,2024-07-27
1345,8720,2024-08-04,171.98,Due,2024-09-03
1346,8497,2025-01-25,372.31,Paid,2025-02-24
1347,5086,2025-02-18,489.43,Paid,2025-03-20
1348,6417,2024-07-19,59.08,Paid,2024-08-18
1349,4250,2024-11-22,481.5,Overdue,2024-12-22
1350,410,2024-11-07,469.4,Paid,2024-12-07
1351,9468,2024-12-23,354.57,Overdue,2025-01-22
1352,8367,2025-04-02,478.12,Paid,2025-05-02
1353,4725,2025-01-21,123.9,Overdue,2025-02-20
1354,4531,2024-11-01,194.35,Due,2024-12-01
1355,2334,2025-04-25,168.03,Overdue,2025-05-25
1356,948,2024-10-12,35.25,Due,2024-11-11
1357,1100,2024-12-23,320.13,Paid,2025-01-22
1358,8450,2025-04-12,444.98,Due,2025-05-12
1359,9057,2024-10-30,183.99,Paid,2024-11-29
1360,9052,2024-07-17,302.49,Due,2024-08-16
1361,1406,2024-06-21,168.87,Overdue,2024-07-21
1362,7593,2024-07-10,61.12,Overdue,2024-08-09
1363,822,2025-02-03,274.59,Due,2025-03-05
1364,3651,2024-08-01,52.66,Paid,2024-08-31
1365,7860,2024-05-23,133.81,Due,2024-06-22
1366,3421,2024-07-03,440.22,Due,2024-08-02
1367,7704,2025-02-05,283.1,Overdue,2025-03-07
1368,4812,2024-05-08,311.89,Due,2024-06-07
1369,6938,2024-08-16,315.53,Overdue,2024-09-15
1370,3881,2024-08-02,473.5,Overdue,2024-09-01
1371,3807,2024-06-09,197.99,Due,2024-07-09
1372,373,2024-07-12,428.17,Paid,2024-08-11
1373,1343,2024-07-14,454.03,Due,2024-08-13
1374,7646,2025-01-01,422.04,Paid,2025-01-31
1375,5018,2024-11-13,34.55,Paid,2024-12-13
1376,7909,2025-02-08,204.56,Overdue,2025-03-10
1377,4938,2024-10-16,408.34,Due,2024-11-15
1378,3948,2025-03-19,216.57,Due,2025-04-18
1379,5333,2024-10-12,238.57,Paid,2024-11-11
1380,4122,2024-09-10,473.62,Paid,2024-10-10
1381,5148,2024-07-24,189.93,Paid,2024-08-23
1382,3153,2025-04-21,15.75,Overdue,2025-05-21
1383,570,2024-12-03,159.49,Due,2025-01-02
1384,4647,2024-10-20,217.26,Overdue,2024-11-19
1385,5003,2025-04-29,220.39,Due,2025-05-29
1386,5961,2024-07-15,465.9,Due,2024-08-14
1387,4287,2024-10-05,84.71,Paid,2024-11-04
1388,3734,2024-09-20,354.52,Overdue,2024-10-20
1389,3371,2024-05-06,220.65,Overdue,2024-06-05
1390,7407,2025-01-18,456.87,Paid,2025-02-17
1391,6527,2025-03-31,454.83,Overdue,2025-04-30
1392,2038,2024-10-12,132.38,Overdue,2024-11-11
1393,1325,2024-07-31,467.96,Overdue,2024-08-30
1394,5467,2024-08-19,304.79,Overdue,2024-09-18
1395,6539,2025-03-17,276.25,Overdue,2025-04-16
1396,2051,2024-07-28,304.0,Overdue,2024-08-27
1397,2125,2024-08-06,155.66,Due,2024-09-05
1398,542,2025-01-24,263.87,Paid,2025-02-23
1399,7249,2024-10-09,402.21,Paid,2024-11-08
1400,9539,2024-12-02,23.31,Overdue,2025-01-01
1401,274,2024-08-27,228.45,Due,2024-09-26
1402,375,2025-03-18,278.81,Paid,2025-04-17
1403,7527,2025-04-17,438.09,Overdue,2025-05-17
1404,7863,2024-06-09,157.11,Due,2024-07-09
1405,1003,2024-06-15,360.88,Overdue,2024-07-15
1406,9032,2024-10-23,176.03,Overdue,2024-11-22
1407,8270,2024-12-19,262.05,Overdue,2025-01-18
1408,894,2024-11-06,112.89,Overdue,2024-12-06
1409,6485,2024-06-11,368.94,Paid,2024-07-11
1410,4167,2024-11-01,431.92,Paid,2024-12-01
1411,502,2024-11-12,230.22,Paid,2024-12-12
1412,2347,2025-03-06,274.16,Due,2025-04-05
1413,2414,2024-06-19,491.15,Due,2024-07-19
1414,6443,2025-02-07,466.07,Paid,2025-03-09
1415,7396,2024-12-15,406.07,Overdue,2025-01-14
1416,1502,2024-11-04,346.63,Due,2024-12-04
1417,4700,2024-08-28,134.39,Overdue,2024-09-27
1418,726,2024-09-09,329.77,Paid,2024-10-09
1419,7681,2024-07-30,123.02,Due,2024-08-29
1420,9839,2024-12-19,448.83,Due,2025-01-18
1421,930,2025-03-03,300.93,Paid,2025-04-02
1422,1910,2024-12-31,426.1,Paid,2025-01-30
1423,1567,2024-05-04,308.81,Paid,2024-06-03
1424,9622,2024-05-23,414.61,Paid,2024-06-22
1425,1089,2025-03-08,108.06,Due,2025-04-07
1426,8032,2024-11-14,263.42,Paid,2024-12-14
1427,8277,2024-10-25,136.13,Due,2024-11-24
1428,7065,2024-11-18,393.56,Due,2024-12-18
1429,3254,2024-06-08,375.99,Due,2024-07-08
1430,5952,2025-02-13,59.77,Due,2025-03-15
1431,6444,2024-11-24,450.74,Overdue,2024-12-24
1432,2430,2024-05-30,335.74,Due,2024-06-29
1433,5952,2024-05-28,111.28,Overdue,2024-06-27
1434,3174,2025-04-26,394.02,Overdue,2025-05-26
1435,4893,2025-01-06,418.02,Overdue,2025-02-05
1436,3939,2024-08-14,268.62,Overdue,2024-09-13
1437,2441,2024-05-07,127.94,Paid,2024-06-06
1438,6364,2024-07-04,338.49,Due,2024-08-03
1439,6174,2025-03-19,41.07,Overdue,2025-04-18
1440,7602,2024-09-29,194.09,Overdue,2024-10-29
1441,6895,2024-06-30,470.36,Paid,2024-07-30
1442,8798,2024-05-22,205.72,Due,2024-06-21
1443,514,2024-05-18,381.46,Due,2024-06-17
1444,8147,2025-04-12,285.03,Overdue,2025-05-12
1445,324,2024-10-18,61.2,Paid,2024-11-17
1446,4590,2024-10-27,317.4,Overdue,2024-11-26
1447,8690,2024-10-08,399.95,Overdue,2024-11-07
1448,8655,2024-09-12,353.66,Due,2024-10-12
1449,4709,2025-03-01,29.18,Due,2025-03-31
1450,3462,2025-01-31,428.39,Overdue,2025-03-02
1451,6708,2025-03-04,313.29,Due,2025-04-03
1452,2135,2025-04-18,105.26,Due,2025-05-18
1453,3900,2024-06-16,470.76,Overdue,2024-07-16
1454,7048,2024-06-12,421.24,Overdue,2024-07-12
1455,3486,2025-01-21,442.47,Overdue,2025-02-20
1456,1583,2024-07-31,480.15,Paid,2024-08-30
1457,268,2025-02-02,83.63,Overdue,2025-03-04
1458,3116,2024-08-20,483.4,Due,2024-09-19
1459,8691,2024-10-10,89.71,Overdue,2024-11-09
1460,2483,2025-01-11,64.68,Paid,2025-02-10
1461,7435,2024-07-03,279.86,Paid,2024-08-02
1462,3807,2024-09-27,301.37,Overdue,2024-10-27
1463,22,2024-08-09,16.64,Overdue,2024-09-08
1464,4804,2024-10-11,105.31,Overdue,2024-11-10
1465,3172,2024-08-28,333.65,Due,2024-09-27
1466,8209,2024-10-25,340.11,Paid,2024-11-24
1467,7862,2024-12-09,158.78,Due,2025-01-08
1468,3479,2025-01-30,463.05,Due,2025-03-01
1469,8020,2024-07-23,499.35,Paid,2024-08-22
1470,5325,2024-10-08,260.48,Paid,2024-11-07
1471,339,2025-01-03,238.18,Overdue,2025-02-02
1472,746,2024-09-09,167.45,Overdue,2024-10-09
1473,1208,2024-07-10,237.33,Paid,2024-08-09
1474,7897,2024-09-17,460.3,Paid,2024-10-17
1475,5294,2025-01-25,317.38,Paid,2025-02-24
1476,561,2025-02-09,204.3,Paid,2025-03-11
1477,9242,2024-12-03,343.89,Due,2025-01-02
1478,2180,2024-06-24,161.29,Due,2024-07-24
1479,9063,2024-07-07,365.6,Overdue,2024-08-06
1480,8756,2024-08-03,18.64,Overdue,2024-09-02
1481,1829,2024-09-07,154.99,Paid,2024-10-07
1482,2071,2024-08-22,326.4,Paid,2024-09-21
1483,419,2025-01-02,300.83,Overdue,2025-02-01
1484,13,2025-03-13,422.92,Paid,2025-04-12
1485,7134,2024-09-12,415.82,Due,2024-10-12
1486,5058,2024-08-10,403.81,Overdue,2024-09-09
1487,4953,2024-11-10,298.0,Overdue,2024-12-10
1488,676,2024-10-15,396.34,Overdue,2024-11-14
1489,8946,2024-12-25,130.58,Paid,2025-01-24
1490,5635,2024-08-08,467.17,Paid,2024-09-07
1491,6254,2024-08-27,486.74,Due,2024-09-26
1492,7450,2025-01-11,380.04,Overdue,2025-02-10
1493,160,2024-12-22,352.99,Due,2025-01-21
1494,4482,2024-10-18,349.41,Overdue,2024-11-17
1495,876,2024-08-06,377.42,Overdue,2024-09-05
1496,9985,2025-02-05,262.96,Due,2025-03-07
1497,75,2024-08-21,256.08,Paid,2024-09-20
1498,23,2025-01-09,54.54,Due,2025-02-08
1499,1717,2025-02-18,470.14,Paid,2025-03-20
1500,1958,2024-12-31,169.1,Due,2025-01-30
1501,3878,2025-01-18,406.71,Paid,2025-02-17
1502,913,2025-04-09,83.3,Paid,2025-05-09
1503,8213,2025-04-20,161.08,Overdue,2025-05-20
1504,4567,2025-01-02,487.95,Paid,2025-02-01
1505,9520,2024-05-09,490.59,Paid,2024-06-08
1506,8003,2024-10-05,457.12,Overdue,2024-11-04
1507,5860,2024-06-26,257.3,Paid,2024-07-26
1508,4297,2024-07-01,206.0,Paid,2024-07-31
1509,3187,2025-04-02,437.72,Overdue,2025-05-02
1510,2315,2024-07-12,476.32,Paid,2024-08-11
1511,7400,2024-10-08,422.06,Paid,2024-11-07
1512,9295,2024-08-26,13.14,Paid,2024-09-25
1513,8407,2024-12-20,323.45,Overdue,2025-01-19
1514,2347,2024-10-04,462.96,Due,2024-11-03
1515,1550,2024-10-24,117.73,Due,2024-11-23
1516,638,2024-11-25,237.18,Due,2024-12-25
1517,1963,2024-04-30,153.82,Overdue,2024-05-30
1518,1885,2025-03-13,52.41,Paid,2025-04-12
1519,9446,2024-12-29,396.12,Due,2025-01-28
1520,5429,2024-10-16,150.95,Paid,2024-11-15
1521,1122,2024-10-17,170.16,Overdue,2024-11-16
1522,105,2024-07-11,372.85,Paid,2024-08-10
1523,76,2024-06-14,244.41,Paid,2024-07-14
1524,7941,2025-02-09,221.07,Due,2025-03-11
1525,9231,2024-11-15,177.42,Due,2024-12-15
1526,9781,2024-07-15,213.91,Due,2024-08-14
1527,5429,2024-11-03,226.85,Due,2024-12-03
1528,847,2024-07-27,379.9,Overdue,2024-08-26
1529,4738,2024-12-23,122.84,Due,2025-01-22
1530,4876,2024-06-26,252.18,Overdue,2024-07-26
1531,4422,2024-10-07,498.3,Due,2024-11-06
1532,3698,2024-07-19,148.01,Paid,2024-08-18
1533,3065,2024-07-04,355.41,Overdue,2024-08-03
1534,866,2024-06-09,264.43,Paid,2024-07-09
1535,3571,2025-03-08,63.7,Due,2025-04-07
1536,8589,2024-10-09,416.22,Due,2024-11-08
1537,9571,2024-10-03,384.62,Paid,2024-11-02
1538,7897,2025-01-18,450.56,Overdue,2025-02-17
1539,8691,2024-12-03,232.02,Due,2025-01-02
1540,3349,2025-03-14,383.98,Due,2025-04-13
1541,3374,2025-03-20,46.68,Paid,2025-04-19
1542,3921,2024-10-09,20.39,Overdue,2024-11-08
1543,3179,2024-06-15,245.83,Due,2024-07-15
1544,3442,2025-02-23,301.06,Paid,2025-03-25
1545,9204,2025-01-25,368.5,Paid,2025-02-24
1546,9650,2025-03-02,190.2,Paid,2025-04-01
1547,7171,2025-02-24,234.53,Overdue,2025-03-26
1548,5933,2024-07-20,428.79,Overdue,2024-08-19
1549,5803,2024-10-28,205.32,Paid,2024-11-27
1550,3983,2024-07-30,32.17,Due,2024-08-29
1551,4700,2025-01-12,75.01,Paid,2025-02-11
1552,3001,2025-04-09,129.12,Due,2025-05-09
1553,6161,2024-12-12,155.24,Due,2025-01-11
1554,3360,2025-01-13,68.99,Due,2025-02-12
1555,1674,2025-04-23,376.39,Overdue,2025-05-23
1556,2517,2024-07-03,239.7,Paid,2024-08-02
1557,7506,2024-05-21,165.84,Due,2024-06-20
1558,6909,2024-05-13,245.5,Due,2024-06-12
1559,369,2024-06-26,131.95,Overdue,2024-07-26
1560,985,2025-01-20,138.73,Overdue,2025-02-19
1561,5357,2024-09-27,195.35,Due,2024-10-27
1562,8183,2024-09-09,339.98,Overdue,2024-10-09
1563,855,2024-09-08,272.89,Due,2024-10-08
1564,2287,2024-09-29,149.97,Overdue,2024-10-29
1565,2255,2025-03-04,477.02,Due,2025-04-03
1566,9806,2024-08-19,235.37,Overdue,2024-09-18
1567,6866,2024-06-14,72.24,Due,2024-07-14
1568,9099,2024-07-02,76.59,Overdue,2024-08-01
1569,4096,2024-09-18,368.75,Due,2024-10-18
1570,6843,2024-09-11,432.94,Paid,2024-10-11
1571,2813,2024-09-05,162.75,Paid,2024-10-05
1572,4798,2025-01-27,149.44,Paid,2025-02-26
1573,7615,2025-03-19,53.26,Due,2025-04-18
1574,9598,2025-01-23,380.45,Due,2025-02-22
1575,9632,2024-08-06,426.84,Overdue,2024-09-05
1576,2649,2024-08-14,209.94,Due,2024-09-13
1577,3359,2024-05-02,395.24,Due,2024-06-01
1578,331,2024-06-30,498.74,Due,2024-07-30
1579,7529,2025-02-03,415.86,Overdue,2025-03-05
1580,5444,2024-10-11,279.25,Due,2024-11-10
1581,3135,2024-09-02,448.87,Paid,2024-10-02
1582,3320,2025-02-22,24.32,Overdue,2025-03-24
1583,9731,2025-04-29,107.07,Due,2025-05-29
1584,7486,2025-01-23,103.89,Due,2025-02-22
1585,9308,2024-09-17,241.43,Overdue,2024-10-17
1586,5565,2024-11-01,141.9,Overdue,2024-12-01
1587,9529,2025-03-13,243.32,Overdue,2025-04-12
1588,3653,2024-08-09,106.3,Paid,2024-09-08
1589,9520,2024-05-26,406.73,Due,2024-06-25
1590,4237,2025-04-28,406.54,Paid,2025-05-28
1591,7134,2025-02-26,380.65,Paid,2025-03-28
1592,4621,2024-06-17,366.9,Overdue,2024-07-17
1593,1477,2025-01-04,382.58,Paid,2025-02-03
1594,8766,2024-06-28,307.73,Overdue,2024-07-28
1595,6717,2024-09-21,213.75,Paid,2024-10-21
1596,6550,2024-08-04,267.0,Due,2024-09-03
1597,9596,2025-04-28,463.56,Paid,2025-05-28
1598,2854,2024-10-29,438.29,Overdue,2024-11-28
1599,9452,2024-05-28,461.12,Due,2024-06-27
1600,3663,2024-07-02,18.27,Paid,2024-08-01
1601,9728,2025-04-19,148.05,Overdue,2025-05-19
1602,7071,2024-08-18,112.83,Due,2024-09-17
1603,2077,2025-02-14,179.94,Paid,2025-03-16
1604,9133,2024-05-27,237.92,Overdue,2024-06-26
1605,7320,2025-01-31,462.84,Overdue,2025-03-02
1606,6654,2025-03-16,58.5,Due,2025-04-15
1607,2561,2025-03-24,101.38,Due,2025-04-23
1608,670,2024-09-14,441.83,Overdue,2024-10-14
1609,304,2024-05-26,402.47,Due,2024-06-25
1610,4446,2025-02-16,176.86,Due,2025-03-18
1611,7754,2025-04-09,229.95,Paid,2025-05-09
1612,1678,2024-10-27,178.11,Overdue,2024-11-26
1613,5013,2025-01-27,375.89,Paid,2025-02-26
1614,9919,2024-11-25,14.48,Paid,2024-12-25
1615,2533,2024-10-23,302.41,Due,2024-11-22
1616,2404,2025-04-09,173.18,Due,2025-05-09
1617,7451,2025-04-14,391.45,Overdue,2025-05-14
1618,2553,2024-07-31,458.71,Paid,2024-08-30
1619,7994,2025-02-27,37.75,Overdue,2025-03-29
1620,4008,2025-03-19,28.76,Due,2025-04-18
1621,3789,2025-02-18,489.39,Overdue,2025-03-20
1622,8531,2024-05-29,431.66,Due,2024-06-28
1623,9342,2025-01-22,155.71,Due,2025-02-21
1624,8341,2024-09-17,54.5,Overdue,2024-10-17
1625,8081,2024-11-23,275.01,Overdue,2024-12-23
1626,104,2025-01-01,186.74,Overdue,2025-01-31
1627,4824,2024-07-12,477.47,Overdue,2024-08-11
1628,4583,2024-06-01,99.23,Paid,2024-07-01
1629,1283,2024-05-04,381.1,Due,2024-06-03
1630,2185,2025-02-24,322.43,Overdue,2025-03-26
1631,5464,2025-03-17,99.72,Paid,2025-04-16
1632,1734,2024-06-06,115.54,Due,2024-07-06
1633,9995,2025-02-05,154.76,Overdue,2025-03-07
1634,3410,2024-05-30,416.56,Due,2024-06-29
1635,4644,2025-01-04,219.72,Paid,2025-02-03
1636,7413,2025-02-19,461.61,Due,2025-03-21
1637,2983,2024-06-22,289.8,Paid,2024-07-22
1638,1812,2025-03-24,430.73,Paid,2025-04-23
1639,593,2024-10-09,253.17,Due,2024-11-08
1640,2180,2024-06-19,227.33,Paid,2024-07-19
1641,323,2024-08-30,401.72,Overdue,2024-09-29
1642,8116,2024-11-27,262.19,Due,2024-12-27
1643,7484,2025-01-27,298.86,Due,2025-02-26
1644,6188,2024-07-01,227.03,Paid,2024-07-31
1645,2695,2024-09-09,221.26,Paid,2024-10-09
1646,399,2024-05-16,129.73,Overdue,2024-06-15
1647,1462,2024-06-15,17.4,Overdue,2024-07-15
1648,9211,2025-01-27,402.94,Due,2025-02-26
1649,7509,2024-08-11,420.25,Due,2024-09-10
1650,7682,2024-05-28,481.08,Due,2024-06-27
1651,2377,2024-08-01,183.25,Overdue,2024-08-31
1652,6930,2024-09-21,484.78,Due,2024-10-21
1653,4717,2025-04-08,113.19,Paid,2025-05-08
1654,4911,2024-07-31,81.09,Due,2024-08-30
1655,9635,2025-02-05,132.2,Due,2025-03-07
1656,9074,2024-09-07,214.6,Due,2024-10-07
1657,4565,2025-01-25,255.35,Paid,2025-02-24
1658,5318,2025-04-10,67.98,Paid,2025-05-10
1659,6204,2024-11-11,355.48,Due,2024-12-11
1660,6841,2024-05-11,43.64,Overdue,2024-06-10
1661,2383,2025-02-01,276.44,Overdue,2025-03-03
1662,9455,2024-08-05,277.97,Due,2024-09-04
1663,6435,2024-10-11,387.46,Overdue,2024-11-10
1664,3790,2024-12-24,69.74,Overdue,2025-01-23
1665,6310,2024-07-05,27.34,Overdue,2024-08-04
1666,623,2024-12-23,64.89,Paid,2025-01-22
1667,9241,2024-05-12,103.2,Paid,2024-06-11
1668,4933,2024-08-29,27.6,Due,2024-09-28
1669,4425,2024-06-01,315.85,Paid,2024-07-01
1670,8501,2025-04-27,289.2,Paid,2025-05-27
1671,2527,2024-05-13,262.67,Due,2024-06-12
1672,2949,2024-08-13,177.69,Paid,2024-09-12
1673,4730,2025-04-29,170.6,Due,2025-05-29
1674,9674,2024-05-17,321.81,Due,2024-06-16
1675,4507,2024-10-21,267.45,Overdue,2024-11-20
1676,1422,2025-03-18,255.88,Overdue,2025-04-17
1677,8592,2025-01-19,358.99,Overdue,2025-02-18
1678,3612,2024-09-11,277.77,Due,2024-10-11
1679,7274,2024-07-31,273.04,Overdue,2024-08-30
1680,1348,2024-11-14,58.32,Overdue,2024-12-14
1681,4741,2024-10-29,216.16,Paid,2024-11-28
1682,1436,2025-01-15,72.59,Due,2025-02-14
1683,786,2024-05-20,225.1,Paid,2024-06-19
1684,2786,2024-06-10,425.4,Overdue,2024-07-10
1685,5437,2025-01-25,60.71,Paid,2025-02-24
1686,2132,2024-09-17,135.13,Due,2024-10-17
1687,6334,2025-01-23,291.87,Paid,2025-02-22
1688,163,2025-03-05,258.96,Overdue,2025-04-04
1689,9423,2025-02-26,472.12,Paid,2025-03-28
1690,9533,2025-02-03,344.66,Overdue,2025-03-05
1691,9721,2025-02-01,27.05,Due,2025-03-03
1692,3309,2025-03-28,289.5,Paid,2025-04-27
1693,374,2025-01-11,347.04,Paid,2025-02-10
1694,4652,2024-12-25,433.04,Overdue,2025-01-24
1695,7177,2025-04-23,171.79,Paid,2025-05-23
1696,4248,2024-07-18,120.47,Paid,2024-08-17
1697,5393,2024-06-10,47.68,Due,2024-07-10
1698,8761,2025-03-18,264.58,Overdue,2025-04-17
1699,2846,2024-09-20,17.05,Paid,2024-10-20
1700,2786,2025-04-16,497.33,Paid,2025-05-16
1701,8692,2024-10-23,96.92,Overdue,2024-11-22
1702,4862,2024-06-20,253.88,Due,2024-07-20
1703,1409,2024-10-13,346.1,Paid,2024-11-12
1704,3900,2024-05-21,426.96,Paid,2024-06-20
1705,1611,2024-08-17,130.64,Overdue,2024-09-16
1706,4602,2024-05-16,359.14,Overdue,2024-06-15
1707,4516,2024-11-28,86.83,Overdue,2024-12-28
1708,1181,2024-08-15,141.17,Due,2024-09-14
1709,3720,2025-04-24,26.38,Overdue,2025-05-24
1710,4303,2024-10-16,359.93,Due,2024-11-15
1711,2240,2024-09-06,495.98,Paid,2024-10-06
1712,3317,2024-08-04,334.5,Overdue,2024-09-03
1713,6536,2025-02-24,235.69,Paid,2025-03-26
1714,1036,2024-09-25,82.22,Overdue,2024-10-25
1715,9517,2024-11-20,381.22,Paid,2024-12-20
1716,3605,2024-12-24,270.36,Paid,2025-01-23
1717,6361,2025-01-18,102.54,Overdue,2025-02-17
1718,9185,2024-06-01,429.45,Overdue,2024-07-01
1719,799,2024-09-14,160.78,Paid,2024-10-14
1720,6119,2025-04-06,458.92,Overdue,2025-05-06
1721,8833,2024-06-15,463.19,Paid,2024-07-15
1722,1533,2024-11-13,122.38,Overdue,2024-12-13
1723,1483,2024-07-04,435.98,Paid,2024-08-03
1724,1388,2024-05-04,401.11,Overdue,2024-06-03
1725,5530,2025-03-30,414.43,Overdue,2025-04-29
1726,6792,2024-12-13,262.43,Overdue,2025-01-12
1727,5672,2024-05-13,73.0,Overdue,2024-06-12
1728,6601,2025-02-09,66.21,Overdue,2025-03-11
1729,3590,2024-11-24,55.26,Paid,2024-12-24
1730,4984,2024-09-29,156.6,Due,2024-10-29
1731,6369,2024-07-11,363.53,Due,2024-08-10
1732,6278,2025-04-28,358.27,Due,2025-05-28
1733,4124,2024-08-22,101.24,Due,2024-09-21
1734,5924,2025-04-24,386.76,Due,2025-05-24
1735,709,2024-06-28,84.35,Due,2024-07-28
1736,9483,2024-12-10,426.91,Paid,2025-01-09
1737,2002,2024-05-09,257.17,Due,2024-06-08
1738,6526,2024-07-08,284.3,Overdue,2024-08-07
1739,8273,2024-05-02,64.77,Paid,2024-06-01
1740,8514,2024-09-18,421.52,Overdue,2024-10-18
1741,8106,2024-12-31,420.49,Paid,2025-01-30
1742,3840,2024-08-04,291.52,Paid,2024-09-03
1743,1932,2025-04-02,235.91,Due,2025-05-02
1744,115,2024-06-03,358.39,Due,2024-07-03
1745,4874,2024-08-13,47.37,Due,2024-09-12
1746,8834,2024-09-18,266.01,Overdue,2024-10-18
1747,6680,2025-04-05,393.22,Due,2025-05-05
1748,8024,2025-04-28,85.27,Paid,2025-05-28
1749,2650,2024-12-30,451.74,Overdue,2025-01-29
1750,9761,2025-02-02,356.46,Paid,2025-03-04
1751,6457,2025-01-14,452.74,Due,2025-02-13
1752,4248,2025-03-10,133.03,Paid,2025-04-09
1753,5205,2025-01-18,426.52,Due,2025-02-17
1754,5504,2024-10-25,224.39,Overdue,2024-11-24
1755,116,2025-03-02,74.65,Paid,2025-04-01
1756,956,2024-06-16,229.02,Paid,2024-07-16
1757,7830,2024-09-23,454.18,Overdue,2024-10-23
1758,1481,2024-08-18,107.28,Overdue,2024-09-17
1759,2469,2025-04-26,399.01,Overdue,2025-05-26
1760,2243,2025-01-18,354.83,Overdue,2025-02-17
1761,1540,2024-11-17,484.92,Due,2024-12-17
1762,781,2024-11-17,125.0,Overdue,2024-12-17
1763,5350,2025-04-10,406.03,Paid,2025-05-10
1764,2565,2024-11-02,304.25,Paid,2024-12-02
1765,3961,2024-10-17,14.02,Due,2024-11-16
1766,8475,2024-10-16,393.6,Paid,2024-11-15
1767,5166,2025-03-15,426.93,Paid,2025-04-14
1768,3657,2024-10-03,152.48,Paid,2024-11-02
1769,1309,2024-08-01,432.22,Paid,2024-08-31
1770,5584,2025-04-12,101.14,Overdue,2025-05-12
1771,5248,2025-03-01,202.34,Paid,2025-03-31
1772,3793,2024-06-06,235.65,Overdue,2024-07-06
1773,4348,2024-09-27,274.21,Paid,2024-10-27
1774,966,2024-12-08,404.56,Paid,2025-01-07
1775,5689,2024-06-18,452.53,Paid,2024-07-18
1776,1109,2024-11-03,153.64,Paid,2024-12-03
1777,1531,2024-07-14,309.16,Paid,2024-08-13
1778,1762,2024-12-01,69.58,Due,2024-12-31
1779,7258,2024-07-04,106.58,Overdue,2024-08-03
1780,929,2024-08-11,277.79,Due,2024-09-10
1781,5323,2024-05-06,70.14,Paid,2024-06-05
1782,7981,2024-08-20,327.26,Overdue,2024-09-19
1783,5895,2024-08-20,121.14,Overdue,2024-09-19
1784,4268,2024-06-30,379.72,Due,2024-07-30
1785,9115,2024-08-14,19.9,Overdue,2024-09-13
1786,2897,2024-11-26,252.42,Due,2024-12-26
1787,3149,2025-04-18,285.95,Paid,2025-05-18
1788,9558,2024-09-15,88.37,Due,2024-10-15
1789,4796,2024-05-24,313.4,Overdue,2024-06-23
1790,4905,2024-10-10,477.79,Paid,2024-11-09
1791,2252,2024-08-26,130.57,Due,2024-09-25
1792,1327,2025-03-26,384.89,Paid,2025-04-25
1793,9741,2024-05-17,238.39,Due,2024-06-16
1794,6133,2025-02-10,38.3,Paid,2025-03-12
1795,588,2025-03-19,402.29,Due,2025-04-18
1796,7143,2024-05-23,314.9,Paid,2024-06-22
1797,8511,2025-01-01,109.79,Overdue,2025-01-31
1798,832,2025-04-29,30.31,Due,2025-05-29
1799,7448,2025-02-13,399.69,Due,2025-03-15
1800,3409,2024-11-23,409.7,Due,2024-12-23
1801,548,2024-09-18,55.79,Due,2024-10-18
1802,6468,2024-10-04,454.72,Paid,2024-11-03
1803,8262,2025-03-01,84.16,Due,2025-03-31
1804,3747,2025-03-14,50.84,Paid,2025-04-13
1805,6561,2024-11-09,280.48,Due,2024-12-09
1806,4999,2025-02-09,184.17,Paid,2025-03-11
1807,8296,2024-11-23,113.65,Overdue,2024-12-23
1808,6303,2025-04-24,267.15,Due,2025-05-24
1809,4970,2025-01-23,271.51,Overdue,2025-02-22
1810,8393,2025-04-05,56.77,Overdue,2025-05-05
1811,6814,2024-12-23,88.75,Due,2025-01-22
1812,7918,2024-05-23,334.55,Overdue,2024-06-22
1813,6792,2024-08-06,21.87,Paid,2024-09-05
1814,5753,2024-05-06,422.93,Due,2024-06-05
1815,3313,2024-11-23,136.36,Paid,2024-12-23
1816,3255,2024-11-24,71.17,Due,2024-12-24
1817,5487,2024-10-15,225.48,Overdue,2024-11-14
1818,3950,2024-12-19,218.13,Due,2025-01-18
1819,7478,2024-12-29,127.52,Due,2025-01-28
1820,4517,2024-06-15,312.63,Paid,2024-07-15
1821,2956,2024-10-27,30.59,Overdue,2024-11-26
1822,1496,2024-05-09,486.47,Paid,2024-06-08
1823,333,2025-02-23,479.54,Paid,2025-03-25
1824,9599,2025-03-22,220.29,Due,2025-04-21
1825,4999,2024-09-05,389.6,Overdue,2024-10-05
1826,8575,2025-03-04,348.97,Paid,2025-04-03
1827,8728,2024-09-27,210.47,Paid,2024-10-27
1828,8512,2024-07-01,103.16,Due,2024-07-31
1829,2325,2024-10-18,343.06,Overdue,2024-11-17
1830,7918,2025-01-09,122.35,Due,2025-02-08
1831,1421,2024-11-05,375.02,Paid,2024-12-05
1832,6043,2024-12-10,356.26,Due,2025-01-09
1833,2820,2024-12-11,77.94,Due,2025-01-10
1834,5311,2024-12-22,422.33,Paid,2025-01-21
1835,803,2025-01-08,173.41,Due,2025-02-07
1836,1352,2024-11-11,264.83,Paid,2024-12-11
1837,1777,2024-09-17,356.54,Overdue,2024-10-17
1838,6820,2024-07-20,317.81,Due,2024-08-19
1839,3247,2024-07-16,96.67,Overdue,2024-08-15
1840,2976,2024-06-27,46.7,Paid,2024-07-27
1841,4344,2024-12-26,27.33,Due,2025-01-25
1842,468,2025-01-08,94.26,Overdue,2025-02-07
1843,981,2024-05-28,309.7,Paid,2024-06-27
1844,5264,2024-09-12,185.42,Paid,2024-10-12
1845,4195,2025-04-15,372.47,Due,2025-05-15
1846,7687,2024-08-22,486.58,Due,2024-09-21
1847,8145,2024-08-18,438.67,Overdue,2024-09-17
1848,872,2024-06-10,99.22,Paid,2024-07-10
1849,9120,2025-02-02,493.56,Overdue,2025-03-04
1850,2072,2024-07-12,499.33,Due,2024-08-11
1851,9557,2024-12-15,362.05,Paid,2025-01-14
1852,3185,2024-08-24,75.72,Paid,2024-09-23
1853,6285,2024-11-14,385.33,Due,2024-12-14
1854,7504,2024-06-19,412.4,Paid,2024-07-19
1855,1991,2025-04-08,39.83,Paid,2025-05-08
1856,5037,2024-08-01,251.16,Paid,2024-08-31
1857,5103,2024-09-02,156.7,Paid,2024-10-02
1858,2431,2025-02-16,228.74,Due,2025-03-18
1859,1797,2025-02-20,365.2,Paid,2025-03-22
1860,2934,2024-07-05,73.35,Paid,2024-08-04
1861,164,2025-02-16,347.07,Due,2025-03-18
1862,5265,2025-02-12,376.31,Due,2025-03-14
1863,6374,2024-12-08,270.25,Overdue,2025-01-07
1864,3244,2025-03-30,436.78,Overdue,2025-04-29
1865,7884,2024-12-22,168.0,Due,2025-01-21
1866,73,2024-08-20,98.3,Due,2024-09-19
1867,5197,2024-06-09,113.36,Overdue,2024-07-09
1868,7187,2024-11-30,175.53,Overdue,2024-12-30
1869,9438,2025-04-18,373.45,Overdue,2025-05-18
1870,5779,2024-11-08,17.63,Paid,2024-12-08
1871,6975,2024-12-23,419.65,Overdue,2025-01-22
1872,6350,2024-11-27,138.29,Overdue,2024-12-27
1873,3931,2024-10-07,98.52,Overdue,2024-11-06
1874,180,2024-07-04,343.79,Overdue,2024-08-03
1875,5365,2024-05-31,396.29,Due,2024-06-30
1876,9092,2024-12-23,162.74,Due,2025-01-22
1877,6958,2025-02-25,461.15,Due,2025-03-27
1878,5366,2025-04-15,20.01,Overdue,2025-05-15
1879,6386,2025-03-28,443.5,Paid,2025-04-27
1880,3046,2025-01-29,178.06,Overdue,2025-02-28
1881,888,2024-11-14,174.26,Due,2024-12-14
1882,4134,2024-08-27,72.83,Overdue,2024-09-26
1883,6451,2024-08-23,293.43,Due,2024-09-22
1884,1046,2024-05-24,189.54,Overdue,2024-06-23
1885,2004,2025-03-07,172.01,Paid,2025-04-06
1886,9287,2024-08-24,422.91,Overdue,2024-09-23
1887,6569,2024-10-08,161.15,Due,2024-11-07
1888,3530,2025-01-07,170.01,Due,2025-02-06
1889,8254,2025-04-26,239.51,Overdue,2025-05-26
1890,808,2025-01-14,359.44,Overdue,2025-02-13
1891,8650,2025-04-01,295.95,Paid,2025-05-01
1892,9133,2025-01-10,455.59,Due,2025-02-09
1893,5212,2025-01-06,388.35,Paid,2025-02-05
1894,810,2024-08-05,294.85,Overdue,2024-09-04
1895,7338,2025-02-19,201.56,Due,2025-03-21
1896,1858,2024-11-30,499.94,Overdue,2024-12-30
1897,1746,2025-03-18,271.8,Due,2025-04-17
1898,456,2025-02-18,460.64,Due,2025-03-20
1899,452,2024-07-06,249.21,Overdue,2024-08-05
1900,4423,2024-11-23,423.19,Due,2024-12-23
1901,8310,2024-12-19,218.75,Paid,2025-01-18
1902,1806,2025-03-04,215.24,Paid,2025-04-03
1903,5723,2024-06-06,55.37,Due,2024-07-06
1904,7223,2025-03-16,225.28,Due,2025-04-15
1905,507,2025-02-04,135.88,Due,2025-03-06
1906,9568,2024-06-11,383.03,Due,2024-07-11
1907,1140,2024-05-06,356.25,Overdue,2024-06-05
1908,3345,2025-04-28,218.69,Paid,2025-05-28
1909,2103,2024-12-12,53.33,Overdue,2025-01-11
1910,1954,2024-11-22,285.99,Overdue,2024-12-22
1911,4760,2025-02-16,137.44,Due,2025-03-18
1912,2560,2024-10-01,77.58,Due,2024-10-31
1913,3105,2024-08-01,93.14,Due,2024-08-31
1914,8939,2025-03-12,398.76,Overdue,2025-04-11
1915,8302,2024-08-19,274.25,Overdue,2024-09-18
1916,3004,2024-09-24,225.79,Paid,2024-10-24
1917,1285,2024-11-29,32.75,Due,2024-12-29
1918,9184,2024-07-22,226.24,Paid,2024-08-21
1919,7673,2025-04-04,271.39,Paid,2025-05-04
1920,3716,2024-09-05,288.58,Due,2024-10-05
1921,7736,2025-03-24,151.79,Overdue,2025-04-23
1922,8073,2025-04-26,389.39,Paid,2025-05-26
1923,4294,2024-12-14,165.21,Due,2025-01-13
1924,5163,2024-05-17,463.02,Due,2024-06-16
1925,8296,2024-06-28,211.02,Due,2024-07-28
1926,4828,2025-04-27,390.87,Due,2025-05-27
1927,7444,2025-01-31,89.79,Due,2025-03-02
1928,1024,2024-05-01,148.41,Due,2024-05-31
1929,7741,2025-04-28,443.5,Overdue,2025-05-28
1930,9504,2024-08-22,483.43,Paid,2024-09-21
1931,6550,2024-06-28,167.91,Due,2024-07-28
1932,5692,2025-03-16,249.56,Due,2025-04-15
1933,9413,2024-12-29,356.15,Due,2025-01-28
1934,4726,2025-04-04,303.63,Paid,2025-05-04
1935,1405,2025-02-08,130.25,Due,2025-03-10
1936,3025,2024-08-08,134.52,Overdue,2024-09-07
1937,2295,2024-12-03,290.23,Overdue,2025-01-02
1938,8716,2024-09-16,334.05,Due,2024-10-16
1939,5086,2024-08-05,132.69,Overdue,2024-09-04
1940,9080,2024-06-21,211.47,Overdue,2024-07-21
1941,6990,2024-11-12,56.34,Paid,2024-12-12
1942,6751,2024-10-02,44.04,Overdue,2024-11-01
1943,951,2024-05-29,409.25,Paid,2024-06-28
1944,5516,2024-08-02,164.76,Due,2024-09-01
1945,5275,2025-03-26,291.39,Due,2025-04-25
1946,3227,2025-02-05,333.21,Paid,2025-03-07
1947,6027,2024-08-22,369.5,Due,2024-09-21
1948,3830,2025-04-28,289.32,Overdue,2025-05-28
1949,9856,2024-08-28,455.59,Overdue,2024-09-27
1950,8867,2024-11-13,137.67,Paid,2024-12-13
1951,6816,2024-06-16,410.78,Paid,2024-07-16
1952,1342,2025-04-04,245.26,Due,2025-05-04
1953,8729,2024-08-10,151.91,Due,2024-09-09
1954,9561,2024-10-10,463.85,Overdue,2024-11-09
1955,9138,2024-06-27,270.43,Due,2024-07-27
1956,160,2025-01-09,413.41,Overdue,2025-02-08
1957,9473,2024-09-25,136.43,Paid,2024-10-25
1958,468,2024-08-01,455.87,Paid,2024-08-31
1959,9731,2024-06-08,51.0,Paid,2024-07-08
1960,5219,2024-07-21,86.58,Paid,2024-08-20
1961,8265,2024-08-22,367.1,Paid,2024-09-21
1962,6639,2025-03-15,39.02,Paid,2025-04-14
1963,1075,2025-03-25,469.06,Overdue,2025-04-24
1964,3448,2025-03-04,408.05,Due,2025-04-03
1965,5438,2025-01-20,259.52,Overdue,2025-02-19
1966,6255,2024-07-15,142.81,Paid,2024-08-14
1967,1331,2025-01-15,428.37,Paid,2025-02-14
1968,9449,2025-03-12,305.63,Due,2025-04-11
1969,7114,2024-05-04,383.52,Due,2024-06-03
1970,2539,2024-05-30,167.84,Overdue,2024-06-29
1971,8371,2024-06-18,253.67,Overdue,2024-07-18
1972,7464,2025-02-11,43.35,Due,2025-03-13
1973,5481,2024-08-18,211.27,Overdue,2024-09-17
1974,6416,2025-04-23,98.4,Overdue,2025-05-23
1975,3134,2024-06-05,25.17,Due,2024-07-05
1976,4757,2024-05-01,66.99,Due,2024-05-31
1977,1498,2024-07-20,88.9,Due,2024-08-19
1978,4235,2025-02-20,492.8,Overdue,2025-03-22
1979,1252,2025-04-07,383.14,Due,2025-05-07
1980,8377,2025-04-09,51.21,Due,2025-05-09
1981,1450,2025-01-24,343.68,Overdue,2025-02-23
1982,7387,2025-01-06,496.43,Paid,2025-02-05
1983,4816,2025-04-07,186.29,Paid,2025-05-07
1984,7447,2024-10-05,60.28,Due,2024-11-04
1985,3230,2024-08-30,423.18,Due,2024-09-29
1986,8446,2024-08-23,465.76,Paid,2024-09-22
1987,8789,2025-01-15,232.76,Paid,2025-02-14
1988,1772,2024-09-28,492.85,Overdue,2024-10-28
1989,3601,2024-11-10,175.74,Overdue,2024-12-10
1990,9450,2025-04-13,341.07,Paid,2025-05-13
1991,2563,2024-08-25,450.08,Overdue,2024-09-24
1992,5741,2024-12-04,370.79,Paid,2025-01-03
1993,1363,2024-07-12,381.74,Overdue,2024-08-11
1994,7041,2024-09-17,489.83,Overdue,2024-10-17
1995,1986,2025-01-25,26.27,Due,2025-02-24
1996,6221,2025-03-06,433.6,Overdue,2025-04-05
1997,2363,2024-06-25,56.41,Paid,2024-07-25
1998,9101,2024-09-21,192.94,Due,2024-10-21
1999,7039,2024-06-08,302.56,Due,2024-07-08
2000,9824,2024-11-14,482.21,Paid,2024-12-14
2001,2427,2024-07-05,231.5,Overdue,2024-08-04
2002,5064,2025-01-22,385.77,Overdue,2025-02-21
2003,7340,2024-05-15,216.22,Due,2024-06-14
2004,7609,2024-07-28,319.29,Overdue,2024-08-27
2005,2892,2024-07-01,116.67,Paid,2024-07-31
2006,1515,2025-02-08,204.69,Paid,2025-03-10
2007,6726,2024-10-21,423.2,Overdue,2024-11-20
2008,7448,2024-05-08,336.15,Overdue,2024-06-07
2009,3880,2024-08-15,300.33,Overdue,2024-09-14
2010,6054,2024-08-01,75.94,Paid,2024-08-31
2011,840,2025-03-18,324.71,Paid,2025-04-17
2012,3308,2025-03-18,137.26,Paid,2025-04-17
2013,7231,2025-02-04,394.38,Due,2025-03-06
2014,5656,2024-11-18,175.24,Due,2024-12-18
2015,8984,2024-07-25,330.22,Overdue,2024-08-24
2016,1095,2024-10-15,338.88,Due,2024-11-14
2017,3658,2025-03-11,115.41,Paid,2025-04-10
2018,7619,2024-11-02,141.49,Due,2024-12-02
2019,1327,2025-04-17,133.87,Paid,2025-05-17
2020,2950,2024-05-14,323.08,Paid,2024-06-13
2021,7350,2024-10-29,229.25,Due,2024-11-28
2022,4674,2025-03-28,410.01,Overdue,2025-04-27
2023,2203,2024-08-13,380.78,Paid,2024-09-12
2024,7894,2024-11-05,113.61,Overdue,2024-12-05
2025,6231,2025-02-22,38.37,Due,2025-03-24
2026,29,2024-09-28,259.32,Paid,2024-10-28
2027,8691,2024-05-26,193.94,Overdue,2024-06-25
2028,9155,2024-12-18,202.41,Due,2025-01-17
2029,4947,2024-11-27,373.02,Due,2024-12-27
2030,4218,2025-03-10,351.63,Paid,2025-04-09
2031,5129,2024-05-28,229.1,Due,2024-06-27
2032,4179,2024-11-19,47.83,Paid,2024-12-19
2033,231,2024-11-14,256.87,Paid,2024-12-14
2034,3830,2025-01-18,401.91,Paid,2025-02-17
2035,3781,2024-07-16,224.41,Paid,2024-08-15
2036,4123,2024-07-26,16.33,Due,2024-08-25
2037,170,2025-01-10,310.68,Paid,2025-02-09
2038,6087,2024-07-14,105.41,Due,2024-08-13
2039,1060,2025-03-07,366.38,Due,2025-04-06
2040,9103,2024-11-05,338.62,Paid,2024-12-05
2041,9170,2025-02-14,219.09,Overdue,2025-03-16
2042,1316,2025-04-24,309.45,Due,2025-05-24
2043,162,2025-03-20,327.14,Paid,2025-04-19
2044,8260,2025-01-29,261.5,Paid,2025-02-28
2045,5596,2024-12-27,394.14,Overdue,2025-01-26
2046,8518,2024-10-20,429.71,Paid,2024-11-19
2047,5650,2024-10-12,417.28,Paid,2024-11-11
2048,5145,2025-03-13,491.9,Due,2025-04-12
2049,4297,2024-10-09,184.88,Overdue,2024-11-08
2050,9065,2025-04-08,40.01,Paid,2025-05-08
2051,4897,2025-02-26,266.85,Due,2025-03-28
2052,5458,2024-12-23,443.29,Paid,2025-01-22
2053,9042,2024-07-18,492.01,Due,2024-08-17
2054,1537,2025-02-08,179.74,Due,2025-03-10
2055,4084,2024-11-19,14.05,Paid,2024-12-19
2056,9231,2024-07-10,124.1,Due,2024-08-09
2057,9409,2024-06-12,235.02,Overdue,2024-07-12
2058,980,2024-06-27,58.4,Overdue,2024-07-27
2059,3057,2025-03-12,123.61,Overdue,2025-04-11
2060,3426,2024-10-30,393.6,Paid,2024-11-29
2061,8837,2024-08-30,135.61,Due,2024-09-29
2062,8855,2025-04-03,323.57,Overdue,2025-05-03
2063,2032,2025-03-15,435.09,Due,2025-04-14
2064,3494,2024-12-11,181.54,Due,2025-01-10
2065,1522,2025-03-31,97.65,Paid,2025-04-30
2066,9009,2025-01-23,45.8,Paid,2025-02-22
2067,5451,2024-05-21,303.0,Paid,2024-06-20
2068,5166,2025-03-14,32.7,Overdue,2025-04-13
2069,3360,2024-05-11,486.83,Due,2024-06-10
2070,4285,2024-07-02,317.84,Paid,2024-08-01
2071,3198,2024-07-02,461.2,Paid,2024-08-01
2072,6046,2024-12-31,267.65,Due,2025-01-30
2073,9502,2024-10-15,353.6,Paid,2024-11-14
2074,8713,2025-03-10,64.95,Paid,2025-04-09
2075,9838,2024-10-29,234.07,Due,2024-11-28
2076,3213,2024-08-01,219.17,Due,2024-08-31
2077,9694,2024-12-11,289.23,Due,2025-01-10
2078,2303,2024-05-14,100.84,Paid,2024-06-13
2079,7091,2025-03-20,304.49,Paid,2025-04-19
2080,7387,2025-02-10,461.92,Due,2025-03-12
2081,5306,2024-11-14,174.79,Overdue,2024-12-14
2082,165,2024-11-22,179.3,Paid,2024-12-22
2083,756,2024-06-02,46.38,Paid,2024-07-02
2084,7430,2024-07-27,167.79,Overdue,2024-08-26
2085,9887,2024-09-30,96.37,Due,2024-10-30
2086,8920,2024-05-08,26.18,Due,2024-06-07
2087,9319,2025-03-02,249.1,Overdue,2025-04-01
2088,7580,2024-07-29,156.21,Due,2024-08-28
2089,4397,2024-07-10,201.97,Due,2024-08-09
2090,5870,2025-01-21,270.15,Paid,2025-02-20
2091,356,2024-05-15,257.94,Paid,2024-06-14
2092,4236,2024-11-07,33.9,Paid,2024-12-07
2093,323,2025-02-07,412.11,Paid,2025-03-09
2094,1428,2024-10-18,155.1,Due,2024-11-17
2095,3688,2024-08-01,319.26,Paid,2024-08-31
2096,6011,2024-12-28,249.29,Paid,2025-01-27
2097,1932,2025-03-23,466.3,Paid,2025-04-22
2098,5442,2024-07-21,156.87,Paid,2024-08-20
2099,4576,2025-04-20,351.42,Paid,2025-05-20
2100,910,2024-10-22,307.01,Paid,2024-11-21
2101,4668,2024-07-02,121.38,Overdue,2024-08-01
2102,8234,2025-01-22,107.81,Due,2025-02-21
2103,2869,2024-12-27,62.1,Paid,2025-01-26
2104,4345,2024-10-12,444.19,Overdue,2024-11-11
2105,7700,2024-08-16,139.86,Paid,2024-09-15
2106,4723,2024-10-28,387.71,Due,2024-11-27
2107,5937,2025-01-16,20.83,Overdue,2025-02-15
2108,9160,2024-07-31,309.15,Due,2024-08-30
2109,8857,2024-07-19,29.53,Overdue,2024-08-18
2110,7219,2025-02-16,317.76,Paid,2025-03-18
2111,5888,2024-12-11,494.83,Paid,2025-01-10
2112,5356,2025-04-30,324.27,Overdue,2025-05-30
2113,538,2024-06-14,303.34,Overdue,2024-07-14
2114,8491,2024-09-27,244.47,Overdue,2024-10-27
2115,6929,2025-04-18,18.07,Overdue,2025-05-18
2116,5689,2025-02-05,307.76,Paid,2025-03-07
2117,7034,2024-09-01,72.38,Paid,2024-10-01
2118,7058,2024-07-11,241.29,Due,2024-08-10
2119,9780,2024-08-15,412.58,Overdue,2024-09-14
2120,2141,2024-12-29,115.69,Overdue,2025-01-28
2121,1260,2024-11-24,258.42,Overdue,2024-12-24
2122,3840,2025-03-24,255.87,Due,2025-04-23
2123,5451,2024-10-27,14.77,Overdue,2024-11-26
2124,190,2025-04-08,18.05,Due,2025-05-08
2125,4309,2025-01-22,296.67,Paid,2025-02-21
2126,4204,2024-11-21,146.27,Overdue,2024-12-21
2127,6657,2025-03-24,344.71,Overdue,2025-04-23
2128,6361,2024-11-13,195.97,Overdue,2024-12-13
2129,700,2025-02-27,120.15,Overdue,2025-03-29
2130,9710,2024-09-30,340.95,Paid,2024-10-30
2131,1518,2024-11-28,256.45,Overdue,2024-12-28
2132,1049,2024-11-29,423.83,Due,2024-12-29
2133,1607,2025-04-11,484.33,Paid,2025-05-11
2134,7752,2024-09-03,350.41,Overdue,2024-10-03
2135,5071,2024-09-28,369.15,Due,2024-10-28
2136,4789,2024-06-03,393.88,Due,2024-07-03
2137,4402,2024-08-11,92.51,Due,2024-09-10
2138,4259,2025-01-27,395.88,Overdue,2025-02-26
2139,330,2025-02-28,359.83,Paid,2025-03-30
2140,8193,2024-05-21,274.45,Due,2024-06-20
2141,8322,2024-10-28,237.45,Due,2024-11-27
2142,56,2024-11-03,399.58,Due,2024-12-03
2143,1036,2024-06-08,257.81,Paid,2024-07-08
2144,1180,2024-05-22,61.18,Paid,2024-06-21
2145,425,2025-01-05,313.63,Due,2025-02-04
2146,65,2024-05-27,30.2,Due,2024-06-26
2147,3106,2025-03-04,53.81,Paid,2025-04-03
2148,9388,2024-09-10,221.51,Paid,2024-10-10
2149,9305,2025-04-28,269.64,Due,2025-05-28
2150,246,2025-01-12,129.52,Due,2025-02-11
2151,7460,2024-12-21,227.95,Paid,2025-01-20
2152,2668,2024-12-26,59.19,Due,2025-01-25
2153,7072,2024-11-25,321.06,Due,2024-12-25
2154,3446,2024-12-20,23.01,Paid,2025-01-19
2155,4507,2024-06-01,423.57,Paid,2024-07-01
2156,9537,2024-07-16,362.0,Overdue,2024-08-15
2157,7637,2025-02-21,204.21,Overdue,2025-03-23
2158,983,2024-07-22,241.28,Paid,2024-08-21
2159,9868,2024-11-26,242.1,Overdue,2024-12-26
2160,446,2025-04-21,359.34,Due,2025-05-21
2161,761,2025-03-24,324.48,Paid,2025-04-23
2162,8646,2024-07-07,411.05,Due,2024-08-06
2163,861,2025-01-30,103.86,Paid,2025-03-01
2164,1598,2025-03-27,182.96,Paid,2025-04-26
2165,9091,2025-01-21,244.9,Overdue,2025-02-20
2166,4069,2024-07-19,286.23,Overdue,2024-08-18
2167,9305,2024-08-05,237.32,Overdue,2024-09-04
2168,8676,2024-12-04,315.3,Due,2025-01-03
2169,2553,2024-09-08,322.35,Due,2024-10-08
2170,5920,2024-12-01,438.91,Due,2024-12-31
2171,4277,2024-08-02,466.91,Due,2024-09-01
2172,6305,2025-01-31,137.78,Due,2025-03-02
2173,4025,2024-12-11,390.54,Paid,2025-01-10
2174,670,2025-03-17,160.83,Overdue,2025-04-16
2175,6957,2024-08-03,192.33,Due,2024-09-02
2176,2802,2025-01-03,222.26,Overdue,2025-02-02
2177,9367,2024-11-15,90.63,Due,2024-12-15
2178,1720,2025-01-05,335.58,Due,2025-02-04
2179,3539,2025-03-04,228.35,Paid,2025-04-03
2180,5336,2024-10-26,330.28,Due,2024-11-25
2181,7118,2024-09-18,457.21,Overdue,2024-10-18
2182,1597,2024-07-20,345.89,Due,2024-08-19
2183,2732,2025-03-31,256.09,Paid,2025-04-30
2184,6910,2024-05-05,89.12,Due,2024-06-04
2185,6800,2024-07-30,218.0,Due,2024-08-29
2186,8788,2025-02-18,470.11,Overdue,2025-03-20
2187,2209,2025-01-17,51.32,Due,2025-02-16
2188,3947,2024-06-03,421.1,Overdue,2024-07-03
2189,4103,2024-06-13,135.59,Overdue,2024-07-13
2190,4367,2024-05-07,114.67,Paid,2024-06-06
2191,2677,2025-01-02,325.27,Overdue,2025-02-01
2192,228,2025-02-02,447.23,Paid,2025-03-04
2193,7595,2024-10-28,52.7,Due,2024-11-27
2194,9179,2024-12-23,251.63,Paid,2025-01-22
2195,6088,2025-03-07,92.13,Overdue,2025-04-06
2196,2053,2025-03-05,168.86,Paid,2025-04-04
2197,2379,2024-09-30,24.66,Due,2024-10-30
2198,6968,2024-07-22,59.98,Overdue,2024-08-21
2199,7566,2024-10-12,159.61,Paid,2024-11-11
2200,1886,2024-08-30,277.07,Paid,2024-09-29
2201,4848,2024-12-05,389.82,Overdue,2025-01-04
2202,4562,2024-06-21,298.17,Due,2024-07-21
2203,813,2024-07-22,65.02,Paid,2024-08-21
2204,9382,2024-05-10,159.18,Paid,2024-06-09
2205,9819,2025-01-19,471.99,Paid,2025-02-18
2206,9894,2025-01-21,116.19,Due,2025-02-20
2207,5145,2024-10-20,188.99,Overdue,2024-11-19
2208,177,2024-10-22,210.43,Overdue,2024-11-21
2209,1659,2024-12-02,197.7,Due,2025-01-01
2210,6029,2024-11-11,187.62,Overdue,2024-12-11
2211,1306,2024-12-19,245.14,Due,2025-01-18
2212,3018,2024-12-05,298.33,Due,2025-01-04
2213,8051,2024-05-19,32.5,Due,2024-06-18
2214,4846,2024-10-15,47.7,Due,2024-11-14
2215,9662,2024-11-21,243.04,Paid,2024-12-21
2216,9976,2024-07-13,22.55,Overdue,2024-08-12
2217,4269,2024-07-01,296.06,Overdue,2024-07-31
2218,4853,2024-08-19,91.61,Due,2024-09-18
2219,782,2025-02-25,176.66,Overdue,2025-03-27
2220,1028,2025-03-10,312.51,Paid,2025-04-09
2221,8672,2025-02-17,264.1,Overdue,2025-03-19
2222,2988,2024-07-02,329.03,Due,2024-08-01
2223,769,2025-03-09,337.24,Due,2025-04-08
2224,4759,2024-07-31,410.66,Paid,2024-08-30
2225,9132,2024-09-19,498.41,Overdue,2024-10-19
2226,8945,2024-05-22,63.53,Due,2024-06-21
2227,5115,2025-03-02,55.79,Due,2025-04-01
2228,3024,2024-10-18,324.08,Due,2024-11-17
2229,906,2024-10-13,311.7,Due,2024-11-12
2230,1071,2024-12-19,320.62,Paid,2025-01-18
2231,6735,2024-11-27,63.0,Due,2024-12-27
2232,2036,2024-08-24,152.04,Overdue,2024-09-23
2233,9377,2024-11-18,414.16,Overdue,2024-12-18
2234,7672,2024-11-04,127.99,Due,2024-12-04
2235,8099,2024-12-01,258.82,Paid,2024-12-31
2236,4600,2025-03-07,408.47,Overdue,2025-04-06
2237,5515,2024-09-02,322.82,Due,2024-10-02
2238,7987,2025-01-10,409.75,Paid,2025-02-09
2239,493,2024-07-13,439.17,Paid,2024-08-12
2240,4620,2025-02-02,342.7,Paid,2025-03-04
2241,7564,2024-12-14,277.89,Due,2025-01-13
2242,4495,2024-11-21,100.6,Due,2024-12-21
2243,4893,2024-05-03,112.32,Overdue,2024-06-02
2244,3628,2024-06-13,98.97,Due,2024-07-13
2245,9035,2024-06-13,194.22,Paid,2024-07-13
2246,2523,2025-03-14,16.3,Overdue,2025-04-13
2247,7392,2025-04-12,77.79,Overdue,2025-05-12
2248,6127,2024-11-27,290.16,Due,2024-12-27
2249,9459,2024-08-09,58.61,Overdue,2024-09-08
2250,5712,2025-04-15,180.76,Due,2025-05-15
2251,8570,2025-02-16,134.27,Overdue,2025-03-18
2252,2702,2024-08-06,384.7,Due,2024-09-05
2253,5789,2025-01-03,82.17,Paid,2025-02-02
2254,2041,2024-10-31,11.71,Paid,2024-11-30
2255,9006,2024-06-13,338.52,Due,2024-07-13
2256,7603,2024-07-02,340.37,Overdue,2024-08-01
2257,8912,2025-01-17,201.85,Overdue,2025-02-16
2258,8918,2024-12-09,110.34,Paid,2025-01-08
2259,8700,2024-11-06,448.23,Due,2024-12-06
2260,1313,2024-05-17,208.42,Due,2024-06-16
2261,922,2025-03-22,221.06,Overdue,2025-04-21
2262,4474,2024-07-17,334.32,Due,2024-08-16
2263,6136,2024-10-26,167.42,Paid,2024-11-25
2264,231,2025-04-05,400.41,Overdue,2025-05-05
2265,9515,2024-08-16,424.88,Paid,2024-09-15
2266,8050,2024-07-02,257.35,Overdue,2024-08-01
2267,9283,2024-11-23,223.4,Due,2024-12-23
2268,2493,2024-07-14,170.08,Due,2024-08-13
2269,9135,2025-01-26,485.47,Due,2025-02-25
2270,9914,2024-10-01,271.51,Due,2024-10-31
2271,112,2025-04-21,457.25,Paid,2025-05-21
2272,5844,2025-04-12,336.49,Overdue,2025-05-12
2273,9883,2025-04-10,481.36,Due,2025-05-10
2274,503,2024-10-18,228.28,Paid,2024-11-17
2275,9495,2024-11-01,285.41,Due,2024-12-01
2276,3989,2024-05-31,75.73,Due,2024-06-30
2277,3165,2024-06-11,104.2,Due,2024-07-11
2278,6577,2025-01-23,262.33,Overdue,2025-02-22
2279,4214,2025-04-10,406.68,Due,2025-05-10
2280,4296,2025-02-14,52.97,Paid,2025-03-16
2281,7791,2024-10-06,275.29,Overdue,2024-11-05
2282,5995,2024-07-08,188.22,Overdue,2024-08-07
2283,4721,2024-10-05,399.12,Paid,2024-11-04
2284,5924,2024-07-17,304.31,Overdue,2024-08-16
2285,8352,2024-09-28,189.5,Paid,2024-10-28
2286,5032,2024-11-19,404.71,Overdue,2024-12-19
2287,9215,2024-11-17,307.18,Overdue,2024-12-17
2288,114,2025-02-05,286.43,Paid,2025-03-07
2289,4911,2024-05-18,10.2,Due,2024-06-17
2290,581,2024-08-24,39.1,Overdue,2024-09-23
2291,2093,2024-11-21,150.88,Due,2024-12-21
2292,2427,2025-03-19,92.09,Overdue,2025-04-18
2293,9565,2024-08-07,252.23,Overdue,2024-09-06
2294,8277,2025-01-15,387.46,Overdue,2025-02-14
2295,1848,2024-05-08,459.58,Overdue,2024-06-07
2296,698,2025-01-21,317.24,Overdue,2025-02-20
2297,5525,2025-02-21,299.69,Paid,2025-03-23
2298,4085,2024-12-02,288.96,Overdue,2025-01-01
2299,1654,2025-02-15,497.94,Paid,2025-03-17
2300,5811,2025-04-01,484.95,Overdue,2025-05-01
2301,4416,2024-08-02,286.15,Overdue,2024-09-01
2302,4575,2024-10-22,216.71,Overdue,2024-11-21
2303,5781,2024-10-24,330.84,Paid,2024-11-23
2304,3382,2024-07-14,166.99,Due,2024-08-13
2305,330,2024-06-19,178.08,Overdue,2024-07-19
2306,3328,2025-03-07,394.19,Due,2025-04-06
2307,7457,2025-03-09,58.98,Paid,2025-04-08
2308,3484,2024-06-12,85.08,Paid,2024-07-12
2309,8921,2025-03-15,341.79,Due,2025-04-14
2310,1506,2025-04-24,274.03,Paid,2025-05-24
2311,5124,2024-12-24,478.98,Overdue,2025-01-23
2312,7226,2024-07-11,19.61,Overdue,2024-08-10
2313,3403,2025-01-19,267.1,Overdue,2025-02-18
2314,47,2024-06-04,292.82,Paid,2024-07-04
2315,7699,2024-12-28,115.53,Paid,2025-01-27
2316,2578,2024-12-09,368.65,Overdue,2025-01-08
2317,7464,2024-12-20,87.68,Paid,2025-01-19
2318,5353,2024-05-24,237.55,Paid,2024-06-23
2319,328,2024-10-11,419.63,Overdue,2024-11-10
2320,5613,2024-08-22,347.14,Due,2024-09-21
2321,7887,2024-08-10,60.18,Paid,2024-09-09
2322,4565,2025-01-03,383.89,Due,2025-02-02
2323,4478,2025-01-13,137.02,Due,2025-02-12
2324,34,2025-04-13,470.46,Paid,2025-05-13
2325,4836,2025-02-14,366.99,Overdue,2025-03-16
2326,2857,2024-10-16,381.44,Paid,2024-11-15
2327,8670,2024-11-06,336.4,Due,2024-12-06
2328,1419,2025-02-09,131.36,Due,2025-03-11
2329,6879,2025-02-23,211.61,Overdue,2025-03-25
2330,1058,2025-02-24,457.81,Due,2025-03-26
2331,2228,2024-06-06,53.21,Paid,2024-07-06
2332,4514,2024-10-04,440.26,Paid,2024-11-03
2333,6664,2024-06-27,292.09,Due,2024-07-27
2334,2116,2024-06-23,270.9,Paid,2024-07-23
2335,2385,2024-12-18,33.42,Due,2025-01-17
2336,4137,2024-06-03,261.92,Overdue,2024-07-03
2337,980,2024-08-07,152.44,Overdue,2024-09-06
2338,7550,2025-04-23,447.27,Overdue,2025-05-23
2339,5963,2024-11-18,249.32,Paid,2024-12-18
2340,5745,2024-06-23,441.31,Due,2024-07-23
2341,8882,2025-01-29,16.53,Paid,2025-02-28
2342,953,2025-01-24,412.48,Paid,2025-02-23
2343,2723,2024-09-14,343.58,Paid,2024-10-14
2344,5621,2024-07-10,58.14,Overdue,2024-08-09
2345,355,2024-05-31,130.17,Paid,2024-06-30
2346,4094,2025-01-23,213.65,Due,2025-02-22
2347,6238,2024-07-12,102.57,Paid,2024-08-11
2348,3362,2025-02-17,491.15,Due,2025-03-19
2349,7191,2025-01-28,437.08,Overdue,2025-02-27
2350,4318,2025-04-11,428.37,Overdue,2025-05-11
2351,5596,2024-09-21,154.12,Paid,2024-10-21
2352,6267,2024-10-31,289.86,Paid,2024-11-30
2353,2655,2024-07-12,10.67,Due,2024-08-11
2354,9936,2025-04-07,283.92,Overdue,2025-05-07
2355,3674,2024-10-18,143.9,Overdue,2024-11-17
2356,6634,2024-11-18,83.3,Overdue,2024-12-18
2357,4584,2024-05-11,185.32,Overdue,2024-06-10
2358,4926,2025-03-17,499.29,Overdue,2025-04-16
2359,9943,2024-10-29,493.51,Overdue,2024-11-28
2360,2180,2024-09-03,296.77,Paid,2024-10-03
2361,7596,2024-07-09,84.2,Overdue,2024-08-08
2362,4782,2024-05-06,36.53,Due,2024-06-05
2363,4034,2024-06-10,142.19,Overdue,2024-07-10
2364,8872,2025-01-07,362.63,Overdue,2025-02-06
2365,5055,2025-01-14,169.12,Overdue,2025-02-13
2366,7475,2024-08-16,254.47,Due,2024-09-15
2367,4963,2024-12-10,225.26,Paid,2025-01-09
2368,8989,2025-01-08,113.19,Overdue,2025-02-07
2369,2087,2024-08-21,434.01,Due,2024-09-20
2370,4478,2024-06-06,317.07,Paid,2024-07-06
2371,1902,2024-07-01,391.61,Due,2024-07-31
2372,4166,2024-11-13,356.39,Overdue,2024-12-13
2373,5207,2024-06-21,438.62,Overdue,2024-07-21
2374,4507,2024-07-11,170.81,Overdue,2024-08-10
2375,7029,2025-03-16,444.44,Due,2025-04-15
2376,2284,2025-01-09,476.97,Due,2025-02-08
2377,1164,2024-08-15,123.45,Paid,2024-09-14
2378,1332,2024-08-21,10.45,Overdue,2024-09-20
2379,7473,2025-03-10,418.41,Paid,2025-04-09
2380,4609,2025-02-08,75.32,Overdue,2025-03-10
2381,79,2024-06-10,237.87,Paid,2024-07-10
2382,8163,2024-09-27,150.41,Due,2024-10-27
2383,593,2024-07-16,126.04,Paid,2024-08-15
2384,3969,2025-04-09,215.79,Paid,2025-05-09
2385,436,2025-01-19,391.66,Overdue,2025-02-18
2386,777,2024-12-02,120.81,Due,2025-01-01
2387,8842,2024-06-10,471.41,Overdue,2024-07-10
2388,2609,2024-10-18,348.09,Due,2024-11-17
2389,4175,2024-07-11,356.23,Due,2024-08-10
2390,5988,2025-01-16,297.1,Paid,2025-02-15
2391,7359,2024-08-25,127.25,Paid,2024-09-24
2392,9642,2025-03-14,456.89,Paid,2025-04-13
2393,9362,2025-01-23,424.18,Due,2025-02-22
2394,3820,2025-03-25,414.77,Due,2025-04-24
2395,5725,2025-01-17,71.77,Due,2025-02-16
2396,2752,2024-10-18,453.47,Paid,2024-11-17
2397,2004,2024-07-31,444.35,Paid,2024-08-30
2398,5302,2025-01-12,364.51,Overdue,2025-02-11
2399,2531,2025-02-05,324.45,Paid,2025-03-07
2400,6661,2024-07-18,285.3,Paid,2024-08-17
2401,8428,2025-02-22,322.17,Due,2025-03-24
2402,18,2024-06-17,86.54,Due,2024-07-17
2403,7576,2024-09-05,192.88,Due,2024-10-05
2404,8764,2024-11-09,177.02,Overdue,2024-12-09
2405,4243,2024-05-25,199.89,Overdue,2024-06-24
2406,674,2024-10-21,327.41,Overdue,2024-11-20
2407,5291,2025-01-13,99.71,Overdue,2025-02-12
2408,1573,2024-08-10,73.26,Paid,2024-09-09
2409,1481,2024-10-03,21.91,Overdue,2024-11-02
2410,1725,2024-05-10,344.6,Overdue,2024-06-09
2411,7557,2025-01-19,428.24,Due,2025-02-18
2412,227,2024-11-19,257.59,Paid,2024-12-19
2413,594,2024-09-25,58.32,Paid,2024-10-25
2414,868,2024-06-21,75.88,Overdue,2024-07-21
2415,4650,2024-06-09,141.64,Due,2024-07-09
2416,9281,2024-09-04,333.09,Paid,2024-10-04
2417,3959,2025-02-19,382.4,Due,2025-03-21
2418,1950,2024-05-04,276.96,Overdue,2024-06-03
2419,6922,2024-09-28,357.71,Overdue,2024-10-28
2420,3409,2024-12-01,378.2,Overdue,2024-12-31
2421,8076,2024-06-25,413.22,Overdue,2024-07-25
2422,4603,2024-09-08,417.03,Due,2024-10-08
2423,4133,2025-02-05,394.18,Due,2025-03-07
2424,7469,2024-12-10,117.65,Overdue,2025-01-09
2425,4212,2025-02-20,420.69,Overdue,2025-03-22
2426,9671,2024-07-13,293.3,Paid,2024-08-12
2427,1562,2024-11-12,166.58,Due,2024-12-12
2428,3570,2024-06-26,21.67,Overdue,2024-07-26
2429,5989,2024-06-17,260.28,Paid,2024-07-17
2430,3572,2024-05-24,424.6,Paid,2024-06-23
2431,3102,2025-03-18,109.89,Due,2025-04-17
2432,7110,2024-09-04,275.98,Paid,2024-10-04
2433,4138,2024-09-14,148.04,Overdue,2024-10-14
2434,6845,2024-05-21,399.24,Paid,2024-06-20
2435,2257,2024-10-09,402.07,Overdue,2024-11-08
2436,6471,2024-07-24,333.15,Overdue,2024-08-23
2437,3612,2025-02-07,49.03,Due,2025-03-09
2438,9700,2025-04-15,397.14,Due,2025-05-15
2439,6216,2024-11-16,250.52,Paid,2024-12-16
2440,9845,2025-04-02,371.73,Due,2025-05-02
2441,49,2024-06-25,32.73,Overdue,2024-07-25
2442,860,2025-01-01,189.71,Due,2025-01-31
2443,7345,2024-12-29,198.0,Due,2025-01-28
2444,2914,2024-09-16,251.6,Paid,2024-10-16
2445,9980,2025-02-07,169.48,Paid,2025-03-09
2446,1360,2024-08-03,224.37,Due,2024-09-02
2447,6422,2025-02-25,152.5,Paid,2025-03-27
2448,7497,2024-07-15,240.59,Due,2024-08-14
2449,4403,2025-03-17,463.51,Due,2025-04-16
2450,3142,2025-01-20,487.36,Due,2025-02-19
2451,7058,2024-06-11,92.15,Overdue,2024-07-11
2452,4887,2025-01-11,104.43,Paid,2025-02-10
2453,2930,2024-05-14,98.55,Overdue,2024-06-13
2454,2208,2025-04-02,115.63,Overdue,2025-05-02
2455,2068,2024-06-01,30.5,Overdue,2024-07-01
2456,3210,2025-04-04,74.96,Overdue,2025-05-04
2457,8930,2025-02-12,498.22,Overdue,2025-03-14
2458,695,2024-12-03,491.67,Overdue,2025-01-02
2459,6339,2024-05-17,440.52,Overdue,2024-06-16
2460,6354,2024-08-11,282.17,Overdue,2024-09-10
2461,4468,2024-05-05,82.55,Due,2024-06-04
2462,4857,2025-04-17,374.62,Overdue,2025-05-17
2463,7653,2024-07-16,328.27,Overdue,2024-08-15
2464,7942,2024-09-30,72.11,Paid,2024-10-30
2465,8812,2025-02-26,204.06,Paid,2025-03-28
2466,7436,2025-04-27,216.54,Due,2025-05-27
2467,7425,2024-11-15,340.73,Overdue,2024-12-15
2468,4490,2024-07-06,404.86,Overdue,2024-08-05
2469,4316,2024-11-29,301.25,Due,2024-12-29
2470,2621,2024-05-06,454.88,Paid,2024-06-05
2471,2180,2024-05-17,101.62,Overdue,2024-06-16
2472,33,2024-10-10,422.84,Overdue,2024-11-09
2473,1566,2024-10-16,411.43,Due,2024-11-15
2474,4882,2024-08-28,33.27,Paid,2024-09-27
2475,9951,2024-08-19,405.49,Due,2024-09-18
2476,5658,2025-04-25,213.23,Paid,2025-05-25
2477,4665,2024-12-04,481.93,Due,2025-01-03
2478,3550,2024-08-16,384.61,Paid,2024-09-15
2479,1303,2025-04-03,264.61,Overdue,2025-05-03
2480,1788,2024-09-16,389.75,Paid,2024-10-16
2481,9841,2025-03-26,268.59,Due,2025-04-25
2482,4343,2024-12-05,237.58,Overdue,2025-01-04
2483,9993,2025-02-08,476.46,Overdue,2025-03-10
2484,1238,2024-11-21,255.63,Overdue,2024-12-21
2485,9408,2024-08-17,350.25,Overdue,2024-09-16
2486,4901,2024-08-21,484.03,Overdue,2024-09-20
2487,6997,2024-09-05,109.71,Overdue,2024-10-05
2488,669,2024-09-24,251.36,Overdue,2024-10-24
2489,7189,2024-08-29,264.23,Paid,2024-09-28
2490,4369,2025-02-13,113.93,Overdue,2025-03-15
2491,822,2024-05-25,427.64,Paid,2024-06-24
2492,7758,2025-02-18,203.17,Due,2025-03-20
2493,72,2024-09-14,325.81,Overdue,2024-10-14
2494,3786,2025-01-18,247.07,Paid,2025-02-17
2495,5970,2024-08-10,472.06,Overdue,2024-09-09
2496,4610,2024-11-23,80.86,Overdue,2024-12-23
2497,3201,2024-06-29,140.27,Overdue,2024-07-29
2498,5862,2024-12-22,251.45,Due,2025-01-21
2499,2157,2025-01-22,490.84,Paid,2025-02-21
2500,7544,2025-01-07,314.96,Due,2025-02-06
2501,3886,2025-02-21,47.54,Due,2025-03-23
2502,9574,2024-11-12,37.24,Overdue,2024-12-12
2503,6730,2025-02-01,458.14,Overdue,2025-03-03
2504,7275,2025-01-01,132.44,Due,2025-01-31
2505,5214,2024-11-29,423.05,Due,2024-12-29
2506,446,2024-07-03,439.01,Due,2024-08-02
2507,2487,2024-09-14,235.51,Due,2024-10-14
2508,4842,2024-11-21,27.48,Paid,2024-12-21
2509,9016,2024-06-23,47.17,Paid,2024-07-23
2510,7434,2025-02-11,478.24,Due,2025-03-13
2511,5764,2025-01-09,73.6,Paid,2025-02-08
2512,506,2024-06-14,495.21,Paid,2024-07-14
2513,1819,2024-08-04,242.26,Paid,2024-09-03
2514,6691,2024-09-08,55.89,Overdue,2024-10-08
2515,8488,2025-02-21,364.88,Paid,2025-03-23
2516,8699,2024-05-15,32.95,Paid,2024-06-14
2517,8058,2024-11-16,247.76,Overdue,2024-12-16
2518,4505,2024-09-24,293.78,Paid,2024-10-24
2519,5193,2024-10-29,173.25,Due,2024-11-28
2520,6800,2025-01-07,201.27,Paid,2025-02-06
2521,7726,2024-09-01,293.61,Overdue,2024-10-01
2522,6131,2024-11-29,443.26,Paid,2024-12-29
2523,1463,2024-08-19,117.71,Paid,2024-09-18
2524,8493,2025-03-29,229.76,Overdue,2025-04-28
2525,6783,2025-04-10,350.77,Paid,2025-05-10
2526,1030,2025-03-21,308.21,Paid,2025-04-20
2527,4308,2024-12-10,208.56,Paid,2025-01-09
2528,7615,2024-11-06,298.05,Paid,2024-12-06
2529,2235,2024-10-21,159.72,Paid,2024-11-20
2530,268,2024-11-02,171.76,Overdue,2024-12-02
2531,4606,2025-03-17,108.04,Due,2025-04-16
2532,4388,2024-12-01,287.17,Paid,2024-12-31
2533,810,2024-11-26,126.26,Paid,2024-12-26
2534,3964,2024-05-22,373.46,Paid,2024-06-21
2535,3750,2024-12-29,235.44,Paid,2025-01-28
2536,9617,2024-08-19,55.81,Overdue,2024-09-18
2537,992,2025-02-03,173.3,Due,2025-03-05
2538,454,2025-01-15,214.44,Overdue,2025-02-14
2539,9700,2025-04-20,50.11,Due,2025-05-20
2540,8146,2024-11-09,131.02,Paid,2024-12-09
2541,2094,2025-02-12,121.56,Due,2025-03-14
2542,8363,2024-12-23,281.64,Due,2025-01-22
2543,9762,2024-05-21,225.09,Paid,2024-06-20
2544,5510,2024-08-26,23.49,Overdue,2024-09-25
2545,401,2024-06-21,481.52,Overdue,2024-07-21
2546,8711,2024-05-14,255.3,Paid,2024-06-13
2547,9510,2024-09-08,280.48,Due,2024-10-08
2548,2965,2025-01-09,440.28,Due,2025-02-08
2549,9268,2024-08-03,401.31,Overdue,2024-09-02
2550,5234,2024-08-04,330.46,Paid,2024-09-03
2551,919,2024-10-08,444.77,Overdue,2024-11-07
2552,6568,2024-10-10,242.48,Overdue,2024-11-09
2553,7389,2025-02-25,58.32,Overdue,2025-03-27
2554,9155,2025-01-17,59.65,Due,2025-02-16
2555,8471,2024-09-22,457.02,Paid,2024-10-22
2556,718,2024-08-30,181.15,Overdue,2024-09-29
2557,5501,2024-08-28,11.15,Paid,2024-09-27
2558,724,2024-07-14,232.34,Paid,2024-08-13
2559,2463,2025-02-25,78.23,Paid,2025-03-27
2560,5865,2024-09-25,61.2,Overdue,2024-10-25
2561,9550,2024-10-30,224.94,Paid,2024-11-29
2562,9419,2024-09-10,179.79,Paid,2024-10-10
2563,5428,2024-10-10,59.84,Due,2024-11-09
2564,6788,2024-07-17,461.43,Overdue,2024-08-16
2565,606,2024-12-02,347.38,Paid,2025-01-01
2566,7505,2024-07-21,61.51,Due,2024-08-20
2567,381,2025-03-19,90.17,Paid,2025-04-18
2568,8369,2024-10-09,374.72,Due,2024-11-08
2569,4138,2025-01-20,480.96,Paid,2025-02-19
2570,2388,2025-03-05,441.71,Overdue,2025-04-04
2571,9512,2024-06-01,383.88,Overdue,2024-07-01
2572,1366,2024-06-19,415.59,Due,2024-07-19
2573,223,2024-10-26,302.24,Due,2024-11-25
2574,2153,2024-06-26,389.69,Due,2024-07-26
2575,5917,2024-08-12,40.72,Paid,2024-09-11
2576,2481,2024-06-02,176.43,Paid,2024-07-02
2577,4290,2024-11-26,463.96,Due,2024-12-26
2578,4592,2024-08-26,305.07,Paid,2024-09-25
2579,5223,2025-04-08,495.14,Due,2025-05-08
2580,9488,2024-11-04,47.25,Paid,2024-12-04
2581,4489,2024-08-12,137.21,Paid,2024-09-11
2582,5489,2025-02-01,335.66,Paid,2025-03-03
2583,6347,2024-07-14,19.27,Due,2024-08-13
2584,4585,2024-05-25,139.26,Overdue,2024-06-24
2585,6381,2024-05-06,15.65,Due,2024-06-05
2586,8879,2025-01-15,86.1,Due,2025-02-14
2587,9845,2024-06-04,136.41,Due,2024-07-04
2588,8966,2024-08-19,257.42,Paid,2024-09-18
2589,5096,2025-04-19,380.45,Paid,2025-05-19
2590,6979,2024-06-06,406.38,Overdue,2024-07-06
2591,7795,2024-12-30,214.24,Due,2025-01-29
2592,2891,2024-07-08,406.34,Paid,2024-08-07
2593,9443,2025-01-17,323.59,Paid,2025-02-16
2594,9023,2025-03-10,76.48,Overdue,2025-04-09
2595,8470,2024-09-18,318.7,Overdue,2024-10-18
2596,3409,2025-01-24,394.79,Due,2025-02-23
2597,1219,2024-05-18,316.64,Due,2024-06-17
2598,8581,2024-12-09,254.23,Due,2025-01-08
2599,4003,2025-03-20,393.91,Due,2025-04-19
2600,7407,2025-03-02,240.01,Overdue,2025-04-01
2601,7065,2024-09-10,154.67,Paid,2024-10-10
2602,421,2024-10-09,438.68,Paid,2024-11-08
2603,785,2025-01-04,415.56,Paid,2025-02-03
2604,7945,2025-04-17,185.53,Paid,2025-05-17
2605,4453,2025-04-07,300.42,Overdue,2025-05-07
2606,7142,2024-09-10,76.74,Overdue,2024-10-10
2607,3381,2024-07-11,167.7,Overdue,2024-08-10
2608,8444,2025-04-15,444.72,Due,2025-05-15
2609,6322,2024-07-19,297.34,Overdue,2024-08-18
2610,8889,2024-06-16,493.02,Due,2024-07-16
2611,5505,2024-07-10,80.4,Paid,2024-08-09
2612,2422,2025-01-15,239.97,Overdue,2025-02-14
2613,5152,2025-02-20,297.16,Overdue,2025-03-22
2614,4792,2024-09-11,199.08,Paid,2024-10-11
2615,8054,2024-07-05,278.72,Overdue,2024-08-04
2616,7425,2024-08-09,417.54,Paid,2024-09-08
2617,9944,2024-06-18,452.4,Paid,2024-07-18
2618,5476,2024-08-29,177.33,Paid,2024-09-28
2619,6018,2024-08-11,416.56,Paid,2024-09-10
2620,3418,2025-04-05,286.81,Overdue,2025-05-05
2621,8495,2025-04-15,52.36,Due,2025-05-15
2622,7300,2025-04-16,56.17,Overdue,2025-05-16
2623,8212,2025-04-06,326.15,Paid,2025-05-06
2624,5268,2025-04-20,478.16,Overdue,2025-05-20
2625,3276,2024-11-25,58.19,Paid,2024-12-25
2626,1954,2024-09-30,285.82,Due,2024-10-30
2627,9944,2024-08-10,216.66,Paid,2024-09-09
2628,2835,2024-12-30,42.78,Paid,2025-01-29
2629,7276,2025-01-01,27.01,Paid,2025-01-31
2630,5783,2024-05-22,170.01,Paid,2024-06-21
2631,4820,2025-04-30,337.5,Due,2025-05-30
2632,6884,2024-11-18,276.69,Paid,2024-12-18
2633,9434,2024-09-01,421.41,Overdue,2024-10-01
2634,6979,2024-07-22,462.11,Overdue,2024-08-21
2635,2888,2024-07-02,172.24,Paid,2024-08-01
2636,6996,2024-05-03,105.96,Overdue,2024-06-02
2637,1808,2024-06-11,62.71,Overdue,2024-07-11
2638,6764,2025-04-25,439.5,Overdue,2025-05-25
2639,7375,2024-12-31,433.89,Overdue,2025-01-30
2640,8208,2024-07-07,243.55,Overdue,2024-08-06
2641,3099,2024-09-10,480.64,Due,2024-10-10
2642,2614,2025-03-31,346.98,Overdue,2025-04-30
2643,3205,2024-06-07,33.15,Paid,2024-07-07
2644,8977,2024-05-03,418.01,Overdue,2024-06-02
2645,1900,2024-09-22,16.76,Due,2024-10-22
2646,9252,2025-01-22,275.36,Due,2025-02-21
2647,4092,2025-01-05,163.66,Overdue,2025-02-04
2648,8016,2024-07-19,144.9,Overdue,2024-08-18
2649,8730,2024-08-21,474.52,Paid,2024-09-20
2650,3543,2025-01-24,292.65,Paid,2025-02-23
2651,5161,2025-04-21,73.85,Due,2025-05-21
2652,7980,2025-04-11,184.17,Due,2025-05-11
2653,1155,2025-02-13,202.85,Paid,2025-03-15
2654,1786,2025-01-13,303.48,Overdue,2025-02-12
2655,260,2024-08-15,311.33,Overdue,2024-09-14
2656,1420,2025-01-02,454.98,Due,2025-02-01
2657,7010,2025-02-27,496.32,Due,2025-03-29
2658,83,2024-09-04,435.16,Overdue,2024-10-04
2659,2970,2024-06-15,321.7,Overdue,2024-07-15
2660,5259,2024-05-29,27.58,Due,2024-06-28
2661,4282,2024-05-19,220.44,Due,2024-06-18
2662,5100,2024-07-01,395.72,Paid,2024-07-31
2663,3215,2024-06-10,405.24,Due,2024-07-10
2664,7724,2024-07-06,173.88,Due,2024-08-05
2665,5275,2025-02-14,29.94,Overdue,2025-03-16
2666,747,2025-04-08,181.0,Paid,2025-05-08
2667,859,2025-03-03,78.22,Overdue,2025-04-02
2668,1721,2024-05-23,375.48,Due,2024-06-22
2669,9089,2025-02-15,165.46,Paid,2025-03-17
2670,6936,2024-12-16,253.29,Overdue,2025-01-15
2671,2831,2024-11-21,455.04,Due,2024-12-21
2672,2388,2024-06-14,288.47,Overdue,2024-07-14
2673,372,2024-10-16,341.57,Due,2024-11-15
2674,5477,2024-09-17,346.99,Due,2024-10-17
2675,2489,2025-01-02,254.75,Paid,2025-02-01
2676,6419,2025-01-13,181.07,Paid,2025-02-12
2677,6764,2025-01-08,194.44,Due,2025-02-07
2678,7919,2025-03-04,316.87,Paid,2025-04-03
2679,9371,2024-06-13,101.66,Paid,2024-07-13
2680,5611,2025-04-13,447.15,Due,2025-05-13
2681,32,2024-08-11,89.06,Due,2024-09-10
2682,9457,2025-03-05,473.48,Overdue,2025-04-04
2683,1579,2024-05-24,99.85,Due,2024-06-23
2684,712,2025-03-15,129.23,Overdue,2025-04-14
2685,6324,2024-07-24,123.36,Overdue,2024-08-23
2686,889,2025-03-20,13.6,Overdue,2025-04-19
2687,3945,2024-11-09,107.88,Paid,2024-12-09
2688,6954,2024-11-30,366.66,Paid,2024-12-30
2689,1172,2025-04-20,443.33,Overdue,2025-05-20
2690,3901,2024-10-01,367.19,Overdue,2024-10-31
2691,1136,2025-01-31,360.79,Due,2025-03-02
2692,9529,2024-07-22,297.15,Paid,2024-08-21
2693,9987,2024-10-16,361.93,Overdue,2024-11-15
2694,5638,2024-07-18,167.6,Paid,2024-08-17
2695,2703,2024-12-02,231.89,Overdue,2025-01-01
2696,2672,2025-02-21,396.87,Due,2025-03-23
2697,4798,2024-10-10,206.93,Overdue,2024-11-09
2698,8363,2024-11-14,371.95,Paid,2024-12-14
2699,3651,2024-10-08,336.75,Paid,2024-11-07
2700,1959,2024-11-28,412.1,Overdue,2024-12-28
2701,9552,2024-07-11,256.77,Paid,2024-08-10
2702,9360,2025-01-06,177.24,Due,2025-02-05
2703,3169,2024-06-03,73.33,Due,2024-07-03
2704,2409,2024-12-29,123.11,Paid,2025-01-28
2705,6677,2024-12-01,216.85,Paid,2024-12-31
2706,2689,2024-07-08,199.48,Due,2024-08-07
2707,7317,2025-03-26,281.3,Paid,2025-04-25
2708,2509,2025-01-16,371.7,Overdue,2025-02-15
2709,956,2024-11-22,145.3,Overdue,2024-12-22
2710,7468,2024-09-03,367.82,Due,2024-10-03
2711,1696,2024-05-29,448.1,Paid,2024-06-28
2712,910,2024-11-05,236.01,Overdue,2024-12-05
2713,24,2025-04-28,14.72,Due,2025-05-28
2714,9690,2024-12-20,159.53,Overdue,2025-01-19
2715,6355,2025-04-04,374.0,Overdue,2025-05-04
2716,8985,2024-05-23,420.88,Due,2024-06-22
2717,3935,2024-07-21,150.8,Paid,2024-08-20
2718,329,2024-09-07,279.51,Due,2024-10-07
2719,6354,2025-04-28,157.08,Due,2025-05-28
2720,8522,2024-10-12,77.78,Paid,2024-11-11
2721,4946,2024-08-09,267.49,Overdue,2024-09-08
2722,5816,2024-09-20,115.42,Due,2024-10-20
2723,3403,2024-06-07,314.58,Due,2024-07-07
2724,3194,2025-01-24,459.44,Overdue,2025-02-23
2725,6912,2025-01-07,23.87,Paid,2025-02-06
2726,6089,2025-02-14,63.94,Paid,2025-03-16
2727,9075,2024-12-11,495.98,Paid,2025-01-10
2728,9312,2025-03-04,65.92,Paid,2025-04-03
2729,164,2024-11-10,490.04,Due,2024-12-10
2730,5718,2025-03-06,406.26,Paid,2025-04-05
2731,1520,2024-06-01,327.75,Paid,2024-07-01
2732,8303,2025-01-19,26.35,Overdue,2025-02-18
2733,6725,2025-03-23,404.24,Overdue,2025-04-22
2734,8376,2025-03-13,221.27,Due,2025-04-12
2735,1523,2025-02-10,309.38,Due,2025-03-12
2736,1935,2025-02-13,305.98,Overdue,2025-03-15
2737,3895,2024-07-28,67.4,Due,2024-08-27
2738,9280,2025-02-09,220.45,Overdue,2025-03-11
2739,7387,2025-03-22,78.48,Overdue,2025-04-21
2740,7879,2024-05-11,160.66,Paid,2024-06-10
2741,8720,2024-11-30,347.31,Due,2024-12-30
2742,6157,2024-07-12,294.71,Due,2024-08-11
2743,7945,2024-08-23,452.05,Due,2024-09-22
2744,3833,2024-09-24,320.54,Overdue,2024-10-24
2745,4434,2025-01-25,92.02,Overdue,2025-02-24
2746,8651,2025-02-19,461.67,Overdue,2025-03-21
2747,7405,2024-10-26,86.03,Overdue,2024-11-25
2748,5656,2024-05-09,492.53,Due,2024-06-08
2749,3671,2025-02-21,242.15,Overdue,2025-03-23
2750,1784,2024-05-13,491.53,Due,2024-06-12
2751,5621,2024-11-08,385.89,Due,2024-12-08
2752,7166,2024-12-16,32.0,Overdue,2025-01-15
2753,6074,2024-09-01,107.1,Overdue,2024-10-01
2754,1951,2025-03-16,403.4,Paid,2025-04-15
2755,2364,2025-04-02,196.35,Paid,2025-05-02
2756,6228,2024-09-17,13.66,Due,2024-10-17
2757,4511,2024-05-21,384.83,Paid,2024-06-20
2758,9197,2024-11-18,48.61,Overdue,2024-12-18
2759,3603,2024-10-09,165.37,Overdue,2024-11-08
2760,9963,2024-06-13,480.69,Paid,2024-07-13
2761,8886,2024-11-29,409.81,Due,2024-12-29
2762,517,2024-07-10,448.24,Paid,2024-08-09
2763,9619,2025-02-05,201.44,Paid,2025-03-07
2764,791,2024-10-04,359.18,Paid,2024-11-03
2765,6597,2024-11-03,94.94,Paid,2024-12-03
2766,7642,2024-07-13,144.5,Due,2024-08-12
2767,8135,2024-09-17,41.1,Due,2024-10-17
2768,8104,2024-09-02,370.0,Overdue,2024-10-02
2769,2153,2024-08-15,178.0,Paid,2024-09-14
2770,9928,2024-09-20,220.81,Overdue,2024-10-20
2771,5990,2025-01-23,98.74,Overdue,2025-02-22
2772,6646,2025-04-05,199.04,Overdue,2025-05-05
2773,9423,2024-11-21,97.36,Overdue,2024-12-21
2774,5978,2024-09-17,25.75,Overdue,2024-10-17
2775,3749,2025-02-06,41.14,Overdue,2025-03-08
2776,5683,2024-07-31,329.04,Paid,2024-08-30
2777,4992,2025-02-25,275.34,Paid,2025-03-27
2778,437,2025-02-02,229.96,Due,2025-03-04
2779,6028,2024-06-15,435.01,Due,2024-07-15
2780,2941,2024-07-15,306.27,Overdue,2024-08-14
2781,1314,2025-04-25,277.27,Overdue,2025-05-25
2782,7028,2024-10-14,202.07,Paid,2024-11-13
2783,253,2025-04-19,268.05,Paid,2025-05-19
2784,5225,2025-02-23,450.0,Overdue,2025-03-25
2785,6205,2024-09-10,134.52,Due,2024-10-10
2786,7072,2024-10-06,432.16,Due,2024-11-05
2787,9438,2024-08-21,440.92,Due,2024-09-20
2788,3378,2024-11-01,439.99,Paid,2024-12-01
2789,1212,2024-08-12,218.3,Paid,2024-09-11
2790,4299,2024-07-06,377.91,Overdue,2024-08-05
2791,6228,2024-06-19,309.66,Overdue,2024-07-19
2792,770,2024-12-09,47.43,Due,2025-01-08
2793,3059,2025-01-03,250.92,Overdue,2025-02-02
2794,4418,2024-10-03,460.32,Due,2024-11-02
2795,8267,2024-12-14,195.69,Paid,2025-01-13
2796,9150,2025-03-29,160.63,Paid,2025-04-28
2797,9694,2024-07-29,57.95,Paid,2024-08-28
2798,8192,2025-01-21,262.45,Due,2025-02-20
2799,2302,2025-04-21,278.38,Overdue,2025-05-21
2800,5955,2024-09-14,172.55,Paid,2024-10-14
2801,7779,2024-11-01,397.44,Paid,2024-12-01
2802,1680,2024-05-06,97.42,Overdue,2024-06-05
2803,7078,2024-10-06,143.9,Paid,2024-11-05
2804,4805,2025-04-30,36.05,Due,2025-05-30
2805,4241,2024-08-09,114.45,Overdue,2024-09-08
2806,9856,2025-03-02,165.48,Due,2025-04-01
2807,3206,2024-11-24,333.58,Paid,2024-12-24
2808,353,2025-01-06,175.57,Due,2025-02-05
2809,705,2024-08-05,250.25,Paid,2024-09-04
2810,9951,2024-06-16,134.8,Overdue,2024-07-16
2811,6046,2024-11-05,137.79,Paid,2024-12-05
2812,3973,2024-05-18,269.83,Paid,2024-06-17
2813,8014,2024-10-09,407.41,Overdue,2024-11-08
2814,9417,2024-05-11,232.35,Overdue,2024-06-10
2815,5509,2024-12-06,147.35,Paid,2025-01-05
2816,9380,2024-06-28,351.58,Paid,2024-07-28
2817,3767,2024-07-25,64.12,Overdue,2024-08-24
2818,8675,2024-07-23,323.33,Overdue,2024-08-22
2819,7854,2025-04-28,88.59,Paid,2025-05-28
2820,1520,2024-08-30,408.46,Due,2024-09-29
2821,4048,2024-10-17,198.68,Overdue,2024-11-16
2822,3845,2025-04-12,454.04,Paid,2025-05-12
2823,5241,2025-03-08,477.75,Paid,2025-04-07
2824,4850,2024-09-25,69.61,Overdue,2024-10-25
2825,6546,2024-10-14,421.54,Overdue,2024-11-13
2826,2151,2024-07-25,453.23,Overdue,2024-08-24
2827,4393,2025-01-30,176.15,Paid,2025-03-01
2828,9781,2025-03-29,130.82,Overdue,2025-04-28
2829,654,2024-08-23,231.09,Due,2024-09-22
2830,9417,2025-03-02,368.04,Overdue,2025-04-01
2831,6240,2025-03-30,147.89,Overdue,2025-04-29
2832,8132,2024-09-28,298.3,Overdue,2024-10-28
2833,8922,2024-11-11,181.89,Paid,2024-12-11
2834,8739,2025-04-04,411.32,Due,2025-05-04
2835,913,2025-01-15,113.54,Overdue,2025-02-14
2836,1155,2024-08-09,156.01,Paid,2024-09-08
2837,3188,2024-09-02,230.54,Due,2024-10-02
2838,3868,2025-04-06,150.72,Overdue,2025-05-06
2839,3787,2024-09-25,321.71,Overdue,2024-10-25
2840,7311,2024-06-14,27.54,Due,2024-07-14
2841,4411,2025-01-14,276.23,Due,2025-02-13
2842,5188,2024-09-18,93.29,Due,2024-10-18
2843,8288,2024-12-10,213.45,Paid,2025-01-09
2844,8109,2024-05-29,78.8,Overdue,2024-06-28
2845,6059,2025-03-08,30.11,Due,2025-04-07
2846,6968,2024-08-28,31.74,Paid,2024-09-27
2847,2721,2025-02-09,121.07,Due,2025-03-11
2848,4549,2025-03-17,174.75,Overdue,2025-04-16
2849,1749,2025-03-24,136.41,Paid,2025-04-23
2850,743,2025-03-21,292.69,Paid,2025-04-20
2851,4933,2024-05-28,165.34,Overdue,2024-06-27
2852,9545,2024-07-06,441.85,Overdue,2024-08-05
2853,1498,2024-10-17,191.3,Overdue,2024-11-16
2854,3452,2025-03-11,331.01,Paid,2025-04-10
2855,6269,2025-03-23,486.66,Paid,2025-04-22
2856,1348,2025-04-01,451.88,Due,2025-05-01
2857,1369,2025-01-14,62.06,Paid,2025-02-13
2858,1765,2025-01-26,228.81,Paid,2025-02-25
2859,6228,2024-07-16,187.96,Due,2024-08-15
2860,7771,2025-04-18,296.94,Paid,2025-05-18
2861,2600,2024-06-20,252.39,Due,2024-07-20
2862,8370,2024-09-09,101.56,Overdue,2024-10-09
2863,7443,2025-02-12,444.9,Paid,2025-03-14
2864,484,2024-08-12,29.05,Due,2024-09-11
2865,5491,2025-02-13,276.91,Paid,2025-03-15
2866,4725,2025-02-22,293.22,Overdue,2025-03-24
2867,1556,2024-09-12,381.05,Due,2024-10-12
2868,4734,2024-05-11,330.48,Paid,2024-06-10
2869,227,2024-07-24,69.16,Overdue,2024-08-23
2870,640,2025-01-25,390.47,Due,2025-02-24
2871,5758,2024-06-11,35.68,Overdue,2024-07-11
2872,5913,2024-10-16,136.81,Paid,2024-11-15
2873,6820,2024-08-27,230.23,Due,2024-09-26
2874,4580,2024-08-05,115.93,Paid,2024-09-04
2875,4166,2024-09-20,368.48,Overdue,2024-10-20
2876,9106,2025-03-02,455.75,Overdue,2025-04-01
2877,7200,2025-01-03,49.42,Due,2025-02-02
2878,9120,2025-01-30,215.09,Overdue,2025-03-01
2879,2410,2024-06-30,264.65,Overdue,2024-07-30
2880,2242,2024-09-25,32.8,Due,2024-10-25
2881,7493,2024-07-01,106.75,Paid,2024-07-31
2882,1567,2024-06-27,468.22,Due,2024-07-27
2883,5889,2024-06-26,86.22,Due,2024-07-26
2884,1826,2024-06-30,381.43,Overdue,2024-07-30
2885,43,2025-04-18,187.64,Overdue,2025-05-18
2886,1368,2024-06-03,202.04,Due,2024-07-03
2887,9234,2024-07-04,395.26,Paid,2024-08-03
2888,6401,2024-08-17,316.74,Due,2024-09-16
2889,6787,2024-12-08,48.34,Paid,2025-01-07
2890,7231,2024-12-13,10.9,Due,2025-01-12
2891,6982,2024-10-27,84.11,Overdue,2024-11-26
2892,538,2024-07-18,73.99,Due,2024-08-17
2893,1047,2024-11-10,318.52,Overdue,2024-12-10
2894,74,2024-08-31,382.05,Overdue,2024-09-30
2895,4036,2025-01-18,437.1,Overdue,2025-02-17
2896,8644,2024-10-10,279.57,Paid,2024-11-09
2897,5395,2025-03-05,284.92,Overdue,2025-04-04
2898,5824,2024-06-16,468.46,Overdue,2024-07-16
2899,4819,2025-02-21,379.03,Due,2025-03-23
2900,4690,2025-02-14,403.42,Overdue,2025-03-16
2901,6777,2025-02-12,296.02,Overdue,2025-03-14
2902,5892,2024-09-16,450.31,Overdue,2024-10-16
2903,3313,2024-08-28,435.98,Overdue,2024-09-27
2904,9377,2024-12-04,142.57,Due,2025-01-03
2905,9763,2025-01-13,100.53,Paid,2025-02-12
2906,7975,2025-01-14,398.54,Overdue,2025-02-13
2907,7142,2025-01-15,402.48,Due,2025-02-14
2908,7291,2024-10-06,459.7,Due,2024-11-05
2909,2249,2025-01-04,373.04,Paid,2025-02-03
2910,5880,2024-12-11,406.84,Overdue,2025-01-10
2911,640,2024-10-31,10.09,Due,2024-11-30
2912,9640,2025-02-04,436.61,Overdue,2025-03-06
2913,5876,2024-06-08,453.34,Overdue,2024-07-08
2914,2437,2025-03-13,54.82,Overdue,2025-04-12
2915,1063,2025-03-31,73.86,Overdue,2025-04-30
2916,430,2025-03-09,97.85,Overdue,2025-04-08
2917,9953,2024-10-28,442.66,Due,2024-11-27
2918,2380,2024-06-19,117.25,Paid,2024-07-19
2919,4399,2024-09-29,465.52,Overdue,2024-10-29
2920,8166,2024-10-09,31.72,Paid,2024-11-08
2921,5912,2024-11-20,22.42,Paid,2024-12-20
2922,1815,2024-10-23,328.01,Paid,2024-11-22
2923,5049,2025-03-01,209.57,Paid,2025-03-31
2924,5207,2025-01-30,360.51,Overdue,2025-03-01
2925,2213,2024-09-30,75.76,Due,2024-10-30
2926,9853,2024-05-22,198.89,Overdue,2024-06-21
2927,3674,2024-07-28,192.47,Overdue,2024-08-27
2928,9048,2024-12-08,397.76,Paid,2025-01-07
2929,2417,2024-11-25,433.92,Paid,2024-12-25
2930,4610,2024-08-10,71.88,Due,2024-09-09
2931,6828,2024-12-16,203.75,Due,2025-01-15
2932,7338,2024-06-10,53.63,Overdue,2024-07-10
2933,9173,2025-04-04,277.44,Due,2025-05-04
2934,7985,2025-02-10,412.09,Overdue,2025-03-12
2935,7842,2024-05-04,166.63,Overdue,2024-06-03
2936,9430,2024-08-17,213.95,Due,2024-09-16
2937,167,2024-05-13,55.1,Due,2024-06-12
2938,2865,2025-02-14,486.2,Paid,2025-03-16
2939,3220,2024-06-25,370.94,Paid,2024-07-25
2940,3,2025-01-14,182.02,Paid,2025-02-13
2941,1015,2025-03-05,30.41,Overdue,2025-04-04
2942,6039,2024-06-10,14.5,Overdue,2024-07-10
2943,2064,2024-07-18,253.85,Paid,2024-08-17
2944,5980,2025-02-07,428.92,Paid,2025-03-09
2945,6960,2024-09-24,321.31,Overdue,2024-10-24
2946,3545,2025-03-02,118.25,Overdue,2025-04-01
2947,3017,2024-08-27,437.9,Paid,2024-09-26
2948,5221,2025-03-25,237.64,Paid,2025-04-24
2949,5852,2024-05-18,243.4,Overdue,2024-06-17
2950,9721,2024-05-01,392.64,Overdue,2024-05-31
2951,7124,2025-03-20,288.19,Due,2025-04-19
2952,5055,2025-03-24,254.65,Due,2025-04-23
2953,890,2024-10-07,100.56,Paid,2024-11-06
2954,8200,2024-05-25,82.37,Overdue,2024-06-24
2955,456,2024-10-20,272.0,Due,2024-11-19
2956,2930,2024-10-06,101.26,Overdue,2024-11-05
2957,7216,2025-03-30,21.22,Due,2025-04-29
2958,232,2024-12-26,228.48,Due,2025-01-25
2959,4873,2024-12-30,237.57,Due,2025-01-29
2960,6538,2024-10-03,406.9,Overdue,2024-11-02
2961,9178,2024-09-16,372.25,Overdue,2024-10-16
2962,859,2024-07-04,425.74,Paid,2024-08-03
2963,1306,2025-04-14,371.92,Overdue,2025-05-14
2964,5115,2024-12-23,302.72,Due,2025-01-22
2965,8211,2024-06-22,176.25,Paid,2024-07-22
2966,1144,2025-01-17,117.47,Due,2025-02-16
2967,2827,2024-12-01,174.28,Paid,2024-12-31
2968,6579,2024-11-23,51.85,Overdue,2024-12-23
2969,5017,2024-09-18,293.39,Paid,2024-10-18
2970,8412,2024-07-10,388.09,Overdue,2024-08-09
2971,4076,2025-01-11,327.23,Due,2025-02-10
2972,8427,2025-03-22,163.25,Due,2025-04-21
2973,4251,2025-01-27,210.49,Due,2025-02-26
2974,9213,2024-05-07,266.88,Due,2024-06-06
2975,566,2024-08-30,278.3,Paid,2024-09-29
2976,8157,2024-08-30,13.66,Due,2024-09-29
2977,290,2024-07-13,16.57,Overdue,2024-08-12
2978,3970,2025-03-10,489.72,Overdue,2025-04-09
2979,5302,2025-01-31,49.04,Paid,2025-03-02
2980,4313,2024-11-22,49.83,Overdue,2024-12-22
2981,525,2024-11-28,177.89,Overdue,2024-12-28
2982,6103,2025-01-20,203.49,Paid,2025-02-19
2983,9283,2024-08-07,90.78,Due,2024-09-06
2984,6615,2025-01-30,336.42,Paid,2025-03-01
2985,6772,2025-03-04,346.71,Due,2025-04-03
2986,3368,2025-04-16,488.13,Overdue,2025-05-16
2987,588,2025-02-04,73.0,Overdue,2025-03-06
2988,2138,2025-04-25,15.1,Overdue,2025-05-25
2989,6826,2025-02-15,199.86,Due,2025-03-17
2990,6157,2025-03-13,316.98,Paid,2025-04-12
2991,4859,2024-09-21,186.76,Paid,2024-10-21
2992,17,2024-12-12,235.91,Paid,2025-01-11
2993,5652,2024-12-26,361.24,Due,2025-01-25
2994,8886,2025-04-20,311.2,Due,2025-05-20
2995,2001,2025-02-20,100.57,Overdue,2025-03-22
2996,4609,2025-03-27,351.75,Paid,2025-04-26
2997,9634,2024-08-10,275.97,Due,2024-09-09
2998,3705,2024-10-16,133.48,Due,2024-11-15
2999,267,2025-01-05,271.95,Paid,2025-02-04
3000,8225,2025-04-03,312.5,Overdue,2025-05-03
3001,3858,2025-01-02,426.63,Due,2025-02-01
3002,5448,2024-06-22,455.13,Overdue,2024-07-22
3003,7673,2024-10-11,49.57,Paid,2024-11-10
3004,5729,2024-12-12,60.68,Paid,2025-01-11
3005,5587,2024-04-30,447.25,Due,2024-05-30
3006,3843,2025-03-08,349.28,Overdue,2025-04-07
3007,8730,2025-04-19,414.72,Overdue,2025-05-19
3008,9201,2024-06-19,494.75,Paid,2024-07-19
3009,3378,2024-05-30,65.04,Paid,2024-06-29
3010,3386,2025-01-16,202.79,Paid,2025-02-15
3011,9785,2025-03-26,336.74,Overdue,2025-04-25
3012,8566,2025-03-29,369.22,Due,2025-04-28
3013,5823,2024-11-26,471.07,Paid,2024-12-26
3014,8238,2024-08-14,373.21,Overdue,2024-09-13
3015,9861,2024-09-26,494.99,Overdue,2024-10-26
3016,9270,2024-10-10,433.91,Paid,2024-11-09
3017,3136,2024-12-13,260.01,Due,2025-01-12
3018,2828,2025-03-10,327.93,Paid,2025-04-09
3019,3909,2024-07-25,237.97,Due,2024-08-24
3020,3018,2024-05-19,280.69,Overdue,2024-06-18
3021,9400,2024-12-29,157.71,Paid,2025-01-28
3022,1353,2024-06-13,152.37,Paid,2024-07-13
3023,7375,2025-03-21,320.61,Paid,2025-04-20
3024,1963,2024-12-31,191.53,Due,2025-01-30
3025,7924,2024-11-22,329.47,Overdue,2024-12-22
3026,9758,2025-04-09,24.34,Overdue,2025-05-09
3027,9974,2025-04-25,200.02,Paid,2025-05-25
3028,7637,2025-02-21,269.18,Paid,2025-03-23
3029,4223,2025-04-10,379.91,Paid,2025-05-10
3030,6855,2024-07-19,473.31,Overdue,2024-08-18
3031,6525,2025-01-10,166.02,Overdue,2025-02-09
3032,543,2025-03-15,154.66,Paid,2025-04-14
3033,1749,2024-07-25,442.65,Due,2024-08-24
3034,9723,2024-10-25,408.87,Due,2024-11-24
3035,1308,2025-02-04,209.43,Due,2025-03-06
3036,6479,2025-02-15,205.08,Due,2025-03-17
3037,8623,2024-11-14,26.27,Paid,2024-12-14
3038,8962,2025-04-20,394.75,Overdue,2025-05-20
3039,9905,2024-09-19,192.56,Paid,2024-10-19
3040,9269,2025-01-11,93.3,Paid,2025-02-10
3041,1717,2024-10-19,325.83,Overdue,2024-11-18
3042,4772,2024-08-16,221.09,Overdue,2024-09-15
3043,742,2024-11-05,275.72,Overdue,2024-12-05
3044,1570,2024-05-13,104.97,Overdue,2024-06-12
3045,9176,2025-01-09,465.26,Paid,2025-02-08
3046,1091,2024-11-25,411.91,Overdue,2024-12-25
3047,8937,2024-08-21,212.63,Paid,2024-09-20
3048,9097,2024-06-29,490.33,Paid,2024-07-29
3049,6170,2025-02-16,35.68,Due,2025-03-18
3050,4777,2024-12-15,132.57,Overdue,2025-01-14
3051,1329,2024-07-15,428.03,Paid,2024-08-14
3052,7374,2024-07-25,165.71,Overdue,2024-08-24
3053,1126,2024-08-02,254.68,Overdue,2024-09-01
3054,7690,2024-08-10,128.27,Due,2024-09-09
3055,8595,2024-09-09,491.56,Overdue,2024-10-09
3056,13,2024-09-19,384.52,Due,2024-10-19
3057,1321,2024-09-17,128.88,Paid,2024-10-17
3058,5155,2025-03-05,168.05,Overdue,2025-04-04
3059,7230,2024-07-08,51.8,Paid,2024-08-07
3060,7930,2024-06-01,249.49,Overdue,2024-07-01
3061,3267,2024-08-19,481.74,Due,2024-09-18
3062,9670,2025-01-08,188.29,Due,2025-02-07
3063,5141,2024-07-16,35.72,Paid,2024-08-15
3064,2271,2024-09-03,395.31,Due,2024-10-03
3065,6563,2024-05-13,281.39,Overdue,2024-06-12
3066,5042,2025-02-26,388.23,Overdue,2025-03-28
3067,137,2025-02-08,319.54,Overdue,2025-03-10
3068,768,2024-07-02,471.21,Due,2024-08-01
3069,3393,2024-11-23,403.01,Due,2024-12-23
3070,9472,2025-04-28,496.63,Paid,2025-05-28
3071,3626,2025-02-25,38.57,Paid,2025-03-27
3072,4713,2025-04-30,270.68,Overdue,2025-05-30
3073,6585,2024-11-02,127.7,Paid,2024-12-02
3074,1408,2025-01-02,77.88,Overdue,2025-02-01
3075,2534,2024-11-03,88.26,Overdue,2024-12-03
3076,5345,2024-09-07,70.67,Paid,2024-10-07
3077,2390,2024-11-14,11.34,Paid,2024-12-14
3078,2791,2024-09-03,19.1,Due,2024-10-03
3079,3800,2025-01-24,302.45,Due,2025-02-23
3080,7646,2024-07-01,497.55,Paid,2024-07-31
3081,8589,2024-12-15,278.07,Overdue,2025-01-14
3082,1944,2024-10-18,117.2,Due,2024-11-17
3083,3837,2024-09-28,357.45,Paid,2024-10-28
3084,686,2024-11-03,489.82,Overdue,2024-12-03
3085,6302,2024-05-02,256.58,Paid,2024-06-01
3086,7822,2024-10-25,314.17,Due,2024-11-24
3087,3088,2024-10-06,263.24,Paid,2024-11-05
3088,8223,2024-10-11,390.12,Paid,2024-11-10
3089,1186,2025-03-31,388.43,Overdue,2025-04-30
3090,6015,2025-01-11,168.56,Paid,2025-02-10
3091,4922,2024-10-13,358.75,Due,2024-11-12
3092,8058,2025-04-12,389.05,Due,2025-05-12
3093,7292,2024-09-16,33.78,Overdue,2024-10-16
3094,6719,2024-12-23,93.5,Overdue,2025-01-22
3095,1110,2024-06-20,451.07,Paid,2024-07-20
3096,630,2025-02-07,26.71,Paid,2025-03-09
3097,8221,2024-06-01,355.35,Due,2024-07-01
3098,700,2024-10-15,492.5,Due,2024-11-14
3099,24,2025-03-11,414.23,Due,2025-04-10
3100,8,2025-04-20,70.56,Overdue,2025-05-20
3101,7396,2024-05-19,281.23,Overdue,2024-06-18
3102,2785,2025-01-27,493.19,Overdue,2025-02-26
3103,3113,2024-09-27,39.93,Due,2024-10-27
3104,2246,2024-06-19,56.95,Overdue,2024-07-19
3105,3864,2024-08-11,224.01,Due,2024-09-10
3106,9140,2024-08-17,218.08,Due,2024-09-16
3107,1223,2025-01-29,55.83,Due,2025-02-28
3108,4425,2025-01-16,462.86,Due,2025-02-15
3109,7430,2024-07-25,454.25,Due,2024-08-24
3110,43,2024-10-26,172.83,Paid,2024-11-25
3111,6071,2025-03-17,366.41,Overdue,2025-04-16
3112,7488,2025-03-16,306.57,Due,2025-04-15
3113,1782,2024-07-23,152.7,Paid,2024-08-22
3114,6834,2025-02-04,290.75,Paid,2025-03-06
3115,5043,2025-03-11,417.72,Overdue,2025-04-10
3116,4318,2024-10-12,408.46,Paid,2024-11-11
3117,455,2025-04-03,91.77,Due,2025-05-03
3118,7494,2024-10-24,174.68,Overdue,2024-11-23
3119,5562,2024-08-27,69.78,Due,2024-09-26
3120,597,2024-11-11,128.49,Paid,2024-12-11
3121,6828,2024-09-03,281.76,Due,2024-10-03
3122,8452,2025-01-07,491.14,Paid,2025-02-06
3123,5499,2024-05-28,324.08,Due,2024-06-27
3124,1406,2025-03-24,39.5,Paid,2025-04-23
3125,4843,2025-03-12,52.54,Paid,2025-04-11
3126,6814,2024-06-19,278.57,Paid,2024-07-19
3127,6306,2025-01-24,75.81,Overdue,2025-02-23
3128,4640,2025-04-04,289.09,Overdue,2025-05-04
3129,48,2024-10-09,83.73,Overdue,2024-11-08
3130,7595,2025-03-10,246.33,Due,2025-04-09
3131,5901,2025-01-12,365.13,Paid,2025-02-11
3132,3338,2025-02-12,175.93,Paid,2025-03-14
3133,8445,2024-08-20,496.8,Due,2024-09-19
3134,6683,2024-10-26,322.29,Overdue,2024-11-25
3135,1574,2024-06-08,279.26,Overdue,2024-07-08
3136,3897,2024-06-17,33.49,Overdue,2024-07-17
3137,2687,2024-10-21,349.11,Paid,2024-11-20
3138,5698,2025-04-25,130.65,Due,2025-05-25
3139,9020,2025-01-17,450.22,Due,2025-02-16
3140,9945,2024-07-30,419.05,Paid,2024-08-29
3141,6205,2024-12-17,112.62,Overdue,2025-01-16
3142,1697,2024-05-27,354.47,Paid,2024-06-26
3143,1437,2024-07-19,257.19,Overdue,2024-08-18
3144,484,2025-03-31,34.19,Due,2025-04-30
3145,563,2024-05-30,123.48,Overdue,2024-06-29
3146,7226,2024-09-09,178.21,Paid,2024-10-09
3147,8595,2024-08-12,258.28,Overdue,2024-09-11
3148,8503,2024-06-28,410.93,Paid,2024-07-28
3149,9107,2024-12-10,468.69,Due,2025-01-09
3150,2190,2025-02-22,11.91,Due,2025-03-24
3151,6622,2025-02-22,455.14,Due,2025-03-24
3152,7685,2024-05-29,210.11,Paid,2024-06-28
3153,7762,2024-06-26,305.0,Paid,2024-07-26
3154,230,2024-05-11,163.4,Overdue,2024-06-10
3155,4443,2024-10-22,151.88,Due,2024-11-21
3156,3464,2024-08-09,214.44,Due,2024-09-08
3157,7301,2025-04-20,40.5,Due,2025-05-20
3158,1292,2024-08-13,245.06,Paid,2024-09-12
3159,5930,2024-05-08,69.89,Due,2024-06-07
3160,1614,2024-05-15,197.31,Due,2024-06-14
3161,3899,2025-03-30,103.41,Overdue,2025-04-29
3162,8652,2024-06-22,397.3,Paid,2024-07-22
3163,3072,2024-06-14,94.54,Due,2024-07-14
3164,1422,2024-11-09,451.98,Paid,2024-12-09
3165,4859,2024-06-08,488.8,Paid,2024-07-08
3166,9479,2024-05-16,46.51,Overdue,2024-06-15
3167,6051,2024-08-29,401.81,Overdue,2024-09-28
3168,8510,2025-03-21,434.85,Due,2025-04-20
3169,4504,2024-05-21,217.32,Overdue,2024-06-20
3170,2267,2025-04-25,437.09,Overdue,2025-05-25
3171,2683,2024-12-16,351.94,Overdue,2025-01-15
3172,6048,2024-05-01,110.9,Paid,2024-05-31
3173,21,2024-07-09,118.85,Paid,2024-08-08
3174,3395,2025-02-07,12.14,Paid,2025-03-09
3175,672,2025-04-24,402.29,Paid,2025-05-24
3176,2165,2025-02-06,459.8,Due,2025-03-08
3177,526,2024-12-27,302.92,Due,2025-01-26
3178,5090,2024-07-08,429.59,Overdue,2024-08-07
3179,1899,2024-11-09,465.29,Paid,2024-12-09
3180,3192,2024-09-26,129.86,Due,2024-10-26
3181,2510,2024-07-31,410.0,Due,2024-08-30
3182,9103,2024-09-02,397.06,Overdue,2024-10-02
3183,9257,2024-06-21,368.19,Due,2024-07-21
3184,7230,2025-03-26,156.46,Paid,2025-04-25
3185,448,2024-06-03,73.64,Overdue,2024-07-03
3186,6598,2024-08-28,435.04,Due,2024-09-27
3187,676,2025-01-30,431.21,Paid,2025-03-01
3188,5432,2024-07-31,126.44,Due,2024-08-30
3189,7963,2025-03-24,341.99,Overdue,2025-04-23
3190,3565,2025-04-30,32.85,Overdue,2025-05-30
3191,1685,2025-02-13,33.04,Due,2025-03-15
3192,2270,2025-02-25,258.32,Paid,2025-03-27
3193,76,2025-04-30,443.44,Overdue,2025-05-30
3194,7445,2025-04-28,93.88,Overdue,2025-05-28
3195,4909,2024-10-03,131.51,Overdue,2024-11-02
3196,8741,2024-11-24,466.73,Due,2024-12-24
3197,793,2024-11-24,35.19,Due,2024-12-24
3198,6336,2024-07-21,98.72,Paid,2024-08-20
3199,5031,2024-08-04,45.0,Paid,2024-09-03
3200,821,2024-06-15,458.55,Overdue,2024-07-15
3201,2540,2024-10-29,412.71,Due,2024-11-28
3202,7982,2025-01-25,40.78,Paid,2025-02-24
3203,1397,2024-09-05,333.46,Overdue,2024-10-05
3204,5492,2025-04-16,191.65,Due,2025-05-16
3205,7581,2024-09-24,195.97,Overdue,2024-10-24
3206,500,2024-10-15,442.39,Overdue,2024-11-14
3207,8869,2025-01-01,342.22,Due,2025-01-31
3208,2536,2024-07-18,28.27,Paid,2024-08-17
3209,3637,2024-05-04,240.25,Paid,2024-06-03
3210,2791,2025-01-31,163.61,Due,2025-03-02
3211,1493,2024-07-15,361.51,Paid,2024-08-14
3212,572,2025-04-20,288.89,Overdue,2025-05-20
3213,1331,2024-10-28,409.91,Paid,2024-11-27
3214,1286,2024-05-10,486.79,Overdue,2024-06-09
3215,8216,2024-06-10,51.22,Due,2024-07-10
3216,590,2024-08-05,354.38,Due,2024-09-04
3217,7550,2024-09-21,399.85,Paid,2024-10-21
3218,478,2025-04-19,219.0,Due,2025-05-19
3219,6052,2024-08-21,31.86,Overdue,2024-09-20
3220,9233,2024-10-23,447.57,Paid,2024-11-22
3221,16,2024-09-01,284.6,Due,2024-10-01
3222,3063,2024-10-20,172.67,Overdue,2024-11-19
3223,4866,2025-04-24,166.11,Paid,2025-05-24
3224,6867,2024-09-18,391.49,Overdue,2024-10-18
3225,3457,2024-06-13,41.24,Paid,2024-07-13
3226,7488,2024-08-24,364.27,Due,2024-09-23
3227,1312,2024-12-09,362.57,Overdue,2025-01-08
3228,5589,2024-06-23,272.5,Paid,2024-07-23
3229,6539,2025-03-08,258.76,Due,2025-04-07
3230,8984,2025-03-07,148.36,Due,2025-04-06
3231,6097,2025-04-07,428.59,Due,2025-05-07
3232,42,2024-10-21,175.74,Paid,2024-11-20
3233,1836,2025-01-28,257.74,Overdue,2025-02-27
3234,120,2025-04-20,36.91,Due,2025-05-20
3235,5303,2024-08-19,129.38,Paid,2024-09-18
3236,3578,2024-08-02,353.44,Overdue,2024-09-01
3237,1910,2024-10-30,118.1,Paid,2024-11-29
3238,6438,2024-11-01,209.92,Paid,2024-12-01
3239,8946,2024-06-03,320.81,Overdue,2024-07-03
3240,6004,2024-10-19,389.54,Overdue,2024-11-18
3241,6931,2025-02-08,256.38,Due,2025-03-10
3242,5603,2025-04-24,126.88,Overdue,2025-05-24
3243,3849,2025-03-05,172.81,Paid,2025-04-04
3244,7052,2024-05-02,64.53,Due,2024-06-01
3245,5002,2025-03-08,88.77,Paid,2025-04-07
3246,1522,2024-05-18,291.69,Paid,2024-06-17
3247,3673,2025-04-25,341.77,Paid,2025-05-25
3248,8703,2024-12-03,225.24,Overdue,2025-01-02
3249,2181,2025-02-01,492.15,Due,2025-03-03
3250,9985,2024-06-08,377.31,Overdue,2024-07-08
3251,8723,2025-03-10,363.36,Paid,2025-04-09
3252,1192,2024-09-06,325.73,Due,2024-10-06
3253,3204,2025-04-07,382.44,Overdue,2025-05-07
3254,3707,2024-11-07,493.96,Due,2024-12-07
3255,5772,2024-07-14,442.94,Due,2024-08-13
3256,9482,2025-04-17,315.85,Due,2025-05-17
3257,1518,2024-06-25,325.55,Overdue,2024-07-25
3258,1742,2025-01-19,86.84,Overdue,2025-02-18
3259,3318,2024-12-17,156.96,Overdue,2025-01-16
3260,7388,2024-11-23,427.56,Due,2024-12-23
3261,6139,2024-05-23,497.5,Paid,2024-06-22
3262,9277,2024-05-13,134.88,Paid,2024-06-12
3263,3944,2024-11-03,351.74,Overdue,2024-12-03
3264,5771,2024-08-20,296.39,Paid,2024-09-19
3265,9041,2024-11-01,153.07,Overdue,2024-12-01
3266,7602,2025-02-02,323.63,Due,2025-03-04
3267,60,2025-03-22,399.01,Due,2025-04-21
3268,8148,2025-03-25,153.7,Overdue,2025-04-24
3269,6070,2025-02-27,43.29,Due,2025-03-29
3270,1909,2024-07-28,32.51,Overdue,2024-08-27
3271,1631,2025-03-04,223.57,Due,2025-04-03
3272,6806,2024-10-01,412.94,Due,2024-10-31
3273,37,2025-04-21,442.19,Paid,2025-05-21
3274,2747,2024-05-16,188.8,Due,2024-06-15
3275,4829,2025-04-13,192.47,Paid,2025-05-13
3276,7999,2024-10-19,30.71,Paid,2024-11-18
3277,3017,2025-04-15,359.95,Due,2025-05-15
3278,383,2025-02-15,197.67,Overdue,2025-03-17
3279,5810,2025-03-10,285.67,Overdue,2025-04-09
3280,8881,2025-01-19,93.09,Due,2025-02-18
3281,3490,2024-09-29,33.74,Overdue,2024-10-29
3282,1834,2024-06-18,204.11,Due,2024-07-18
3283,1004,2025-02-09,96.26,Paid,2025-03-11
3284,3242,2024-06-02,178.9,Overdue,2024-07-02
3285,7033,2024-06-09,470.47,Paid,2024-07-09
3286,5737,2024-07-16,410.31,Paid,2024-08-15
3287,4138,2024-10-30,88.04,Due,2024-11-29
3288,5324,2024-08-04,375.09,Overdue,2024-09-03
3289,3426,2025-04-04,238.69,Overdue,2025-05-04
3290,4023,2024-10-18,240.85,Overdue,2024-11-17
3291,7050,2024-06-04,366.52,Paid,2024-07-04
3292,4519,2024-11-20,425.93,Overdue,2024-12-20
3293,3045,2024-05-28,431.3,Overdue,2024-06-27
3294,3997,2024-08-11,484.67,Overdue,2024-09-10
3295,8744,2024-07-03,499.13,Overdue,2024-08-02
3296,9897,2024-09-18,84.21,Overdue,2024-10-18
3297,3783,2025-04-19,78.99,Overdue,2025-05-19
3298,9017,2024-08-29,82.41,Due,2024-09-28
3299,8302,2024-06-01,235.27,Due,2024-07-01
3300,2856,2024-05-25,223.77,Due,2024-06-24
3301,3214,2024-11-04,95.84,Overdue,2024-12-04
3302,5805,2024-11-30,141.02,Overdue,2024-12-30
3303,3250,2024-06-20,249.87,Paid,2024-07-20
3304,5596,2024-11-10,417.72,Due,2024-12-10
3305,448,2024-08-08,346.71,Overdue,2024-09-07
3306,1866,2025-03-08,431.65,Overdue,2025-04-07
3307,5461,2024-12-05,297.45,Due,2025-01-04
3308,6352,2025-03-27,283.2,Overdue,2025-04-26
3309,7450,2024-08-06,155.4,Overdue,2024-09-05
3310,5526,2024-09-14,204.24,Paid,2024-10-14
3311,2727,2024-10-19,457.24,Overdue,2024-11-18
3312,3972,2024-11-30,247.99,Overdue,2024-12-30
3313,6438,2024-05-12,19.74,Due,2024-06-11
3314,6861,2024-06-07,433.3,Due,2024-07-07
3315,1364,2024-12-26,46.96,Overdue,2025-01-25
3316,654,2025-03-13,365.75,Due,2025-04-12
3317,1143,2024-08-13,58.0,Paid,2024-09-12
3318,9364,2024-05-04,445.97,Paid,2024-06-03
3319,1237,2024-06-24,236.34,Paid,2024-07-24
3320,7620,2024-10-28,68.41,Overdue,2024-11-27
3321,6919,2024-09-14,450.99,Due,2024-10-14
3322,8308,2024-12-01,96.83,Due,2024-12-31
3323,5718,2025-01-20,465.52,Overdue,2025-02-19
3324,6312,2025-03-26,21.79,Overdue,2025-04-25
3325,5695,2025-01-07,473.91,Paid,2025-02-06
3326,154,2025-04-01,113.27,Overdue,2025-05-01
3327,4637,2024-06-02,401.94,Paid,2024-07-02
3328,6841,2024-05-01,60.45,Due,2024-05-31
3329,4909,2025-02-22,149.9,Overdue,2025-03-24
3330,9136,2024-07-27,231.75,Paid,2024-08-26
3331,4466,2025-01-25,184.01,Paid,2025-02-24
3332,952,2024-11-11,450.22,Overdue,2024-12-11
3333,4695,2025-01-19,452.39,Due,2025-02-18
3334,6626,2024-12-30,444.12,Due,2025-01-29
3335,1131,2024-06-23,135.93,Overdue,2024-07-23
3336,9564,2024-11-29,142.72,Paid,2024-12-29
3337,4691,2024-07-21,316.72,Paid,2024-08-20
3338,9564,2024-09-06,221.01,Paid,2024-10-06
3339,7688,2024-11-10,196.17,Overdue,2024-12-10
3340,1713,2025-04-13,453.48,Due,2025-05-13
3341,5286,2025-03-29,262.79,Paid,2025-04-28
3342,9105,2024-05-04,184.92,Paid,2024-06-03
3343,244,2025-04-06,176.03,Paid,2025-05-06
3344,3579,2024-06-24,379.27,Paid,2024-07-24
3345,6952,2025-02-26,226.26,Overdue,2025-03-28
3346,3417,2024-10-30,217.93,Due,2024-11-29
3347,318,2024-05-12,412.66,Due,2024-06-11
3348,9750,2024-11-27,233.39,Overdue,2024-12-27
3349,6769,2024-10-17,354.01,Due,2024-11-16
3350,3806,2025-04-05,213.12,Due,2025-05-05
3351,1372,2025-02-12,336.81,Due,2025-03-14
3352,9432,2025-01-12,216.05,Due,2025-02-11
3353,7772,2024-08-24,245.9,Paid,2024-09-23
3354,5721,2024-09-11,10.49,Paid,2024-10-11
3355,5842,2025-02-27,154.84,Paid,2025-03-29
3356,9078,2024-09-05,391.29,Paid,2024-10-05
3357,2063,2025-03-23,410.79,Paid,2025-04-22
3358,2074,2025-03-18,162.43,Overdue,2025-04-17
3359,5576,2024-12-16,139.82,Paid,2025-01-15
3360,4652,2024-09-20,72.62,Overdue,2024-10-20
3361,8400,2024-05-09,320.99,Due,2024-06-08
3362,7430,2025-02-08,94.16,Due,2025-03-10
3363,3244,2024-11-16,233.73,Due,2024-12-16
3364,5338,2025-03-24,423.28,Due,2025-04-23
3365,7123,2024-07-08,264.44,Due,2024-08-07
3366,6550,2024-08-25,33.88,Overdue,2024-09-24
3367,5050,2024-07-11,220.95,Due,2024-08-10
3368,8039,2024-11-13,477.58,Paid,2024-12-13
3369,773,2025-02-11,118.03,Overdue,2025-03-13
3370,6733,2024-07-10,317.03,Due,2024-08-09
3371,7787,2024-09-29,328.37,Paid,2024-10-29
3372,8340,2024-12-19,362.54,Due,2025-01-18
3373,409,2024-11-24,452.86,Paid,2024-12-24
3374,2114,2024-05-26,203.81,Due,2024-06-25
3375,3187,2024-07-18,80.17,Due,2024-08-17
3376,3410,2024-09-12,332.6,Due,2024-10-12
3377,4298,2025-02-24,262.84,Paid,2025-03-26
3378,3578,2025-04-06,273.19,Paid,2025-05-06
3379,6032,2025-04-10,193.82,Paid,2025-05-10
3380,4679,2024-06-14,202.82,Overdue,2024-07-14
3381,1268,2024-12-27,426.45,Due,2025-01-26
3382,7099,2025-02-01,18.18,Due,2025-03-03
3383,9951,2024-06-29,140.97,Paid,2024-07-29
3384,7827,2024-10-06,105.64,Overdue,2024-11-05
3385,9143,2024-09-17,182.17,Overdue,2024-10-17
3386,43,2025-02-18,482.56,Overdue,2025-03-20
3387,7042,2024-09-11,297.28,Due,2024-10-11
3388,3928,2024-05-01,123.35,Paid,2024-05-31
3389,845,2025-01-29,262.98,Paid,2025-02-28
3390,9897,2025-02-19,41.82,Overdue,2025-03-21
3391,9034,2025-03-18,78.17,Due,2025-04-17
3392,8654,2025-04-03,373.18,Overdue,2025-05-03
3393,1373,2024-08-27,46.08,Overdue,2024-09-26
3394,2413,2024-08-17,168.29,Overdue,2024-09-16
3395,1032,2024-05-18,125.28,Paid,2024-06-17
3396,2041,2024-11-09,381.02,Overdue,2024-12-09
3397,7723,2024-09-18,255.79,Due,2024-10-18
3398,4510,2025-01-29,365.61,Overdue,2025-02-28
3399,3453,2025-04-27,459.23,Due,2025-05-27
3400,1834,2024-06-23,306.4,Due,2024-07-23
3401,3501,2024-05-07,393.21,Due,2024-06-06
3402,1523,2025-04-02,106.51,Paid,2025-05-02
3403,7364,2024-10-03,118.98,Paid,2024-11-02
3404,664,2024-06-29,371.26,Due,2024-07-29
3405,1485,2024-07-26,55.64,Due,2024-08-25
3406,8284,2024-08-07,202.38,Due,2024-09-06
3407,757,2024-11-10,131.74,Paid,2024-12-10
3408,7971,2024-07-14,297.05,Paid,2024-08-13
3409,557,2024-05-07,27.14,Paid,2024-06-06
3410,698,2024-12-12,279.87,Overdue,2025-01-11
3411,7786,2025-02-07,322.06,Paid,2025-03-09
3412,1822,2025-02-08,57.05,Due,2025-03-10
3413,4218,2024-06-11,468.56,Due,2024-07-11
3414,8324,2024-11-25,30.39,Overdue,2024-12-25
3415,1142,2024-06-20,110.5,Due,2024-07-20
3416,2450,2024-12-28,318.49,Due,2025-01-27
3417,9381,2025-01-30,444.05,Paid,2025-03-01
3418,9439,2024-08-18,332.7,Overdue,2024-09-17
3419,1011,2024-07-10,196.79,Due,2024-08-09
3420,348,2025-04-10,366.36,Overdue,2025-05-10
3421,3781,2024-06-15,13.17,Overdue,2024-07-15
3422,9521,2024-05-04,281.36,Due,2024-06-03
3423,1104,2024-06-06,475.26,Due,2024-07-06
3424,648,2024-07-23,135.43,Paid,2024-08-22
3425,8501,2024-06-07,176.15,Paid,2024-07-07
3426,3687,2025-02-12,372.5,Overdue,2025-03-14
3427,3030,2025-02-18,466.96,Overdue,2025-03-20
3428,2,2025-02-14,356.57,Due,2025-03-16
3429,3882,2025-01-17,360.31,Due,2025-02-16
3430,5754,2025-03-06,235.9,Paid,2025-04-05
3431,7847,2024-05-30,149.88,Paid,2024-06-29
3432,5551,2024-06-25,391.4,Overdue,2024-07-25
3433,6292,2024-12-13,241.13,Due,2025-01-12
3434,3016,2025-03-22,259.22,Overdue,2025-04-21
3435,4997,2024-06-01,97.29,Overdue,2024-07-01
3436,8380,2025-04-01,398.55,Due,2025-05-01
3437,2156,2025-01-15,227.6,Due,2025-02-14
3438,5155,2025-04-04,327.03,Due,2025-05-04
3439,6927,2024-06-04,131.49,Overdue,2024-07-04
3440,5200,2024-09-25,413.75,Overdue,2024-10-25
3441,8594,2024-05-19,261.03,Paid,2024-06-18
3442,6670,2024-06-24,443.46,Overdue,2024-07-24
3443,516,2024-11-19,314.31,Paid,2024-12-19
3444,9118,2025-02-26,161.37,Paid,2025-03-28
3445,9768,2025-03-15,206.87,Due,2025-04-14
3446,9621,2025-02-28,347.57,Paid,2025-03-30
3447,8458,2024-09-21,308.58,Paid,2024-10-21
3448,6340,2024-07-05,188.67,Due,2024-08-04
3449,8114,2024-12-24,93.23,Due,2025-01-23
3450,7440,2024-11-06,313.06,Overdue,2024-12-06
3451,3595,2025-01-31,209.65,Due,2025-03-02
3452,7584,2024-12-22,97.55,Paid,2025-01-21
3453,1553,2024-10-11,451.32,Paid,2024-11-10
3454,2027,2024-07-22,123.33,Paid,2024-08-21
3455,5225,2024-07-22,162.73,Overdue,2024-08-21
3456,4965,2024-07-30,319.35,Due,2024-08-29
3457,5703,2024-10-06,120.59,Due,2024-11-05
3458,7269,2024-06-02,225.02,Paid,2024-07-02
3459,8070,2025-04-11,157.13,Overdue,2025-05-11
3460,1416,2024-10-16,206.04,Overdue,2024-11-15
3461,7188,2025-03-06,41.37,Due,2025-04-05
3462,4537,2024-12-29,407.34,Overdue,2025-01-28
3463,4519,2024-05-02,466.89,Paid,2024-06-01
3464,7316,2025-03-26,39.32,Overdue,2025-04-25
3465,929,2024-07-27,430.11,Overdue,2024-08-26
3466,7025,2024-11-23,197.14,Due,2024-12-23
3467,2386,2024-10-28,105.5,Paid,2024-11-27
3468,7567,2024-06-29,212.2,Overdue,2024-07-29
3469,8154,2024-07-20,149.3,Paid,2024-08-19
3470,8820,2025-01-26,327.71,Paid,2025-02-25
3471,8450,2024-06-21,320.99,Paid,2024-07-21
3472,1143,2024-12-02,290.31,Due,2025-01-01
3473,8339,2024-09-14,444.29,Paid,2024-10-14
3474,2183,2024-11-18,192.5,Paid,2024-12-18
3475,5960,2025-01-29,498.9,Due,2025-02-28
3476,8502,2024-10-11,294.26,Paid,2024-11-10
3477,934,2025-02-11,49.94,Overdue,2025-03-13
3478,3180,2024-09-13,452.46,Due,2024-10-13
3479,5712,2024-07-01,324.34,Overdue,2024-07-31
3480,5685,2024-11-19,195.75,Paid,2024-12-19
3481,8461,2025-03-28,407.49,Due,2025-04-27
3482,6497,2025-02-19,55.66,Paid,2025-03-21
3483,9246,2025-04-23,208.34,Overdue,2025-05-23
3484,7115,2024-11-29,214.94,Due,2024-12-29
3485,7726,2025-01-29,88.97,Due,2025-02-28
3486,7451,2025-01-12,376.51,Paid,2025-02-11
3487,248,2024-06-16,40.5,Due,2024-07-16
3488,9456,2025-02-07,338.73,Overdue,2025-03-09
3489,1578,2024-11-02,316.68,Paid,2024-12-02
3490,7902,2025-01-01,163.17,Overdue,2025-01-31
3491,6663,2025-04-24,166.59,Due,2025-05-24
3492,5335,2025-02-04,398.13,Due,2025-03-06
3493,227,2025-01-26,291.42,Overdue,2025-02-25
3494,8276,2024-11-03,426.99,Due,2024-12-03
3495,1320,2024-08-04,26.05,Overdue,2024-09-03
3496,4330,2024-12-28,432.41,Paid,2025-01-27
3497,2060,2024-08-14,166.82,Paid,2024-09-13
3498,6668,2024-06-02,92.84,Paid,2024-07-02
3499,3471,2025-02-13,21.84,Overdue,2025-03-15
3500,9334,2024-10-28,263.93,Due,2024-11-27
3501,8436,2024-09-16,438.78,Paid,2024-10-16
3502,8130,2024-05-25,244.25,Overdue,2024-06-24
3503,6408,2024-07-10,42.14,Due,2024-08-09
3504,4311,2025-01-21,120.85,Overdue,2025-02-20
3505,5267,2024-09-25,45.62,Overdue,2024-10-25
3506,9524,2024-10-26,46.12,Overdue,2024-11-25
3507,5189,2024-07-25,191.61,Overdue,2024-08-24
3508,1420,2025-01-18,194.38,Overdue,2025-02-17
3509,5215,2024-12-09,419.87,Due,2025-01-08
3510,464,2024-05-19,200.43,Paid,2024-06-18
3511,126,2024-07-22,227.84,Due,2024-08-21
3512,4805,2024-12-10,439.44,Due,2025-01-09
3513,7381,2024-10-31,127.6,Paid,2024-11-30
3514,6014,2025-01-31,81.15,Due,2025-03-02
3515,8380,2025-04-06,220.13,Due,2025-05-06
3516,6286,2024-08-08,350.68,Overdue,2024-09-07
3517,3087,2024-06-27,311.53,Paid,2024-07-27
3518,370,2025-02-15,430.14,Due,2025-03-17
3519,9466,2024-10-18,122.16,Due,2024-11-17
3520,262,2024-06-13,468.35,Paid,2024-07-13
3521,5272,2024-05-14,170.73,Overdue,2024-06-13
3522,8122,2024-10-26,85.64,Overdue,2024-11-25
3523,9073,2025-01-08,224.95,Paid,2025-02-07
3524,1141,2024-08-23,189.55,Overdue,2024-09-22
3525,1708,2024-07-11,100.91,Overdue,2024-08-10
3526,1941,2025-03-18,408.29,Paid,2025-04-17
3527,6179,2025-04-30,385.9,Overdue,2025-05-30
3528,1892,2024-06-23,229.76,Paid,2024-07-23
3529,9842,2025-04-16,423.07,Due,2025-05-16
3530,4578,2025-02-21,103.89,Due,2025-03-23
3531,7330,2024-10-12,66.69,Overdue,2024-11-11
3532,2810,2025-02-19,280.72,Overdue,2025-03-21
3533,1423,2025-04-23,233.19,Paid,2025-05-23
3534,7780,2024-10-29,249.35,Overdue,2024-11-28
3535,918,2024-08-28,99.42,Paid,2024-09-27
3536,817,2024-09-13,149.05,Paid,2024-10-13
3537,8732,2024-05-31,145.68,Due,2024-06-30
3538,9098,2025-01-29,195.17,Due,2025-02-28
3539,9503,2024-09-07,61.97,Due,2024-10-07
3540,6017,2024-06-28,351.9,Overdue,2024-07-28
3541,5875,2024-12-13,213.98,Overdue,2025-01-12
3542,6647,2024-06-05,413.42,Paid,2024-07-05
3543,5211,2024-08-07,212.84,Due,2024-09-06
3544,9139,2024-08-13,440.4,Paid,2024-09-12
3545,3479,2024-11-28,359.83,Due,2024-12-28
3546,2146,2024-07-25,377.08,Due,2024-08-24
3547,7422,2024-08-31,316.63,Due,2024-09-30
3548,2001,2024-08-22,316.33,Due,2024-09-21
3549,3338,2025-01-24,25.41,Due,2025-02-23
3550,7550,2024-05-24,279.98,Overdue,2024-06-23
3551,5781,2025-04-20,110.31,Overdue,2025-05-20
3552,1465,2024-10-16,474.2,Due,2024-11-15
3553,9368,2024-06-28,277.98,Due,2024-07-28
3554,1284,2024-07-26,96.12,Due,2024-08-25
3555,6953,2024-12-30,474.39,Overdue,2025-01-29
3556,8834,2025-02-27,284.83,Due,2025-03-29
3557,551,2024-09-07,146.44,Paid,2024-10-07
3558,267,2025-02-09,297.92,Paid,2025-03-11
3559,8620,2025-03-03,195.65,Overdue,2025-04-02
3560,5074,2024-06-11,311.67,Overdue,2024-07-11
3561,9122,2024-08-26,327.27,Due,2024-09-25
3562,5036,2025-02-24,380.98,Paid,2025-03-26
3563,7680,2025-04-19,229.0,Overdue,2025-05-19
3564,9490,2024-09-12,204.2,Paid,2024-10-12
3565,944,2024-10-15,422.53,Overdue,2024-11-14
3566,7363,2025-04-15,160.74,Paid,2025-05-15
3567,2700,2024-08-17,373.3,Overdue,2024-09-16
3568,4054,2024-06-23,310.1,Due,2024-07-23
3569,901,2024-08-03,104.74,Overdue,2024-09-02
3570,2511,2024-08-22,27.71,Overdue,2024-09-21
3571,6625,2024-12-31,441.5,Paid,2025-01-30
3572,4670,2024-06-28,215.13,Overdue,2024-07-28
3573,5742,2025-01-21,117.13,Due,2025-02-20
3574,9610,2025-04-19,196.97,Due,2025-05-19
3575,93,2024-08-20,168.8,Paid,2024-09-19
3576,8931,2024-09-14,460.38,Due,2024-10-14
3577,5160,2024-05-29,10.62,Paid,2024-06-28
3578,7438,2024-08-13,448.2,Paid,2024-09-12
3579,5894,2024-05-23,403.59,Overdue,2024-06-22
3580,949,2025-03-05,472.74,Paid,2025-04-04
3581,8531,2025-03-27,78.62,Due,2025-04-26
3582,5532,2024-08-03,406.65,Overdue,2024-09-02
3583,625,2024-08-23,25.77,Overdue,2024-09-22
3584,1572,2024-09-29,81.73,Due,2024-10-29
3585,4179,2025-03-12,216.88,Paid,2025-04-11
3586,9683,2024-09-29,49.32,Overdue,2024-10-29
3587,9167,2025-02-22,58.65,Due,2025-03-24
3588,782,2024-07-18,32.47,Due,2024-08-17
3589,646,2024-12-25,73.21,Paid,2025-01-24
3590,9420,2024-10-02,344.86,Overdue,2024-11-01
3591,5185,2024-06-08,22.76,Overdue,2024-07-08
3592,8846,2024-05-03,46.99,Due,2024-06-02
3593,2835,2025-03-04,279.92,Due,2025-04-03
3594,2545,2024-06-17,56.27,Overdue,2024-07-17
3595,2953,2024-11-10,218.86,Due,2024-12-10
3596,2476,2025-01-01,83.8,Overdue,2025-01-31
3597,889,2024-08-13,387.11,Overdue,2024-09-12
3598,2183,2024-05-26,56.64,Due,2024-06-25
3599,2136,2025-02-12,439.36,Paid,2025-03-14
3600,6843,2025-04-09,406.44,Overdue,2025-05-09
3601,5407,2025-01-30,363.05,Overdue,2025-03-01
3602,8251,2024-05-14,223.97,Overdue,2024-06-13
3603,8771,2024-12-30,375.65,Overdue,2025-01-29
3604,9936,2024-06-02,67.37,Due,2024-07-02
3605,4182,2025-03-17,485.7,Overdue,2025-04-16
3606,8028,2024-10-26,46.49,Paid,2024-11-25
3607,5056,2024-07-07,201.8,Overdue,2024-08-06
3608,8224,2024-09-05,213.93,Overdue,2024-10-05
3609,4902,2024-11-12,347.87,Overdue,2024-12-12
3610,4501,2024-12-22,104.68,Paid,2025-01-21
3611,3099,2025-04-11,160.19,Overdue,2025-05-11
3612,1445,2024-08-24,364.46,Paid,2024-09-23
3613,796,2024-08-05,59.42,Overdue,2024-09-04
3614,4983,2024-05-08,177.14,Due,2024-06-07
3615,4825,2025-01-18,98.4,Paid,2025-02-17
3616,4187,2024-12-12,332.84,Overdue,2025-01-11
3617,4069,2025-01-01,177.8,Due,2025-01-31
3618,7696,2025-03-04,31.61,Paid,2025-04-03
3619,5031,2024-10-30,153.65,Due,2024-11-29
3620,6848,2025-03-07,141.46,Overdue,2025-04-06
3621,809,2024-06-02,435.55,Due,2024-07-02
3622,8698,2025-02-07,257.39,Overdue,2025-03-09
3623,7543,2024-05-10,489.61,Overdue,2024-06-09
3624,5760,2024-06-11,249.25,Due,2024-07-11
3625,1498,2024-12-23,430.5,Overdue,2025-01-22
3626,5051,2024-10-30,430.14,Due,2024-11-29
3627,7780,2024-12-25,127.64,Overdue,2025-01-24
3628,3232,2024-05-12,60.01,Paid,2024-06-11
3629,9904,2024-08-21,344.14,Due,2024-09-20
3630,3855,2025-01-30,484.26,Paid,2025-03-01
3631,6708,2024-08-30,82.0,Paid,2024-09-29
3632,676,2025-01-21,183.38,Paid,2025-02-20
3633,2023,2024-07-16,109.34,Overdue,2024-08-15
3634,1185,2024-05-17,174.81,Overdue,2024-06-16
3635,5359,2024-06-15,240.23,Overdue,2024-07-15
3636,5692,2024-07-16,437.81,Overdue,2024-08-15
3637,6120,2025-01-20,231.77,Overdue,2025-02-19
3638,9268,2025-02-18,384.56,Paid,2025-03-20
3639,2551,2024-05-28,364.66,Paid,2024-06-27
3640,9360,2024-06-07,326.17,Paid,2024-07-07
3641,3206,2024-05-03,148.48,Overdue,2024-06-02
3642,8264,2025-01-27,116.6,Due,2025-02-26
3643,7464,2024-05-10,10.62,Overdue,2024-06-09
3644,3751,2024-09-20,295.16,Paid,2024-10-20
3645,3645,2025-01-16,446.03,Overdue,2025-02-15
3646,1505,2025-04-18,216.35,Overdue,2025-05-18
3647,9875,2025-01-27,283.09,Due,2025-02-26
3648,8952,2024-08-30,127.81,Paid,2024-09-29
3649,288,2025-03-10,187.05,Due,2025-04-09
3650,9396,2024-06-20,258.22,Due,2024-07-20
3651,4665,2024-12-14,344.11,Paid,2025-01-13
3652,9483,2024-05-21,255.38,Overdue,2024-06-20
3653,5393,2025-01-12,106.28,Overdue,2025-02-11
3654,6447,2025-04-10,280.5,Overdue,2025-05-10
3655,2384,2025-04-14,53.32,Paid,2025-05-14
3656,5630,2025-02-11,303.26,Paid,2025-03-13
3657,9551,2025-04-30,427.68,Overdue,2025-05-30
3658,1873,2025-02-19,231.78,Overdue,2025-03-21
3659,6239,2024-06-11,472.47,Paid,2024-07-11
3660,2529,2024-06-07,53.24,Overdue,2024-07-07
3661,5672,2024-05-09,74.71,Overdue,2024-06-08
3662,820,2025-04-01,294.2,Paid,2025-05-01
3663,7584,2024-12-29,30.31,Overdue,2025-01-28
3664,6679,2025-02-05,473.28,Overdue,2025-03-07
3665,9507,2024-10-19,221.82,Paid,2024-11-18
3666,2197,2025-04-26,95.7,Overdue,2025-05-26
3667,6376,2024-08-23,134.2,Overdue,2024-09-22
3668,7537,2024-12-20,189.83,Overdue,2025-01-19
3669,1922,2024-11-27,28.93,Due,2024-12-27
3670,5659,2025-01-19,321.61,Overdue,2025-02-18
3671,2037,2025-03-02,28.14,Overdue,2025-04-01
3672,4778,2024-05-14,233.23,Overdue,2024-06-13
3673,5533,2024-05-30,393.33,Due,2024-06-29
3674,3827,2024-05-14,413.61,Due,2024-06-13
3675,4100,2024-07-16,325.48,Due,2024-08-15
3676,6338,2024-08-11,468.85,Due,2024-09-10
3677,9020,2025-03-25,456.26,Paid,2025-04-24
3678,6696,2024-10-17,192.51,Paid,2024-11-16
3679,4745,2025-01-28,37.78,Paid,2025-02-27
3680,7775,2024-06-23,260.62,Due,2024-07-23
3681,4049,2025-03-27,52.39,Paid,2025-04-26
3682,8897,2024-07-22,466.58,Paid,2024-08-21
3683,1864,2024-10-16,78.13,Paid,2024-11-15
3684,1448,2024-05-11,270.73,Due,2024-06-10
3685,1472,2025-03-16,219.46,Due,2025-04-15
3686,8619,2024-08-20,24.06,Paid,2024-09-19
3687,5225,2024-11-07,398.17,Due,2024-12-07
3688,4657,2024-08-24,491.98,Overdue,2024-09-23
3689,6999,2024-10-02,310.11,Due,2024-11-01
3690,6137,2024-12-13,319.62,Due,2025-01-12
3691,2837,2024-12-14,423.53,Overdue,2025-01-13
3692,7750,2025-03-02,472.11,Due,2025-04-01
3693,3694,2024-10-07,348.08,Due,2024-11-06
3694,7101,2025-02-17,407.62,Overdue,2025-03-19
3695,4697,2025-04-16,492.2,Due,2025-05-16
3696,2031,2024-05-20,354.74,Due,2024-06-19
3697,1477,2024-10-21,270.69,Overdue,2024-11-20
3698,9759,2024-07-10,450.17,Due,2024-08-09
3699,3753,2025-03-24,470.45,Overdue,2025-04-23
3700,2789,2024-07-27,485.95,Overdue,2024-08-26
3701,8483,2024-08-19,302.36,Due,2024-09-18
3702,8818,2024-05-12,277.86,Due,2024-06-11
3703,4997,2024-08-20,322.44,Overdue,2024-09-19
3704,4564,2024-05-26,231.38,Paid,2024-06-25
3705,7723,2024-07-31,363.62,Due,2024-08-30
3706,4594,2024-10-30,450.72,Overdue,2024-11-29
3707,6144,2025-03-27,484.37,Due,2025-04-26
3708,3822,2025-03-31,166.87,Overdue,2025-04-30
3709,9641,2024-09-08,410.46,Due,2024-10-08
3710,9968,2024-09-11,412.94,Overdue,2024-10-11
3711,3497,2024-09-22,237.02,Due,2024-10-22
3712,3788,2024-12-06,85.16,Overdue,2025-01-05
3713,7053,2025-03-17,348.64,Paid,2025-04-16
3714,731,2024-09-15,243.53,Overdue,2024-10-15
3715,576,2024-10-07,149.05,Paid,2024-11-06
3716,3810,2025-04-10,417.44,Overdue,2025-05-10
3717,5730,2025-04-25,84.7,Overdue,2025-05-25
3718,242,2025-03-11,198.84,Paid,2025-04-10
3719,7150,2025-01-31,184.81,Overdue,2025-03-02
3720,5846,2024-11-09,380.04,Paid,2024-12-09
3721,1160,2025-01-08,241.42,Overdue,2025-02-07
3722,1393,2024-12-29,301.96,Paid,2025-01-28
3723,6714,2024-10-19,288.49,Due,2024-11-18
3724,6449,2024-11-19,455.92,Due,2024-12-19
3725,5678,2025-04-03,103.8,Overdue,2025-05-03
3726,8452,2024-06-21,308.51,Overdue,2024-07-21
3727,2121,2025-01-22,301.43,Overdue,2025-02-21
3728,8884,2025-04-13,316.61,Paid,2025-05-13
3729,1911,2024-09-12,184.53,Overdue,2024-10-12
3730,1381,2025-04-10,213.74,Paid,2025-05-10
3731,3561,2024-07-31,424.31,Overdue,2024-08-30
3732,1710,2024-07-17,300.5,Paid,2024-08-16
3733,8938,2025-04-22,362.08,Paid,2025-05-22
3734,714,2025-02-24,172.61,Paid,2025-03-26
3735,7948,2024-11-19,223.58,Paid,2024-12-19
3736,3608,2025-03-26,232.03,Due,2025-04-25
3737,2877,2025-03-27,258.09,Due,2025-04-26
3738,5772,2025-01-12,106.32,Overdue,2025-02-11
3739,1340,2025-01-03,337.33,Paid,2025-02-02
3740,3227,2024-05-30,197.27,Paid,2024-06-29
3741,4464,2024-10-19,53.97,Paid,2024-11-18
3742,239,2024-12-02,35.46,Overdue,2025-01-01
3743,529,2024-12-01,418.69,Paid,2024-12-31
3744,2854,2025-01-14,152.6,Paid,2025-02-13
3745,8907,2025-01-25,17.2,Paid,2025-02-24
3746,8785,2025-02-09,136.57,Paid,2025-03-11
3747,9755,2025-02-02,149.35,Paid,2025-03-04
3748,4295,2024-11-14,433.23,Paid,2024-12-14
3749,9418,2024-07-05,119.04,Overdue,2024-08-04
3750,9437,2024-08-30,423.32,Due,2024-09-29
3751,9498,2024-11-06,139.96,Overdue,2024-12-06
3752,9106,2024-07-06,120.35,Due,2024-08-05
3753,1678,2024-08-25,285.46,Paid,2024-09-24
3754,2566,2025-02-17,169.83,Due,2025-03-19
3755,1361,2025-01-17,486.2,Overdue,2025-02-16
3756,7602,2024-09-24,499.1,Overdue,2024-10-24
3757,5230,2024-09-14,399.09,Paid,2024-10-14
3758,6757,2025-04-08,357.72,Paid,2025-05-08
3759,4257,2025-01-31,341.67,Paid,2025-03-02
3760,8452,2024-05-28,286.06,Due,2024-06-27
3761,6205,2024-05-29,283.28,Paid,2024-06-28
3762,937,2024-11-30,278.47,Due,2024-12-30
3763,683,2025-03-01,156.25,Paid,2025-03-31
3764,6704,2025-03-11,146.27,Due,2025-04-10
3765,6918,2024-06-11,22.16,Paid,2024-07-11
3766,3695,2024-10-30,290.37,Paid,2024-11-29
3767,8950,2024-08-21,251.43,Due,2024-09-20
3768,2560,2025-01-24,319.22,Due,2025-02-23
3769,4324,2025-01-21,292.5,Overdue,2025-02-20
3770,4216,2024-11-07,146.51,Paid,2024-12-07
3771,3761,2025-02-19,455.55,Overdue,2025-03-21
3772,1493,2024-11-01,184.41,Paid,2024-12-01
3773,9917,2025-03-25,105.04,Paid,2025-04-24
3774,4009,2024-05-20,489.49,Paid,2024-06-19
3775,8492,2025-04-10,192.82,Due,2025-05-10
3776,7420,2024-10-06,42.06,Paid,2024-11-05
3777,9525,2024-09-06,296.16,Paid,2024-10-06
3778,689,2024-12-05,310.83,Due,2025-01-04
3779,8666,2024-11-18,238.39,Overdue,2024-12-18
3780,4517,2024-06-25,426.25,Due,2024-07-25
3781,1434,2025-04-03,175.39,Overdue,2025-05-03
3782,8585,2025-02-24,13.91,Due,2025-03-26
3783,4054,2024-06-07,450.69,Due,2024-07-07
3784,1672,2024-07-12,170.94,Paid,2024-08-11
3785,5623,2024-11-04,390.28,Due,2024-12-04
3786,8736,2025-04-30,416.87,Overdue,2025-05-30
3787,6736,2025-01-05,227.37,Overdue,2025-02-04
3788,5574,2025-01-24,357.66,Due,2025-02-23
3789,3838,2024-09-05,495.79,Due,2024-10-05
3790,1391,2024-08-06,337.65,Due,2024-09-05
3791,7605,2024-06-17,213.08,Overdue,2024-07-17
3792,9339,2024-10-19,139.87,Paid,2024-11-18
3793,7884,2024-08-08,13.91,Paid,2024-09-07
3794,6270,2024-09-06,244.27,Due,2024-10-06
3795,9855,2024-11-20,123.88,Overdue,2024-12-20
3796,6537,2024-06-17,156.95,Paid,2024-07-17
3797,5774,2024-10-09,280.91,Overdue,2024-11-08
3798,5510,2024-10-08,306.82,Due,2024-11-07
3799,3862,2024-10-18,484.17,Paid,2024-11-17
3800,9454,2025-01-09,355.64,Overdue,2025-02-08
3801,5356,2024-09-17,190.0,Paid,2024-10-17
3802,483,2024-08-08,187.79,Paid,2024-09-07
3803,3053,2024-07-24,345.36,Overdue,2024-08-23
3804,2563,2025-03-03,263.61,Overdue,2025-04-02
3805,8888,2025-03-29,461.97,Overdue,2025-04-28
3806,9280,2025-01-23,269.59,Due,2025-02-22
3807,5452,2024-05-26,275.79,Due,2024-06-25
3808,1076,2025-01-02,489.87,Overdue,2025-02-01
3809,7267,2024-06-14,408.69,Paid,2024-07-14
3810,8495,2024-11-19,281.79,Due,2024-12-19
3811,756,2024-06-05,222.27,Due,2024-07-05
3812,9519,2024-09-24,406.29,Due,2024-10-24
3813,8539,2025-04-10,224.18,Due,2025-05-10
3814,4710,2024-08-31,115.65,Paid,2024-09-30
3815,9421,2024-08-02,343.85,Paid,2024-09-01
3816,7768,2025-02-22,202.51,Due,2025-03-24
3817,6183,2024-09-06,197.31,Overdue,2024-10-06
3818,1853,2024-07-02,366.96,Overdue,2024-08-01
3819,2830,2024-09-08,29.39,Due,2024-10-08
3820,1411,2025-04-13,40.32,Paid,2025-05-13
3821,5077,2024-08-03,457.45,Paid,2024-09-02
3822,932,2024-04-30,115.44,Due,2024-05-30
3823,7618,2024-11-13,249.64,Overdue,2024-12-13
3824,8239,2025-03-19,456.53,Paid,2025-04-18
3825,267,2024-11-27,78.46,Overdue,2024-12-27
3826,2084,2024-05-06,403.3,Paid,2024-06-05
3827,4995,2024-09-09,212.3,Paid,2024-10-09
3828,3067,2025-01-02,220.49,Paid,2025-02-01
3829,6831,2024-12-05,284.66,Paid,2025-01-04
3830,2448,2024-08-04,247.66,Paid,2024-09-03
3831,6829,2024-06-17,428.78,Due,2024-07-17
3832,8416,2025-02-01,21.31,Due,2025-03-03
3833,8870,2024-10-03,139.99,Paid,2024-11-02
3834,5222,2024-11-06,489.53,Due,2024-12-06
3835,9717,2025-01-06,27.66,Due,2025-02-05
3836,1018,2024-11-18,95.95,Due,2024-12-18
3837,2583,2024-09-23,387.48,Due,2024-10-23
3838,4907,2025-02-11,90.24,Overdue,2025-03-13
3839,3149,2024-06-11,408.27,Due,2024-07-11
3840,1834,2024-11-05,360.31,Due,2024-12-05
3841,5512,2024-08-15,52.0,Overdue,2024-09-14
3842,1962,2024-05-29,468.13,Paid,2024-06-28
3843,7197,2025-01-24,395.4,Overdue,2025-02-23
3844,5822,2024-05-10,44.04,Paid,2024-06-09
3845,4725,2024-09-16,271.91,Overdue,2024-10-16
3846,2088,2024-07-23,42.71,Paid,2024-08-22
3847,7738,2024-07-29,75.63,Due,2024-08-28
3848,4649,2025-02-25,243.26,Due,2025-03-27
3849,9267,2024-12-04,253.8,Paid,2025-01-03
3850,4678,2024-09-11,495.61,Paid,2024-10-11
3851,6015,2024-06-18,92.88,Due,2024-07-18
3852,853,2024-07-16,403.67,Due,2024-08-15
3853,1048,2024-09-04,180.4,Paid,2024-10-04
3854,105,2025-03-12,36.13,Overdue,2025-04-11
3855,6577,2024-06-30,20.89,Overdue,2024-07-30
3856,5221,2024-05-02,351.98,Overdue,2024-06-01
3857,4256,2025-03-10,339.21,Paid,2025-04-09
3858,3371,2024-09-19,150.26,Overdue,2024-10-19
3859,567,2024-07-15,284.23,Due,2024-08-14
3860,2338,2024-12-19,236.65,Paid,2025-01-18
3861,120,2024-10-24,152.37,Overdue,2024-11-23
3862,6139,2025-01-22,202.83,Overdue,2025-02-21
3863,4950,2024-05-15,422.45,Overdue,2024-06-14
3864,3707,2025-04-30,247.58,Overdue,2025-05-30
3865,4327,2024-08-10,98.7,Overdue,2024-09-09
3866,360,2024-05-07,429.72,Overdue,2024-06-06
3867,5308,2024-12-22,436.07,Overdue,2025-01-21
3868,5649,2025-03-12,366.44,Due,2025-04-11
3869,5073,2024-07-10,60.42,Overdue,2024-08-09
3870,2510,2024-10-20,368.93,Due,2024-11-19
3871,8513,2024-06-02,242.11,Paid,2024-07-02
3872,8562,2024-08-10,273.93,Overdue,2024-09-09
3873,4467,2025-04-03,493.39,Due,2025-05-03
3874,8817,2024-05-30,241.64,Due,2024-06-29
3875,7047,2025-01-03,430.59,Overdue,2025-02-02
3876,7858,2024-05-26,84.62,Paid,2024-06-25
3877,6665,2025-01-29,383.03,Paid,2025-02-28
3878,5948,2025-03-09,47.47,Overdue,2025-04-08
3879,9754,2025-01-07,70.21,Due,2025-02-06
3880,9481,2024-09-05,150.47,Paid,2024-10-05
3881,8180,2024-12-13,187.09,Paid,2025-01-12
3882,9332,2025-04-12,170.26,Paid,2025-05-12
3883,7082,2025-02-15,181.91,Paid,2025-03-17
3884,8216,2024-11-29,321.15,Paid,2024-12-29
3885,2999,2024-09-27,19.97,Paid,2024-10-27
3886,1037,2024-08-11,470.69,Overdue,2024-09-10
3887,6530,2024-10-19,68.58,Paid,2024-11-18
3888,9348,2025-01-12,77.51,Paid,2025-02-11
3889,3107,2024-06-17,293.75,Paid,2024-07-17
3890,883,2024-06-02,234.6,Paid,2024-07-02
3891,5019,2024-09-08,462.18,Due,2024-10-08
3892,6494,2024-05-17,357.75,Due,2024-06-16
3893,3102,2024-05-06,124.98,Overdue,2024-06-05
3894,6150,2024-11-20,102.49,Paid,2024-12-20
3895,5536,2025-02-08,151.14,Due,2025-03-10
3896,5672,2024-05-12,491.67,Due,2024-06-11
3897,9327,2024-07-30,474.41,Due,2024-08-29
3898,676,2024-08-12,436.52,Paid,2024-09-11
3899,6973,2025-04-18,314.51,Paid,2025-05-18
3900,5137,2025-01-07,289.4,Due,2025-02-06
3901,4495,2024-09-05,269.8,Paid,2024-10-05
3902,4753,2024-07-22,264.19,Overdue,2024-08-21
3903,7249,2024-08-25,200.51,Due,2024-09-24
3904,7558,2024-10-14,10.15,Overdue,2024-11-13
3905,542,2025-02-10,23.8,Paid,2025-03-12
3906,296,2024-05-22,95.67,Overdue,2024-06-21
3907,5469,2024-08-20,232.13,Paid,2024-09-19
3908,1724,2024-08-28,282.13,Overdue,2024-09-27
3909,6421,2024-05-21,390.58,Overdue,2024-06-20
3910,3918,2024-09-08,138.5,Overdue,2024-10-08
3911,1874,2025-04-20,422.87,Paid,2025-05-20
3912,7069,2025-04-11,491.89,Overdue,2025-05-11
3913,8484,2025-02-07,364.8,Paid,2025-03-09
3914,4075,2025-02-06,370.62,Paid,2025-03-08
3915,3613,2024-07-21,335.19,Paid,2024-08-20
3916,52,2025-04-28,227.3,Overdue,2025-05-28
3917,9324,2024-11-25,424.33,Paid,2024-12-25
3918,9445,2024-12-19,314.43,Due,2025-01-18
3919,6462,2025-02-18,136.78,Overdue,2025-03-20
3920,512,2025-04-18,76.58,Due,2025-05-18
3921,5925,2024-11-15,445.59,Due,2024-12-15
3922,9793,2025-03-15,406.43,Overdue,2025-04-14
3923,8817,2024-12-27,423.88,Overdue,2025-01-26
3924,8177,2025-04-20,100.02,Paid,2025-05-20
3925,488,2024-12-25,279.88,Paid,2025-01-24
3926,3015,2025-03-04,431.31,Due,2025-04-03
3927,75,2024-06-22,485.73,Due,2024-07-22
3928,8260,2024-11-03,238.61,Overdue,2024-12-03
3929,4331,2025-01-21,37.76,Overdue,2025-02-20
3930,1418,2024-11-17,268.48,Overdue,2024-12-17
3931,8553,2024-08-22,77.33,Overdue,2024-09-21
3932,9980,2024-12-02,421.72,Overdue,2025-01-01
3933,3587,2024-07-11,324.92,Paid,2024-08-10
3934,6283,2024-08-04,485.4,Due,2024-09-03
3935,7380,2025-02-20,240.82,Paid,2025-03-22
3936,1925,2024-07-18,151.82,Paid,2024-08-17
3937,4655,2024-10-15,403.07,Overdue,2024-11-14
3938,2317,2024-12-21,145.99,Due,2025-01-20
3939,4806,2024-10-29,158.86,Due,2024-11-28
3940,479,2024-06-01,207.0,Paid,2024-07-01
3941,2705,2025-01-19,148.93,Paid,2025-02-18
3942,5237,2024-09-04,321.75,Overdue,2024-10-04
3943,3536,2024-08-08,193.99,Overdue,2024-09-07
3944,669,2025-02-20,48.29,Due,2025-03-22
3945,3581,2024-10-31,68.6,Overdue,2024-11-30
3946,781,2025-03-23,425.68,Paid,2025-04-22
3947,7325,2024-12-12,48.49,Overdue,2025-01-11
3948,7408,2025-04-09,330.2,Due,2025-05-09
3949,4814,2025-04-22,240.61,Paid,2025-05-22
3950,6086,2024-11-09,166.59,Overdue,2024-12-09
3951,2698,2024-12-02,182.12,Paid,2025-01-01
3952,2209,2024-07-18,379.93,Due,2024-08-17
3953,8550,2024-06-16,85.06,Overdue,2024-07-16
3954,1166,2025-01-20,260.9,Overdue,2025-02-19
3955,2049,2024-09-04,375.92,Overdue,2024-10-04
3956,1300,2024-11-26,382.09,Overdue,2024-12-26
3957,9212,2024-11-14,308.25,Paid,2024-12-14
3958,3630,2024-09-08,228.54,Paid,2024-10-08
3959,4653,2025-01-19,167.94,Overdue,2025-02-18
3960,1228,2025-02-23,19.23,Paid,2025-03-25
3961,4166,2025-03-28,72.76,Due,2025-04-27
3962,7835,2025-03-10,336.27,Due,2025-04-09
3963,2798,2025-03-15,340.78,Paid,2025-04-14
3964,4682,2024-09-10,412.44,Due,2024-10-10
3965,8352,2025-04-16,281.58,Paid,2025-05-16
3966,2265,2024-12-31,411.92,Due,2025-01-30
3967,2071,2024-07-22,170.81,Due,2024-08-21
3968,3880,2025-04-15,332.11,Paid,2025-05-15
3969,556,2025-02-15,51.81,Overdue,2025-03-17
3970,1358,2025-01-01,331.45,Paid,2025-01-31
3971,3615,2024-08-11,392.52,Overdue,2024-09-10
3972,8598,2024-05-01,433.35,Paid,2024-05-31
3973,1845,2024-05-31,129.82,Overdue,2024-06-30
3974,1184,2025-04-27,98.95,Overdue,2025-05-27
3975,8543,2024-11-18,173.54,Overdue,2024-12-18
3976,1920,2024-12-07,306.8,Overdue,2025-01-06
3977,4625,2024-09-04,151.88,Overdue,2024-10-04
3978,8603,2024-08-13,481.39,Overdue,2024-09-12
3979,5857,2024-11-11,91.0,Due,2024-12-11
3980,5560,2024-05-26,216.4,Overdue,2024-06-25
3981,3307,2024-09-18,353.28,Paid,2024-10-18
3982,4642,2024-07-12,390.07,Paid,2024-08-11
3983,5594,2024-05-30,110.94,Due,2024-06-29
3984,4580,2024-06-21,497.56,Due,2024-07-21
3985,1987,2024-12-02,92.93,Due,2025-01-01
3986,5560,2025-01-08,133.67,Overdue,2025-02-07
3987,1804,2025-02-21,302.32,Paid,2025-03-23
3988,4185,2024-10-24,428.48,Overdue,2024-11-23
3989,9991,2024-07-15,328.72,Due,2024-08-14
3990,4571,2025-04-07,185.93,Overdue,2025-05-07
3991,3161,2025-04-17,61.56,Due,2025-05-17
3992,1083,2024-05-07,108.26,Paid,2024-06-06
3993,7662,2024-06-23,245.09,Overdue,2024-07-23
3994,8218,2025-02-04,361.75,Paid,2025-03-06
3995,394,2024-09-08,365.06,Due,2024-10-08
3996,3422,2025-04-17,301.06,Due,2025-05-17
3997,3930,2025-01-01,463.65,Paid,2025-01-31
3998,9793,2024-08-12,399.24,Paid,2024-09-11
3999,1782,2024-11-20,201.08,Due,2024-12-20
4000,9263,2024-12-29,284.63,Overdue,2025-01-28
4001,3004,2024-12-04,72.66,Overdue,2025-01-03
4002,6970,2024-05-01,487.3,Due,2024-05-31
4003,4306,2025-02-10,51.97,Overdue,2025-03-12
4004,6750,2024-09-12,180.82,Due,2024-10-12
4005,990,2024-12-31,244.79,Overdue,2025-01-30
4006,1843,2024-12-28,482.24,Paid,2025-01-27
4007,3738,2024-10-29,111.65,Overdue,2024-11-28
4008,7780,2024-06-08,207.3,Overdue,2024-07-08
4009,6358,2025-03-19,208.0,Paid,2025-04-18
4010,1390,2024-05-04,94.54,Due,2024-06-03
4011,5400,2024-07-21,285.18,Due,2024-08-20
4012,9789,2024-12-06,214.53,Due,2025-01-05
4013,9773,2024-04-30,237.73,Paid,2024-05-30
4014,3615,2025-03-18,429.74,Paid,2025-04-17
4015,8846,2025-01-15,415.26,Overdue,2025-02-14
4016,69,2024-11-10,209.72,Due,2024-12-10
4017,2001,2025-03-15,328.59,Overdue,2025-04-14
4018,6428,2025-03-23,111.07,Paid,2025-04-22
4019,9739,2024-05-06,468.02,Paid,2024-06-05
4020,6923,2024-11-30,341.23,Overdue,2024-12-30
4021,9250,2024-05-25,382.19,Overdue,2024-06-24
4022,2169,2025-02-08,484.07,Overdue,2025-03-10
4023,6610,2024-12-09,468.21,Overdue,2025-01-08
4024,196,2024-10-16,389.63,Overdue,2024-11-15
4025,8288,2024-10-06,422.94,Due,2024-11-05
4026,20,2025-03-05,421.91,Overdue,2025-04-04
4027,6738,2024-07-17,243.94,Due,2024-08-16
4028,8020,2025-03-22,403.31,Paid,2025-04-21
4029,8059,2024-07-26,371.42,Due,2024-08-25
4030,9899,2024-10-17,184.5,Overdue,2024-11-16
4031,7203,2024-12-15,110.27,Paid,2025-01-14
4032,5248,2025-01-17,104.73,Due,2025-02-16
4033,1506,2024-11-29,22.77,Due,2024-12-29
4034,4176,2025-01-19,382.34,Paid,2025-02-18
4035,85,2024-10-19,126.87,Overdue,2024-11-18
4036,2603,2025-03-26,226.83,Overdue,2025-04-25
4037,764,2024-09-15,22.92,Due,2024-10-15
4038,7774,2024-10-09,423.73,Paid,2024-11-08
4039,5790,2024-10-27,44.73,Paid,2024-11-26
4040,2700,2024-09-03,407.25,Paid,2024-10-03
4041,3412,2024-08-30,477.15,Overdue,2024-09-29
4042,5711,2024-12-29,234.17,Paid,2025-01-28
4043,1829,2025-02-28,169.74,Paid,2025-03-30
4044,2852,2024-11-28,89.69,Paid,2024-12-28
4045,7857,2024-12-04,442.09,Due,2025-01-03
4046,9249,2025-04-30,166.23,Paid,2025-05-30
4047,9047,2025-01-24,415.47,Due,2025-02-23
4048,7848,2025-03-03,33.51,Due,2025-04-02
4049,5521,2025-01-19,33.46,Overdue,2025-02-18
4050,4156,2024-10-01,356.55,Overdue,2024-10-31
4051,4798,2024-12-30,434.27,Paid,2025-01-29
4052,3101,2024-07-28,116.86,Due,2024-08-27
4053,5817,2025-04-13,383.34,Paid,2025-05-13
4054,7902,2025-04-02,247.71,Due,2025-05-02
4055,3678,2024-12-25,401.74,Due,2025-01-24
4056,7394,2024-12-21,467.86,Overdue,2025-01-20
4057,1185,2024-09-30,444.05,Paid,2024-10-30
4058,9768,2025-03-05,488.72,Overdue,2025-04-04
4059,5701,2024-06-29,158.76,Overdue,2024-07-29
4060,4123,2025-01-16,289.24,Due,2025-02-15
4061,1455,2024-12-17,117.55,Due,2025-01-16
4062,8033,2024-10-09,84.96,Paid,2024-11-08
4063,4028,2025-04-13,156.21,Due,2025-05-13
4064,2343,2025-02-09,44.64,Overdue,2025-03-11
4065,5771,2024-12-27,415.5,Overdue,2025-01-26
4066,9578,2025-03-23,313.76,Overdue,2025-04-22
4067,5952,2024-11-25,68.91,Overdue,2024-12-25
4068,6550,2024-10-08,359.45,Overdue,2024-11-07
4069,9566,2024-06-22,265.95,Due,2024-07-22
4070,6690,2025-01-23,440.3,Paid,2025-02-22
4071,4015,2024-07-10,373.81,Paid,2024-08-09
4072,4340,2025-02-06,180.69,Overdue,2025-03-08
4073,5035,2025-02-04,136.92,Due,2025-03-06
4074,9610,2025-02-08,105.07,Overdue,2025-03-10
4075,5725,2024-08-27,271.08,Due,2024-09-26
4076,6718,2024-06-08,361.95,Overdue,2024-07-08
4077,1819,2024-10-17,244.37,Overdue,2024-11-16
4078,117,2024-07-21,91.06,Due,2024-08-20
4079,5502,2025-03-26,352.79,Overdue,2025-04-25
4080,3202,2024-12-09,45.58,Due,2025-01-08
4081,8749,2025-04-17,228.39,Overdue,2025-05-17
4082,4756,2024-06-05,402.53,Due,2024-07-05
4083,4463,2024-11-18,360.9,Due,2024-12-18
4084,4201,2025-03-16,152.89,Paid,2025-04-15
4085,9187,2024-07-10,283.39,Due,2024-08-09
4086,7357,2025-03-01,276.73,Due,2025-03-31
4087,2306,2024-12-27,463.37,Paid,2025-01-26
4088,3284,2025-01-25,189.05,Paid,2025-02-24
4089,1224,2024-11-24,413.33,Paid,2024-12-24
4090,6749,2025-02-19,348.19,Overdue,2025-03-21
4091,1023,2024-10-30,22.52,Due,2024-11-29
4092,7781,2024-05-18,22.41,Due,2024-06-17
4093,7219,2025-03-27,199.14,Due,2025-04-26
4094,3030,2024-08-13,394.16,Paid,2024-09-12
4095,5094,2024-07-01,321.9,Paid,2024-07-31
4096,3395,2024-10-12,212.24,Paid,2024-11-11
4097,800,2024-04-30,305.79,Paid,2024-05-30
4098,6855,2024-07-09,44.11,Due,2024-08-08
4099,4624,2024-06-20,297.06,Paid,2024-07-20
4100,5069,2024-06-26,461.25,Due,2024-07-26
4101,4100,2025-02-17,233.85,Due,2025-03-19
4102,4399,2025-04-15,330.39,Due,2025-05-15
4103,6119,2025-03-30,281.41,Due,2025-04-29
4104,4201,2025-01-15,37.41,Paid,2025-02-14
4105,9370,2024-11-11,384.63,Due,2024-12-11
4106,5770,2024-09-13,459.17,Due,2024-10-13
4107,825,2024-05-25,94.76,Due,2024-06-24
4108,8822,2024-06-02,63.24,Overdue,2024-07-02
4109,1443,2025-04-13,73.46,Paid,2025-05-13
4110,8182,2025-04-13,12.19,Due,2025-05-13
4111,1385,2025-01-20,92.35,Paid,2025-02-19
4112,9436,2025-01-16,30.83,Paid,2025-02-15
4113,5487,2025-04-29,456.93,Paid,2025-05-29
4114,3018,2024-07-27,494.84,Overdue,2024-08-26
4115,2030,2025-04-15,377.51,Overdue,2025-05-15
4116,4186,2025-04-05,192.12,Paid,2025-05-05
4117,9038,2024-08-13,168.57,Paid,2024-09-12
4118,7454,2025-01-17,144.08,Due,2025-02-16
4119,2328,2024-05-17,148.68,Paid,2024-06-16
4120,9925,2024-10-22,209.44,Paid,2024-11-21
4121,6578,2024-09-21,61.37,Due,2024-10-21
4122,1532,2024-06-12,353.68,Overdue,2024-07-12
4123,9828,2024-08-17,484.3,Paid,2024-09-16
4124,3875,2024-08-30,465.15,Paid,2024-09-29
4125,8851,2025-01-29,99.48,Paid,2025-02-28
4126,6580,2024-12-14,166.43,Due,2025-01-13
4127,1958,2024-10-08,17.88,Paid,2024-11-07
4128,6402,2024-10-24,354.42,Due,2024-11-23
4129,1497,2024-11-20,358.97,Due,2024-12-20
4130,3687,2024-11-07,498.21,Paid,2024-12-07
4131,1182,2024-11-21,137.9,Paid,2024-12-21
4132,3615,2024-08-20,395.28,Paid,2024-09-19
4133,178,2024-09-13,146.0,Overdue,2024-10-13
4134,7730,2025-01-25,209.87,Due,2025-02-24
4135,680,2024-07-11,372.61,Paid,2024-08-10
4136,1007,2024-09-06,21.89,Paid,2024-10-06
4137,6112,2024-08-07,288.37,Due,2024-09-06
4138,8103,2025-03-18,138.35,Due,2025-04-17
4139,3984,2025-01-11,266.79,Paid,2025-02-10
4140,176,2024-07-16,32.97,Paid,2024-08-15
4141,1794,2024-05-12,72.35,Overdue,2024-06-11
4142,5911,2024-05-31,418.86,Paid,2024-06-30
4143,4375,2025-03-03,239.47,Paid,2025-04-02
4144,753,2025-02-21,259.98,Overdue,2025-03-23
4145,3052,2024-10-15,269.54,Paid,2024-11-14
4146,8741,2024-07-06,430.29,Overdue,2024-08-05
4147,6428,2024-08-23,384.69,Overdue,2024-09-22
4148,443,2024-12-01,483.15,Due,2024-12-31
4149,9580,2024-05-26,151.54,Overdue,2024-06-25
4150,6936,2024-12-25,207.56,Due,2025-01-24
4151,7186,2024-08-31,143.77,Due,2024-09-30
4152,4241,2024-06-11,308.62,Paid,2024-07-11
4153,6310,2024-11-26,177.84,Paid,2024-12-26
4154,1870,2024-12-26,399.25,Paid,2025-01-25
4155,1538,2024-07-22,401.93,Overdue,2024-08-21
4156,7778,2024-09-09,426.64,Overdue,2024-10-09
4157,4451,2024-08-21,88.75,Overdue,2024-09-20
4158,9062,2024-12-04,267.35,Overdue,2025-01-03
4159,5373,2024-07-02,60.71,Paid,2024-08-01
4160,7352,2024-05-05,33.44,Paid,2024-06-04
4161,906,2024-12-01,431.8,Overdue,2024-12-31
4162,1766,2025-03-28,129.3,Overdue,2025-04-27
4163,8009,2025-03-09,143.14,Overdue,2025-04-08
4164,2753,2025-03-10,349.81,Overdue,2025-04-09
4165,1407,2024-11-26,440.94,Due,2024-12-26
4166,3412,2025-04-19,119.02,Paid,2025-05-19
4167,1306,2025-02-17,468.55,Paid,2025-03-19
4168,2763,2025-03-21,305.8,Due,2025-04-20
4169,2604,2024-06-05,224.9,Overdue,2024-07-05
4170,1029,2025-02-04,127.02,Due,2025-03-06
4171,2028,2024-09-29,371.22,Due,2024-10-29
4172,8473,2025-02-09,25.04,Due,2025-03-11
4173,9906,2025-02-09,72.82,Paid,2025-03-11
4174,2016,2024-05-12,178.76,Overdue,2024-06-11
4175,3428,2024-09-04,446.76,Due,2024-10-04
4176,5543,2024-07-12,160.06,Paid,2024-08-11
4177,3040,2024-08-31,38.14,Overdue,2024-09-30
4178,8220,2024-12-10,480.26,Due,2025-01-09
4179,5181,2025-03-09,305.95,Overdue,2025-04-08
4180,6591,2024-06-02,145.35,Due,2024-07-02
4181,3351,2024-10-12,434.44,Paid,2024-11-11
4182,9897,2024-06-04,315.54,Paid,2024-07-04
4183,3836,2024-09-19,100.55,Paid,2024-10-19
4184,3381,2024-11-09,18.19,Overdue,2024-12-09
4185,3166,2025-03-22,32.42,Due,2025-04-21
4186,8227,2024-09-27,461.53,Overdue,2024-10-27
4187,1617,2024-05-26,353.92,Due,2024-06-25
4188,296,2025-02-23,159.02,Overdue,2025-03-25
4189,3374,2025-03-10,336.83,Due,2025-04-09
4190,9308,2024-09-15,369.38,Overdue,2024-10-15
4191,3437,2025-04-29,238.36,Paid,2025-05-29
4192,6729,2024-05-03,207.59,Paid,2024-06-02
4193,9435,2024-08-23,71.95,Paid,2024-09-22
4194,1899,2025-01-19,40.53,Overdue,2025-02-18
4195,3150,2024-11-09,343.96,Paid,2024-12-09
4196,1181,2025-03-01,320.49,Due,2025-03-31
4197,2486,2024-10-22,146.17,Due,2024-11-21
4198,8793,2024-11-01,211.89,Overdue,2024-12-01
4199,6303,2025-04-28,33.69,Due,2025-05-28
4200,2827,2024-09-28,168.75,Paid,2024-10-28
4201,6789,2025-01-06,121.4,Due,2025-02-05
4202,3604,2025-02-14,435.28,Due,2025-03-16
4203,8114,2024-12-07,497.2,Due,2025-01-06
4204,4609,2024-11-07,68.72,Due,2024-12-07
4205,1655,2024-10-13,46.13,Paid,2024-11-12
4206,8374,2025-02-19,313.26,Overdue,2025-03-21
4207,1702,2025-04-26,32.69,Overdue,2025-05-26
4208,718,2025-04-11,256.35,Overdue,2025-05-11
4209,2615,2024-08-05,53.56,Overdue,2024-09-04
4210,6560,2024-09-13,242.18,Paid,2024-10-13
4211,2439,2025-01-17,82.54,Paid,2025-02-16
4212,485,2024-09-08,301.07,Paid,2024-10-08
4213,8899,2025-04-25,128.58,Paid,2025-05-25
4214,3802,2025-02-14,210.95,Overdue,2025-03-16
4215,4351,2024-11-13,240.29,Overdue,2024-12-13
4216,7613,2025-02-12,447.45,Overdue,2025-03-14
4217,7332,2024-09-30,125.11,Overdue,2024-10-30
4218,2513,2025-01-21,486.91,Due,2025-02-20
4219,6042,2024-08-19,492.65,Overdue,2024-09-18
4220,7785,2024-08-21,244.76,Paid,2024-09-20
4221,7071,2024-12-16,342.68,Due,2025-01-15
4222,149,2024-12-12,133.24,Overdue,2025-01-11
4223,2379,2025-01-21,383.91,Due,2025-02-20
4224,7756,2024-10-24,456.23,Paid,2024-11-23
4225,6321,2025-01-28,280.98,Paid,2025-02-27
4226,9893,2024-07-14,149.22,Due,2024-08-13
4227,3308,2024-07-12,372.5,Due,2024-08-11
4228,6431,2025-04-22,105.06,Overdue,2025-05-22
4229,4622,2025-01-12,230.97,Due,2025-02-11
4230,1063,2024-08-21,326.05,Due,2024-09-20
4231,2708,2024-06-26,304.02,Due,2024-07-26
4232,8270,2024-10-14,365.57,Paid,2024-11-13
4233,5420,2024-10-11,419.61,Paid,2024-11-10
4234,1619,2025-04-07,62.56,Paid,2025-05-07
4235,6507,2024-08-09,492.45,Due,2024-09-08
4236,8309,2024-09-23,92.51,Due,2024-10-23
4237,1663,2024-10-30,272.99,Due,2024-11-29
4238,3796,2025-04-13,246.92,Due,2025-05-13
4239,7792,2025-03-20,453.66,Paid,2025-04-19
4240,3046,2024-08-29,308.12,Overdue,2024-09-28
4241,8780,2025-01-13,30.88,Overdue,2025-02-12
4242,629,2024-12-26,26.52,Paid,2025-01-25
4243,8459,2025-04-29,463.28,Overdue,2025-05-29
4244,8907,2025-01-21,254.42,Paid,2025-02-20
4245,969,2024-11-14,115.18,Overdue,2024-12-14
4246,9428,2025-01-27,235.78,Overdue,2025-02-26
4247,1975,2024-10-14,443.05,Overdue,2024-11-13
4248,9343,2024-07-03,405.25,Paid,2024-08-02
4249,6676,2024-10-18,124.3,Due,2024-11-17
4250,7172,2024-07-14,376.13,Paid,2024-08-13
4251,2225,2024-05-25,11.06,Paid,2024-06-24
4252,7235,2024-07-26,308.21,Due,2024-08-25
4253,6732,2024-10-27,471.25,Paid,2024-11-26
4254,9510,2025-03-14,105.76,Due,2025-04-13
4255,1520,2025-03-04,383.21,Overdue,2025-04-03
4256,4957,2024-08-25,55.44,Due,2024-09-24
4257,7591,2024-11-18,253.92,Overdue,2024-12-18
4258,7277,2024-07-01,265.3,Overdue,2024-07-31
4259,9859,2025-04-07,142.67,Paid,2025-05-07
4260,1861,2025-02-21,405.92,Due,2025-03-23
4261,9875,2025-01-07,384.03,Paid,2025-02-06
4262,8859,2024-07-23,366.26,Overdue,2024-08-22
4263,6346,2025-04-17,345.84,Paid,2025-05-17
4264,8684,2025-03-22,123.51,Overdue,2025-04-21
4265,1053,2024-11-24,486.9,Due,2024-12-24
4266,2936,2025-04-07,71.34,Paid,2025-05-07
4267,6503,2024-08-05,239.58,Overdue,2024-09-04
4268,8514,2025-01-28,75.1,Due,2025-02-27
4269,7884,2024-07-26,484.92,Paid,2024-08-25
4270,1240,2024-12-01,110.25,Paid,2024-12-31
4271,3637,2024-09-22,155.99,Paid,2024-10-22
4272,5575,2024-09-12,189.02,Paid,2024-10-12
4273,8531,2024-12-03,421.0,Paid,2025-01-02
4274,2810,2024-06-29,95.13,Due,2024-07-29
4275,4319,2024-10-12,211.67,Paid,2024-11-11
4276,5938,2025-02-12,171.33,Paid,2025-03-14
4277,9547,2024-07-31,138.27,Due,2024-08-30
4278,2929,2024-06-09,208.73,Paid,2024-07-09
4279,4259,2024-12-30,171.12,Overdue,2025-01-29
4280,4621,2024-05-29,376.14,Due,2024-06-28
4281,5860,2024-06-06,370.35,Due,2024-07-06
4282,4891,2024-10-23,333.88,Paid,2024-11-22
4283,1988,2025-01-10,332.43,Overdue,2025-02-09
4284,2397,2024-12-11,413.53,Overdue,2025-01-10
4285,6285,2024-07-27,105.34,Paid,2024-08-26
4286,5011,2024-12-09,172.09,Due,2025-01-08
4287,6645,2025-03-09,351.28,Overdue,2025-04-08
4288,3622,2024-05-31,493.99,Overdue,2024-06-30
4289,251,2024-12-22,157.42,Due,2025-01-21
4290,6141,2024-09-03,499.9,Paid,2024-10-03
4291,4294,2024-12-11,101.51,Overdue,2025-01-10
4292,1872,2025-04-27,47.49,Overdue,2025-05-27
4293,3732,2025-01-10,366.96,Paid,2025-02-09
4294,5574,2024-06-18,352.08,Overdue,2024-07-18
4295,1084,2024-08-03,347.09,Paid,2024-09-02
4296,6783,2024-09-02,14.34,Due,2024-10-02
4297,2123,2024-06-02,484.01,Paid,2024-07-02
4298,7203,2024-12-29,207.39,Paid,2025-01-28
4299,773,2024-09-24,278.43,Overdue,2024-10-24
4300,2665,2024-08-09,399.35,Overdue,2024-09-08
4301,139,2024-09-26,338.87,Due,2024-10-26
4302,6705,2024-06-29,356.39,Paid,2024-07-29
4303,55,2025-02-11,165.04,Due,2025-03-13
4304,3131,2024-05-21,176.62,Overdue,2024-06-20
4305,8420,2024-11-23,94.71,Paid,2024-12-23
4306,8983,2025-02-27,322.08,Overdue,2025-03-29
4307,2760,2025-01-21,233.59,Due,2025-02-20
4308,9462,2025-04-16,474.11,Overdue,2025-05-16
4309,1071,2025-04-14,79.53,Paid,2025-05-14
4310,4798,2024-10-22,67.5,Overdue,2024-11-21
4311,7414,2025-01-15,122.57,Paid,2025-02-14
4312,1870,2024-12-12,445.81,Paid,2025-01-11
4313,6628,2024-11-30,486.47,Paid,2024-12-30
4314,2339,2025-01-07,315.25,Paid,2025-02-06
4315,7283,2024-12-03,291.58,Overdue,2025-01-02
4316,6902,2024-12-12,112.34,Due,2025-01-11
4317,6917,2025-01-29,327.63,Overdue,2025-02-28
4318,6473,2025-02-17,451.93,Overdue,2025-03-19
4319,6400,2024-06-29,386.89,Overdue,2024-07-29
4320,3604,2024-11-24,408.72,Overdue,2024-12-24
4321,7794,2024-07-24,79.12,Paid,2024-08-23
4322,2590,2024-10-24,38.19,Overdue,2024-11-23
4323,4130,2024-09-13,173.02,Paid,2024-10-13
4324,4295,2024-08-02,129.81,Overdue,2024-09-01
4325,3424,2024-09-19,20.95,Due,2024-10-19
4326,1323,2024-09-10,135.25,Paid,2024-10-10
4327,4437,2024-06-14,301.99,Paid,2024-07-14
4328,1777,2024-07-20,301.48,Overdue,2024-08-19
4329,4621,2024-11-19,67.12,Due,2024-12-19
4330,8523,2025-02-16,171.43,Overdue,2025-03-18
4331,8460,2024-12-19,170.12,Overdue,2025-01-18
4332,9591,2025-04-06,76.54,Paid,2025-05-06
4333,2469,2025-01-10,423.71,Overdue,2025-02-09
4334,2792,2025-03-13,456.19,Overdue,2025-04-12
4335,2079,2025-04-04,32.36,Overdue,2025-05-04
4336,6254,2024-09-06,56.12,Paid,2024-10-06
4337,9221,2025-02-03,291.85,Paid,2025-03-05
4338,7760,2025-02-05,182.32,Due,2025-03-07
4339,8838,2024-08-13,194.27,Overdue,2024-09-12
4340,2619,2024-09-13,388.12,Paid,2024-10-13
4341,5455,2024-12-06,33.35,Overdue,2025-01-05
4342,5020,2024-05-12,208.24,Paid,2024-06-11
4343,6380,2024-06-04,78.72,Paid,2024-07-04
4344,124,2024-06-01,317.23,Due,2024-07-01
4345,3232,2024-08-13,259.64,Due,2024-09-12
4346,2717,2024-05-06,24.89,Due,2024-06-05
4347,3924,2024-07-23,23.56,Paid,2024-08-22
4348,3351,2024-05-08,141.37,Overdue,2024-06-07
4349,2456,2025-03-28,32.63,Paid,2025-04-27
4350,7424,2024-11-05,195.4,Paid,2024-12-05
4351,8420,2025-02-16,252.53,Paid,2025-03-18
4352,2325,2024-08-31,426.89,Paid,2024-09-30
4353,8742,2024-06-14,52.72,Paid,2024-07-14
4354,1524,2025-03-21,76.47,Paid,2025-04-20
4355,7850,2025-01-28,141.53,Due,2025-02-27
4356,9000,2024-12-05,465.03,Overdue,2025-01-04
4357,6280,2025-04-30,172.04,Due,2025-05-30
4358,4285,2024-10-17,333.85,Due,2024-11-16
4359,9750,2025-04-28,269.81,Paid,2025-05-28
4360,8842,2024-08-05,74.76,Paid,2024-09-04
4361,6307,2024-06-15,445.1,Paid,2024-07-15
4362,3863,2025-04-01,429.38,Overdue,2025-05-01
4363,6146,2024-07-22,77.75,Overdue,2024-08-21
4364,8877,2024-06-20,305.59,Paid,2024-07-20
4365,9235,2024-08-24,36.93,Overdue,2024-09-23
4366,8121,2024-09-14,198.34,Paid,2024-10-14
4367,4988,2024-07-28,40.31,Due,2024-08-27
4368,2237,2024-07-07,478.46,Paid,2024-08-06
4369,526,2025-02-10,132.29,Overdue,2025-03-12
4370,758,2025-01-28,90.36,Due,2025-02-27
4371,7305,2024-12-25,46.88,Overdue,2025-01-24
4372,4456,2024-12-06,132.49,Paid,2025-01-05
4373,1034,2024-12-23,23.6,Overdue,2025-01-22
4374,4482,2025-02-28,474.79,Paid,2025-03-30
4375,887,2024-10-09,449.28,Overdue,2024-11-08
4376,4589,2024-09-17,292.74,Overdue,2024-10-17
4377,4496,2024-06-10,488.11,Due,2024-07-10
4378,9504,2024-11-11,282.21,Overdue,2024-12-11
4379,8158,2025-01-22,254.41,Paid,2025-02-21
4380,9326,2025-04-07,82.1,Due,2025-05-07
4381,6666,2024-06-11,220.72,Paid,2024-07-11
4382,8065,2025-03-09,495.31,Paid,2025-04-08
4383,4336,2024-05-16,379.4,Due,2024-06-15
4384,9353,2024-11-17,474.2,Paid,2024-12-17
4385,9501,2025-04-30,365.06,Paid,2025-05-30
4386,4776,2025-01-21,180.74,Overdue,2025-02-20
4387,4747,2024-09-06,90.35,Paid,2024-10-06
4388,2457,2024-07-30,439.31,Due,2024-08-29
4389,807,2024-11-24,273.67,Due,2024-12-24
4390,9232,2024-11-12,97.03,Paid,2024-12-12
4391,5256,2024-09-09,59.66,Paid,2024-10-09
4392,8160,2024-10-10,207.2,Due,2024-11-09
4393,909,2024-09-03,142.45,Paid,2024-10-03
4394,9889,2025-02-12,67.52,Paid,2025-03-14
4395,9232,2024-11-01,106.54,Paid,2024-12-01
4396,3626,2025-03-05,123.8,Paid,2025-04-04
4397,6702,2025-01-30,214.75,Overdue,2025-03-01
4398,6316,2025-03-23,323.84,Paid,2025-04-22
4399,5043,2024-09-14,70.28,Due,2024-10-14
4400,899,2025-03-30,432.75,Due,2025-04-29
4401,2556,2024-05-01,233.58,Overdue,2024-05-31
4402,9526,2024-12-10,472.18,Paid,2025-01-09
4403,4407,2024-07-31,246.59,Overdue,2024-08-30
4404,4123,2024-10-02,33.5,Due,2024-11-01
4405,3061,2024-12-03,292.04,Paid,2025-01-02
4406,7416,2025-04-24,215.4,Overdue,2025-05-24
4407,1437,2024-04-30,470.08,Due,2024-05-30
4408,9117,2024-06-18,29.36,Overdue,2024-07-18
4409,9992,2025-02-25,451.21,Overdue,2025-03-27
4410,1339,2025-03-16,206.19,Paid,2025-04-15
4411,5212,2024-12-28,415.94,Due,2025-01-27
4412,4792,2024-05-01,368.16,Due,2024-05-31
4413,8077,2024-08-12,295.62,Paid,2024-09-11
4414,8461,2024-10-05,268.08,Paid,2024-11-04
4415,8260,2024-07-30,59.88,Paid,2024-08-29
4416,2810,2024-11-27,266.64,Paid,2024-12-27
4417,2136,2025-04-30,458.77,Paid,2025-05-30
4418,6987,2024-09-26,205.7,Paid,2024-10-26
4419,6303,2024-05-03,52.68,Due,2024-06-02
4420,5103,2024-10-07,268.12,Paid,2024-11-06
4421,5054,2024-05-16,201.43,Due,2024-06-15
4422,9862,2024-07-01,397.03,Due,2024-07-31
4423,2326,2024-10-15,252.18,Paid,2024-11-14
4424,5542,2024-05-28,385.9,Due,2024-06-27
4425,8514,2024-09-27,193.55,Due,2024-10-27
4426,8675,2024-07-23,429.68,Overdue,2024-08-22
4427,6505,2024-08-16,362.4,Overdue,2024-09-15
4428,3534,2025-02-28,52.09,Overdue,2025-03-30
4429,3887,2025-01-02,32.91,Overdue,2025-02-01
4430,3782,2024-12-14,351.94,Paid,2025-01-13
4431,7896,2024-09-14,213.25,Paid,2024-10-14
4432,1072,2024-11-22,268.36,Paid,2024-12-22
4433,238,2024-05-31,117.54,Paid,2024-06-30
4434,6567,2025-01-22,33.83,Due,2025-02-21
4435,140,2024-07-27,320.77,Paid,2024-08-26
4436,5346,2024-04-30,239.13,Paid,2024-05-30
4437,7438,2024-10-05,418.69,Paid,2024-11-04
4438,622,2024-11-18,205.13,Paid,2024-12-18
4439,7214,2024-11-07,48.21,Due,2024-12-07
4440,7146,2024-11-27,258.81,Due,2024-12-27
4441,3572,2024-09-08,68.08,Paid,2024-10-08
4442,7928,2025-02-20,13.08,Paid,2025-03-22
4443,3865,2024-06-13,345.56,Paid,2024-07-13
4444,7604,2024-09-08,424.89,Overdue,2024-10-08
4445,7546,2025-01-12,429.52,Paid,2025-02-11
4446,5004,2025-03-13,344.71,Due,2025-04-12
4447,5453,2024-09-27,412.25,Due,2024-10-27
4448,1169,2024-06-24,136.33,Paid,2024-07-24
4449,784,2024-07-10,194.4,Due,2024-08-09
4450,805,2024-11-23,239.32,Paid,2024-12-23
4451,2675,2024-10-04,245.29,Due,2024-11-03
4452,1850,2024-09-21,357.37,Due,2024-10-21
4453,5664,2024-08-30,243.79,Paid,2024-09-29
4454,3779,2025-04-11,419.23,Due,2025-05-11
4455,3404,2024-11-24,314.65,Paid,2024-12-24
4456,4616,2024-08-13,479.18,Due,2024-09-12
4457,9884,2024-05-17,20.38,Overdue,2024-06-16
4458,3493,2025-03-29,58.53,Due,2025-04-28
4459,8655,2025-03-28,340.31,Due,2025-04-27
4460,6299,2024-10-31,460.56,Paid,2024-11-30
4461,6926,2025-01-20,92.6,Overdue,2025-02-19
4462,9386,2024-04-30,42.53,Due,2024-05-30
4463,9215,2025-04-19,366.42,Due,2025-05-19
4464,1819,2024-10-07,479.65,Paid,2024-11-06
4465,6026,2025-02-12,338.17,Due,2025-03-14
4466,9285,2024-10-09,141.35,Overdue,2024-11-08
4467,3551,2024-07-06,445.8,Overdue,2024-08-05
4468,7008,2025-01-23,175.3,Due,2025-02-22
4469,5874,2025-03-28,262.83,Paid,2025-04-27
4470,5641,2024-05-19,125.22,Due,2024-06-18
4471,9275,2024-10-10,415.01,Due,2024-11-09
4472,1119,2024-05-01,128.38,Due,2024-05-31
4473,8842,2024-08-05,351.54,Paid,2024-09-04
4474,6292,2024-10-16,436.2,Due,2024-11-15
4475,7612,2024-07-28,340.15,Paid,2024-08-27
4476,4352,2024-06-18,248.72,Due,2024-07-18
4477,9058,2025-04-12,367.56,Due,2025-05-12
4478,2078,2024-09-25,156.63,Due,2024-10-25
4479,8380,2024-10-09,288.95,Paid,2024-11-08
4480,4511,2024-07-05,199.56,Paid,2024-08-04
4481,3156,2024-11-10,378.63,Overdue,2024-12-10
4482,606,2024-08-18,414.81,Due,2024-09-17
4483,1220,2024-05-15,457.47,Overdue,2024-06-14
4484,2773,2025-01-13,493.76,Overdue,2025-02-12
4485,339,2024-07-18,275.01,Paid,2024-08-17
4486,7516,2024-12-06,121.81,Paid,2025-01-05
4487,6491,2024-12-23,183.48,Overdue,2025-01-22
4488,8818,2025-03-18,33.6,Due,2025-04-17
4489,1702,2024-11-02,43.6,Paid,2024-12-02
4490,7737,2025-02-03,338.66,Paid,2025-03-05
4491,2908,2024-12-30,62.06,Overdue,2025-01-29
4492,8858,2024-07-14,37.98,Paid,2024-08-13
4493,1587,2025-01-23,377.85,Due,2025-02-22
4494,4146,2025-01-27,318.06,Due,2025-02-26
4495,9035,2024-08-22,310.32,Paid,2024-09-21
4496,5286,2025-04-12,210.99,Paid,2025-05-12
4497,6610,2024-11-08,462.12,Overdue,2024-12-08
4498,8471,2024-07-05,476.33,Due,2024-08-04
4499,5916,2024-11-29,83.27,Due,2024-12-29
4500,3716,2024-12-22,83.62,Overdue,2025-01-21
4501,9205,2024-11-03,85.97,Overdue,2024-12-03
4502,3317,2024-08-19,227.71,Overdue,2024-09-18
4503,2900,2024-08-27,438.87,Overdue,2024-09-26
4504,5954,2024-10-22,32.4,Due,2024-11-21
4505,3582,2025-04-07,133.32,Due,2025-05-07
4506,5783,2024-10-04,97.41,Overdue,2024-11-03
4507,9955,2024-09-16,131.74,Paid,2024-10-16
4508,3257,2025-03-07,30.32,Paid,2025-04-06
4509,4904,2025-01-21,440.82,Due,2025-02-20
4510,6576,2024-10-07,47.49,Due,2024-11-06
4511,6211,2024-05-25,446.17,Due,2024-06-24
4512,8642,2025-03-04,257.74,Due,2025-04-03
4513,1642,2025-02-16,306.93,Overdue,2025-03-18
4514,1549,2025-02-28,450.78,Due,2025-03-30
4515,6917,2024-07-19,352.15,Overdue,2024-08-18
4516,7922,2024-11-02,158.57,Overdue,2024-12-02
4517,7528,2025-03-29,112.87,Due,2025-04-28
4518,758,2025-04-11,265.08,Overdue,2025-05-11
4519,8684,2024-07-31,485.68,Paid,2024-08-30
4520,4714,2025-01-01,263.27,Paid,2025-01-31
4521,8594,2025-03-02,435.52,Paid,2025-04-01
4522,7780,2024-12-02,335.18,Overdue,2025-01-01
4523,551,2024-12-11,60.7,Paid,2025-01-10
4524,9269,2024-11-08,21.66,Due,2024-12-08
4525,6679,2024-07-31,371.34,Due,2024-08-30
4526,9865,2025-04-01,247.36,Due,2025-05-01
4527,8146,2025-04-09,337.07,Overdue,2025-05-09
4528,8057,2024-12-31,106.71,Paid,2025-01-30
4529,2973,2025-03-26,253.49,Paid,2025-04-25
4530,8065,2024-05-03,301.13,Paid,2024-06-02
4531,8544,2024-07-19,38.15,Paid,2024-08-18
4532,6709,2024-11-03,319.4,Due,2024-12-03
4533,9624,2024-11-23,77.13,Paid,2024-12-23
4534,4727,2025-02-01,373.02,Paid,2025-03-03
4535,926,2024-11-22,323.25,Overdue,2024-12-22
4536,1821,2025-03-12,235.16,Paid,2025-04-11
4537,682,2024-07-29,294.4,Due,2024-08-28
4538,7663,2025-04-05,142.69,Paid,2025-05-05
4539,4615,2024-08-16,190.54,Paid,2024-09-15
4540,801,2024-12-03,128.7,Overdue,2025-01-02
4541,4554,2024-10-16,155.21,Due,2024-11-15
4542,4356,2024-06-18,344.01,Paid,2024-07-18
4543,9415,2025-03-06,37.44,Paid,2025-04-05
4544,9745,2025-02-28,273.67,Paid,2025-03-30
4545,7627,2025-03-28,261.62,Paid,2025-04-27
4546,8921,2025-02-20,15.0,Overdue,2025-03-22
4547,5569,2024-11-24,414.33,Due,2024-12-24
4548,2137,2024-11-01,249.55,Due,2024-12-01
4549,1709,2024-05-13,447.73,Paid,2024-06-12
4550,5363,2024-08-02,102.58,Overdue,2024-09-01
4551,8638,2025-03-05,10.01,Overdue,2025-04-04
4552,7807,2024-12-30,66.72,Paid,2025-01-29
4553,1274,2025-04-29,335.46,Paid,2025-05-29
4554,6991,2025-02-06,254.6,Overdue,2025-03-08
4555,3402,2024-06-30,169.08,Paid,2024-07-30
4556,2785,2024-07-22,206.03,Due,2024-08-21
4557,5920,2024-10-17,410.48,Overdue,2024-11-16
4558,1075,2025-03-23,264.53,Overdue,2025-04-22
4559,9040,2024-09-23,184.74,Overdue,2024-10-23
4560,6710,2024-11-08,161.63,Due,2024-12-08
4561,4897,2024-10-07,36.5,Overdue,2024-11-06
4562,8182,2024-05-29,128.53,Due,2024-06-28
4563,2644,2024-07-28,325.18,Overdue,2024-08-27
4564,9114,2024-06-23,67.87,Due,2024-07-23
4565,7400,2025-04-06,346.0,Paid,2025-05-06
4566,7155,2024-10-11,206.2,Paid,2024-11-10
4567,3318,2024-09-08,320.61,Paid,2024-10-08
4568,5061,2024-09-05,222.67,Due,2024-10-05
4569,962,2025-03-01,153.18,Paid,2025-03-31
4570,7052,2024-10-09,79.77,Due,2024-11-08
4571,1682,2024-09-06,416.13,Paid,2024-10-06
4572,7831,2025-01-10,256.07,Paid,2025-02-09
4573,3701,2025-03-04,355.47,Paid,2025-04-03
4574,1155,2024-08-09,231.14,Due,2024-09-08
4575,9308,2024-06-08,343.23,Due,2024-07-08
4576,6690,2024-06-11,244.79,Paid,2024-07-11
4577,4874,2024-06-25,262.53,Overdue,2024-07-25
4578,8053,2025-03-23,398.47,Paid,2025-04-22
4579,531,2024-07-28,364.09,Overdue,2024-08-27
4580,5237,2024-07-28,156.95,Due,2024-08-27
4581,3405,2024-10-22,125.02,Paid,2024-11-21
4582,6337,2025-01-27,156.81,Due,2025-02-26
4583,7013,2024-10-25,185.57,Overdue,2024-11-24
4584,8277,2024-11-18,313.32,Overdue,2024-12-18
4585,297,2024-05-21,387.63,Due,2024-06-20
4586,6160,2024-11-18,162.29,Paid,2024-12-18
4587,9325,2024-11-26,437.97,Overdue,2024-12-26
4588,2896,2025-01-30,91.23,Overdue,2025-03-01
4589,4473,2025-02-12,270.63,Paid,2025-03-14
4590,1879,2025-04-28,79.83,Overdue,2025-05-28
4591,8282,2025-02-18,62.89,Due,2025-03-20
4592,6033,2024-09-22,259.33,Paid,2024-10-22
4593,9265,2024-05-19,428.16,Overdue,2024-06-18
4594,607,2024-08-08,116.93,Overdue,2024-09-07
4595,8293,2024-08-24,150.88,Paid,2024-09-23
4596,5619,2024-06-02,367.68,Due,2024-07-02
4597,4277,2025-02-08,465.28,Paid,2025-03-10
4598,5559,2025-04-29,348.44,Due,2025-05-29
4599,6563,2024-08-12,117.59,Overdue,2024-09-11
4600,6987,2024-09-11,483.48,Paid,2024-10-11
4601,8797,2025-03-09,297.99,Paid,2025-04-08
4602,4118,2024-06-06,172.15,Due,2024-07-06
4603,2679,2024-08-28,101.69,Due,2024-09-27
4604,6154,2025-01-02,468.98,Due,2025-02-01
4605,344,2024-09-18,252.28,Due,2024-10-18
4606,3388,2025-03-05,439.14,Overdue,2025-04-04
4607,3866,2024-04-30,337.67,Paid,2024-05-30
4608,4865,2024-08-06,499.11,Overdue,2024-09-05
4609,5885,2024-08-04,166.47,Paid,2024-09-03
4610,5033,2025-04-14,310.69,Overdue,2025-05-14
4611,8337,2024-10-31,88.0,Overdue,2024-11-30
4612,6914,2024-08-10,491.33,Due,2024-09-09
4613,8875,2024-06-10,394.5,Overdue,2024-07-10
4614,8998,2024-06-13,365.62,Paid,2024-07-13
4615,599,2025-02-01,386.86,Due,2025-03-03
4616,7546,2024-07-05,70.76,Due,2024-08-04
4617,6993,2024-05-26,109.78,Overdue,2024-06-25
4618,3132,2025-03-11,86.67,Paid,2025-04-10
4619,754,2024-09-25,309.83,Paid,2024-10-25
4620,4610,2024-08-02,187.56,Paid,2024-09-01
4621,4183,2024-04-30,232.89,Overdue,2024-05-30
4622,9824,2024-09-06,126.5,Due,2024-10-06
4623,5425,2024-09-03,272.36,Overdue,2024-10-03
4624,1865,2025-03-09,430.26,Due,2025-04-08
4625,8820,2024-07-22,105.58,Due,2024-08-21
4626,8107,2024-08-23,282.66,Overdue,2024-09-22
4627,1718,2025-02-14,187.29,Due,2025-03-16
4628,6506,2024-07-23,467.35,Due,2024-08-22
4629,2637,2024-11-22,260.2,Overdue,2024-12-22
4630,2889,2024-08-22,118.49,Overdue,2024-09-21
4631,2629,2025-03-28,120.41,Overdue,2025-04-27
4632,8140,2025-02-21,411.99,Paid,2025-03-23
4633,448,2025-04-16,447.79,Overdue,2025-05-16
4634,72,2024-07-25,101.83,Overdue,2024-08-24
4635,1033,2024-08-11,413.22,Overdue,2024-09-10
4636,8269,2025-03-18,340.0,Overdue,2025-04-17
4637,4979,2024-07-31,426.67,Overdue,2024-08-30
4638,7900,2024-10-05,294.54,Due,2024-11-04
4639,144,2024-05-19,359.87,Overdue,2024-06-18
4640,7516,2024-12-08,461.53,Due,2025-01-07
4641,1290,2024-09-20,215.81,Paid,2024-10-20
4642,5572,2024-10-16,351.1,Paid,2024-11-15
4643,3111,2024-08-12,496.94,Paid,2024-09-11
4644,549,2024-12-04,113.74,Due,2025-01-03
4645,2942,2024-06-02,363.06,Overdue,2024-07-02
4646,2406,2024-08-13,238.17,Due,2024-09-12
4647,9824,2024-10-11,290.09,Overdue,2024-11-10
4648,6497,2025-03-13,161.63,Overdue,2025-04-12
4649,2875,2024-05-09,55.01,Overdue,2024-06-08
4650,8344,2025-01-13,438.81,Overdue,2025-02-12
4651,3153,2024-11-10,458.44,Overdue,2024-12-10
4652,6200,2024-09-13,456.5,Overdue,2024-10-13
4653,6224,2025-02-14,498.32,Due,2025-03-16
4654,5525,2024-11-14,118.75,Paid,2024-12-14
4655,697,2025-04-12,13.45,Overdue,2025-05-12
4656,5799,2024-10-17,232.2,Due,2024-11-16
4657,9197,2025-03-17,201.82,Overdue,2025-04-16
4658,1075,2024-12-29,34.11,Overdue,2025-01-28
4659,8048,2024-11-20,327.17,Paid,2024-12-20
4660,6236,2024-07-24,73.83,Paid,2024-08-23
4661,643,2024-10-07,57.18,Overdue,2024-11-06
4662,1143,2024-11-05,390.85,Overdue,2024-12-05
4663,6168,2025-04-25,235.65,Due,2025-05-25
4664,1595,2024-09-02,85.46,Paid,2024-10-02
4665,1979,2024-07-26,468.86,Due,2024-08-25
4666,3863,2024-07-18,376.84,Due,2024-08-17
4667,9226,2024-11-29,195.31,Overdue,2024-12-29
4668,6465,2025-04-01,220.04,Overdue,2025-05-01
4669,6391,2025-01-16,54.31,Overdue,2025-02-15
4670,4388,2024-06-24,108.52,Overdue,2024-07-24
4671,1528,2024-10-09,60.68,Paid,2024-11-08
4672,3974,2024-06-02,312.81,Paid,2024-07-02
4673,1905,2025-02-24,486.29,Paid,2025-03-26
4674,9119,2024-12-28,462.83,Paid,2025-01-27
4675,2284,2024-12-22,156.15,Overdue,2025-01-21
4676,4571,2025-02-24,235.08,Due,2025-03-26
4677,4330,2024-10-14,31.22,Paid,2024-11-13
4678,1670,2025-04-21,21.38,Paid,2025-05-21
4679,3737,2024-11-01,56.16,Due,2024-12-01
4680,8147,2024-07-11,497.25,Overdue,2024-08-10
4681,7230,2024-05-19,467.26,Overdue,2024-06-18
4682,1753,2025-01-06,267.47,Paid,2025-02-05
4683,947,2024-11-09,448.25,Overdue,2024-12-09
4684,3002,2024-05-19,121.04,Paid,2024-06-18
4685,7514,2024-09-01,64.36,Due,2024-10-01
4686,3665,2024-10-27,348.95,Overdue,2024-11-26
4687,2414,2024-05-05,107.05,Due,2024-06-04
4688,1036,2025-01-04,104.32,Overdue,2025-02-03
4689,8944,2025-03-15,300.89,Paid,2025-04-14
4690,5334,2024-06-02,232.15,Overdue,2024-07-02
4691,6745,2024-09-07,348.59,Paid,2024-10-07
4692,953,2025-04-17,410.81,Paid,2025-05-17
4693,6280,2025-04-12,225.22,Overdue,2025-05-12
4694,4106,2025-02-02,278.59,Paid,2025-03-04
4695,1865,2025-04-23,262.67,Due,2025-05-23
4696,9471,2024-12-22,389.7,Paid,2025-01-21
4697,5145,2024-11-20,197.75,Overdue,2024-12-20
4698,6602,2024-09-26,140.21,Paid,2024-10-26
4699,1096,2024-07-16,150.48,Overdue,2024-08-15
4700,7897,2024-05-07,364.64,Due,2024-06-06
4701,1503,2024-06-05,31.81,Paid,2024-07-05
4702,8628,2025-02-15,450.7,Paid,2025-03-17
4703,918,2025-01-05,122.66,Due,2025-02-04
4704,4634,2025-01-26,220.17,Overdue,2025-02-25
4705,4354,2025-02-06,127.77,Paid,2025-03-08
4706,6629,2024-10-19,464.85,Due,2024-11-18
4707,6430,2024-12-04,407.64,Paid,2025-01-03
4708,1998,2024-05-07,58.79,Paid,2024-06-06
4709,2076,2024-11-29,79.05,Overdue,2024-12-29
4710,5140,2025-01-09,56.01,Due,2025-02-08
4711,477,2024-05-22,455.17,Paid,2024-06-21
4712,9367,2025-02-25,372.81,Overdue,2025-03-27
4713,4622,2024-12-22,248.08,Overdue,2025-01-21
4714,7962,2025-04-21,240.53,Overdue,2025-05-21
4715,356,2024-05-04,330.96,Paid,2024-06-03
4716,5707,2024-11-05,318.09,Paid,2024-12-05
4717,1809,2024-11-28,280.31,Paid,2024-12-28
4718,2308,2025-02-24,174.01,Paid,2025-03-26
4719,4740,2024-06-03,302.25,Due,2024-07-03
4720,2945,2025-04-17,469.12,Due,2025-05-17
4721,166,2024-12-28,77.16,Overdue,2025-01-27
4722,4066,2024-05-28,128.99,Overdue,2024-06-27
4723,8637,2024-06-19,26.67,Overdue,2024-07-19
4724,7277,2024-10-13,449.33,Due,2024-11-12
4725,9232,2025-02-09,297.07,Due,2025-03-11
4726,6532,2024-08-25,104.13,Due,2024-09-24
4727,2068,2024-12-29,391.57,Due,2025-01-28
4728,8503,2024-07-15,264.64,Paid,2024-08-14
4729,2575,2024-08-30,482.71,Paid,2024-09-29
4730,3261,2024-06-20,332.09,Paid,2024-07-20
4731,3792,2025-04-25,379.45,Paid,2025-05-25
4732,5707,2025-04-18,187.14,Overdue,2025-05-18
4733,2563,2024-10-21,276.94,Paid,2024-11-20
4734,1553,2024-07-27,223.32,Paid,2024-08-26
4735,324,2024-10-05,197.74,Due,2024-11-04
4736,4054,2024-08-20,182.07,Due,2024-09-19
4737,8318,2024-12-09,62.14,Paid,2025-01-08
4738,1950,2025-04-12,441.88,Paid,2025-05-12
4739,6625,2024-05-20,21.82,Paid,2024-06-19
4740,8771,2024-05-24,444.76,Paid,2024-06-23
4741,4190,2024-10-26,31.9,Due,2024-11-25
4742,8789,2025-04-12,373.66,Due,2025-05-12
4743,5768,2024-05-06,347.5,Due,2024-06-05
4744,2840,2024-12-24,317.2,Overdue,2025-01-23
4745,2734,2024-12-11,238.3,Paid,2025-01-10
4746,1349,2025-01-21,256.15,Overdue,2025-02-20
4747,2309,2024-11-19,223.74,Overdue,2024-12-19
4748,8985,2024-09-24,48.89,Overdue,2024-10-24
4749,7069,2025-02-12,484.33,Overdue,2025-03-14
4750,6160,2024-07-16,215.39,Paid,2024-08-15
4751,1413,2025-01-18,272.02,Due,2025-02-17
4752,5567,2024-09-30,359.33,Due,2024-10-30
4753,7446,2024-08-21,444.19,Paid,2024-09-20
4754,4758,2024-12-02,359.21,Due,2025-01-01
4755,9524,2024-06-15,329.42,Due,2024-07-15
4756,6466,2024-06-12,365.46,Paid,2024-07-12
4757,561,2025-04-12,373.91,Overdue,2025-05-12
4758,9139,2024-05-15,450.14,Overdue,2024-06-14
4759,8739,2024-08-23,473.98,Due,2024-09-22
4760,204,2025-02-15,485.67,Overdue,2025-03-17
4761,7354,2024-09-22,412.88,Overdue,2024-10-22
4762,5608,2024-07-12,414.29,Paid,2024-08-11
4763,6559,2024-10-25,213.44,Overdue,2024-11-24
4764,8893,2024-05-21,410.66,Paid,2024-06-20
4765,3351,2024-11-05,98.07,Overdue,2024-12-05
4766,4460,2024-07-24,443.81,Overdue,2024-08-23
4767,3137,2024-06-21,482.96,Paid,2024-07-21
4768,3524,2025-03-25,185.43,Overdue,2025-04-24
4769,8560,2024-09-29,163.63,Due,2024-10-29
4770,2088,2025-01-15,326.48,Due,2025-02-14
4771,4556,2024-10-26,56.35,Paid,2024-11-25
4772,8483,2024-10-14,193.93,Overdue,2024-11-13
4773,2731,2025-02-17,291.0,Overdue,2025-03-19
4774,3020,2024-10-09,66.04,Overdue,2024-11-08
4775,2118,2025-01-13,292.17,Due,2025-02-12
4776,9673,2024-08-13,34.78,Due,2024-09-12
4777,9126,2024-09-05,27.2,Paid,2024-10-05
4778,248,2024-07-03,118.28,Paid,2024-08-02
4779,8987,2025-04-29,40.11,Paid,2025-05-29
4780,2960,2024-12-31,198.02,Overdue,2025-01-30
4781,5808,2024-10-05,54.58,Overdue,2024-11-04
4782,6430,2025-01-30,401.15,Overdue,2025-03-01
4783,6861,2024-10-10,470.27,Due,2024-11-09
4784,6886,2025-03-09,262.83,Overdue,2025-04-08
4785,5479,2025-01-06,499.71,Due,2025-02-05
4786,5863,2024-09-28,305.7,Paid,2024-10-28
4787,1718,2024-12-17,432.32,Due,2025-01-16
4788,3505,2024-11-01,363.97,Due,2024-12-01
4789,8045,2024-09-21,370.12,Paid,2024-10-21
4790,1866,2024-09-25,264.58,Paid,2024-10-25
4791,5069,2025-03-19,49.02,Overdue,2025-04-18
4792,7050,2024-07-02,475.63,Overdue,2024-08-01
4793,9510,2024-07-12,189.25,Paid,2024-08-11
4794,39,2025-04-07,370.3,Overdue,2025-05-07
4795,6825,2024-05-28,56.11,Due,2024-06-27
4796,7619,2024-11-10,281.35,Overdue,2024-12-10
4797,6348,2024-10-22,238.81,Due,2024-11-21
4798,6889,2025-04-01,46.35,Due,2025-05-01
4799,2067,2025-01-08,241.61,Due,2025-02-07
4800,8610,2025-04-10,267.96,Due,2025-05-10
4801,3454,2025-04-17,395.58,Due,2025-05-17
4802,7216,2025-04-12,220.06,Overdue,2025-05-12
4803,9258,2024-06-14,334.15,Paid,2024-07-14
4804,9414,2024-10-14,266.92,Overdue,2024-11-13
4805,3360,2024-06-08,324.18,Due,2024-07-08
4806,2192,2024-12-30,21.57,Paid,2025-01-29
4807,431,2024-10-02,418.53,Due,2024-11-01
4808,4957,2024-12-18,84.11,Due,2025-01-17
4809,8950,2024-08-13,163.15,Paid,2024-09-12
4810,6195,2025-01-06,319.74,Paid,2025-02-05
4811,602,2024-07-25,154.57,Paid,2024-08-24
4812,5590,2024-08-26,462.53,Paid,2024-09-25
4813,9160,2025-02-02,125.64,Overdue,2025-03-04
4814,1177,2024-12-09,200.24,Due,2025-01-08
4815,7066,2024-05-15,115.3,Due,2024-06-14
4816,9057,2024-12-17,53.49,Due,2025-01-16
4817,2705,2025-03-13,343.27,Overdue,2025-04-12
4818,3730,2024-06-11,263.63,Overdue,2024-07-11
4819,8393,2024-12-07,83.78,Due,2025-01-06
4820,2262,2024-07-06,157.56,Overdue,2024-08-05
4821,9096,2024-12-23,16.54,Paid,2025-01-22
4822,9665,2024-09-28,441.37,Paid,2024-10-28
4823,8587,2025-03-10,384.89,Paid,2025-04-09
4824,8629,2024-12-22,391.43,Paid,2025-01-21
4825,7304,2025-03-22,170.4,Due,2025-04-21
4826,175,2024-05-24,380.19,Overdue,2024-06-23
4827,528,2024-09-24,392.84,Overdue,2024-10-24
4828,5460,2025-01-25,464.52,Overdue,2025-02-24
4829,4580,2025-02-12,237.48,Overdue,2025-03-14
4830,4154,2025-04-30,173.5,Paid,2025-05-30
4831,4339,2025-01-18,277.85,Due,2025-02-17
4832,9435,2024-10-08,27.45,Paid,2024-11-07
4833,5034,2024-08-10,23.61,Due,2024-09-09
4834,6015,2025-01-14,74.51,Paid,2025-02-13
4835,3829,2024-10-28,362.88,Overdue,2024-11-27
4836,3817,2024-06-13,485.68,Paid,2024-07-13
4837,4152,2024-09-03,219.49,Paid,2024-10-03
4838,9768,2024-10-06,383.3,Overdue,2024-11-05
4839,6859,2024-12-15,208.85,Due,2025-01-14
4840,499,2025-04-19,72.96,Paid,2025-05-19
4841,5480,2024-09-12,406.15,Paid,2024-10-12
4842,9767,2025-04-22,125.02,Due,2025-05-22
4843,7044,2024-10-17,368.99,Overdue,2024-11-16
4844,7314,2024-11-01,44.56,Overdue,2024-12-01
4845,8025,2024-06-28,405.48,Paid,2024-07-28
4846,5539,2025-01-18,134.37,Overdue,2025-02-17
4847,4709,2025-04-28,62.6,Overdue,2025-05-28
4848,4856,2024-10-07,342.35,Due,2024-11-06
4849,3973,2024-08-17,488.1,Overdue,2024-09-16
4850,1758,2025-01-10,372.01,Paid,2025-02-09
4851,7933,2024-09-14,408.15,Overdue,2024-10-14
4852,607,2024-07-06,112.27,Due,2024-08-05
4853,3029,2024-12-06,396.68,Paid,2025-01-05
4854,2183,2024-05-20,96.12,Paid,2024-06-19
4855,9805,2024-11-19,262.69,Paid,2024-12-19
4856,1781,2024-12-24,426.63,Paid,2025-01-23
4857,751,2024-05-07,246.58,Due,2024-06-06
4858,7239,2024-07-01,29.27,Paid,2024-07-31
4859,4174,2024-05-24,124.26,Paid,2024-06-23
4860,371,2024-06-30,352.29,Due,2024-07-30
4861,6291,2024-07-14,238.01,Due,2024-08-13
4862,9562,2024-11-22,174.77,Overdue,2024-12-22
4863,6049,2024-07-08,392.76,Overdue,2024-08-07
4864,9462,2025-01-31,416.14,Due,2025-03-02
4865,542,2024-09-18,109.86,Due,2024-10-18
4866,5360,2024-08-04,123.73,Due,2024-09-03
4867,6501,2024-06-06,370.16,Due,2024-07-06
4868,5582,2025-04-17,17.03,Due,2025-05-17
4869,2530,2024-10-29,212.95,Due,2024-11-28
4870,1083,2025-02-22,161.26,Paid,2025-03-24
4871,2968,2024-08-21,407.12,Due,2024-09-20
4872,3514,2024-12-25,394.65,Due,2025-01-24
4873,6256,2024-05-07,191.24,Paid,2024-06-06
4874,1649,2024-04-30,97.09,Overdue,2024-05-30
4875,6570,2024-08-26,184.15,Paid,2024-09-25
4876,7965,2024-08-31,305.84,Overdue,2024-09-30
4877,2937,2024-05-01,69.13,Paid,2024-05-31
4878,3478,2024-12-17,433.06,Paid,2025-01-16
4879,8852,2024-05-23,174.78,Paid,2024-06-22
4880,8149,2024-11-11,15.48,Overdue,2024-12-11
4881,6840,2025-02-03,394.05,Overdue,2025-03-05
4882,8848,2025-01-31,112.46,Overdue,2025-03-02
4883,4669,2025-02-24,196.39,Paid,2025-03-26
4884,1032,2024-08-22,355.51,Due,2024-09-21
4885,6767,2024-12-30,30.81,Paid,2025-01-29
4886,6206,2025-01-31,365.87,Paid,2025-03-02
4887,9812,2025-01-03,191.32,Overdue,2025-02-02
4888,5162,2024-10-29,170.63,Due,2024-11-28
4889,9992,2024-07-29,226.1,Paid,2024-08-28
4890,4243,2024-09-25,490.1,Due,2024-10-25
4891,4760,2024-10-16,362.31,Overdue,2024-11-15
4892,3332,2024-08-17,153.11,Paid,2024-09-16
4893,2919,2025-01-26,304.7,Overdue,2025-02-25
4894,224,2025-02-20,474.9,Overdue,2025-03-22
4895,9371,2024-05-21,308.04,Due,2024-06-20
4896,2785,2024-10-16,145.1,Overdue,2024-11-15
4897,8101,2024-06-19,167.11,Due,2024-07-19
4898,4221,2025-04-24,128.22,Paid,2025-05-24
4899,742,2024-09-30,341.4,Due,2024-10-30
4900,7193,2024-09-29,334.19,Paid,2024-10-29
4901,308,2025-02-04,459.57,Due,2025-03-06
4902,7071,2024-09-20,228.47,Due,2024-10-20
4903,9484,2024-06-25,200.02,Overdue,2024-07-25
4904,8057,2024-09-19,401.33,Due,2024-10-19
4905,1930,2025-01-25,283.92,Overdue,2025-02-24
4906,7728,2024-09-11,56.91,Due,2024-10-11
4907,1697,2024-06-10,129.69,Overdue,2024-07-10
4908,9120,2025-02-02,206.61,Paid,2025-03-04
4909,5634,2024-12-27,401.08,Paid,2025-01-26
4910,2074,2024-07-03,60.68,Overdue,2024-08-02
4911,1568,2025-04-04,225.98,Paid,2025-05-04
4912,9767,2025-01-21,151.74,Due,2025-02-20
4913,379,2025-01-27,430.34,Paid,2025-02-26
4914,7320,2024-12-22,163.01,Overdue,2025-01-21
4915,7848,2025-04-21,452.33,Paid,2025-05-21
4916,5929,2024-12-27,46.76,Overdue,2025-01-26
4917,5702,2025-01-22,145.03,Overdue,2025-02-21
4918,7985,2024-10-29,289.44,Paid,2024-11-28
4919,6411,2024-09-12,405.37,Paid,2024-10-12
4920,38,2025-04-01,405.4,Due,2025-05-01
4921,2792,2025-02-08,198.47,Due,2025-03-10
4922,7943,2024-10-17,295.97,Paid,2024-11-16
4923,2894,2025-02-12,325.14,Due,2025-03-14
4924,8134,2024-11-14,355.59,Paid,2024-12-14
4925,7880,2024-05-26,193.83,Paid,2024-06-25
4926,8820,2025-01-19,149.2,Paid,2025-02-18
4927,6184,2024-12-15,364.33,Due,2025-01-14
4928,3385,2024-05-04,101.85,Due,2024-06-03
4929,5249,2025-01-25,344.21,Due,2025-02-24
4930,1505,2024-09-16,456.41,Paid,2024-10-16
4931,3433,2024-10-02,151.73,Overdue,2024-11-01
4932,5090,2024-12-16,287.51,Due,2025-01-15
4933,8160,2024-09-22,217.91,Paid,2024-10-22
4934,1117,2024-10-02,458.46,Due,2024-11-01
4935,8952,2024-10-18,150.48,Overdue,2024-11-17
4936,3997,2024-06-11,247.45,Overdue,2024-07-11
4937,5250,2025-03-17,391.93,Overdue,2025-04-16
4938,1494,2025-02-20,67.63,Overdue,2025-03-22
4939,9719,2025-03-12,99.53,Overdue,2025-04-11
4940,9557,2024-05-03,218.84,Overdue,2024-06-02
4941,6207,2024-12-10,346.95,Paid,2025-01-09
4942,7661,2024-06-26,340.17,Overdue,2024-07-26
4943,1646,2025-01-09,19.24,Paid,2025-02-08
4944,3684,2025-04-16,150.65,Overdue,2025-05-16
4945,1474,2024-10-30,425.13,Overdue,2024-11-29
4946,5396,2024-05-22,154.53,Paid,2024-06-21
4947,7401,2024-10-23,470.26,Overdue,2024-11-22
4948,3031,2025-04-30,304.48,Paid,2025-05-30
4949,7727,2024-06-11,186.2,Paid,2024-07-11
4950,7853,2025-03-01,408.27,Paid,2025-03-31
4951,4642,2024-06-16,223.34,Overdue,2024-07-16
4952,7414,2025-01-06,419.83,Due,2025-02-05
4953,7087,2024-06-30,244.11,Paid,2024-07-30
4954,7290,2025-02-13,471.15,Overdue,2025-03-15
4955,4676,2025-02-07,344.96,Overdue,2025-03-09
4956,1837,2024-10-09,432.53,Paid,2024-11-08
4957,5837,2024-08-25,183.2,Paid,2024-09-24
4958,3464,2024-07-20,495.62,Due,2024-08-19
4959,8959,2024-09-13,22.11,Paid,2024-10-13
4960,1927,2025-04-21,420.01,Paid,2025-05-21
4961,9485,2025-03-07,58.28,Paid,2025-04-06
4962,4446,2024-08-09,416.59,Due,2024-09-08
4963,1385,2025-01-08,431.38,Paid,2025-02-07
4964,4815,2025-02-08,351.13,Due,2025-03-10
4965,4801,2024-07-06,89.03,Due,2024-08-05
4966,3457,2025-04-12,392.29,Overdue,2025-05-12
4967,9278,2025-04-07,150.75,Due,2025-05-07
4968,7658,2024-10-24,316.76,Overdue,2024-11-23
4969,3999,2024-07-15,376.7,Overdue,2024-08-14
4970,4851,2025-02-28,57.17,Paid,2025-03-30
4971,7499,2024-06-20,446.0,Paid,2024-07-20
4972,2475,2025-01-23,267.76,Overdue,2025-02-22
4973,681,2024-11-28,445.96,Paid,2024-12-28
4974,2276,2025-01-27,395.04,Overdue,2025-02-26
4975,310,2024-06-10,476.09,Overdue,2024-07-10
4976,7694,2025-01-01,74.86,Paid,2025-01-31
4977,8570,2024-09-09,117.24,Due,2024-10-09
4978,3067,2024-08-16,192.18,Paid,2024-09-15
4979,8858,2024-07-28,93.1,Due,2024-08-27
4980,7482,2024-06-30,470.87,Paid,2024-07-30
4981,4054,2025-03-21,90.22,Due,2025-04-20
4982,7610,2024-05-08,66.87,Paid,2024-06-07
4983,5632,2024-08-28,164.07,Paid,2024-09-27
4984,880,2024-06-30,464.4,Overdue,2024-07-30
4985,6860,2024-10-18,151.22,Due,2024-11-17
4986,3043,2024-09-08,98.65,Overdue,2024-10-08
4987,3976,2024-06-05,144.84,Overdue,2024-07-05
4988,5338,2025-03-27,165.91,Due,2025-04-26
4989,7257,2025-04-09,248.72,Paid,2025-05-09
4990,2611,2024-06-27,123.17,Overdue,2024-07-27
4991,4501,2024-11-24,126.53,Due,2024-12-24
4992,9903,2024-07-25,403.93,Paid,2024-08-24
4993,6392,2024-11-07,67.36,Overdue,2024-12-07
4994,952,2024-06-02,14.21,Due,2024-07-02
4995,6534,2025-01-21,172.76,Paid,2025-02-20
4996,6179,2024-11-11,153.81,Overdue,2024-12-11
4997,4734,2024-11-07,482.41,Paid,2024-12-07
4998,6248,2024-06-03,399.0,Overdue,2024-07-03
4999,8731,2025-03-28,345.99,Due,2025-04-27
5000,1534,2024-05-03,433.39,Due,2024-06-02
5001,4272,2024-08-31,338.82,Overdue,2024-09-30
5002,5208,2024-12-20,417.72,Paid,2025-01-19
5003,1898,2024-09-22,158.76,Overdue,2024-10-22
5004,3016,2024-12-20,377.38,Paid,2025-01-19
5005,4327,2024-05-15,370.75,Overdue,2024-06-14
5006,8204,2024-06-22,233.49,Paid,2024-07-22
5007,1386,2024-09-23,240.11,Paid,2024-10-23
5008,8446,2024-10-16,426.52,Overdue,2024-11-15
5009,7732,2024-10-23,150.15,Overdue,2024-11-22
5010,207,2025-02-01,376.29,Overdue,2025-03-03
5011,5939,2025-02-24,11.6,Due,2025-03-26
5012,4045,2025-01-14,183.08,Overdue,2025-02-13
5013,5849,2024-06-21,267.3,Due,2024-07-21
5014,3057,2025-03-23,41.14,Paid,2025-04-22
5015,59,2024-06-24,49.23,Paid,2024-07-24
5016,5174,2024-07-27,288.02,Overdue,2024-08-26
5017,6933,2024-11-22,414.34,Paid,2024-12-22
5018,3928,2025-02-23,132.44,Paid,2025-03-25
5019,3983,2024-07-06,254.06,Overdue,2024-08-05
5020,1281,2025-02-19,470.96,Due,2025-03-21
5021,2020,2025-02-06,225.12,Due,2025-03-08
5022,7981,2024-09-01,318.99,Paid,2024-10-01
5023,6233,2024-12-19,361.96,Overdue,2025-01-18
5024,5847,2024-06-28,445.67,Due,2024-07-28
5025,3725,2024-12-02,275.64,Overdue,2025-01-01
5026,6451,2024-06-15,318.17,Paid,2024-07-15
5027,3415,2024-12-20,30.86,Overdue,2025-01-19
5028,2599,2025-02-09,192.28,Due,2025-03-11
5029,438,2024-06-20,168.29,Paid,2024-07-20
5030,1058,2025-03-08,108.76,Paid,2025-04-07
5031,7050,2024-08-26,171.83,Paid,2024-09-25
5032,4342,2025-03-10,447.02,Due,2025-04-09
5033,3449,2025-02-01,439.42,Paid,2025-03-03
5034,6184,2024-05-27,143.36,Overdue,2024-06-26
5035,6024,2024-11-11,93.61,Due,2024-12-11
5036,8048,2024-12-25,267.88,Overdue,2025-01-24
5037,9344,2024-11-22,17.39,Paid,2024-12-22
5038,7018,2024-08-30,397.43,Overdue,2024-09-29
5039,6709,2025-02-18,133.13,Due,2025-03-20
5040,9027,2025-01-31,490.53,Paid,2025-03-02
5041,9664,2025-01-12,365.3,Due,2025-02-11
5042,5587,2025-02-17,74.98,Overdue,2025-03-19
5043,4006,2024-08-15,52.61,Due,2024-09-14
5044,7776,2025-04-14,152.65,Due,2025-05-14
5045,9780,2025-01-08,480.95,Due,2025-02-07
5046,538,2024-12-03,176.41,Overdue,2025-01-02
5047,6776,2024-11-15,203.97,Due,2024-12-15
5048,933,2024-05-20,71.76,Paid,2024-06-19
5049,4505,2024-06-26,258.95,Due,2024-07-26
5050,3937,2025-01-26,442.25,Paid,2025-02-25
5051,9326,2024-07-18,279.8,Paid,2024-08-17
5052,5947,2024-09-23,340.9,Paid,2024-10-23
5053,5076,2024-11-12,311.22,Due,2024-12-12
5054,6674,2025-04-24,313.94,Overdue,2025-05-24
5055,7111,2025-04-05,361.22,Overdue,2025-05-05
5056,4101,2024-05-25,472.42,Paid,2024-06-24
5057,3387,2024-05-03,72.12,Paid,2024-06-02
5058,5694,2024-09-01,295.26,Paid,2024-10-01
5059,5855,2024-05-08,260.1,Overdue,2024-06-07
5060,321,2025-02-01,276.73,Paid,2025-03-03
5061,4755,2024-08-16,492.26,Due,2024-09-15
5062,126,2025-03-20,232.15,Paid,2025-04-19
5063,9661,2024-10-01,225.91,Overdue,2024-10-31
5064,5148,2024-10-25,259.58,Due,2024-11-24
5065,233,2024-10-22,247.87,Paid,2024-11-21
5066,687,2024-11-19,255.96,Paid,2024-12-19
5067,2457,2024-07-14,350.97,Paid,2024-08-13
5068,4105,2025-04-05,144.41,Overdue,2025-05-05
5069,3531,2024-08-18,482.5,Overdue,2024-09-17
5070,1302,2024-08-13,66.46,Overdue,2024-09-12
5071,7624,2024-10-21,154.21,Paid,2024-11-20
5072,9,2025-04-07,441.77,Due,2025-05-07
5073,4288,2024-09-20,312.65,Due,2024-10-20
5074,4501,2025-01-26,498.68,Overdue,2025-02-25
5075,8670,2024-11-20,455.75,Due,2024-12-20
5076,5537,2024-05-27,353.77,Paid,2024-06-26
5077,567,2024-11-12,463.2,Paid,2024-12-12
5078,2655,2025-04-21,128.54,Overdue,2025-05-21
5079,3882,2025-01-02,105.36,Overdue,2025-02-01
5080,3231,2025-02-12,14.29,Paid,2025-03-14
5081,5409,2024-07-05,292.14,Due,2024-08-04
5082,3648,2024-07-27,236.45,Paid,2024-08-26
5083,1985,2024-11-15,127.49,Paid,2024-12-15
5084,7958,2025-01-10,479.64,Paid,2025-02-09
5085,9916,2024-07-02,277.08,Overdue,2024-08-01
5086,660,2024-12-29,417.63,Due,2025-01-28
5087,2960,2024-09-06,448.37,Due,2024-10-06
5088,2849,2024-11-15,431.46,Due,2024-12-15
5089,7465,2024-09-22,493.56,Overdue,2024-10-22
5090,7687,2024-06-27,180.69,Paid,2024-07-27
5091,2647,2024-06-14,341.48,Paid,2024-07-14
5092,359,2024-08-22,317.06,Overdue,2024-09-21
5093,2033,2024-12-21,326.73,Paid,2025-01-20
5094,7744,2025-04-07,78.9,Paid,2025-05-07
5095,2561,2024-09-24,111.45,Paid,2024-10-24
5096,3533,2025-04-13,376.34,Paid,2025-05-13
5097,1864,2024-08-29,289.93,Due,2024-09-28
5098,4046,2024-05-22,64.36,Paid,2024-06-21
5099,6518,2024-12-03,401.5,Due,2025-01-02
5100,6657,2024-10-27,432.8,Paid,2024-11-26
5101,9461,2024-08-29,58.03,Overdue,2024-09-28
5102,424,2024-07-06,168.24,Due,2024-08-05
5103,8030,2025-04-23,86.98,Paid,2025-05-23
5104,593,2024-06-07,448.09,Overdue,2024-07-07
5105,6078,2024-12-31,184.43,Paid,2025-01-30
5106,1850,2024-12-11,96.19,Due,2025-01-10
5107,6946,2024-11-06,224.53,Overdue,2024-12-06
5108,7418,2025-02-14,11.17,Overdue,2025-03-16
5109,508,2025-02-17,242.48,Paid,2025-03-19
5110,3456,2024-11-06,21.48,Paid,2024-12-06
5111,387,2024-08-14,34.01,Due,2024-09-13
5112,1358,2024-05-29,211.58,Due,2024-06-28
5113,8959,2024-06-23,60.96,Paid,2024-07-23
5114,107,2024-07-25,461.4,Due,2024-08-24
5115,924,2025-02-27,45.17,Overdue,2025-03-29
5116,4994,2024-09-30,277.36,Overdue,2024-10-30
5117,2956,2024-07-02,24.65,Overdue,2024-08-01
5118,8367,2024-05-05,380.34,Overdue,2024-06-04
5119,5875,2024-12-08,90.4,Paid,2025-01-07
5120,5514,2024-10-18,124.95,Paid,2024-11-17
5121,8838,2024-09-30,460.5,Paid,2024-10-30
5122,3568,2025-03-13,27.88,Overdue,2025-04-12
5123,3847,2024-05-25,286.99,Paid,2024-06-24
5124,9966,2025-04-12,19.56,Paid,2025-05-12
5125,7588,2025-04-26,496.38,Paid,2025-05-26
5126,8320,2024-12-01,264.09,Paid,2024-12-31
5127,4748,2024-11-15,152.14,Overdue,2024-12-15
5128,9997,2025-01-22,403.43,Due,2025-02-21
5129,1157,2024-07-13,220.1,Overdue,2024-08-12
5130,3845,2024-08-06,360.32,Due,2024-09-05
5131,4110,2024-05-28,178.76,Due,2024-06-27
5132,963,2024-10-29,304.5,Due,2024-11-28
5133,1697,2024-05-02,397.94,Paid,2024-06-01
5134,3574,2024-12-24,93.04,Due,2025-01-23
5135,5479,2024-10-30,232.6,Due,2024-11-29
5136,354,2025-01-02,481.84,Overdue,2025-02-01
5137,661,2024-10-24,225.37,Due,2024-11-23
5138,2712,2025-04-02,386.71,Paid,2025-05-02
5139,367,2025-02-02,300.4,Overdue,2025-03-04
5140,9045,2025-02-19,473.48,Paid,2025-03-21
5141,5303,2024-11-24,444.55,Due,2024-12-24
5142,2063,2024-07-22,328.49,Paid,2024-08-21
5143,1432,2024-11-18,160.94,Paid,2024-12-18
5144,7620,2024-12-01,144.08,Overdue,2024-12-31
5145,5527,2025-01-16,456.01,Overdue,2025-02-15
5146,353,2025-03-07,69.33,Overdue,2025-04-06
5147,5291,2024-09-03,313.54,Paid,2024-10-03
5148,2055,2024-09-01,269.2,Due,2024-10-01
5149,2709,2024-10-31,286.26,Paid,2024-11-30
5150,2012,2024-12-06,10.5,Overdue,2025-01-05
5151,9442,2024-10-28,306.9,Overdue,2024-11-27
5152,3429,2025-02-25,320.54,Overdue,2025-03-27
5153,8129,2024-05-02,245.0,Due,2024-06-01
5154,5137,2025-02-11,415.96,Overdue,2025-03-13
5155,5392,2025-03-05,300.11,Paid,2025-04-04
5156,5358,2024-09-12,360.13,Paid,2024-10-12
5157,5802,2025-02-21,242.92,Overdue,2025-03-23
5158,1349,2024-06-21,310.18,Paid,2024-07-21
5159,5331,2024-12-13,382.14,Overdue,2025-01-12
5160,666,2025-03-16,319.66,Overdue,2025-04-15
5161,6531,2024-07-14,53.34,Overdue,2024-08-13
5162,6153,2025-02-25,432.47,Overdue,2025-03-27
5163,4168,2024-10-13,385.41,Paid,2024-11-12
5164,2349,2024-07-21,285.24,Due,2024-08-20
5165,9410,2024-07-28,252.32,Paid,2024-08-27
5166,7004,2024-10-27,193.89,Overdue,2024-11-26
5167,8960,2024-09-19,120.65,Paid,2024-10-19
5168,5402,2024-08-30,184.47,Due,2024-09-29
5169,950,2024-06-30,175.16,Due,2024-07-30
5170,5726,2024-09-24,182.62,Paid,2024-10-24
5171,7,2025-04-08,306.98,Overdue,2025-05-08
5172,1558,2024-08-10,54.56,Paid,2024-09-09
5173,3319,2024-07-22,81.55,Due,2024-08-21
5174,7601,2024-09-07,77.39,Overdue,2024-10-07
5175,8927,2025-01-11,448.95,Paid,2025-02-10
5176,9045,2024-10-07,62.93,Due,2024-11-06
5177,6522,2024-07-23,447.51,Due,2024-08-22
5178,3781,2024-11-24,286.14,Due,2024-12-24
5179,9370,2024-08-23,42.2,Due,2024-09-22
5180,9453,2025-03-28,425.36,Paid,2025-04-27
5181,2545,2024-09-09,488.74,Due,2024-10-09
5182,9656,2024-06-12,143.73,Paid,2024-07-12
5183,8661,2024-12-23,21.72,Paid,2025-01-22
5184,6525,2024-07-23,348.75,Overdue,2024-08-22
5185,6341,2024-11-28,315.69,Paid,2024-12-28
5186,2551,2024-09-08,297.04,Paid,2024-10-08
5187,1523,2024-05-19,447.47,Paid,2024-06-18
5188,8894,2024-07-26,227.16,Paid,2024-08-25
5189,4811,2024-05-05,483.37,Paid,2024-06-04
5190,6912,2024-07-18,37.5,Overdue,2024-08-17
5191,9081,2024-10-14,126.26,Overdue,2024-11-13
5192,4905,2024-08-29,426.5,Due,2024-09-28
5193,7769,2025-04-15,384.89,Paid,2025-05-15
5194,6781,2024-12-27,363.78,Paid,2025-01-26
5195,3671,2024-07-23,426.95,Overdue,2024-08-22
5196,9837,2024-06-27,147.25,Due,2024-07-27
5197,2228,2025-01-07,436.51,Due,2025-02-06
5198,9898,2024-05-19,213.24,Paid,2024-06-18
5199,3558,2024-06-27,169.02,Paid,2024-07-27
5200,9306,2024-10-28,38.98,Due,2024-11-27
5201,7370,2024-09-06,216.61,Due,2024-10-06
5202,2596,2024-10-05,320.09,Due,2024-11-04
5203,4446,2024-07-15,142.85,Paid,2024-08-14
5204,944,2025-02-02,404.24,Due,2025-03-04
5205,4084,2024-08-02,359.2,Due,2024-09-01
5206,3893,2024-12-13,170.66,Paid,2025-01-12
5207,5154,2025-02-16,151.36,Paid,2025-03-18
5208,976,2024-05-25,270.96,Paid,2024-06-24
5209,4013,2024-10-10,156.98,Due,2024-11-09
5210,8748,2024-06-10,319.73,Overdue,2024-07-10
5211,147,2024-11-07,114.19,Overdue,2024-12-07
5212,6967,2024-12-01,82.09,Due,2024-12-31
5213,5646,2025-04-19,66.94,Due,2025-05-19
5214,1905,2025-01-09,102.77,Overdue,2025-02-08
5215,2572,2025-02-08,118.42,Due,2025-03-10
5216,9616,2024-06-26,287.61,Paid,2024-07-26
5217,3115,2025-04-19,470.15,Overdue,2025-05-19
5218,9638,2024-11-30,451.64,Due,2024-12-30
5219,3581,2024-11-25,268.6,Due,2024-12-25
5220,781,2024-09-08,498.92,Paid,2024-10-08
5221,5007,2024-09-28,147.31,Paid,2024-10-28
5222,7108,2024-10-25,459.8,Overdue,2024-11-24
5223,9421,2024-12-02,386.57,Overdue,2025-01-01
5224,3184,2024-05-29,461.7,Overdue,2024-06-28
5225,8523,2025-04-07,186.04,Overdue,2025-05-07
5226,4598,2024-08-25,24.12,Overdue,2024-09-24
5227,716,2024-12-28,386.91,Paid,2025-01-27
5228,3471,2025-01-23,340.38,Due,2025-02-22
5229,5468,2024-07-26,133.59,Due,2024-08-25
5230,3902,2024-05-25,295.1,Overdue,2024-06-24
5231,6830,2024-11-26,208.37,Due,2024-12-26
5232,4650,2025-04-11,55.97,Overdue,2025-05-11
5233,7518,2025-03-21,409.53,Paid,2025-04-20
5234,6999,2024-11-08,433.42,Due,2024-12-08
5235,7293,2024-08-20,375.53,Paid,2024-09-19
5236,9263,2024-10-07,373.45,Due,2024-11-06
5237,7640,2025-01-31,439.31,Paid,2025-03-02
5238,4575,2024-06-26,242.86,Overdue,2024-07-26
5239,3420,2024-11-01,97.85,Due,2024-12-01
5240,5977,2024-11-21,339.98,Due,2024-12-21
5241,2008,2024-06-10,433.39,Due,2024-07-10
5242,7221,2025-03-04,199.33,Due,2025-04-03
5243,731,2024-07-04,171.18,Overdue,2024-08-03
5244,716,2024-07-16,96.04,Paid,2024-08-15
5245,7917,2024-08-02,418.56,Paid,2024-09-01
5246,5582,2024-05-30,117.53,Paid,2024-06-29
5247,3419,2024-08-07,477.89,Overdue,2024-09-06
5248,504,2024-07-19,359.99,Paid,2024-08-18
5249,7225,2025-01-21,120.9,Overdue,2025-02-20
5250,4800,2024-06-12,292.3,Paid,2024-07-12
5251,2826,2025-02-20,442.75,Overdue,2025-03-22
5252,4930,2024-10-02,437.63,Overdue,2024-11-01
5253,1838,2024-09-12,88.29,Due,2024-10-12
5254,15,2024-11-24,119.58,Overdue,2024-12-24
5255,4657,2024-11-28,375.14,Paid,2024-12-28
5256,7547,2024-05-18,485.89,Due,2024-06-17
5257,4900,2024-07-23,407.45,Due,2024-08-22
5258,9804,2024-07-25,287.94,Overdue,2024-08-24
5259,8845,2024-10-02,342.69,Paid,2024-11-01
5260,1941,2024-08-29,293.32,Paid,2024-09-28
5261,8064,2024-10-14,174.82,Overdue,2024-11-13
5262,9923,2024-06-15,369.32,Due,2024-07-15
5263,2228,2025-01-09,252.67,Paid,2025-02-08
5264,9618,2024-10-20,73.42,Overdue,2024-11-19
5265,7433,2025-04-16,451.69,Overdue,2025-05-16
5266,6093,2024-07-19,458.59,Paid,2024-08-18
5267,3082,2025-01-28,104.34,Overdue,2025-02-27
5268,7925,2025-04-14,404.68,Due,2025-05-14
5269,5869,2025-04-11,452.56,Paid,2025-05-11
5270,8990,2024-05-21,196.91,Paid,2024-06-20
5271,2821,2024-08-24,178.23,Overdue,2024-09-23
5272,9008,2024-10-12,218.95,Due,2024-11-11
5273,5211,2024-11-03,215.28,Paid,2024-12-03
5274,4311,2024-08-04,384.4,Paid,2024-09-03
5275,1830,2025-01-09,237.31,Paid,2025-02-08
5276,9226,2024-08-27,499.58,Paid,2024-09-26
5277,3032,2025-02-20,488.62,Paid,2025-03-22
5278,5916,2024-09-29,100.78,Overdue,2024-10-29
5279,2912,2024-05-11,74.58,Paid,2024-06-10
5280,2158,2024-10-12,109.76,Paid,2024-11-11
5281,4857,2024-09-29,227.43,Due,2024-10-29
5282,1880,2024-05-16,104.17,Paid,2024-06-15
5283,2582,2025-03-22,380.4,Paid,2025-04-21
5284,2275,2024-10-21,42.94,Paid,2024-11-20
5285,4803,2025-01-20,170.27,Due,2025-02-19
5286,1100,2024-05-27,312.19,Paid,2024-06-26
5287,3927,2024-06-29,21.21,Due,2024-07-29
5288,2236,2024-07-20,494.41,Paid,2024-08-19
5289,6096,2024-10-10,416.68,Due,2024-11-09
5290,6951,2025-04-03,356.01,Overdue,2025-05-03
5291,6181,2024-09-29,142.17,Paid,2024-10-29
5292,9186,2024-12-10,123.9,Overdue,2025-01-09
5293,530,2024-05-25,186.17,Paid,2024-06-24
5294,627,2025-03-08,359.63,Overdue,2025-04-07
5295,5112,2025-01-29,364.53,Overdue,2025-02-28
5296,8825,2024-06-25,136.09,Due,2024-07-25
5297,7496,2024-09-07,442.34,Paid,2024-10-07
5298,2391,2024-07-18,198.88,Overdue,2024-08-17
5299,6461,2024-10-21,478.35,Overdue,2024-11-20
5300,8697,2024-10-23,130.04,Paid,2024-11-22
5301,7946,2024-12-29,241.93,Paid,2025-01-28
5302,1713,2025-02-09,268.26,Due,2025-03-11
5303,9635,2024-09-08,355.89,Paid,2024-10-08
5304,3781,2024-10-03,263.57,Overdue,2024-11-02
5305,9017,2025-04-28,68.37,Overdue,2025-05-28
5306,4910,2024-10-13,175.09,Overdue,2024-11-12
5307,7276,2024-06-27,112.35,Overdue,2024-07-27
5308,8363,2024-11-21,447.83,Overdue,2024-12-21
5309,5331,2024-06-18,497.94,Paid,2024-07-18
5310,5545,2024-10-05,394.81,Due,2024-11-04
5311,3481,2025-04-14,369.68,Paid,2025-05-14
5312,5156,2024-08-15,302.81,Paid,2024-09-14
5313,4650,2024-08-19,22.16,Due,2024-09-18
5314,6080,2024-08-31,483.21,Overdue,2024-09-30
5315,6590,2025-04-12,267.74,Due,2025-05-12
5316,7028,2025-01-05,287.58,Paid,2025-02-04
5317,1884,2024-08-11,420.2,Due,2024-09-10
5318,9591,2024-11-26,389.27,Paid,2024-12-26
5319,2608,2025-02-05,458.38,Due,2025-03-07
5320,6702,2025-04-16,317.39,Overdue,2025-05-16
5321,6818,2024-05-04,413.8,Paid,2024-06-03
5322,205,2025-02-21,199.11,Overdue,2025-03-23
5323,1467,2024-10-15,213.32,Overdue,2024-11-14
5324,8941,2024-06-07,215.79,Overdue,2024-07-07
5325,5124,2025-03-24,277.3,Paid,2025-04-23
5326,5057,2025-04-19,74.49,Due,2025-05-19
5327,4561,2024-06-14,371.72,Paid,2024-07-14
5328,8543,2024-11-27,215.98,Due,2024-12-27
5329,1686,2024-05-05,323.36,Due,2024-06-04
5330,5337,2024-08-21,90.43,Overdue,2024-09-20
5331,8229,2024-11-23,270.14,Due,2024-12-23
5332,7181,2024-08-18,295.28,Paid,2024-09-17
5333,2693,2025-03-02,271.9,Due,2025-04-01
5334,875,2024-10-31,374.07,Paid,2024-11-30
5335,3896,2025-03-29,82.34,Overdue,2025-04-28
5336,4984,2024-11-02,17.56,Overdue,2024-12-02
5337,2143,2024-05-08,370.33,Paid,2024-06-07
5338,7207,2024-07-16,83.53,Due,2024-08-15
5339,3524,2024-05-24,443.28,Due,2024-06-23
5340,5008,2025-02-28,428.33,Due,2025-03-30
5341,9981,2025-01-01,169.96,Due,2025-01-31
5342,2854,2024-11-20,121.21,Due,2024-12-20
5343,1842,2024-10-01,429.57,Overdue,2024-10-31
5344,8004,2024-12-26,138.41,Overdue,2025-01-25
5345,1654,2024-05-09,376.68,Paid,2024-06-08
5346,3225,2024-11-01,74.91,Due,2024-12-01
5347,219,2024-12-10,301.91,Due,2025-01-09
5348,8410,2024-07-03,112.0,Paid,2024-08-02
5349,7497,2024-09-09,388.29,Due,2024-10-09
5350,4537,2024-09-12,195.98,Overdue,2024-10-12
5351,6156,2024-08-10,190.58,Overdue,2024-09-09
5352,3749,2025-03-25,352.54,Due,2025-04-24
5353,3984,2024-11-29,458.12,Due,2024-12-29
5354,1672,2024-11-18,257.76,Overdue,2024-12-18
5355,5089,2025-02-21,116.47,Due,2025-03-23
5356,8463,2024-08-12,188.99,Due,2024-09-11
5357,5814,2025-02-23,342.52,Due,2025-03-25
5358,3542,2024-10-28,146.83,Overdue,2024-11-27
5359,58,2025-04-29,406.01,Due,2025-05-29
5360,7897,2025-01-16,238.08,Overdue,2025-02-15
5361,4338,2024-07-31,378.48,Overdue,2024-08-30
5362,7113,2024-05-31,228.74,Due,2024-06-30
5363,9636,2024-06-25,311.69,Due,2024-07-25
5364,172,2024-06-19,103.49,Paid,2024-07-19
5365,2458,2024-12-01,76.27,Overdue,2024-12-31
5366,2706,2024-07-27,52.42,Due,2024-08-26
5367,8464,2024-12-06,127.79,Due,2025-01-05
5368,6396,2024-05-27,403.89,Due,2024-06-26
5369,9176,2024-05-19,133.2,Due,2024-06-18
5370,3945,2025-03-13,392.41,Overdue,2025-04-12
5371,952,2024-11-16,323.64,Due,2024-12-16
5372,8128,2024-12-31,476.35,Due,2025-01-30
5373,6351,2024-08-21,415.08,Overdue,2024-09-20
5374,9932,2025-01-31,249.48,Overdue,2025-03-02
5375,4257,2025-02-01,245.0,Paid,2025-03-03
5376,7595,2024-10-26,267.57,Overdue,2024-11-25
5377,2196,2024-09-08,195.73,Due,2024-10-08
5378,3646,2024-05-22,294.18,Paid,2024-06-21
5379,6423,2024-06-04,141.09,Paid,2024-07-04
5380,5962,2024-08-17,23.94,Paid,2024-09-16
5381,6603,2025-02-11,472.35,Paid,2025-03-13
5382,5869,2025-01-22,352.87,Overdue,2025-02-21
5383,1627,2024-06-20,385.2,Due,2024-07-20
5384,3594,2024-08-15,278.41,Overdue,2024-09-14
5385,6636,2024-09-18,471.04,Paid,2024-10-18
5386,8371,2024-06-25,269.12,Overdue,2024-07-25
5387,2442,2025-03-14,305.28,Paid,2025-04-13
5388,2415,2025-04-28,245.12,Paid,2025-05-28
5389,6527,2024-11-16,84.24,Due,2024-12-16
5390,206,2024-08-02,73.2,Due,2024-09-01
5391,5887,2024-10-15,238.84,Due,2024-11-14
5392,1157,2025-01-07,114.3,Due,2025-02-06
5393,2971,2024-10-10,33.13,Overdue,2024-11-09
5394,457,2024-07-28,414.38,Overdue,2024-08-27
5395,6800,2024-11-07,314.98,Overdue,2024-12-07
5396,3996,2025-03-20,467.32,Overdue,2025-04-19
5397,4225,2024-08-25,434.56,Paid,2024-09-24
5398,9096,2025-02-11,429.84,Overdue,2025-03-13
5399,1850,2024-11-22,488.02,Paid,2024-12-22
5400,3956,2024-11-01,118.96,Paid,2024-12-01
5401,8625,2024-09-25,426.25,Overdue,2024-10-25
5402,5376,2025-02-10,167.0,Overdue,2025-03-12
5403,743,2024-11-19,27.45,Overdue,2024-12-19
5404,7042,2024-09-27,384.42,Overdue,2024-10-27
5405,480,2024-05-02,492.65,Overdue,2024-06-01
5406,3283,2024-09-01,10.1,Due,2024-10-01
5407,6104,2024-05-30,408.9,Paid,2024-06-29
5408,9171,2024-07-17,159.85,Due,2024-08-16
5409,8004,2024-12-22,40.16,Paid,2025-01-21
5410,318,2025-01-31,102.88,Due,2025-03-02
5411,6180,2024-06-13,316.49,Paid,2024-07-13
5412,8921,2024-10-31,337.02,Due,2024-11-30
5413,9077,2025-03-06,343.53,Due,2025-04-05
5414,4087,2025-01-10,371.86,Paid,2025-02-09
5415,3443,2024-07-04,304.06,Overdue,2024-08-03
5416,3197,2024-05-04,202.74,Paid,2024-06-03
5417,4382,2025-02-02,48.37,Due,2025-03-04
5418,1835,2025-01-31,154.15,Overdue,2025-03-02
5419,8088,2024-05-23,42.94,Overdue,2024-06-22
5420,7366,2025-04-19,414.59,Paid,2025-05-19
5421,9508,2025-04-15,183.27,Due,2025-05-15
5422,377,2025-01-28,189.04,Overdue,2025-02-27
5423,8518,2024-12-16,453.97,Paid,2025-01-15
5424,6381,2024-06-02,485.69,Overdue,2024-07-02
5425,6651,2024-11-05,303.09,Overdue,2024-12-05
5426,3159,2024-07-15,181.12,Due,2024-08-14
5427,8065,2025-03-21,157.82,Overdue,2025-04-20
5428,9796,2024-12-08,77.68,Overdue,2025-01-07
5429,7003,2024-06-25,416.49,Due,2024-07-25
5430,5630,2025-03-01,209.13,Due,2025-03-31
5431,2293,2025-03-12,352.1,Due,2025-04-11
5432,3529,2024-06-15,131.48,Overdue,2024-07-15
5433,1476,2025-01-04,225.98,Paid,2025-02-03
5434,9395,2024-05-13,128.24,Overdue,2024-06-12
5435,4375,2024-06-11,395.68,Paid,2024-07-11
5436,2849,2025-03-26,473.63,Paid,2025-04-25
5437,7599,2025-04-14,449.82,Due,2025-05-14
5438,6583,2024-11-04,119.06,Paid,2024-12-04
5439,6388,2024-08-07,47.87,Due,2024-09-06
5440,3172,2024-07-04,299.45,Overdue,2024-08-03
5441,8010,2024-12-22,424.43,Overdue,2025-01-21
5442,7714,2024-07-24,21.51,Due,2024-08-23
5443,2703,2024-07-11,274.25,Paid,2024-08-10
5444,8786,2025-02-10,100.94,Overdue,2025-03-12
5445,6828,2025-03-01,209.97,Paid,2025-03-31
5446,4842,2024-12-22,385.32,Paid,2025-01-21
5447,7299,2024-05-24,251.4,Overdue,2024-06-23
5448,9699,2025-02-03,199.45,Overdue,2025-03-05
5449,8094,2024-10-16,361.61,Overdue,2024-11-15
5450,5044,2024-12-21,217.28,Due,2025-01-20
5451,3547,2024-06-11,194.85,Overdue,2024-07-11
5452,2931,2025-02-20,343.52,Overdue,2025-03-22
5453,1963,2024-11-12,399.59,Due,2024-12-12
5454,3381,2025-04-08,218.62,Overdue,2025-05-08
5455,4778,2025-01-16,356.53,Due,2025-02-15
5456,1360,2024-07-27,425.07,Overdue,2024-08-26
5457,854,2025-04-15,131.18,Overdue,2025-05-15
5458,532,2024-09-20,277.62,Due,2024-10-20
5459,3487,2024-06-13,223.84,Paid,2024-07-13
5460,3870,2024-11-30,61.19,Overdue,2024-12-30
5461,565,2024-05-26,197.79,Due,2024-06-25
5462,2788,2025-01-01,223.35,Due,2025-01-31
5463,9719,2024-07-23,189.68,Paid,2024-08-22
5464,5307,2024-09-17,498.99,Paid,2024-10-17
5465,4709,2024-11-13,189.41,Overdue,2024-12-13
5466,4787,2024-10-23,267.13,Due,2024-11-22
5467,5124,2024-10-28,416.96,Due,2024-11-27
5468,1758,2024-06-17,336.28,Overdue,2024-07-17
5469,2893,2024-07-27,451.05,Due,2024-08-26
5470,3043,2025-04-07,447.04,Due,2025-05-07
5471,8073,2024-12-29,108.35,Paid,2025-01-28
5472,4346,2025-02-05,260.54,Paid,2025-03-07
5473,2728,2025-01-28,199.21,Paid,2025-02-27
5474,4844,2024-05-01,497.24,Paid,2024-05-31
5475,3326,2025-01-20,169.12,Paid,2025-02-19
5476,1021,2024-12-04,496.09,Due,2025-01-03
5477,6735,2024-07-27,67.91,Due,2024-08-26
5478,3341,2025-03-22,236.25,Due,2025-04-21
5479,5046,2024-08-05,342.87,Paid,2024-09-04
5480,2495,2024-05-27,374.38,Overdue,2024-06-26
5481,6931,2025-02-08,497.57,Overdue,2025-03-10
5482,8442,2025-02-28,218.8,Overdue,2025-03-30
5483,6435,2024-05-11,234.64,Overdue,2024-06-10
5484,8299,2024-06-05,493.76,Due,2024-07-05
5485,3851,2024-11-02,200.85,Overdue,2024-12-02
5486,2077,2024-05-21,306.23,Due,2024-06-20
5487,645,2025-03-02,405.65,Due,2025-04-01
5488,928,2024-08-30,111.77,Overdue,2024-09-29
5489,3669,2024-11-25,137.63,Due,2024-12-25
5490,2546,2025-04-28,380.46,Paid,2025-05-28
5491,3517,2024-05-08,175.16,Due,2024-06-07
5492,1264,2025-03-17,238.72,Due,2025-04-16
5493,1681,2024-05-09,24.4,Paid,2024-06-08
5494,2089,2025-01-01,249.23,Due,2025-01-31
5495,2751,2024-10-28,397.33,Due,2024-11-27
5496,996,2024-10-09,262.21,Paid,2024-11-08
5497,4540,2024-11-05,116.06,Overdue,2024-12-05
5498,7203,2025-01-22,289.37,Due,2025-02-21
5499,295,2025-02-23,322.13,Paid,2025-03-25
5500,2947,2025-02-10,421.69,Due,2025-03-12
5501,3149,2024-05-05,197.31,Paid,2024-06-04
5502,7975,2024-12-18,122.2,Overdue,2025-01-17
5503,6221,2024-09-10,139.74,Overdue,2024-10-10
5504,2674,2024-05-05,194.23,Paid,2024-06-04
5505,8452,2024-06-01,362.91,Paid,2024-07-01
5506,6579,2024-05-17,123.13,Paid,2024-06-16
5507,6825,2024-12-20,486.11,Overdue,2025-01-19
5508,6267,2024-10-29,172.4,Paid,2024-11-28
5509,964,2025-03-17,448.53,Overdue,2025-04-16
5510,3904,2024-08-06,144.22,Overdue,2024-09-05
5511,121,2025-02-17,406.03,Paid,2025-03-19
5512,5021,2024-09-19,395.41,Due,2024-10-19
5513,4085,2024-09-12,87.94,Due,2024-10-12
5514,8417,2024-08-23,385.78,Paid,2024-09-22
5515,80,2024-08-25,82.04,Due,2024-09-24
5516,2643,2025-02-20,119.13,Paid,2025-03-22
5517,1961,2024-12-01,184.51,Due,2024-12-31
5518,2250,2024-12-25,44.19,Paid,2025-01-24
5519,2440,2024-09-21,473.05,Paid,2024-10-21
5520,2859,2024-08-04,244.63,Overdue,2024-09-03
5521,8780,2024-07-30,263.69,Overdue,2024-08-29
5522,2155,2024-11-12,233.93,Paid,2024-12-12
5523,4067,2025-01-03,18.48,Overdue,2025-02-02
5524,1354,2024-05-23,465.98,Paid,2024-06-22
5525,8102,2024-05-18,290.2,Due,2024-06-17
5526,79,2024-06-25,13.49,Due,2024-07-25
5527,4361,2024-06-15,245.56,Overdue,2024-07-15
5528,3668,2024-09-25,62.99,Due,2024-10-25
5529,9718,2025-03-22,473.36,Paid,2025-04-21
5530,3404,2024-05-18,298.3,Paid,2024-06-17
5531,3089,2025-03-15,362.86,Paid,2025-04-14
5532,122,2025-04-28,413.34,Paid,2025-05-28
5533,6474,2024-11-01,463.91,Overdue,2024-12-01
5534,7960,2024-05-31,378.68,Overdue,2024-06-30
5535,8785,2024-07-28,56.75,Due,2024-08-27
5536,4299,2024-09-16,62.06,Paid,2024-10-16
5537,8127,2024-07-17,63.61,Overdue,2024-08-16
5538,6450,2024-12-30,85.37,Paid,2025-01-29
5539,9815,2025-01-18,263.33,Overdue,2025-02-17
5540,4251,2024-07-03,87.3,Overdue,2024-08-02
5541,983,2024-06-26,251.55,Paid,2024-07-26
5542,2927,2024-05-18,402.13,Paid,2024-06-17
5543,8861,2024-10-23,459.16,Paid,2024-11-22
5544,8394,2024-07-11,141.75,Due,2024-08-10
5545,8366,2024-06-03,384.76,Overdue,2024-07-03
5546,1277,2025-01-05,322.77,Overdue,2025-02-04
5547,7004,2025-04-29,32.87,Due,2025-05-29
5548,2932,2024-09-12,405.29,Due,2024-10-12
5549,629,2024-05-06,50.96,Due,2024-06-05
5550,4648,2024-12-23,204.81,Paid,2025-01-22
5551,928,2024-09-16,402.53,Due,2024-10-16
5552,6635,2025-02-06,391.31,Paid,2025-03-08
5553,5259,2025-01-02,444.63,Due,2025-02-01
5554,8974,2024-05-03,156.35,Paid,2024-06-02
5555,8582,2024-11-22,47.52,Overdue,2024-12-22
5556,5681,2024-07-17,62.11,Paid,2024-08-16
5557,6751,2024-11-10,80.56,Paid,2024-12-10
5558,9866,2025-03-09,104.13,Overdue,2025-04-08
5559,8891,2025-02-08,133.59,Due,2025-03-10
5560,7050,2024-05-29,375.93,Overdue,2024-06-28
5561,7360,2024-12-01,235.7,Paid,2024-12-31
5562,2401,2025-02-25,295.92,Overdue,2025-03-27
5563,7742,2024-05-14,295.24,Overdue,2024-06-13
5564,9191,2024-12-11,154.47,Due,2025-01-10
5565,4176,2024-08-07,494.26,Overdue,2024-09-06
5566,194,2024-06-12,446.65,Paid,2024-07-12
5567,8374,2024-12-13,342.78,Overdue,2025-01-12
5568,2490,2025-02-27,428.31,Paid,2025-03-29
5569,3667,2025-01-05,245.09,Overdue,2025-02-04
5570,571,2024-12-19,415.63,Due,2025-01-18
5571,4846,2024-10-08,314.3,Overdue,2024-11-07
5572,8200,2024-11-17,439.25,Due,2024-12-17
5573,5211,2024-07-01,355.83,Overdue,2024-07-31
5574,6161,2024-12-21,113.71,Paid,2025-01-20
5575,2852,2025-02-25,150.66,Overdue,2025-03-27
5576,6313,2024-11-17,444.87,Overdue,2024-12-17
5577,8937,2024-10-10,428.0,Due,2024-11-09
5578,7204,2024-12-17,125.84,Overdue,2025-01-16
5579,9572,2024-07-30,472.2,Due,2024-08-29
5580,283,2025-02-04,181.98,Due,2025-03-06
5581,5545,2024-12-24,90.14,Due,2025-01-23
5582,2853,2024-06-07,283.2,Due,2024-07-07
5583,1676,2025-03-07,77.41,Paid,2025-04-06
5584,4597,2024-10-24,125.02,Paid,2024-11-23
5585,8278,2025-01-07,279.66,Paid,2025-02-06
5586,2551,2024-05-16,56.81,Due,2024-06-15
5587,5490,2024-08-28,412.62,Paid,2024-09-27
5588,524,2024-07-08,102.02,Due,2024-08-07
5589,2530,2025-04-03,378.0,Paid,2025-05-03
5590,6035,2024-07-12,488.81,Paid,2024-08-11
5591,8259,2024-06-04,198.09,Due,2024-07-04
5592,2208,2024-12-13,188.82,Paid,2025-01-12
5593,4937,2025-01-08,43.35,Overdue,2025-02-07
5594,4562,2025-04-11,352.44,Paid,2025-05-11
5595,3005,2025-01-14,185.62,Paid,2025-02-13
5596,2582,2024-12-29,384.63,Overdue,2025-01-28
5597,5971,2024-07-15,389.57,Paid,2024-08-14
5598,3992,2024-05-17,292.81,Overdue,2024-06-16
5599,7716,2024-05-04,197.69,Paid,2024-06-03
5600,2165,2025-04-19,261.97,Overdue,2025-05-19
5601,5074,2024-06-27,292.07,Due,2024-07-27
5602,824,2025-03-07,63.31,Paid,2025-04-06
5603,4472,2024-05-06,24.53,Paid,2024-06-05
5604,9874,2024-09-25,264.19,Overdue,2024-10-25
5605,2138,2024-07-25,154.79,Due,2024-08-24
5606,1837,2024-08-22,405.96,Paid,2024-09-21
5607,7529,2024-07-25,233.36,Paid,2024-08-24
5608,9546,2024-08-28,150.24,Paid,2024-09-27
5609,5083,2024-10-03,172.29,Overdue,2024-11-02
5610,3976,2024-07-03,400.04,Overdue,2024-08-02
5611,1570,2024-11-20,118.12,Overdue,2024-12-20
5612,9220,2025-01-07,192.58,Due,2025-02-06
5613,831,2024-10-19,414.83,Paid,2024-11-18
5614,6199,2025-01-13,303.4,Due,2025-02-12
5615,2975,2024-06-27,118.12,Due,2024-07-27
5616,8437,2025-04-19,493.99,Paid,2025-05-19
5617,5078,2024-11-29,482.76,Overdue,2024-12-29
5618,5264,2024-12-26,121.12,Due,2025-01-25
5619,9197,2024-09-30,251.37,Overdue,2024-10-30
5620,7851,2025-03-19,277.02,Paid,2025-04-18
5621,4713,2024-10-14,220.21,Paid,2024-11-13
5622,5654,2024-10-28,245.22,Due,2024-11-27
5623,6158,2024-08-05,373.1,Overdue,2024-09-04
5624,4695,2024-07-31,475.99,Due,2024-08-30
5625,4032,2024-08-21,220.24,Paid,2024-09-20
5626,9483,2025-04-23,332.79,Paid,2025-05-23
5627,139,2024-09-06,241.05,Overdue,2024-10-06
5628,8261,2025-01-26,380.07,Due,2025-02-25
5629,6852,2024-11-28,91.37,Paid,2024-12-28
5630,613,2024-07-02,380.48,Overdue,2024-08-01
5631,6260,2025-01-31,11.83,Overdue,2025-03-02
5632,7754,2024-11-07,73.92,Overdue,2024-12-07
5633,3180,2024-10-09,257.53,Overdue,2024-11-08
5634,7442,2024-06-13,131.76,Paid,2024-07-13
5635,1192,2025-04-17,318.3,Overdue,2025-05-17
5636,7427,2024-09-06,383.58,Due,2024-10-06
5637,1200,2024-08-09,278.41,Overdue,2024-09-08
5638,8740,2024-06-23,203.27,Due,2024-07-23
5639,5563,2025-02-23,186.28,Paid,2025-03-25
5640,1972,2024-05-01,59.43,Paid,2024-05-31
5641,5963,2024-12-04,396.11,Paid,2025-01-03
5642,8062,2024-05-18,287.4,Paid,2024-06-17
5643,3281,2024-08-25,233.46,Paid,2024-09-24
5644,9097,2024-09-15,331.27,Due,2024-10-15
5645,5743,2025-04-01,444.7,Overdue,2025-05-01
5646,3615,2024-07-31,186.82,Paid,2024-08-30
5647,3911,2024-10-27,336.09,Due,2024-11-26
5648,6105,2024-12-28,377.77,Paid,2025-01-27
5649,37,2025-03-01,323.0,Paid,2025-03-31
5650,2315,2024-05-20,162.65,Overdue,2024-06-19
5651,8353,2025-03-20,41.91,Paid,2025-04-19
5652,1237,2025-03-22,58.31,Overdue,2025-04-21
5653,7524,2024-06-06,297.55,Paid,2024-07-06
5654,5670,2024-05-12,460.21,Overdue,2024-06-11
5655,7591,2024-07-11,384.3,Paid,2024-08-10
5656,6544,2025-02-12,97.35,Due,2025-03-14
5657,7729,2024-06-13,99.64,Due,2024-07-13
5658,5095,2024-05-23,266.43,Overdue,2024-06-22
5659,3357,2024-09-10,326.04,Due,2024-10-10
5660,3685,2025-02-05,45.94,Due,2025-03-07
5661,1957,2024-12-23,222.72,Paid,2025-01-22
5662,4587,2024-12-28,156.04,Due,2025-01-27
5663,3935,2024-07-10,48.15,Overdue,2024-08-09
5664,9692,2025-04-04,60.48,Overdue,2025-05-04
5665,6011,2024-12-20,236.2,Due,2025-01-19
5666,5687,2024-05-26,327.06,Overdue,2024-06-25
5667,3057,2024-08-22,227.46,Due,2024-09-21
5668,7805,2024-11-21,93.45,Paid,2024-12-21
5669,4635,2025-04-20,472.18,Paid,2025-05-20
5670,3215,2024-12-28,99.47,Due,2025-01-27
5671,7423,2025-03-29,121.0,Overdue,2025-04-28
5672,6969,2024-10-29,424.14,Paid,2024-11-28
5673,660,2025-04-14,471.99,Overdue,2025-05-14
5674,9402,2024-06-14,373.45,Due,2024-07-14
5675,4905,2024-12-02,495.59,Paid,2025-01-01
5676,949,2024-09-08,129.87,Due,2024-10-08
5677,6327,2025-04-04,487.06,Overdue,2025-05-04
5678,8071,2025-04-19,357.05,Overdue,2025-05-19
5679,9740,2025-03-06,283.17,Paid,2025-04-05
5680,2700,2024-10-27,149.2,Overdue,2024-11-26
5681,5772,2025-01-13,145.44,Paid,2025-02-12
5682,1128,2024-11-23,139.96,Overdue,2024-12-23
5683,8689,2024-08-27,68.21,Overdue,2024-09-26
5684,405,2024-11-30,159.08,Due,2024-12-30
5685,5440,2024-12-28,61.92,Paid,2025-01-27
5686,1613,2025-03-28,252.43,Paid,2025-04-27
5687,9103,2025-01-04,132.34,Overdue,2025-02-03
5688,1891,2024-12-13,290.68,Due,2025-01-12
5689,9711,2024-06-12,471.86,Paid,2024-07-12
5690,4706,2024-10-15,499.32,Paid,2024-11-14
5691,2712,2024-09-15,57.48,Overdue,2024-10-15
5692,8480,2025-01-26,418.24,Paid,2025-02-25
5693,5077,2024-07-12,172.62,Paid,2024-08-11
5694,8707,2025-04-10,176.98,Due,2025-05-10
5695,4788,2024-05-01,321.62,Overdue,2024-05-31
5696,6694,2024-05-28,324.14,Paid,2024-06-27
5697,2997,2025-03-11,401.53,Overdue,2025-04-10
5698,227,2024-07-09,33.74,Paid,2024-08-08
5699,3321,2025-04-17,284.39,Due,2025-05-17
5700,7556,2025-02-20,127.19,Paid,2025-03-22
5701,7016,2024-09-30,260.56,Paid,2024-10-30
5702,4441,2024-07-06,472.68,Paid,2024-08-05
5703,1151,2025-03-18,333.28,Overdue,2025-04-17
5704,4547,2025-03-26,196.67,Due,2025-04-25
5705,7885,2025-02-15,222.21,Due,2025-03-17
5706,2043,2024-09-19,331.71,Due,2024-10-19
5707,8213,2025-04-22,213.37,Due,2025-05-22
5708,6350,2025-01-03,224.03,Paid,2025-02-02
5709,4565,2025-02-23,178.48,Overdue,2025-03-25
5710,6565,2024-07-29,334.88,Paid,2024-08-28
5711,9062,2024-11-08,278.76,Paid,2024-12-08
5712,8861,2024-10-27,453.66,Overdue,2024-11-26
5713,6925,2024-09-30,227.47,Overdue,2024-10-30
5714,924,2025-02-26,261.99,Paid,2025-03-28
5715,8464,2025-03-23,45.44,Due,2025-04-22
5716,2884,2024-05-14,218.58,Due,2024-06-13
5717,5224,2025-04-08,210.62,Paid,2025-05-08
5718,3392,2025-01-07,453.85,Overdue,2025-02-06
5719,8898,2024-12-03,133.0,Paid,2025-01-02
5720,1330,2025-04-29,109.77,Due,2025-05-29
5721,6019,2024-10-23,110.57,Due,2024-11-22
5722,4932,2024-10-06,228.46,Overdue,2024-11-05
5723,7558,2024-06-19,19.29,Overdue,2024-07-19
5724,8455,2024-06-30,92.78,Overdue,2024-07-30
5725,8360,2025-01-26,211.67,Due,2025-02-25
5726,9673,2024-08-29,224.67,Due,2024-09-28
5727,3259,2025-03-13,178.23,Due,2025-04-12
5728,1876,2024-07-26,101.54,Due,2024-08-25
5729,8375,2024-12-14,447.42,Due,2025-01-13
5730,1039,2025-03-03,331.51,Paid,2025-04-02
5731,9482,2025-01-20,424.3,Due,2025-02-19
5732,467,2024-12-01,359.51,Paid,2024-12-31
5733,4134,2024-05-25,286.2,Due,2024-06-24
5734,6676,2024-09-15,362.0,Paid,2024-10-15
5735,643,2024-05-15,337.31,Paid,2024-06-14
5736,4561,2024-10-19,202.32,Due,2024-11-18
5737,590,2025-01-13,268.9,Overdue,2025-02-12
5738,9678,2025-02-25,327.48,Due,2025-03-27
5739,4828,2025-01-29,299.71,Due,2025-02-28
5740,8193,2025-04-15,288.43,Paid,2025-05-15
5741,527,2024-08-20,275.23,Due,2024-09-19
5742,2716,2025-01-16,495.16,Overdue,2025-02-15
5743,9084,2024-11-25,136.68,Overdue,2024-12-25
5744,4398,2025-01-27,184.5,Paid,2025-02-26
5745,2697,2024-10-04,118.69,Overdue,2024-11-03
5746,2065,2025-01-11,288.52,Due,2025-02-10
5747,8404,2024-06-13,249.97,Paid,2024-07-13
5748,3550,2024-11-20,322.01,Due,2024-12-20
5749,1379,2024-09-04,390.82,Due,2024-10-04
5750,9870,2025-04-19,420.63,Overdue,2025-05-19
5751,1591,2025-03-31,387.04,Due,2025-04-30
5752,2956,2024-07-20,37.2,Due,2024-08-19
5753,4740,2025-04-29,326.07,Paid,2025-05-29
5754,9081,2024-08-10,48.52,Paid,2024-09-09
5755,2268,2024-04-30,340.98,Paid,2024-05-30
5756,7609,2025-04-06,57.65,Due,2025-05-06
5757,8031,2025-01-02,20.24,Overdue,2025-02-01
5758,667,2024-05-02,339.72,Overdue,2024-06-01
5759,8741,2025-01-02,27.87,Overdue,2025-02-01
5760,551,2024-06-04,352.33,Paid,2024-07-04
5761,8619,2024-11-14,32.49,Due,2024-12-14
5762,5760,2024-11-17,52.48,Paid,2024-12-17
5763,1004,2024-09-22,298.09,Overdue,2024-10-22
5764,5617,2025-03-17,411.45,Due,2025-04-16
5765,3562,2025-02-14,390.13,Due,2025-03-16
5766,7028,2024-07-28,133.81,Overdue,2024-08-27
5767,5586,2024-05-04,324.75,Due,2024-06-03
5768,5089,2024-10-26,178.48,Due,2024-11-25
5769,9122,2024-08-10,212.06,Paid,2024-09-09
5770,7508,2025-03-21,320.07,Due,2025-04-20
5771,6062,2024-10-09,104.0,Paid,2024-11-08
5772,6367,2024-12-03,112.11,Overdue,2025-01-02
5773,111,2024-05-24,305.06,Overdue,2024-06-23
5774,6937,2024-10-30,440.45,Paid,2024-11-29
5775,1828,2024-09-09,111.74,Due,2024-10-09
5776,9112,2025-03-25,91.08,Overdue,2025-04-24
5777,5276,2024-12-02,112.82,Paid,2025-01-01
5778,4739,2025-03-01,108.54,Due,2025-03-31
5779,5703,2025-03-21,493.08,Due,2025-04-20
5780,9862,2025-04-09,107.61,Overdue,2025-05-09
5781,2811,2024-09-08,437.98,Paid,2024-10-08
5782,756,2024-05-23,216.09,Paid,2024-06-22
5783,1722,2025-01-31,448.53,Due,2025-03-02
5784,7467,2024-07-12,180.78,Due,2024-08-11
5785,4310,2025-02-23,353.31,Paid,2025-03-25
5786,7045,2025-02-03,58.48,Overdue,2025-03-05
5787,2779,2024-06-08,436.52,Overdue,2024-07-08
5788,5105,2025-01-04,148.34,Due,2025-02-03
5789,8498,2025-01-23,391.48,Overdue,2025-02-22
5790,1056,2024-05-25,319.56,Overdue,2024-06-24
5791,4381,2025-02-07,64.67,Overdue,2025-03-09
5792,8955,2024-11-18,339.47,Paid,2024-12-18
5793,5443,2024-11-14,75.07,Paid,2024-12-14
5794,9233,2025-01-23,314.75,Paid,2025-02-22
5795,1116,2024-07-24,419.06,Paid,2024-08-23
5796,2316,2024-10-28,77.68,Overdue,2024-11-27
5797,9955,2024-07-24,125.83,Paid,2024-08-23
5798,3093,2025-04-14,488.86,Paid,2025-05-14
5799,8547,2024-11-04,355.74,Due,2024-12-04
5800,7523,2024-10-28,296.09,Due,2024-11-27
5801,9847,2025-01-10,449.78,Due,2025-02-09
5802,6945,2024-07-19,469.85,Paid,2024-08-18
5803,4101,2024-05-20,288.63,Paid,2024-06-19
5804,4449,2024-05-30,350.87,Overdue,2024-06-29
5805,499,2024-08-04,366.78,Due,2024-09-03
5806,3069,2024-09-30,124.86,Paid,2024-10-30
5807,495,2025-02-04,381.88,Paid,2025-03-06
5808,5180,2025-04-08,362.37,Overdue,2025-05-08
5809,2780,2024-09-05,216.29,Due,2024-10-05
5810,2708,2025-03-23,371.37,Overdue,2025-04-22
5811,4326,2024-06-13,344.4,Due,2024-07-13
5812,5209,2024-12-02,479.09,Overdue,2025-01-01
5813,5813,2024-09-25,297.26,Paid,2024-10-25
5814,5708,2024-06-15,440.03,Paid,2024-07-15
5815,3069,2024-08-31,277.05,Paid,2024-09-30
5816,1832,2025-04-26,79.0,Due,2025-05-26
5817,6572,2024-07-27,469.05,Due,2024-08-26
5818,5746,2025-02-24,340.95,Due,2025-03-26
5819,3171,2025-01-07,432.13,Overdue,2025-02-06
5820,6391,2025-03-23,144.46,Paid,2025-04-22
5821,3015,2024-06-23,177.81,Overdue,2024-07-23
5822,1957,2024-06-12,118.81,Paid,2024-07-12
5823,2864,2025-03-17,63.62,Due,2025-04-16
5824,6055,2025-03-02,486.78,Overdue,2025-04-01
5825,9552,2025-04-15,13.57,Overdue,2025-05-15
5826,6782,2025-03-02,460.63,Overdue,2025-04-01
5827,7056,2025-03-14,254.64,Overdue,2025-04-13
5828,760,2025-04-21,115.63,Paid,2025-05-21
5829,7187,2024-05-25,413.89,Due,2024-06-24
5830,8113,2024-10-13,469.17,Paid,2024-11-12
5831,3277,2024-10-25,498.81,Paid,2024-11-24
5832,6626,2024-06-30,304.35,Overdue,2024-07-30
5833,8440,2024-09-28,423.82,Paid,2024-10-28
5834,7048,2024-12-30,248.79,Due,2025-01-29
5835,7140,2024-11-10,112.53,Overdue,2024-12-10
5836,2955,2025-04-17,273.12,Due,2025-05-17
5837,8071,2024-09-14,139.12,Paid,2024-10-14
5838,1942,2025-04-21,421.43,Due,2025-05-21
5839,3561,2024-11-03,254.81,Paid,2024-12-03
5840,4644,2025-01-08,277.57,Due,2025-02-07
5841,1682,2024-11-25,372.07,Paid,2024-12-25
5842,5390,2024-06-27,340.21,Due,2024-07-27
5843,6227,2024-09-11,172.59,Paid,2024-10-11
5844,8293,2024-07-15,211.85,Due,2024-08-14
5845,4368,2024-12-14,463.04,Paid,2025-01-13
5846,7387,2025-03-16,235.5,Paid,2025-04-15
5847,6929,2024-05-02,169.31,Paid,2024-06-01
5848,505,2024-07-09,265.17,Paid,2024-08-08
5849,8630,2024-05-10,448.74,Overdue,2024-06-09
5850,2425,2024-06-24,483.61,Paid,2024-07-24
5851,8430,2025-01-16,230.77,Paid,2025-02-15
5852,3659,2024-05-18,294.59,Due,2024-06-17
5853,7614,2025-02-15,69.46,Paid,2025-03-17
5854,4913,2024-08-24,201.16,Due,2024-09-23
5855,5163,2024-11-04,204.08,Due,2024-12-04
5856,1501,2024-08-11,215.93,Overdue,2024-09-10
5857,4396,2024-07-14,331.27,Overdue,2024-08-13
5858,3658,2024-07-29,66.53,Paid,2024-08-28
5859,2976,2024-10-23,489.56,Paid,2024-11-22
5860,8439,2024-10-27,400.21,Due,2024-11-26
5861,9989,2024-12-31,333.36,Due,2025-01-30
5862,5111,2025-04-28,390.36,Due,2025-05-28
5863,4363,2024-07-25,360.94,Paid,2024-08-24
5864,2463,2024-07-13,382.96,Paid,2024-08-12
5865,8314,2024-12-06,422.91,Overdue,2025-01-05
5866,9896,2025-03-16,185.72,Paid,2025-04-15
5867,3087,2024-08-21,472.91,Due,2024-09-20
5868,6398,2024-06-03,332.49,Paid,2024-07-03
5869,8164,2025-03-10,320.88,Paid,2025-04-09
5870,8739,2025-01-29,318.7,Paid,2025-02-28
5871,242,2025-03-24,368.26,Due,2025-04-23
5872,2264,2025-03-07,19.36,Due,2025-04-06
5873,6877,2025-03-17,60.16,Overdue,2025-04-16
5874,5486,2025-01-17,225.36,Due,2025-02-16
5875,345,2024-07-23,433.93,Paid,2024-08-22
5876,9492,2024-10-19,288.36,Overdue,2024-11-18
5877,4812,2024-08-02,67.56,Due,2024-09-01
5878,3442,2025-04-09,217.62,Overdue,2025-05-09
5879,6774,2024-12-16,379.6,Paid,2025-01-15
5880,2046,2024-07-24,57.18,Paid,2024-08-23
5881,166,2025-04-29,444.15,Due,2025-05-29
5882,8921,2025-04-27,488.08,Due,2025-05-27
5883,8948,2024-12-23,52.72,Overdue,2025-01-22
5884,2769,2024-10-12,115.13,Paid,2024-11-11
5885,4897,2024-07-01,438.71,Paid,2024-07-31
5886,3979,2024-10-10,419.77,Overdue,2024-11-09
5887,2612,2025-01-30,488.3,Due,2025-03-01
5888,7299,2025-03-06,215.87,Overdue,2025-04-05
5889,1507,2024-08-08,465.71,Paid,2024-09-07
5890,2069,2024-06-08,437.74,Overdue,2024-07-08
5891,7694,2024-11-29,367.38,Due,2024-12-29
5892,1935,2024-06-23,105.51,Due,2024-07-23
5893,7812,2024-05-21,414.32,Due,2024-06-20
5894,5827,2025-04-27,145.74,Overdue,2025-05-27
5895,3912,2025-03-24,45.96,Overdue,2025-04-23
5896,1238,2024-08-27,459.02,Paid,2024-09-26
5897,5903,2025-03-09,262.5,Paid,2025-04-08
5898,8455,2024-11-18,456.1,Paid,2024-12-18
5899,2787,2025-01-02,457.79,Due,2025-02-01
5900,7726,2024-06-24,475.43,Due,2024-07-24
5901,283,2024-07-26,443.85,Paid,2024-08-25
5902,7938,2024-10-28,422.86,Due,2024-11-27
5903,8049,2024-11-30,441.67,Due,2024-12-30
5904,2083,2024-12-28,185.44,Overdue,2025-01-27
5905,6523,2025-03-29,193.47,Due,2025-04-28
5906,9603,2024-06-19,253.64,Paid,2024-07-19
5907,2751,2024-07-01,134.43,Paid,2024-07-31
5908,3837,2024-12-29,484.86,Overdue,2025-01-28
5909,1772,2024-10-28,82.66,Overdue,2024-11-27
5910,4971,2024-12-09,390.15,Overdue,2025-01-08
5911,5595,2024-07-30,138.93,Overdue,2024-08-29
5912,4476,2025-04-15,282.99,Paid,2025-05-15
5913,1681,2025-01-27,77.55,Paid,2025-02-26
5914,703,2025-04-11,207.07,Overdue,2025-05-11
5915,3724,2024-06-26,269.39,Paid,2024-07-26
5916,1307,2024-08-31,437.78,Overdue,2024-09-30
5917,7731,2024-08-22,154.33,Paid,2024-09-21
5918,1013,2025-03-19,140.07,Overdue,2025-04-18
5919,9780,2024-05-11,273.5,Paid,2024-06-10
5920,6284,2024-07-25,387.85,Paid,2024-08-24
5921,1523,2024-07-11,165.6,Due,2024-08-10
5922,9282,2024-07-21,74.25,Paid,2024-08-20
5923,642,2024-10-11,103.2,Overdue,2024-11-10
5924,5248,2024-08-03,143.41,Due,2024-09-02
5925,7999,2025-01-22,142.92,Due,2025-02-21
5926,1519,2024-05-26,109.85,Due,2024-06-25
5927,3063,2025-01-27,196.96,Overdue,2025-02-26
5928,5724,2024-11-04,250.38,Paid,2024-12-04
5929,1318,2025-01-13,206.55,Paid,2025-02-12
5930,9963,2025-02-02,477.57,Paid,2025-03-04
5931,5397,2024-12-11,37.96,Paid,2025-01-10
5932,1759,2025-03-23,344.7,Due,2025-04-22
5933,7692,2025-02-14,476.14,Paid,2025-03-16
5934,514,2025-03-05,448.09,Due,2025-04-04
5935,7689,2024-05-30,424.76,Due,2024-06-29
5936,5063,2025-04-04,346.46,Overdue,2025-05-04
5937,6429,2024-06-04,400.93,Paid,2024-07-04
5938,8243,2025-01-09,390.59,Overdue,2025-02-08
5939,8887,2024-09-24,146.42,Due,2024-10-24
5940,4262,2024-07-31,331.31,Paid,2024-08-30
5941,6821,2024-05-28,448.31,Paid,2024-06-27
5942,9701,2024-05-06,361.48,Paid,2024-06-05
5943,6642,2024-07-20,289.54,Due,2024-08-19
5944,9746,2024-09-19,111.02,Overdue,2024-10-19
5945,2606,2025-03-14,238.73,Due,2025-04-13
5946,295,2025-02-08,272.01,Due,2025-03-10
5947,9008,2024-09-11,446.41,Due,2024-10-11
5948,8725,2025-03-14,225.62,Due,2025-04-13
5949,1352,2025-01-15,314.48,Due,2025-02-14
5950,1034,2025-03-16,313.94,Due,2025-04-15
5951,1894,2024-11-01,253.04,Paid,2024-12-01
5952,8802,2024-07-20,12.47,Due,2024-08-19
5953,5954,2025-03-03,418.57,Paid,2025-04-02
5954,2439,2024-10-25,89.14,Paid,2024-11-24
5955,2165,2025-01-06,265.68,Due,2025-02-05
5956,1216,2025-02-06,278.24,Paid,2025-03-08
5957,3141,2024-09-02,155.04,Paid,2024-10-02
5958,8960,2025-04-14,131.82,Paid,2025-05-14
5959,3589,2024-09-26,356.19,Overdue,2024-10-26
5960,9670,2025-02-05,209.84,Paid,2025-03-07
5961,630,2025-02-15,54.85,Paid,2025-03-17
5962,1268,2024-06-24,477.87,Overdue,2024-07-24
5963,7304,2025-04-21,410.93,Paid,2025-05-21
5964,4089,2024-07-20,175.76,Overdue,2024-08-19
5965,4816,2024-08-30,291.18,Paid,2024-09-29
5966,2592,2024-08-16,331.2,Paid,2024-09-15
5967,3133,2024-06-08,220.81,Paid,2024-07-08
5968,6497,2024-09-08,282.2,Due,2024-10-08
5969,56,2024-11-10,135.0,Overdue,2024-12-10
5970,2952,2025-03-01,54.38,Due,2025-03-31
5971,8884,2024-05-25,461.81,Paid,2024-06-24
5972,4660,2025-02-28,141.41,Overdue,2025-03-30
5973,6232,2024-08-30,62.45,Due,2024-09-29
5974,6563,2025-03-07,438.18,Paid,2025-04-06
5975,3161,2025-01-26,356.17,Due,2025-02-25
5976,7141,2024-12-15,52.89,Due,2025-01-14
5977,4728,2024-12-15,205.48,Due,2025-01-14
5978,5137,2025-03-23,399.94,Due,2025-04-22
5979,549,2024-07-28,136.68,Due,2024-08-27
5980,9565,2024-12-23,250.26,Overdue,2025-01-22
5981,2925,2024-11-28,56.17,Due,2024-12-28
5982,8358,2024-07-20,174.49,Overdue,2024-08-19
5983,5085,2024-06-19,328.98,Due,2024-07-19
5984,7375,2025-04-02,281.54,Due,2025-05-02
5985,7989,2025-02-24,397.16,Paid,2025-03-26
5986,3301,2024-08-04,43.21,Paid,2024-09-03
5987,3791,2024-05-29,449.77,Paid,2024-06-28
5988,9714,2024-12-25,142.77,Overdue,2025-01-24
5989,885,2024-11-23,227.34,Overdue,2024-12-23
5990,3662,2025-02-06,369.26,Overdue,2025-03-08
5991,9137,2024-06-23,346.08,Due,2024-07-23
5992,2944,2024-10-25,89.46,Due,2024-11-24
5993,5180,2024-06-07,327.36,Overdue,2024-07-07
5994,137,2024-12-28,255.61,Due,2025-01-27
5995,7471,2024-05-20,329.97,Overdue,2024-06-19
5996,4967,2024-06-17,102.77,Paid,2024-07-17
5997,453,2024-08-02,255.39,Overdue,2024-09-01
5998,2982,2024-08-22,26.98,Due,2024-09-21
5999,4244,2024-05-21,462.4,Paid,2024-06-20
6000,3289,2024-08-20,138.1,Paid,2024-09-19
6001,6264,2024-09-17,300.51,Due,2024-10-17
6002,9172,2024-09-07,449.34,Overdue,2024-10-07
6003,7674,2024-10-31,180.1,Paid,2024-11-30
6004,9083,2024-10-04,192.51,Paid,2024-11-03
6005,7003,2024-11-12,476.7,Paid,2024-12-12
6006,4563,2025-01-20,168.11,Paid,2025-02-19
6007,8900,2024-12-18,22.6,Due,2025-01-17
6008,2205,2024-12-02,160.87,Overdue,2025-01-01
6009,6687,2024-12-25,78.98,Paid,2025-01-24
6010,8830,2025-04-09,29.24,Paid,2025-05-09
6011,5275,2025-02-14,49.59,Overdue,2025-03-16
6012,908,2025-04-15,495.18,Paid,2025-05-15
6013,9968,2024-11-22,381.05,Due,2024-12-22
6014,8667,2024-07-02,54.03,Paid,2024-08-01
6015,3525,2024-06-02,244.92,Overdue,2024-07-02
6016,9715,2024-05-23,220.0,Overdue,2024-06-22
6017,4219,2024-12-16,368.34,Due,2025-01-15
6018,7228,2024-11-27,178.88,Overdue,2024-12-27
6019,2733,2024-08-26,11.56,Due,2024-09-25
6020,9123,2024-07-04,224.53,Overdue,2024-08-03
6021,2589,2024-06-06,99.24,Overdue,2024-07-06
6022,6255,2024-07-27,80.98,Due,2024-08-26
6023,150,2025-03-16,184.38,Paid,2025-04-15
6024,107,2024-09-13,478.45,Paid,2024-10-13
6025,9598,2024-12-30,18.04,Overdue,2025-01-29
6026,169,2024-06-07,152.48,Overdue,2024-07-07
6027,8600,2024-08-23,441.32,Paid,2024-09-22
6028,3283,2024-06-13,482.53,Due,2024-07-13
6029,233,2025-01-05,89.7,Paid,2025-02-04
6030,1910,2024-09-27,212.57,Overdue,2024-10-27
6031,8359,2024-11-02,494.72,Paid,2024-12-02
6032,4902,2024-09-11,294.99,Overdue,2024-10-11
6033,8179,2024-07-13,498.99,Paid,2024-08-12
6034,4204,2024-10-29,455.82,Due,2024-11-28
6035,5324,2025-03-10,124.9,Overdue,2025-04-09
6036,3478,2025-03-22,470.87,Due,2025-04-21
6037,2325,2024-11-22,160.71,Due,2024-12-22
6038,1721,2024-09-10,314.75,Due,2024-10-10
6039,5844,2024-07-31,39.4,Due,2024-08-30
6040,2275,2025-03-15,393.35,Overdue,2025-04-14
6041,8398,2025-04-23,450.79,Paid,2025-05-23
6042,6147,2025-03-19,223.77,Overdue,2025-04-18
6043,2814,2024-08-08,34.47,Due,2024-09-07
6044,8164,2024-11-12,350.71,Overdue,2024-12-12
6045,6955,2024-11-30,39.56,Due,2024-12-30
6046,4362,2024-10-17,101.87,Overdue,2024-11-16
6047,7819,2024-08-06,497.89,Overdue,2024-09-05
6048,3122,2024-06-01,285.01,Due,2024-07-01
6049,7798,2024-05-28,196.11,Paid,2024-06-27
6050,9957,2024-07-27,180.26,Overdue,2024-08-26
6051,8274,2024-06-07,109.09,Overdue,2024-07-07
6052,9920,2025-01-24,341.15,Overdue,2025-02-23
6053,5411,2025-03-18,462.2,Overdue,2025-04-17
6054,6187,2024-08-23,100.87,Overdue,2024-09-22
6055,9744,2024-08-16,85.68,Due,2024-09-15
6056,6585,2024-10-23,376.43,Overdue,2024-11-22
6057,402,2024-07-01,311.78,Overdue,2024-07-31
6058,7271,2025-01-28,229.22,Paid,2025-02-27
6059,1711,2024-09-22,286.75,Overdue,2024-10-22
6060,3137,2025-02-09,143.37,Paid,2025-03-11
6061,2762,2025-04-20,108.29,Paid,2025-05-20
6062,3770,2024-10-16,472.04,Due,2024-11-15
6063,8169,2025-03-02,130.85,Overdue,2025-04-01
6064,148,2024-09-07,217.28,Overdue,2024-10-07
6065,5543,2024-12-07,494.89,Overdue,2025-01-06
6066,6666,2024-05-17,471.32,Due,2024-06-16
6067,995,2024-07-23,85.94,Paid,2024-08-22
6068,9496,2025-01-31,498.5,Due,2025-03-02
6069,7594,2024-11-22,271.01,Overdue,2024-12-22
6070,1541,2024-06-11,407.87,Overdue,2024-07-11
6071,1673,2025-01-20,433.0,Due,2025-02-19
6072,6573,2024-06-02,358.77,Overdue,2024-07-02
6073,7672,2025-04-12,128.43,Paid,2025-05-12
6074,2124,2024-05-13,460.02,Paid,2024-06-12
6075,3124,2025-03-16,461.0,Due,2025-04-15
6076,1583,2025-04-20,347.98,Overdue,2025-05-20
6077,9064,2024-08-17,269.61,Due,2024-09-16
6078,3159,2024-09-13,399.61,Due,2024-10-13
6079,617,2025-02-16,248.16,Paid,2025-03-18
6080,8226,2024-11-06,250.06,Due,2024-12-06
6081,9567,2024-10-06,61.51,Paid,2024-11-05
6082,3357,2024-08-11,83.01,Paid,2024-09-10
6083,554,2025-01-08,402.95,Paid,2025-02-07
6084,8797,2024-06-09,220.73,Due,2024-07-09
6085,4621,2024-07-24,259.04,Overdue,2024-08-23
6086,5267,2025-04-16,197.67,Due,2025-05-16
6087,2347,2025-02-03,14.78,Paid,2025-03-05
6088,4234,2025-04-10,388.31,Paid,2025-05-10
6089,9123,2024-06-22,181.87,Paid,2024-07-22
6090,4050,2024-11-12,98.54,Due,2024-12-12
6091,3893,2024-10-19,225.22,Due,2024-11-18
6092,9476,2025-03-11,322.89,Paid,2025-04-10
6093,1064,2024-07-14,348.31,Due,2024-08-13
6094,8142,2024-08-26,17.84,Paid,2024-09-25
6095,1368,2024-05-22,219.15,Overdue,2024-06-21
6096,6000,2024-07-29,332.09,Overdue,2024-08-28
6097,269,2025-01-03,21.94,Overdue,2025-02-02
6098,9500,2024-08-08,451.26,Due,2024-09-07
6099,7054,2024-09-08,226.5,Due,2024-10-08
6100,1336,2024-10-31,460.76,Due,2024-11-30
6101,8702,2024-09-09,218.15,Overdue,2024-10-09
6102,5308,2025-01-17,285.21,Overdue,2025-02-16
6103,1789,2024-07-14,249.28,Overdue,2024-08-13
6104,2389,2025-04-12,428.53,Due,2025-05-12
6105,4881,2024-06-04,388.48,Paid,2024-07-04
6106,6939,2024-09-16,123.96,Overdue,2024-10-16
6107,3305,2025-03-04,157.79,Due,2025-04-03
6108,1824,2024-12-31,82.41,Overdue,2025-01-30
6109,6818,2024-06-04,235.69,Overdue,2024-07-04
6110,5631,2025-03-22,295.54,Due,2025-04-21
6111,4746,2025-04-09,16.23,Paid,2025-05-09
6112,2873,2024-11-12,279.78,Overdue,2024-12-12
6113,6458,2024-12-22,48.11,Due,2025-01-21
6114,8231,2024-10-03,410.19,Paid,2024-11-02
6115,7715,2024-09-07,166.85,Due,2024-10-07
6116,9166,2024-12-23,287.29,Overdue,2025-01-22
6117,7321,2024-09-06,10.83,Paid,2024-10-06
6118,4003,2025-03-27,476.13,Due,2025-04-26
6119,7356,2024-07-01,75.89,Paid,2024-07-31
6120,4854,2024-06-15,221.21,Overdue,2024-07-15
6121,2920,2024-05-06,158.46,Overdue,2024-06-05
6122,766,2024-11-18,403.86,Paid,2024-12-18
6123,6441,2025-01-08,54.5,Due,2025-02-07
6124,5565,2024-09-28,82.73,Overdue,2024-10-28
6125,2734,2024-05-29,135.99,Paid,2024-06-28
6126,2714,2024-09-13,233.91,Overdue,2024-10-13
6127,7075,2025-02-16,47.31,Paid,2025-03-18
6128,8733,2025-02-24,184.58,Paid,2025-03-26
6129,3174,2024-10-03,190.29,Due,2024-11-02
6130,2701,2024-10-13,408.0,Paid,2024-11-12
6131,8799,2025-04-09,251.75,Due,2025-05-09
6132,9897,2025-01-27,336.66,Overdue,2025-02-26
6133,7658,2024-12-20,361.3,Paid,2025-01-19
6134,9070,2024-12-13,343.9,Paid,2025-01-12
6135,3904,2025-01-05,97.6,Paid,2025-02-04
6136,662,2024-11-10,17.51,Paid,2024-12-10
6137,244,2024-07-20,55.14,Due,2024-08-19
6138,6317,2024-07-08,362.93,Overdue,2024-08-07
6139,1243,2024-06-30,236.16,Due,2024-07-30
6140,7575,2024-05-21,293.02,Paid,2024-06-20
6141,2839,2025-03-25,22.48,Paid,2025-04-24
6142,8209,2024-06-11,269.84,Paid,2024-07-11
6143,5519,2024-05-18,353.25,Paid,2024-06-17
6144,4756,2024-11-26,386.29,Paid,2024-12-26
6145,4080,2024-07-14,186.57,Due,2024-08-13
6146,1119,2024-12-20,335.95,Overdue,2025-01-19
6147,2936,2025-04-10,345.59,Due,2025-05-10
6148,2283,2024-09-19,432.82,Overdue,2024-10-19
6149,6706,2025-03-12,221.95,Paid,2025-04-11
6150,3096,2025-03-08,137.97,Due,2025-04-07
6151,5140,2025-01-17,295.32,Paid,2025-02-16
6152,3299,2025-02-12,419.99,Overdue,2025-03-14
6153,2743,2024-07-31,476.24,Due,2024-08-30
6154,7117,2024-05-15,329.3,Paid,2024-06-14
6155,2374,2025-03-01,97.71,Overdue,2025-03-31
6156,3094,2025-04-19,282.17,Due,2025-05-19
6157,8531,2025-02-23,234.61,Due,2025-03-25
6158,4690,2024-12-26,314.6,Overdue,2025-01-25
6159,2620,2024-11-02,330.51,Overdue,2024-12-02
6160,3593,2025-02-21,92.33,Overdue,2025-03-23
6161,4720,2024-12-03,124.69,Paid,2025-01-02
6162,9847,2024-08-13,146.47,Overdue,2024-09-12
6163,87,2025-04-26,479.27,Paid,2025-05-26
6164,2353,2024-11-22,318.07,Overdue,2024-12-22
6165,9368,2025-04-11,437.36,Paid,2025-05-11
6166,4695,2025-03-09,21.75,Overdue,2025-04-08
6167,7322,2024-08-29,447.54,Overdue,2024-09-28
6168,212,2025-02-26,221.71,Overdue,2025-03-28
6169,9856,2025-02-08,214.63,Due,2025-03-10
6170,647,2024-11-23,380.56,Overdue,2024-12-23
6171,4462,2024-10-04,332.93,Due,2024-11-03
6172,2628,2024-05-28,402.59,Due,2024-06-27
6173,3209,2025-04-20,253.95,Due,2025-05-20
6174,4611,2025-02-11,253.8,Due,2025-03-13
6175,5209,2024-05-07,13.06,Paid,2024-06-06
6176,54,2024-06-06,329.58,Overdue,2024-07-06
6177,7504,2024-08-12,311.99,Due,2024-09-11
6178,7511,2025-02-15,276.68,Paid,2025-03-17
6179,8780,2024-12-26,149.37,Paid,2025-01-25
6180,1102,2024-09-27,271.09,Paid,2024-10-27
6181,2847,2024-06-01,437.86,Due,2024-07-01
6182,3876,2025-02-17,164.11,Paid,2025-03-19
6183,449,2024-09-20,463.97,Overdue,2024-10-20
6184,9683,2024-10-04,336.3,Due,2024-11-03
6185,1564,2024-08-08,366.9,Due,2024-09-07
6186,2998,2025-02-01,224.85,Overdue,2025-03-03
6187,1063,2025-03-11,80.41,Overdue,2025-04-10
6188,3057,2024-11-20,215.25,Overdue,2024-12-20
6189,1949,2024-05-31,344.54,Overdue,2024-06-30
6190,627,2025-03-07,139.87,Overdue,2025-04-06
6191,2800,2025-01-05,208.42,Overdue,2025-02-04
6192,1174,2024-06-15,86.44,Overdue,2024-07-15
6193,9727,2024-07-15,179.4,Paid,2024-08-14
6194,5128,2024-10-13,486.37,Paid,2024-11-12
6195,1345,2025-04-24,475.55,Due,2025-05-24
6196,8464,2024-05-17,364.19,Paid,2024-06-16
6197,8548,2024-09-30,337.16,Paid,2024-10-30
6198,5830,2024-11-29,198.18,Due,2024-12-29
6199,3234,2024-06-22,422.65,Due,2024-07-22
6200,2490,2024-09-12,232.45,Due,2024-10-12
6201,6530,2024-06-15,395.27,Overdue,2024-07-15
6202,803,2025-03-29,25.88,Paid,2025-04-28
6203,6310,2024-07-18,341.92,Paid,2024-08-17
6204,715,2025-02-08,391.01,Paid,2025-03-10
6205,2087,2024-10-17,275.15,Due,2024-11-16
6206,3773,2024-09-08,417.79,Due,2024-10-08
6207,1653,2024-09-10,306.72,Paid,2024-10-10
6208,3472,2025-01-07,324.28,Due,2025-02-06
6209,6123,2024-06-21,393.57,Due,2024-07-21
6210,1944,2025-03-11,32.73,Overdue,2025-04-10
6211,2335,2024-12-22,32.23,Due,2025-01-21
6212,8343,2025-03-26,375.0,Overdue,2025-04-25
6213,4962,2025-01-30,460.63,Due,2025-03-01
6214,2671,2024-05-25,107.78,Overdue,2024-06-24
6215,6092,2024-08-25,273.09,Paid,2024-09-24
6216,7107,2024-06-26,227.1,Due,2024-07-26
6217,364,2024-08-01,179.11,Due,2024-08-31
6218,7664,2024-06-08,88.61,Paid,2024-07-08
6219,8806,2024-05-13,499.12,Overdue,2024-06-12
6220,1449,2024-06-19,53.31,Overdue,2024-07-19
6221,1715,2025-04-28,196.77,Due,2025-05-28
6222,9573,2024-10-30,229.53,Overdue,2024-11-29
6223,6058,2024-11-05,35.75,Due,2024-12-05
6224,7741,2024-10-10,485.46,Paid,2024-11-09
6225,2652,2024-08-13,334.59,Paid,2024-09-12
6226,2017,2024-08-20,136.24,Overdue,2024-09-19
6227,3634,2024-06-06,220.98,Overdue,2024-07-06
6228,6429,2024-07-10,374.29,Due,2024-08-09
6229,8010,2024-08-15,60.63,Overdue,2024-09-14
6230,5068,2025-01-22,283.83,Due,2025-02-21
6231,8807,2025-04-18,54.55,Overdue,2025-05-18
6232,2593,2025-04-04,201.5,Due,2025-05-04
6233,2121,2024-10-08,296.31,Overdue,2024-11-07
6234,1052,2024-12-04,110.18,Overdue,2025-01-03
6235,7881,2024-09-02,110.61,Paid,2024-10-02
6236,3316,2024-06-26,468.39,Overdue,2024-07-26
6237,7287,2025-02-24,34.9,Due,2025-03-26
6238,465,2025-03-27,393.03,Overdue,2025-04-26
6239,6216,2025-03-26,75.46,Overdue,2025-04-25
6240,780,2024-08-24,75.07,Due,2024-09-23
6241,6576,2025-04-25,312.74,Paid,2025-05-25
6242,9587,2024-11-20,11.31,Paid,2024-12-20
6243,8744,2024-10-17,406.19,Due,2024-11-16
6244,5611,2024-10-01,194.21,Due,2024-10-31
6245,7741,2024-10-23,169.19,Due,2024-11-22
6246,3844,2024-11-25,263.91,Paid,2024-12-25
6247,9381,2024-12-01,104.32,Due,2024-12-31
6248,3745,2024-11-10,25.12,Overdue,2024-12-10
6249,7127,2024-04-30,359.4,Paid,2024-05-30
6250,4216,2024-08-29,276.23,Overdue,2024-09-28
6251,327,2024-08-31,379.32,Due,2024-09-30
6252,5675,2024-11-26,430.67,Paid,2024-12-26
6253,9553,2024-11-05,424.28,Paid,2024-12-05
6254,3780,2024-07-09,185.94,Paid,2024-08-08
6255,6271,2024-06-01,327.86,Paid,2024-07-01
6256,1236,2024-08-06,479.57,Due,2024-09-05
6257,4057,2024-08-10,330.04,Paid,2024-09-09
6258,9712,2025-03-23,156.12,Overdue,2025-04-22
6259,3550,2024-09-13,442.49,Overdue,2024-10-13
6260,2420,2024-05-22,233.98,Overdue,2024-06-21
6261,9409,2025-03-11,39.93,Overdue,2025-04-10
6262,4908,2025-03-12,443.25,Overdue,2025-04-11
6263,8546,2024-10-02,153.58,Due,2024-11-01
6264,8023,2025-01-15,143.23,Paid,2025-02-14
6265,408,2025-04-24,163.45,Due,2025-05-24
6266,7851,2025-01-29,468.48,Paid,2025-02-28
6267,1058,2024-10-21,468.58,Overdue,2024-11-20
6268,1488,2025-03-25,360.54,Overdue,2025-04-24
6269,1173,2025-03-28,398.14,Due,2025-04-27
6270,5316,2024-08-11,348.86,Due,2024-09-10
6271,5727,2024-06-26,111.13,Overdue,2024-07-26
6272,1401,2024-05-08,459.9,Paid,2024-06-07
6273,6017,2025-04-25,405.75,Paid,2025-05-25
6274,7423,2024-08-09,326.79,Paid,2024-09-08
6275,588,2025-02-27,180.79,Overdue,2025-03-29
6276,9181,2024-10-20,451.55,Paid,2024-11-19
6277,7885,2024-06-30,135.85,Overdue,2024-07-30
6278,5202,2024-10-30,36.17,Overdue,2024-11-29
6279,9946,2025-02-24,473.33,Due,2025-03-26
6280,749,2025-02-22,461.61,Paid,2025-03-24
6281,2922,2024-06-26,406.11,Due,2024-07-26
6282,2668,2024-08-16,216.13,Due,2024-09-15
6283,4781,2025-01-21,71.87,Paid,2025-02-20
6284,6499,2024-09-19,60.95,Overdue,2024-10-19
6285,8517,2025-03-23,391.0,Overdue,2025-04-22
6286,1796,2025-01-02,150.62,Paid,2025-02-01
6287,6097,2024-11-28,327.18,Overdue,2024-12-28
6288,593,2024-08-31,389.98,Overdue,2024-09-30
6289,3228,2025-04-19,472.85,Paid,2025-05-19
6290,714,2025-02-21,371.41,Paid,2025-03-23
6291,2044,2025-04-05,126.68,Paid,2025-05-05
6292,6418,2024-08-29,329.71,Overdue,2024-09-28
6293,4011,2024-08-03,25.92,Overdue,2024-09-02
6294,3726,2024-05-05,232.77,Paid,2024-06-04
6295,9733,2024-05-05,489.85,Paid,2024-06-04
6296,1918,2024-06-18,160.93,Overdue,2024-07-18
6297,1663,2024-09-25,443.45,Due,2024-10-25
6298,767,2024-09-30,184.9,Due,2024-10-30
6299,8006,2024-06-08,303.95,Due,2024-07-08
6300,30,2024-12-04,333.17,Paid,2025-01-03
6301,190,2025-04-13,259.88,Paid,2025-05-13
6302,8382,2025-01-16,394.52,Overdue,2025-02-15
6303,1110,2024-06-28,453.53,Due,2024-07-28
6304,408,2024-08-02,342.75,Due,2024-09-01
6305,5136,2024-05-02,463.5,Overdue,2024-06-01
6306,4888,2024-05-30,70.73,Paid,2024-06-29
6307,7918,2024-07-20,320.58,Due,2024-08-19
6308,4382,2024-08-11,484.55,Due,2024-09-10
6309,845,2024-10-17,431.51,Overdue,2024-11-16
6310,2947,2024-11-25,371.6,Overdue,2024-12-25
6311,6243,2024-11-21,28.69,Overdue,2024-12-21
6312,5145,2025-02-22,283.52,Due,2025-03-24
6313,785,2025-03-23,388.58,Due,2025-04-22
6314,3455,2024-07-29,494.97,Due,2024-08-28
6315,2569,2024-06-22,443.87,Paid,2024-07-22
6316,4159,2024-10-30,116.34,Due,2024-11-29
6317,6809,2024-07-12,364.68,Due,2024-08-11
6318,4611,2024-08-06,343.32,Paid,2024-09-05
6319,1169,2025-03-19,199.27,Paid,2025-04-18
6320,7068,2025-01-26,154.28,Due,2025-02-25
6321,1139,2025-03-25,304.57,Paid,2025-04-24
6322,1407,2024-08-07,484.45,Due,2024-09-06
6323,5500,2024-05-02,120.2,Overdue,2024-06-01
6324,1437,2024-07-08,156.14,Paid,2024-08-07
6325,867,2024-06-16,114.54,Paid,2024-07-16
6326,9368,2024-06-08,123.29,Paid,2024-07-08
6327,6420,2024-05-23,461.4,Due,2024-06-22
6328,2665,2024-08-31,413.09,Paid,2024-09-30
6329,5782,2024-12-30,284.84,Overdue,2025-01-29
6330,652,2024-08-22,289.61,Overdue,2024-09-21
6331,6682,2024-05-02,340.73,Due,2024-06-01
6332,2937,2024-12-13,428.06,Paid,2025-01-12
6333,4218,2025-02-13,238.22,Paid,2025-03-15
6334,3797,2025-01-10,361.7,Overdue,2025-02-09
6335,1936,2024-10-20,229.6,Overdue,2024-11-19
6336,5184,2025-03-01,490.64,Due,2025-03-31
6337,5300,2024-12-09,164.22,Overdue,2025-01-08
6338,2259,2025-01-11,294.92,Due,2025-02-10
6339,8900,2025-01-10,187.58,Due,2025-02-09
6340,9616,2024-12-07,332.41,Overdue,2025-01-06
6341,1609,2025-02-08,180.23,Paid,2025-03-10
6342,2427,2024-07-30,499.96,Due,2024-08-29
6343,9232,2024-06-24,172.68,Paid,2024-07-24
6344,4831,2024-05-11,91.6,Overdue,2024-06-10
6345,9066,2024-07-24,283.77,Paid,2024-08-23
6346,8229,2024-05-01,207.85,Overdue,2024-05-31
6347,6241,2024-05-15,257.31,Due,2024-06-14
6348,669,2024-09-13,449.57,Due,2024-10-13
6349,3626,2024-12-22,173.47,Overdue,2025-01-21
6350,8675,2024-08-27,103.92,Paid,2024-09-26
6351,330,2024-06-28,100.56,Paid,2024-07-28
6352,8779,2024-09-09,400.26,Due,2024-10-09
6353,8702,2024-08-23,10.9,Due,2024-09-22
6354,9516,2024-12-15,451.82,Paid,2025-01-14
6355,5438,2024-07-28,192.15,Paid,2024-08-27
6356,4263,2024-10-06,201.79,Paid,2024-11-05
6357,130,2024-10-31,20.5,Due,2024-11-30
6358,9247,2025-04-09,44.52,Paid,2025-05-09
6359,9852,2025-04-18,266.41,Due,2025-05-18
6360,5354,2025-04-11,38.81,Overdue,2025-05-11
6361,5842,2024-07-11,341.6,Overdue,2024-08-10
6362,7793,2025-04-18,366.22,Due,2025-05-18
6363,8432,2024-07-26,181.46,Overdue,2024-08-25
6364,2147,2024-10-13,463.37,Paid,2024-11-12
6365,4962,2024-10-24,211.58,Overdue,2024-11-23
6366,5542,2025-03-09,452.52,Overdue,2025-04-08
6367,6338,2025-03-13,35.44,Due,2025-04-12
6368,4319,2024-07-16,266.32,Overdue,2024-08-15
6369,9292,2024-06-30,148.54,Due,2024-07-30
6370,683,2025-04-13,338.61,Due,2025-05-13
6371,522,2024-09-24,203.21,Overdue,2024-10-24
6372,7737,2024-10-12,246.28,Due,2024-11-11
6373,9489,2024-08-02,204.04,Paid,2024-09-01
6374,3405,2024-08-22,384.56,Overdue,2024-09-21
6375,9834,2024-12-04,419.44,Paid,2025-01-03
6376,5289,2025-04-15,57.7,Overdue,2025-05-15
6377,730,2024-05-07,257.23,Due,2024-06-06
6378,8396,2025-02-18,436.02,Paid,2025-03-20
6379,5035,2024-12-29,339.13,Due,2025-01-28
6380,3612,2025-02-01,143.87,Overdue,2025-03-03
6381,2136,2024-11-16,376.57,Overdue,2024-12-16
6382,9992,2024-09-06,184.17,Overdue,2024-10-06
6383,8319,2025-03-18,27.92,Overdue,2025-04-17
6384,1505,2024-09-06,17.53,Paid,2024-10-06
6385,9273,2024-05-20,46.58,Due,2024-06-19
6386,2160,2024-07-17,213.7,Due,2024-08-16
6387,2789,2024-11-29,499.78,Paid,2024-12-29
6388,3903,2024-09-06,405.92,Overdue,2024-10-06
6389,8430,2024-08-11,15.68,Due,2024-09-10
6390,2677,2024-09-24,188.95,Due,2024-10-24
6391,3635,2024-08-08,25.94,Paid,2024-09-07
6392,1058,2025-01-31,256.98,Due,2025-03-02
6393,3902,2025-04-02,242.49,Due,2025-05-02
6394,6094,2025-01-30,332.0,Overdue,2025-03-01
6395,5354,2025-01-16,472.9,Due,2025-02-15
6396,2301,2025-01-18,77.78,Overdue,2025-02-17
6397,1950,2024-06-29,128.58,Overdue,2024-07-29
6398,1245,2024-10-07,478.73,Overdue,2024-11-06
6399,4150,2024-06-16,498.71,Due,2024-07-16
6400,5088,2024-06-08,34.61,Overdue,2024-07-08
6401,2425,2025-02-27,88.14,Due,2025-03-29
6402,3908,2025-03-13,222.12,Overdue,2025-04-12
6403,8749,2024-09-08,361.3,Due,2024-10-08
6404,2608,2024-07-07,465.87,Paid,2024-08-06
6405,7325,2024-11-11,323.31,Paid,2024-12-11
6406,4119,2024-11-09,283.0,Due,2024-12-09
6407,319,2024-06-02,40.41,Overdue,2024-07-02
6408,4154,2025-01-13,366.99,Overdue,2025-02-12
6409,5148,2024-10-19,472.23,Overdue,2024-11-18
6410,9955,2024-10-29,43.48,Due,2024-11-28
6411,3943,2024-05-03,204.74,Paid,2024-06-02
6412,6348,2025-02-15,375.53,Paid,2025-03-17
6413,5673,2024-09-17,124.12,Paid,2024-10-17
6414,3496,2024-08-08,304.4,Paid,2024-09-07
6415,2310,2025-04-29,47.6,Overdue,2025-05-29
6416,8241,2025-03-09,175.54,Overdue,2025-04-08
6417,5353,2024-05-11,282.31,Paid,2024-06-10
6418,9,2024-08-21,201.35,Paid,2024-09-20
6419,1090,2024-12-18,456.65,Paid,2025-01-17
6420,8340,2024-05-27,462.69,Paid,2024-06-26
6421,4661,2024-06-11,186.48,Due,2024-07-11
6422,250,2024-08-19,301.71,Paid,2024-09-18
6423,4673,2024-10-19,366.28,Paid,2024-11-18
6424,11,2024-12-14,377.64,Overdue,2025-01-13
6425,4701,2024-12-19,72.57,Due,2025-01-18
6426,7320,2024-06-04,449.78,Paid,2024-07-04
6427,8921,2025-03-23,437.2,Paid,2025-04-22
6428,9982,2024-10-01,465.14,Due,2024-10-31
6429,7833,2024-05-17,470.12,Due,2024-06-16
6430,3040,2024-09-06,393.22,Paid,2024-10-06
6431,2428,2024-06-29,242.92,Overdue,2024-07-29
6432,7618,2024-09-22,259.16,Paid,2024-10-22
6433,1732,2024-06-15,186.82,Overdue,2024-07-15
6434,5470,2024-10-28,289.99,Overdue,2024-11-27
6435,9523,2025-03-02,64.82,Overdue,2025-04-01
6436,274,2025-01-30,190.98,Overdue,2025-03-01
6437,3270,2024-07-09,221.55,Due,2024-08-08
6438,4683,2024-10-16,361.71,Overdue,2024-11-15
6439,6846,2024-07-14,248.35,Overdue,2024-08-13
6440,9490,2024-11-14,329.37,Overdue,2024-12-14
6441,9398,2024-07-15,303.53,Paid,2024-08-14
6442,1075,2024-08-28,168.66,Overdue,2024-09-27
6443,8902,2025-02-28,496.01,Due,2025-03-30
6444,7253,2024-10-28,284.9,Paid,2024-11-27
6445,475,2024-09-25,221.66,Paid,2024-10-25
6446,7895,2025-01-17,231.16,Paid,2025-02-16
6447,2841,2024-08-22,136.5,Due,2024-09-21
6448,7307,2024-12-11,414.88,Overdue,2025-01-10
6449,3082,2024-10-29,215.83,Overdue,2024-11-28
6450,9772,2024-08-05,21.23,Paid,2024-09-04
6451,4178,2024-09-29,62.47,Due,2024-10-29
6452,4567,2024-07-12,338.56,Due,2024-08-11
6453,3455,2025-02-21,336.06,Overdue,2025-03-23
6454,8017,2024-05-05,357.25,Due,2024-06-04
6455,1035,2025-03-24,24.76,Overdue,2025-04-23
6456,5164,2025-03-30,297.51,Paid,2025-04-29
6457,9864,2024-09-25,77.21,Overdue,2024-10-25
6458,9412,2025-02-12,37.05,Paid,2025-03-14
6459,6722,2024-09-03,307.96,Due,2024-10-03
6460,9938,2025-03-13,430.2,Due,2025-04-12
6461,7665,2025-04-05,330.18,Paid,2025-05-05
6462,5710,2024-10-26,416.69,Paid,2024-11-25
6463,8873,2025-02-11,179.93,Due,2025-03-13
6464,5127,2024-06-19,386.71,Paid,2024-07-19
6465,2545,2025-03-10,465.4,Overdue,2025-04-09
6466,3036,2024-09-03,309.03,Due,2024-10-03
6467,2735,2024-07-11,402.63,Overdue,2024-08-10
6468,8421,2025-02-15,282.99,Due,2025-03-17
6469,5490,2024-05-02,98.02,Overdue,2024-06-01
6470,612,2025-04-05,436.17,Overdue,2025-05-05
6471,8634,2024-09-25,99.76,Due,2024-10-25
6472,6488,2025-02-08,198.96,Due,2025-03-10
6473,7607,2024-12-19,161.09,Due,2025-01-18
6474,6592,2024-09-12,118.29,Paid,2024-10-12
6475,8137,2024-09-29,311.5,Paid,2024-10-29
6476,3975,2025-03-30,42.85,Paid,2025-04-29
6477,8900,2025-03-18,171.88,Overdue,2025-04-17
6478,2678,2025-03-07,382.52,Paid,2025-04-06
6479,2059,2025-03-08,332.51,Due,2025-04-07
6480,9842,2025-04-03,144.9,Due,2025-05-03
6481,56,2025-02-13,308.8,Due,2025-03-15
6482,8353,2024-11-24,291.06,Due,2024-12-24
6483,5391,2024-06-25,238.72,Overdue,2024-07-25
6484,2779,2025-01-06,129.9,Due,2025-02-05
6485,275,2025-03-20,288.19,Due,2025-04-19
6486,6391,2024-11-19,39.85,Paid,2024-12-19
6487,4330,2025-03-20,149.47,Paid,2025-04-19
6488,3603,2024-09-07,235.72,Overdue,2024-10-07
6489,6137,2024-08-07,44.44,Overdue,2024-09-06
6490,8317,2024-10-11,89.28,Due,2024-11-10
6491,7292,2024-05-29,339.29,Due,2024-06-28
6492,9125,2025-04-02,157.66,Due,2025-05-02
6493,8188,2024-12-21,257.74,Paid,2025-01-20
6494,4497,2024-11-17,249.46,Paid,2024-12-17
6495,6500,2025-04-07,303.1,Due,2025-05-07
6496,7622,2025-01-06,425.29,Due,2025-02-05
6497,5571,2024-07-23,161.17,Paid,2024-08-22
6498,2953,2024-08-25,221.29,Due,2024-09-24
6499,846,2024-09-09,138.46,Overdue,2024-10-09
6500,3648,2025-01-26,26.9,Overdue,2025-02-25
6501,9346,2024-09-13,176.55,Due,2024-10-13
6502,488,2024-12-27,310.03,Due,2025-01-26
6503,7293,2024-08-12,69.4,Due,2024-09-11
6504,6855,2024-11-28,351.89,Overdue,2024-12-28
6505,3298,2024-09-30,375.04,Overdue,2024-10-30
6506,5715,2024-09-01,491.9,Paid,2024-10-01
6507,2882,2024-06-09,291.49,Paid,2024-07-09
6508,7378,2025-04-15,24.75,Overdue,2025-05-15
6509,9305,2025-01-29,439.45,Paid,2025-02-28
6510,9734,2024-12-20,93.88,Due,2025-01-19
6511,9469,2025-04-27,406.68,Due,2025-05-27
6512,2403,2025-03-11,176.18,Overdue,2025-04-10
6513,8011,2025-03-28,475.51,Due,2025-04-27
6514,8021,2024-09-09,96.4,Paid,2024-10-09
6515,786,2024-10-31,244.34,Paid,2024-11-30
6516,454,2025-01-13,138.34,Due,2025-02-12
6517,4694,2025-01-28,453.28,Paid,2025-02-27
6518,6542,2024-09-08,269.55,Overdue,2024-10-08
6519,2543,2025-02-03,46.42,Paid,2025-03-05
6520,8966,2025-03-25,115.4,Overdue,2025-04-24
6521,297,2025-03-13,182.41,Paid,2025-04-12
6522,5426,2025-04-19,32.85,Overdue,2025-05-19
6523,5990,2024-10-06,292.52,Overdue,2024-11-05
6524,2444,2025-02-19,15.34,Paid,2025-03-21
6525,7042,2024-12-31,313.68,Due,2025-01-30
6526,6304,2024-12-15,221.23,Overdue,2025-01-14
6527,5668,2024-05-02,56.51,Due,2024-06-01
6528,955,2024-07-05,50.12,Due,2024-08-04
6529,834,2025-01-12,450.54,Overdue,2025-02-11
6530,6675,2024-09-14,28.8,Overdue,2024-10-14
6531,6316,2024-08-01,380.1,Paid,2024-08-31
6532,1335,2024-12-06,297.24,Overdue,2025-01-05
6533,6637,2024-12-07,76.48,Due,2025-01-06
6534,9062,2025-01-28,155.81,Paid,2025-02-27
6535,2869,2025-02-17,429.97,Overdue,2025-03-19
6536,5925,2025-01-08,180.39,Due,2025-02-07
6537,2816,2024-08-18,266.91,Due,2024-09-17
6538,2653,2024-09-24,39.19,Paid,2024-10-24
6539,9044,2024-11-25,330.41,Paid,2024-12-25
6540,3552,2024-10-16,111.35,Paid,2024-11-15
6541,460,2025-03-17,132.24,Paid,2025-04-16
6542,2320,2024-06-15,233.32,Due,2024-07-15
6543,731,2024-08-30,475.82,Overdue,2024-09-29
6544,4880,2024-07-13,433.9,Overdue,2024-08-12
6545,8053,2024-06-11,301.64,Due,2024-07-11
6546,7114,2024-09-10,41.04,Paid,2024-10-10
6547,1044,2024-11-07,280.97,Due,2024-12-07
6548,7129,2024-05-28,103.51,Due,2024-06-27
6549,5467,2025-03-29,479.25,Overdue,2025-04-28
6550,7534,2024-10-02,117.18,Overdue,2024-11-01
6551,6285,2024-12-12,432.69,Paid,2025-01-11
6552,8951,2025-04-12,451.04,Overdue,2025-05-12
6553,2025,2024-09-02,279.07,Due,2024-10-02
6554,5574,2024-11-28,192.9,Paid,2024-12-28
6555,9740,2025-03-10,122.08,Overdue,2025-04-09
6556,7935,2024-08-25,369.33,Paid,2024-09-24
6557,2736,2024-09-15,389.17,Paid,2024-10-15
6558,7734,2025-01-25,489.01,Paid,2025-02-24
6559,1420,2024-10-16,222.55,Due,2024-11-15
6560,1544,2025-02-10,228.02,Due,2025-03-12
6561,5971,2024-10-03,139.33,Due,2024-11-02
6562,3833,2025-03-14,270.41,Paid,2025-04-13
6563,8502,2025-03-15,210.05,Due,2025-04-14
6564,508,2024-06-10,236.7,Paid,2024-07-10
6565,5063,2025-03-08,301.93,Paid,2025-04-07
6566,4386,2024-08-11,134.37,Due,2024-09-10
6567,3704,2025-01-02,66.88,Due,2025-02-01
6568,5710,2024-09-04,335.88,Due,2024-10-04
6569,5894,2024-06-16,280.73,Due,2024-07-16
6570,6387,2024-07-28,205.65,Due,2024-08-27
6571,9260,2025-04-04,283.86,Paid,2025-05-04
6572,1645,2024-12-16,144.33,Paid,2025-01-15
6573,5638,2024-07-18,204.4,Overdue,2024-08-17
6574,2814,2024-12-27,201.72,Paid,2025-01-26
6575,9453,2024-10-21,95.8,Paid,2024-11-20
6576,6412,2024-12-10,499.69,Paid,2025-01-09
6577,8766,2025-04-05,58.0,Overdue,2025-05-05
6578,352,2025-03-08,368.48,Due,2025-04-07
6579,9751,2025-04-30,421.45,Overdue,2025-05-30
6580,6822,2025-01-08,361.99,Overdue,2025-02-07
6581,714,2025-01-31,318.94,Paid,2025-03-02
6582,6368,2025-01-10,174.63,Overdue,2025-02-09
6583,5507,2024-07-10,25.01,Overdue,2024-08-09
6584,3468,2024-10-19,153.09,Due,2024-11-18
6585,4570,2025-02-25,120.05,Paid,2025-03-27
6586,7125,2024-07-08,171.6,Due,2024-08-07
6587,5730,2025-04-20,348.22,Paid,2025-05-20
6588,6190,2024-12-20,156.5,Due,2025-01-19
6589,5055,2025-03-05,113.27,Due,2025-04-04
6590,6384,2024-10-03,198.62,Due,2024-11-02
6591,48,2024-10-14,410.09,Paid,2024-11-13
6592,9341,2024-09-27,488.0,Overdue,2024-10-27
6593,153,2024-05-23,301.21,Due,2024-06-22
6594,8272,2024-10-12,34.47,Overdue,2024-11-11
6595,2190,2025-04-30,188.51,Due,2025-05-30
6596,2440,2024-11-09,267.99,Due,2024-12-09
6597,606,2024-06-12,44.72,Overdue,2024-07-12
6598,706,2024-05-03,378.35,Paid,2024-06-02
6599,6302,2024-07-18,257.98,Paid,2024-08-17
6600,4083,2024-09-26,76.79,Paid,2024-10-26
6601,459,2024-08-01,292.25,Due,2024-08-31
6602,7649,2024-09-15,408.61,Overdue,2024-10-15
6603,5443,2024-12-30,36.0,Due,2025-01-29
6604,4245,2024-05-01,74.66,Overdue,2024-05-31
6605,8362,2025-02-21,343.14,Due,2025-03-23
6606,5978,2025-03-11,365.51,Due,2025-04-10
6607,1768,2024-12-05,284.53,Overdue,2025-01-04
6608,680,2024-05-14,449.42,Due,2024-06-13
6609,2909,2024-06-20,461.78,Paid,2024-07-20
6610,3365,2025-04-17,114.92,Due,2025-05-17
6611,2280,2025-04-10,485.9,Overdue,2025-05-10
6612,7522,2024-10-26,132.95,Due,2024-11-25
6613,6185,2025-03-30,453.16,Paid,2025-04-29
6614,9546,2024-08-03,339.94,Overdue,2024-09-02
6615,8918,2024-07-23,194.63,Due,2024-08-22
6616,4502,2024-06-07,458.53,Paid,2024-07-07
6617,4470,2024-06-20,275.54,Overdue,2024-07-20
6618,7426,2024-09-07,47.69,Due,2024-10-07
6619,990,2024-09-23,156.65,Due,2024-10-23
6620,8490,2024-12-01,413.49,Paid,2024-12-31
6621,5465,2024-12-23,125.16,Overdue,2025-01-22
6622,1533,2024-05-12,188.97,Paid,2024-06-11
6623,4310,2024-11-12,338.82,Due,2024-12-12
6624,8488,2024-11-19,307.66,Overdue,2024-12-19
6625,6760,2024-10-13,65.01,Overdue,2024-11-12
6626,7936,2025-01-11,499.01,Overdue,2025-02-10
6627,1432,2024-12-28,233.08,Overdue,2025-01-27
6628,5284,2024-06-10,72.4,Overdue,2024-07-10
6629,8225,2025-03-01,179.19,Paid,2025-03-31
6630,6494,2024-12-24,296.01,Paid,2025-01-23
6631,5494,2024-08-13,176.77,Due,2024-09-12
6632,5917,2024-10-01,254.22,Overdue,2024-10-31
6633,3402,2024-12-21,469.77,Due,2025-01-20
6634,8041,2024-05-17,175.41,Paid,2024-06-16
6635,9551,2025-01-09,100.82,Overdue,2025-02-08
6636,2830,2025-01-18,484.88,Due,2025-02-17
6637,3227,2025-02-28,432.56,Paid,2025-03-30
6638,3053,2024-10-12,202.0,Overdue,2024-11-11
6639,1674,2025-01-05,438.37,Paid,2025-02-04
6640,3465,2025-03-02,267.19,Due,2025-04-01
6641,682,2024-08-19,270.08,Overdue,2024-09-18
6642,6870,2025-02-08,161.11,Overdue,2025-03-10
6643,4627,2024-07-14,300.55,Paid,2024-08-13
6644,2383,2024-05-27,298.05,Paid,2024-06-26
6645,6787,2024-05-28,356.83,Overdue,2024-06-27
6646,9679,2024-11-09,223.08,Paid,2024-12-09
6647,1458,2024-10-20,381.85,Due,2024-11-19
6648,5420,2024-05-18,427.25,Overdue,2024-06-17
6649,4151,2024-08-05,185.95,Due,2024-09-04
6650,9072,2024-11-23,21.32,Paid,2024-12-23
6651,8983,2024-08-12,499.11,Overdue,2024-09-11
6652,2787,2024-06-10,217.36,Overdue,2024-07-10
6653,5096,2024-06-10,106.03,Due,2024-07-10
6654,9407,2024-04-30,475.76,Paid,2024-05-30
6655,6606,2025-04-08,171.98,Overdue,2025-05-08
6656,2408,2024-09-02,369.76,Overdue,2024-10-02
6657,6517,2024-07-24,468.83,Due,2024-08-23
6658,6294,2024-09-24,232.9,Due,2024-10-24
6659,7420,2024-09-21,172.57,Paid,2024-10-21
6660,596,2025-04-26,479.22,Overdue,2025-05-26
6661,7412,2024-07-07,184.4,Paid,2024-08-06
6662,6016,2024-11-10,477.37,Due,2024-12-10
6663,4546,2024-07-05,282.67,Overdue,2024-08-04
6664,2954,2025-04-30,389.91,Paid,2025-05-30
6665,5716,2024-09-14,447.83,Due,2024-10-14
6666,4238,2024-08-16,486.33,Paid,2024-09-15
6667,9147,2025-03-29,291.31,Due,2025-04-28
6668,4244,2025-02-18,435.3,Due,2025-03-20
6669,386,2024-12-18,82.64,Due,2025-01-17
6670,5271,2025-03-14,241.47,Due,2025-04-13
6671,773,2024-09-30,70.34,Due,2024-10-30
6672,3349,2024-08-24,186.55,Overdue,2024-09-23
6673,8126,2024-11-15,39.79,Overdue,2024-12-15
6674,4860,2024-08-04,149.75,Due,2024-09-03
6675,6223,2024-11-01,429.88,Paid,2024-12-01
6676,1155,2025-04-23,284.42,Overdue,2025-05-23
6677,1255,2024-09-02,298.33,Overdue,2024-10-02
6678,7269,2024-05-02,13.52,Paid,2024-06-01
6679,2999,2025-02-25,253.55,Due,2025-03-27
6680,5519,2024-06-22,188.43,Due,2024-07-22
6681,5263,2024-09-03,242.43,Paid,2024-10-03
6682,3177,2024-06-23,57.14,Due,2024-07-23
6683,1850,2024-06-21,329.87,Due,2024-07-21
6684,8205,2024-08-22,384.26,Overdue,2024-09-21
6685,7376,2024-07-17,455.49,Overdue,2024-08-16
6686,6624,2024-07-19,193.19,Overdue,2024-08-18
6687,2022,2024-12-12,173.96,Due,2025-01-11
6688,1801,2024-12-11,64.33,Paid,2025-01-10
6689,1698,2024-05-24,326.97,Overdue,2024-06-23
6690,8295,2025-04-07,269.76,Due,2025-05-07
6691,7418,2025-04-30,254.81,Due,2025-05-30
6692,2325,2024-07-06,430.13,Overdue,2024-08-05
6693,7058,2024-04-30,179.89,Paid,2024-05-30
6694,150,2024-07-20,398.15,Paid,2024-08-19
6695,6199,2025-04-07,457.27,Overdue,2025-05-07
6696,9092,2024-06-29,160.5,Paid,2024-07-29
6697,5075,2025-01-09,216.65,Overdue,2025-02-08
6698,5535,2025-03-09,271.07,Paid,2025-04-08
6699,8692,2024-09-22,441.43,Due,2024-10-22
6700,6334,2024-05-10,227.39,Overdue,2024-06-09
6701,6455,2024-06-20,405.59,Overdue,2024-07-20
6702,900,2024-10-09,231.16,Paid,2024-11-08
6703,2469,2025-03-05,290.31,Paid,2025-04-04
6704,1692,2024-12-31,228.58,Overdue,2025-01-30
6705,6358,2024-10-16,174.72,Overdue,2024-11-15
6706,349,2025-01-08,177.84,Paid,2025-02-07
6707,6946,2025-03-06,419.91,Paid,2025-04-05
6708,8236,2024-08-27,216.45,Due,2024-09-26
6709,3670,2025-02-15,101.88,Due,2025-03-17
6710,3468,2024-10-07,112.3,Due,2024-11-06
6711,6580,2025-01-24,199.6,Paid,2025-02-23
6712,3402,2024-06-05,356.82,Paid,2024-07-05
6713,4617,2025-03-01,133.53,Due,2025-03-31
6714,9669,2024-05-27,15.28,Due,2024-06-26
6715,583,2025-01-26,255.57,Due,2025-02-25
6716,1713,2024-12-01,88.72,Overdue,2024-12-31
6717,7310,2024-07-05,96.21,Overdue,2024-08-04
6718,8899,2024-09-20,70.64,Paid,2024-10-20
6719,2627,2024-07-15,93.57,Overdue,2024-08-14
6720,9835,2025-04-01,284.89,Due,2025-05-01
6721,2446,2025-01-06,147.96,Due,2025-02-05
6722,2106,2025-01-13,399.88,Due,2025-02-12
6723,9070,2025-02-14,285.7,Overdue,2025-03-16
6724,4686,2025-02-13,30.35,Due,2025-03-15
6725,8604,2024-10-23,35.9,Overdue,2024-11-22
6726,3407,2024-10-24,11.14,Paid,2024-11-23
6727,8094,2024-10-03,88.43,Overdue,2024-11-02
6728,4601,2025-02-03,118.21,Overdue,2025-03-05
6729,902,2024-12-30,307.77,Overdue,2025-01-29
6730,2146,2025-02-01,455.68,Due,2025-03-03
6731,200,2024-12-12,419.34,Due,2025-01-11
6732,515,2025-01-24,67.9,Paid,2025-02-23
6733,1059,2024-09-17,193.04,Overdue,2024-10-17
6734,8448,2024-05-28,28.91,Due,2024-06-27
6735,2174,2024-06-22,185.89,Paid,2024-07-22
6736,3400,2025-04-26,111.62,Overdue,2025-05-26
6737,4451,2025-01-06,270.85,Overdue,2025-02-05
6738,7964,2024-07-16,255.99,Due,2024-08-15
6739,9828,2024-05-24,353.24,Paid,2024-06-23
6740,8377,2024-11-27,253.54,Overdue,2024-12-27
6741,6724,2024-05-21,329.83,Overdue,2024-06-20
6742,4630,2025-03-12,108.65,Paid,2025-04-11
6743,2097,2025-04-04,154.25,Paid,2025-05-04
6744,5129,2024-05-07,144.1,Overdue,2024-06-06
6745,548,2024-04-30,188.58,Paid,2024-05-30
6746,913,2024-10-30,43.12,Paid,2024-11-29
6747,592,2024-12-12,67.17,Paid,2025-01-11
6748,9507,2024-08-23,41.55,Paid,2024-09-22
6749,2906,2024-11-18,285.2,Paid,2024-12-18
6750,7101,2024-08-03,427.8,Paid,2024-09-02
6751,9572,2024-10-09,356.14,Overdue,2024-11-08
6752,4800,2024-12-16,299.2,Paid,2025-01-15
6753,468,2024-06-16,316.93,Overdue,2024-07-16
6754,2453,2024-07-12,426.0,Due,2024-08-11
6755,7332,2024-12-03,18.09,Due,2025-01-02
6756,5638,2025-02-02,90.28,Overdue,2025-03-04
6757,8909,2024-06-09,461.2,Due,2024-07-09
6758,8649,2024-11-15,489.96,Due,2024-12-15
6759,5888,2024-05-16,499.68,Due,2024-06-15
6760,9822,2024-09-28,27.19,Paid,2024-10-28
6761,3158,2024-11-29,183.13,Due,2024-12-29
6762,3602,2024-06-11,335.67,Paid,2024-07-11
6763,8908,2025-04-21,115.41,Paid,2025-05-21
6764,8840,2024-07-29,309.11,Due,2024-08-28
6765,6859,2024-07-15,77.01,Overdue,2024-08-14
6766,8521,2025-04-03,288.42,Overdue,2025-05-03
6767,8558,2024-07-06,474.01,Due,2024-08-05
6768,5985,2024-07-11,237.27,Paid,2024-08-10
6769,7199,2024-12-19,307.47,Due,2025-01-18
6770,7119,2025-01-02,320.16,Paid,2025-02-01
6771,7865,2025-02-25,347.8,Overdue,2025-03-27
6772,2314,2024-06-17,341.68,Due,2024-07-17
6773,7870,2024-06-01,283.06,Due,2024-07-01
6774,3774,2024-08-24,313.88,Paid,2024-09-23
6775,6445,2024-10-22,434.26,Overdue,2024-11-21
6776,8288,2024-08-08,335.56,Due,2024-09-07
6777,1759,2024-08-02,17.83,Overdue,2024-09-01
6778,991,2025-04-15,366.95,Overdue,2025-05-15
6779,1529,2024-11-05,146.38,Overdue,2024-12-05
6780,6064,2024-11-11,54.71,Overdue,2024-12-11
6781,8385,2024-06-15,330.01,Due,2024-07-15
6782,8387,2024-10-11,319.63,Due,2024-11-10
6783,8805,2025-01-04,448.56,Paid,2025-02-03
6784,6662,2025-02-08,230.43,Overdue,2025-03-10
6785,5494,2025-03-24,374.74,Overdue,2025-04-23
6786,6142,2025-04-12,285.76,Due,2025-05-12
6787,7874,2024-05-22,438.08,Due,2024-06-21
6788,1170,2024-10-26,339.41,Paid,2024-11-25
6789,1151,2024-07-08,239.77,Paid,2024-08-07
6790,8581,2025-01-07,283.38,Due,2025-02-06
6791,6532,2025-03-08,300.72,Paid,2025-04-07
6792,8334,2024-11-29,162.7,Overdue,2024-12-29
6793,1587,2024-08-10,471.24,Due,2024-09-09
6794,3747,2024-09-07,177.71,Due,2024-10-07
6795,1183,2025-01-25,315.72,Due,2025-02-24
6796,2176,2024-06-06,371.69,Overdue,2024-07-06
6797,1960,2024-11-09,194.24,Overdue,2024-12-09
6798,8520,2025-04-05,74.2,Overdue,2025-05-05
6799,1032,2024-09-21,334.89,Paid,2024-10-21
6800,2438,2024-09-05,214.64,Overdue,2024-10-05
6801,5582,2025-03-20,12.75,Overdue,2025-04-19
6802,3243,2024-06-24,287.5,Paid,2024-07-24
6803,6998,2024-09-21,180.29,Due,2024-10-21
6804,4457,2024-11-18,184.89,Due,2024-12-18
6805,8179,2025-02-07,36.24,Paid,2025-03-09
6806,1496,2025-04-21,110.81,Overdue,2025-05-21
6807,6245,2024-08-06,333.35,Due,2024-09-05
6808,3946,2024-11-16,363.7,Paid,2024-12-16
6809,8581,2024-09-18,353.21,Due,2024-10-18
6810,7215,2025-01-06,16.13,Paid,2025-02-05
6811,7502,2025-02-11,39.71,Paid,2025-03-13
6812,4924,2024-12-14,76.01,Overdue,2025-01-13
6813,8962,2024-07-08,319.36,Paid,2024-08-07
6814,8790,2024-05-11,312.48,Paid,2024-06-10
6815,5965,2025-03-02,161.89,Overdue,2025-04-01
6816,4255,2024-12-16,344.58,Paid,2025-01-15
6817,4082,2025-01-02,387.19,Due,2025-02-01
6818,4682,2024-09-07,292.3,Due,2024-10-07
6819,9412,2025-04-10,386.19,Overdue,2025-05-10
6820,4570,2024-06-19,172.01,Overdue,2024-07-19
6821,4768,2024-10-18,161.29,Due,2024-11-17
6822,4718,2024-05-14,129.37,Paid,2024-06-13
6823,5301,2024-05-24,362.45,Due,2024-06-23
6824,9315,2025-02-24,498.87,Due,2025-03-26
6825,1802,2025-03-21,372.75,Due,2025-04-20
6826,2411,2024-10-28,392.02,Paid,2024-11-27
6827,671,2024-08-22,132.33,Due,2024-09-21
6828,7210,2024-09-07,113.76,Due,2024-10-07
6829,5229,2024-06-07,119.61,Due,2024-07-07
6830,1275,2024-12-11,316.11,Paid,2025-01-10
6831,5164,2024-08-10,169.77,Due,2024-09-09
6832,1759,2024-11-20,81.69,Overdue,2024-12-20
6833,8917,2024-09-08,18.33,Paid,2024-10-08
6834,7321,2024-10-18,353.24,Paid,2024-11-17
6835,8209,2024-10-27,401.89,Overdue,2024-11-26
6836,5364,2025-03-24,52.58,Overdue,2025-04-23
6837,522,2024-05-21,412.04,Overdue,2024-06-20
6838,7118,2024-05-18,386.54,Overdue,2024-06-17
6839,8975,2024-10-02,499.41,Due,2024-11-01
6840,6910,2024-09-09,132.61,Paid,2024-10-09
6841,8728,2025-04-08,275.94,Due,2025-05-08
6842,1782,2024-07-16,446.42,Overdue,2024-08-15
6843,847,2025-02-24,482.47,Paid,2025-03-26
6844,2447,2025-01-25,236.28,Due,2025-02-24
6845,4688,2025-02-18,154.72,Overdue,2025-03-20
6846,7012,2025-03-20,106.3,Paid,2025-04-19
6847,2033,2024-12-25,259.09,Overdue,2025-01-24
6848,6576,2025-03-28,436.44,Overdue,2025-04-27
6849,1318,2024-12-26,48.75,Due,2025-01-25
6850,5059,2025-02-18,340.81,Paid,2025-03-20
6851,3999,2024-05-30,165.01,Paid,2024-06-29
6852,7423,2025-04-25,64.34,Due,2025-05-25
6853,4617,2024-09-03,121.7,Paid,2024-10-03
6854,4968,2025-03-29,488.95,Due,2025-04-28
6855,4927,2024-05-05,157.66,Due,2024-06-04
6856,894,2024-05-11,342.11,Due,2024-06-10
6857,562,2024-11-21,260.32,Paid,2024-12-21
6858,23,2024-10-01,363.36,Due,2024-10-31
6859,2263,2024-10-16,354.07,Overdue,2024-11-15
6860,3787,2024-12-26,348.04,Paid,2025-01-25
6861,6174,2025-04-27,393.5,Paid,2025-05-27
6862,24,2025-03-26,198.11,Due,2025-04-25
6863,8916,2024-08-19,457.74,Overdue,2024-09-18
6864,9769,2024-11-26,34.45,Paid,2024-12-26
6865,7487,2024-07-24,386.95,Paid,2024-08-23
6866,7749,2024-11-18,454.93,Paid,2024-12-18
6867,1077,2024-09-30,89.03,Due,2024-10-30
6868,8313,2024-08-31,454.02,Overdue,2024-09-30
6869,2045,2025-02-24,247.04,Overdue,2025-03-26
6870,9701,2024-06-02,72.32,Due,2024-07-02
6871,709,2024-05-13,359.16,Paid,2024-06-12
6872,4826,2024-05-26,407.29,Paid,2024-06-25
6873,3842,2025-02-15,168.65,Overdue,2025-03-17
6874,4115,2024-05-05,238.35,Overdue,2024-06-04
6875,8109,2025-01-22,251.13,Due,2025-02-21
6876,9545,2024-06-30,281.45,Due,2024-07-30
6877,7262,2024-12-11,52.69,Overdue,2025-01-10
6878,771,2025-03-20,180.16,Overdue,2025-04-19
6879,879,2025-04-11,258.69,Due,2025-05-11
6880,397,2024-07-02,393.63,Paid,2024-08-01
6881,6501,2024-12-21,92.92,Overdue,2025-01-20
6882,6999,2025-04-06,330.11,Paid,2025-05-06
6883,6594,2024-12-19,257.33,Due,2025-01-18
6884,3354,2024-09-11,422.47,Overdue,2024-10-11
6885,4822,2024-12-15,145.13,Paid,2025-01-14
6886,3828,2024-12-03,47.23,Due,2025-01-02
6887,9899,2025-01-29,49.55,Paid,2025-02-28
6888,2397,2024-06-21,233.69,Overdue,2024-07-21
6889,3363,2024-12-14,53.51,Paid,2025-01-13
6890,3664,2024-05-01,498.29,Paid,2024-05-31
6891,2679,2024-11-06,360.51,Paid,2024-12-06
6892,287,2024-05-11,342.27,Due,2024-06-10
6893,3195,2024-05-15,178.53,Paid,2024-06-14
6894,7141,2025-02-01,311.47,Paid,2025-03-03
6895,9560,2024-05-18,304.49,Due,2024-06-17
6896,1036,2025-04-22,72.06,Paid,2025-05-22
6897,501,2024-11-11,199.77,Paid,2024-12-11
6898,8893,2025-02-24,352.78,Paid,2025-03-26
6899,6688,2024-12-26,290.49,Due,2025-01-25
6900,9327,2025-02-16,181.16,Paid,2025-03-18
6901,5292,2024-09-10,243.62,Due,2024-10-10
6902,6131,2024-08-25,132.1,Due,2024-09-24
6903,3256,2025-02-17,469.5,Due,2025-03-19
6904,8945,2024-06-06,23.08,Paid,2024-07-06
6905,676,2024-11-08,36.92,Overdue,2024-12-08
6906,7869,2024-05-18,44.4,Overdue,2024-06-17
6907,1837,2024-05-27,11.31,Paid,2024-06-26
6908,9720,2024-08-26,302.82,Paid,2024-09-25
6909,7153,2025-04-15,198.22,Due,2025-05-15
6910,2225,2024-10-02,207.15,Overdue,2024-11-01
6911,6446,2025-03-22,402.23,Due,2025-04-21
6912,6779,2024-11-27,297.92,Paid,2024-12-27
6913,3277,2024-12-30,443.31,Due,2025-01-29
6914,8309,2025-03-12,39.29,Due,2025-04-11
6915,855,2024-10-08,366.47,Overdue,2024-11-07
6916,5753,2025-01-15,420.43,Due,2025-02-14
6917,6705,2024-07-13,378.59,Paid,2024-08-12
6918,2525,2025-03-31,165.41,Paid,2025-04-30
6919,5438,2024-10-26,116.11,Paid,2024-11-25
6920,5005,2024-10-06,481.04,Overdue,2024-11-05
6921,6235,2024-08-11,249.4,Paid,2024-09-10
6922,8588,2025-04-02,38.76,Paid,2025-05-02
6923,8368,2024-05-15,147.46,Overdue,2024-06-14
6924,4767,2024-10-26,344.85,Paid,2024-11-25
6925,6056,2025-01-24,81.55,Due,2025-02-23
6926,9670,2024-08-05,96.27,Due,2024-09-04
6927,6074,2025-01-29,73.53,Paid,2025-02-28
6928,6885,2025-04-10,437.3,Paid,2025-05-10
6929,4055,2024-10-28,404.8,Paid,2024-11-27
6930,2883,2024-11-22,269.05,Due,2024-12-22
6931,5328,2024-05-04,244.48,Overdue,2024-06-03
6932,3635,2024-10-01,255.2,Overdue,2024-10-31
6933,6925,2025-04-23,404.1,Overdue,2025-05-23
6934,9512,2024-05-04,346.73,Overdue,2024-06-03
6935,3260,2025-02-08,58.39,Due,2025-03-10
6936,9219,2025-02-05,42.21,Overdue,2025-03-07
6937,4933,2025-02-14,95.18,Paid,2025-03-16
6938,9648,2024-05-01,298.74,Due,2024-05-31
6939,1141,2024-11-29,58.44,Overdue,2024-12-29
6940,2126,2024-09-28,235.15,Due,2024-10-28
6941,1902,2024-07-09,270.09,Paid,2024-08-08
6942,6406,2024-11-17,373.57,Overdue,2024-12-17
6943,6302,2025-03-02,245.92,Due,2025-04-01
6944,3472,2024-06-28,328.88,Overdue,2024-07-28
6945,150,2025-04-08,483.09,Paid,2025-05-08
6946,4121,2024-11-22,94.68,Paid,2024-12-22
6947,6729,2025-04-07,15.43,Overdue,2025-05-07
6948,120,2024-09-12,118.59,Paid,2024-10-12
6949,5969,2025-04-21,124.8,Overdue,2025-05-21
6950,7285,2025-02-11,415.17,Overdue,2025-03-13
6951,5940,2024-07-03,293.7,Due,2024-08-02
6952,9434,2025-02-22,381.21,Paid,2025-03-24
6953,8343,2024-08-21,42.16,Overdue,2024-09-20
6954,1172,2025-04-12,19.83,Paid,2025-05-12
6955,1128,2024-07-19,328.26,Due,2024-08-18
6956,3689,2025-02-21,44.07,Paid,2025-03-23
6957,3601,2024-09-17,236.51,Overdue,2024-10-17
6958,4033,2024-11-02,383.19,Overdue,2024-12-02
6959,6935,2024-09-19,399.77,Due,2024-10-19
6960,6859,2025-03-02,287.44,Overdue,2025-04-01
6961,1280,2024-12-13,201.13,Overdue,2025-01-12
6962,8970,2024-10-29,178.13,Paid,2024-11-28
6963,8467,2024-07-07,198.78,Overdue,2024-08-06
6964,483,2025-02-26,24.49,Paid,2025-03-28
6965,7469,2025-04-20,99.11,Overdue,2025-05-20
6966,638,2024-09-15,272.74,Due,2024-10-15
6967,9197,2025-01-29,97.46,Paid,2025-02-28
6968,291,2025-04-02,257.57,Due,2025-05-02
6969,1069,2024-07-02,217.6,Overdue,2024-08-01
6970,2336,2024-07-29,486.84,Paid,2024-08-28
6971,3527,2025-03-09,471.17,Due,2025-04-08
6972,6471,2024-08-31,272.39,Due,2024-09-30
6973,9038,2025-04-05,322.06,Due,2025-05-05
6974,3663,2024-05-11,326.23,Paid,2024-06-10
6975,1392,2024-07-08,256.43,Due,2024-08-07
6976,6134,2025-01-05,473.27,Overdue,2025-02-04
6977,9518,2024-08-12,151.76,Paid,2024-09-11
6978,4647,2025-03-27,329.97,Paid,2025-04-26
6979,6680,2024-06-08,76.12,Overdue,2024-07-08
6980,1784,2024-05-10,126.27,Overdue,2024-06-09
6981,4365,2024-11-14,153.69,Overdue,2024-12-14
6982,8628,2025-04-04,314.7,Overdue,2025-05-04
6983,5695,2025-04-20,371.79,Overdue,2025-05-20
6984,779,2025-01-25,63.24,Due,2025-02-24
6985,6310,2024-07-02,484.52,Due,2024-08-01
6986,6045,2025-01-14,236.74,Paid,2025-02-13
6987,7556,2024-05-19,145.97,Paid,2024-06-18
6988,9552,2024-12-06,125.86,Due,2025-01-05
6989,4357,2024-05-24,124.67,Paid,2024-06-23
6990,1391,2025-03-03,475.04,Overdue,2025-04-02
6991,1779,2025-02-18,153.27,Overdue,2025-03-20
6992,5843,2025-03-22,340.29,Paid,2025-04-21
6993,7163,2024-10-03,148.54,Paid,2024-11-02
6994,9957,2025-03-15,241.83,Paid,2025-04-14
6995,4090,2024-07-27,162.99,Due,2024-08-26
6996,8803,2024-06-21,446.29,Overdue,2024-07-21
6997,1024,2024-10-12,50.52,Overdue,2024-11-11
6998,192,2025-03-03,238.52,Overdue,2025-04-02
6999,1737,2025-04-05,359.83,Paid,2025-05-05
7000,7281,2024-08-05,460.44,Paid,2024-09-04
7001,6704,2025-03-07,363.44,Overdue,2025-04-06
7002,1599,2025-02-22,61.94,Overdue,2025-03-24
7003,2523,2024-06-14,383.94,Paid,2024-07-14
7004,8147,2025-04-23,24.34,Paid,2025-05-23
7005,2305,2024-08-18,30.37,Overdue,2024-09-17
7006,177,2025-01-04,163.48,Paid,2025-02-03
7007,3313,2024-08-21,443.15,Overdue,2024-09-20
7008,2788,2025-04-08,440.13,Paid,2025-05-08
7009,2706,2024-09-04,389.04,Paid,2024-10-04
7010,2804,2025-03-16,312.23,Due,2025-04-15
7011,6046,2024-05-21,204.09,Overdue,2024-06-20
7012,9419,2024-10-09,102.39,Overdue,2024-11-08
7013,4532,2024-06-02,382.47,Paid,2024-07-02
7014,9810,2025-02-25,468.02,Due,2025-03-27
7015,6153,2025-04-17,263.99,Due,2025-05-17
7016,6038,2024-11-03,365.95,Due,2024-12-03
7017,4837,2024-12-14,172.96,Overdue,2025-01-13
7018,5940,2024-12-13,360.71,Paid,2025-01-12
7019,648,2024-11-05,432.05,Overdue,2024-12-05
7020,335,2024-09-27,111.28,Paid,2024-10-27
7021,6780,2025-01-24,398.24,Overdue,2025-02-23
7022,4070,2024-05-11,243.5,Overdue,2024-06-10
7023,865,2024-07-10,88.27,Due,2024-08-09
7024,3758,2024-07-07,146.46,Paid,2024-08-06
7025,3616,2024-05-23,231.83,Due,2024-06-22
7026,3695,2025-03-30,329.68,Due,2025-04-29
7027,3677,2024-07-15,312.63,Overdue,2024-08-14
7028,8925,2024-11-23,376.24,Due,2024-12-23
7029,9885,2024-08-24,421.1,Paid,2024-09-23
7030,8286,2024-11-25,392.47,Due,2024-12-25
7031,3938,2024-09-09,327.31,Paid,2024-10-09
7032,1191,2025-01-28,430.97,Paid,2025-02-27
7033,9706,2024-05-22,85.19,Paid,2024-06-21
7034,6783,2024-08-09,12.82,Due,2024-09-08
7035,2654,2025-01-21,65.19,Due,2025-02-20
7036,6499,2024-06-25,11.82,Paid,2024-07-25
7037,3150,2024-05-25,268.27,Overdue,2024-06-24
7038,6047,2025-03-08,114.53,Overdue,2025-04-07
7039,1637,2025-04-18,93.75,Paid,2025-05-18
7040,3942,2024-09-10,156.23,Paid,2024-10-10
7041,9412,2025-01-14,370.3,Overdue,2025-02-13
7042,2023,2024-09-12,477.51,Paid,2024-10-12
7043,7197,2025-03-26,368.05,Overdue,2025-04-25
7044,9092,2025-01-14,183.93,Paid,2025-02-13
7045,6711,2024-05-25,454.45,Paid,2024-06-24
7046,6419,2025-01-12,121.49,Overdue,2025-02-11
7047,8098,2025-03-02,190.33,Paid,2025-04-01
7048,3919,2025-03-28,42.71,Due,2025-04-27
7049,6856,2025-01-03,336.74,Overdue,2025-02-02
7050,5520,2025-02-14,275.99,Paid,2025-03-16
7051,124,2024-12-15,132.51,Overdue,2025-01-14
7052,2726,2025-02-20,199.74,Overdue,2025-03-22
7053,4687,2024-06-01,233.08,Paid,2024-07-01
7054,7835,2025-02-19,130.19,Overdue,2025-03-21
7055,8003,2024-06-21,458.79,Due,2024-07-21
7056,2572,2024-11-22,277.78,Due,2024-12-22
7057,719,2024-11-29,311.03,Due,2024-12-29
7058,5552,2024-10-21,77.68,Due,2024-11-20
7059,9065,2024-10-24,56.27,Paid,2024-11-23
7060,3685,2024-06-15,250.32,Overdue,2024-07-15
7061,5423,2024-06-23,171.78,Overdue,2024-07-23
7062,6991,2024-05-30,190.52,Paid,2024-06-29
7063,1999,2024-11-01,219.65,Due,2024-12-01
7064,8235,2024-07-21,414.58,Overdue,2024-08-20
7065,8592,2024-05-14,381.28,Overdue,2024-06-13
7066,2432,2025-03-06,472.95,Paid,2025-04-05
7067,7960,2024-09-24,85.43,Due,2024-10-24
7068,536,2025-04-01,443.27,Overdue,2025-05-01
7069,5778,2024-10-23,175.26,Paid,2024-11-22
7070,2232,2025-01-15,380.19,Paid,2025-02-14
7071,7334,2024-10-10,277.68,Paid,2024-11-09
7072,3296,2024-05-30,409.02,Paid,2024-06-29
7073,6979,2024-08-02,252.3,Paid,2024-09-01
7074,1603,2025-03-03,73.22,Due,2025-04-02
7075,2049,2024-09-26,258.36,Paid,2024-10-26
7076,8295,2024-09-18,486.47,Overdue,2024-10-18
7077,8386,2025-04-18,93.16,Paid,2025-05-18
7078,9374,2024-08-04,490.4,Due,2024-09-03
7079,5366,2025-02-03,284.27,Overdue,2025-03-05
7080,6096,2024-06-12,192.99,Overdue,2024-07-12
7081,7218,2024-09-16,313.69,Due,2024-10-16
7082,8575,2025-02-24,481.14,Overdue,2025-03-26
7083,4055,2024-12-10,291.39,Paid,2025-01-09
7084,7929,2024-08-01,292.16,Overdue,2024-08-31
7085,8092,2025-01-20,105.96,Overdue,2025-02-19
7086,9829,2024-10-06,154.32,Due,2024-11-05
7087,875,2025-03-30,184.6,Paid,2025-04-29
7088,4476,2024-06-07,25.78,Paid,2024-07-07
7089,1027,2024-07-04,328.16,Overdue,2024-08-03
7090,8060,2025-01-05,272.01,Due,2025-02-04
7091,6687,2024-07-07,371.22,Due,2024-08-06
7092,1634,2024-05-20,436.4,Due,2024-06-19
7093,5742,2024-09-08,122.44,Due,2024-10-08
7094,4665,2024-06-27,432.21,Due,2024-07-27
7095,1744,2025-03-11,104.95,Paid,2025-04-10
7096,6118,2025-02-28,440.37,Paid,2025-03-30
7097,3911,2024-07-03,495.27,Paid,2024-08-02
7098,3575,2024-11-26,23.71,Due,2024-12-26
7099,1423,2024-12-06,204.98,Paid,2025-01-05
7100,7831,2024-09-12,80.62,Overdue,2024-10-12
7101,4365,2025-02-06,110.75,Paid,2025-03-08
7102,4118,2025-03-20,348.9,Due,2025-04-19
7103,4868,2024-10-08,331.64,Paid,2024-11-07
7104,5003,2025-01-14,416.34,Due,2025-02-13
7105,524,2025-03-28,475.18,Overdue,2025-04-27
7106,5371,2024-12-06,287.43,Overdue,2025-01-05
7107,2215,2024-06-05,219.47,Due,2024-07-05
7108,6628,2024-07-27,392.14,Paid,2024-08-26
7109,2928,2024-05-19,234.02,Overdue,2024-06-18
7110,5776,2024-09-16,468.89,Overdue,2024-10-16
7111,1474,2024-12-15,349.31,Overdue,2025-01-14
7112,1379,2024-11-28,102.89,Paid,2024-12-28
7113,146,2025-02-19,447.7,Due,2025-03-21
7114,7368,2025-02-10,354.13,Due,2025-03-12
7115,1602,2024-12-21,415.85,Due,2025-01-20
7116,6412,2024-09-23,76.78,Due,2024-10-23
7117,1092,2024-11-22,434.51,Paid,2024-12-22
7118,7,2025-03-08,12.59,Paid,2025-04-07
7119,7429,2024-10-08,74.7,Paid,2024-11-07
7120,4665,2024-10-24,437.3,Paid,2024-11-23
7121,8318,2024-05-03,336.94,Overdue,2024-06-02
7122,4106,2025-04-28,231.82,Due,2025-05-28
7123,3113,2024-06-27,245.4,Overdue,2024-07-27
7124,4078,2024-06-21,461.25,Due,2024-07-21
7125,6142,2025-01-11,263.48,Overdue,2025-02-10
7126,7065,2024-11-08,177.83,Overdue,2024-12-08
7127,2815,2025-03-18,421.02,Paid,2025-04-17
7128,1720,2024-07-24,276.49,Due,2024-08-23
7129,8901,2024-10-01,356.25,Paid,2024-10-31
7130,5605,2025-04-22,270.86,Paid,2025-05-22
7131,1432,2024-06-17,151.8,Due,2024-07-17
7132,4184,2024-11-24,469.07,Overdue,2024-12-24
7133,8027,2024-08-31,387.67,Due,2024-09-30
7134,3198,2024-11-15,392.6,Paid,2024-12-15
7135,868,2024-10-05,437.99,Paid,2024-11-04
7136,4461,2024-10-14,215.55,Overdue,2024-11-13
7137,7434,2025-03-25,324.55,Overdue,2025-04-24
7138,2889,2025-01-15,495.39,Overdue,2025-02-14
7139,6431,2024-11-24,456.21,Paid,2024-12-24
7140,2807,2025-01-15,205.8,Due,2025-02-14
7141,5111,2024-12-21,15.77,Paid,2025-01-20
7142,2165,2025-01-12,68.26,Overdue,2025-02-11
7143,9609,2024-10-17,384.83,Due,2024-11-16
7144,9086,2024-12-23,380.81,Paid,2025-01-22
7145,7077,2024-10-01,231.59,Overdue,2024-10-31
7146,5536,2024-06-09,309.8,Due,2024-07-09
7147,4268,2024-07-03,177.25,Due,2024-08-02
7148,3223,2024-09-24,411.51,Due,2024-10-24
7149,3375,2024-11-20,492.87,Overdue,2024-12-20
7150,4305,2024-07-23,412.27,Overdue,2024-08-22
7151,6726,2025-02-11,278.22,Due,2025-03-13
7152,2636,2024-07-28,51.95,Overdue,2024-08-27
7153,2832,2024-11-26,177.3,Due,2024-12-26
7154,1251,2024-06-19,75.84,Due,2024-07-19
7155,8716,2025-03-15,177.2,Due,2025-04-14
7156,8087,2025-01-07,371.61,Due,2025-02-06
7157,4529,2025-04-26,19.73,Overdue,2025-05-26
7158,5249,2024-07-12,42.16,Paid,2024-08-11
7159,5861,2025-03-05,85.35,Due,2025-04-04
7160,1387,2025-02-02,383.25,Due,2025-03-04
7161,9795,2024-12-13,479.14,Due,2025-01-12
7162,1205,2024-07-07,480.31,Due,2024-08-06
7163,2156,2024-11-15,249.86,Paid,2024-12-15
7164,275,2024-08-03,112.21,Paid,2024-09-02
7165,2116,2025-02-07,367.71,Overdue,2025-03-09
7166,3889,2025-04-19,469.85,Overdue,2025-05-19
7167,5486,2025-02-19,421.04,Due,2025-03-21
7168,8027,2024-09-27,171.04,Paid,2024-10-27
7169,7583,2024-07-26,260.85,Overdue,2024-08-25
7170,8413,2024-05-14,146.14,Overdue,2024-06-13
7171,9275,2025-01-19,210.1,Paid,2025-02-18
7172,7328,2025-02-15,291.32,Due,2025-03-17
7173,1194,2024-05-23,318.53,Overdue,2024-06-22
7174,8630,2024-06-16,211.85,Overdue,2024-07-16
7175,9753,2024-07-29,84.98,Paid,2024-08-28
7176,734,2025-02-18,210.44,Due,2025-03-20
7177,4327,2024-11-19,415.93,Overdue,2024-12-19
7178,7725,2024-09-30,173.89,Overdue,2024-10-30
7179,5514,2024-05-19,283.01,Paid,2024-06-18
7180,3115,2025-02-25,353.76,Overdue,2025-03-27
7181,7766,2024-08-03,453.39,Due,2024-09-02
7182,8372,2025-03-03,312.08,Paid,2025-04-02
7183,2458,2025-03-23,367.19,Paid,2025-04-22
7184,9836,2025-01-11,17.42,Overdue,2025-02-10
7185,2293,2025-04-09,103.72,Overdue,2025-05-09
7186,795,2025-02-09,419.64,Due,2025-03-11
7187,2064,2024-09-13,233.61,Due,2024-10-13
7188,934,2025-01-04,168.09,Paid,2025-02-03
7189,1307,2024-10-24,286.17,Overdue,2024-11-23
7190,1838,2024-07-27,11.07,Due,2024-08-26
7191,2459,2024-06-07,385.67,Overdue,2024-07-07
7192,7554,2025-01-09,228.77,Paid,2025-02-08
7193,9272,2024-10-23,44.84,Due,2024-11-22
7194,9016,2024-12-21,311.61,Due,2025-01-20
7195,6486,2024-12-30,286.83,Overdue,2025-01-29
7196,4897,2024-10-25,87.36,Due,2024-11-24
7197,411,2024-05-09,138.85,Paid,2024-06-08
7198,711,2024-09-14,432.76,Overdue,2024-10-14
7199,3874,2024-12-23,417.66,Overdue,2025-01-22
7200,3,2025-03-24,115.0,Overdue,2025-04-23
7201,2773,2025-04-17,392.69,Overdue,2025-05-17
7202,1720,2024-08-09,179.01,Paid,2024-09-08
7203,4109,2024-07-23,112.82,Overdue,2024-08-22
7204,3663,2024-06-26,110.38,Paid,2024-07-26
7205,2858,2025-04-02,355.34,Due,2025-05-02
7206,3763,2024-10-04,203.88,Overdue,2024-11-03
7207,9059,2024-07-09,486.94,Due,2024-08-08
7208,2342,2025-01-23,187.04,Overdue,2025-02-22
7209,8845,2025-03-11,253.39,Paid,2025-04-10
7210,7794,2024-10-05,456.46,Overdue,2024-11-04
7211,9554,2025-04-21,45.92,Overdue,2025-05-21
7212,4233,2025-03-08,210.98,Due,2025-04-07
7213,4213,2025-02-23,233.09,Due,2025-03-25
7214,7721,2024-09-27,129.81,Paid,2024-10-27
7215,7647,2024-12-09,490.82,Overdue,2025-01-08
7216,2959,2024-09-24,29.06,Paid,2024-10-24
7217,9438,2024-08-16,269.9,Overdue,2024-09-15
7218,4836,2024-05-09,66.64,Due,2024-06-08
7219,7062,2024-05-14,406.55,Overdue,2024-06-13
7220,9878,2024-12-30,326.0,Paid,2025-01-29
7221,9213,2025-02-10,407.07,Overdue,2025-03-12
7222,1626,2024-12-24,458.83,Paid,2025-01-23
7223,4527,2024-11-03,433.85,Due,2024-12-03
7224,1115,2025-04-29,140.85,Paid,2025-05-29
7225,6011,2025-04-16,204.1,Overdue,2025-05-16
7226,2352,2024-12-21,103.22,Overdue,2025-01-20
7227,4566,2024-07-18,460.07,Due,2024-08-17
7228,2756,2024-11-23,245.36,Paid,2024-12-23
7229,3994,2024-08-15,30.2,Overdue,2024-09-14
7230,5123,2025-04-17,125.33,Paid,2025-05-17
7231,4550,2024-12-29,127.04,Paid,2025-01-28
7232,931,2025-01-11,54.86,Due,2025-02-10
7233,2931,2025-03-10,495.01,Paid,2025-04-09
7234,8659,2024-08-03,57.98,Overdue,2024-09-02
7235,6369,2024-08-27,93.64,Paid,2024-09-26
7236,9232,2024-12-17,443.35,Paid,2025-01-16
7237,2616,2024-12-15,194.19,Due,2025-01-14
7238,9561,2025-01-16,389.24,Overdue,2025-02-15
7239,8356,2025-03-21,179.0,Due,2025-04-20
7240,1486,2025-01-15,178.75,Due,2025-02-14
7241,329,2025-04-27,39.53,Paid,2025-05-27
7242,5371,2024-08-30,270.57,Overdue,2024-09-29
7243,1171,2025-04-26,51.94,Due,2025-05-26
7244,8325,2024-11-09,129.4,Due,2024-12-09
7245,8417,2024-07-11,458.58,Paid,2024-08-10
7246,9429,2025-02-18,43.73,Due,2025-03-20
7247,8945,2025-03-21,258.53,Overdue,2025-04-20
7248,9742,2025-01-31,360.83,Paid,2025-03-02
7249,7901,2025-04-09,115.94,Paid,2025-05-09
7250,4713,2025-03-11,130.43,Overdue,2025-04-10
7251,1771,2025-03-01,215.48,Due,2025-03-31
7252,3921,2024-08-06,90.72,Paid,2024-09-05
7253,8145,2024-11-01,13.62,Overdue,2024-12-01
7254,4140,2024-11-25,219.05,Due,2024-12-25
7255,2,2024-12-23,288.03,Overdue,2025-01-22
7256,3321,2024-06-03,477.89,Overdue,2024-07-03
7257,7610,2024-07-08,258.46,Due,2024-08-07
7258,2780,2025-03-21,127.21,Due,2025-04-20
7259,8345,2024-09-07,450.29,Overdue,2024-10-07
7260,1682,2024-05-19,441.52,Overdue,2024-06-18
7261,9802,2024-08-07,348.8,Paid,2024-09-06
7262,6859,2025-01-24,243.45,Due,2025-02-23
7263,7360,2024-05-18,36.31,Paid,2024-06-17
7264,8397,2024-11-23,203.15,Overdue,2024-12-23
7265,2948,2024-11-26,482.12,Overdue,2024-12-26
7266,5231,2024-05-01,477.22,Due,2024-05-31
7267,1639,2024-07-06,189.16,Due,2024-08-05
7268,2818,2024-07-28,158.96,Due,2024-08-27
7269,5722,2024-08-08,145.66,Due,2024-09-07
7270,7905,2024-05-25,17.84,Paid,2024-06-24
7271,8663,2025-04-27,83.47,Due,2025-05-27
7272,3072,2024-12-05,376.18,Paid,2025-01-04
7273,8624,2025-02-01,75.77,Paid,2025-03-03
7274,8009,2024-08-21,378.27,Paid,2024-09-20
7275,4206,2024-05-19,406.88,Due,2024-06-18
7276,3587,2024-12-24,46.93,Paid,2025-01-23
7277,536,2024-11-24,228.01,Overdue,2024-12-24
7278,6545,2024-05-27,430.02,Overdue,2024-06-26
7279,7428,2024-12-01,395.17,Overdue,2024-12-31
7280,1704,2025-04-05,244.36,Due,2025-05-05
7281,4666,2024-06-15,249.19,Paid,2024-07-15
7282,975,2025-04-13,231.84,Paid,2025-05-13
7283,69,2025-03-01,322.54,Due,2025-03-31
7284,5948,2025-01-21,66.65,Overdue,2025-02-20
7285,3480,2024-07-09,107.13,Due,2024-08-08
7286,6900,2025-02-05,327.63,Paid,2025-03-07
7287,6226,2024-10-18,220.03,Due,2024-11-17
7288,6702,2024-05-17,86.2,Overdue,2024-06-16
7289,7107,2024-06-27,65.13,Paid,2024-07-27
7290,7921,2025-02-17,250.76,Overdue,2025-03-19
7291,4468,2024-06-07,215.42,Paid,2024-07-07
7292,5166,2024-07-10,191.81,Due,2024-08-09
7293,6517,2024-08-15,24.33,Paid,2024-09-14
7294,4804,2025-04-10,49.24,Due,2025-05-10
7295,7510,2025-03-02,78.23,Paid,2025-04-01
7296,7363,2024-07-25,290.68,Overdue,2024-08-24
7297,8917,2024-10-31,77.5,Overdue,2024-11-30
7298,7531,2025-04-17,22.63,Overdue,2025-05-17
7299,9821,2024-06-08,147.22,Overdue,2024-07-08
7300,338,2024-06-14,320.74,Paid,2024-07-14
7301,7568,2025-02-23,225.86,Due,2025-03-25
7302,9977,2024-08-06,118.4,Due,2024-09-05
7303,2094,2025-03-11,311.71,Due,2025-04-10
7304,1760,2024-07-04,36.45,Due,2024-08-03
7305,7742,2025-03-25,454.11,Paid,2025-04-24
7306,3570,2025-03-24,228.3,Overdue,2025-04-23
7307,7715,2024-12-12,165.29,Due,2025-01-11
7308,1389,2025-01-10,486.6,Due,2025-02-09
7309,9442,2024-07-14,12.61,Due,2024-08-13
7310,8700,2024-11-12,31.38,Due,2024-12-12
7311,4471,2024-10-14,338.9,Due,2024-11-13
7312,8698,2024-09-12,45.76,Overdue,2024-10-12
7313,5096,2024-08-22,496.09,Paid,2024-09-21
7314,3917,2024-11-23,275.69,Overdue,2024-12-23
7315,5082,2024-07-17,100.9,Overdue,2024-08-16
7316,3654,2024-05-25,109.36,Paid,2024-06-24
7317,4876,2025-01-31,99.98,Due,2025-03-02
7318,214,2024-10-15,95.42,Due,2024-11-14
7319,7390,2025-01-24,346.7,Due,2025-02-23
7320,4987,2025-04-11,144.96,Overdue,2025-05-11
7321,3679,2024-08-17,137.31,Paid,2024-09-16
7322,5022,2025-02-20,181.01,Due,2025-03-22
7323,9531,2024-12-06,33.57,Overdue,2025-01-05
7324,6019,2025-04-30,461.58,Overdue,2025-05-30
7325,5632,2025-01-05,484.85,Overdue,2025-02-04
7326,8689,2024-06-13,60.6,Overdue,2024-07-13
7327,9088,2024-07-27,391.69,Due,2024-08-26
7328,8816,2024-05-09,491.88,Paid,2024-06-08
7329,6203,2024-07-04,445.02,Due,2024-08-03
7330,5873,2025-01-14,220.02,Due,2025-02-13
7331,5500,2024-10-12,33.81,Due,2024-11-11
7332,1527,2025-01-29,190.74,Paid,2025-02-28
7333,9318,2024-10-16,237.91,Due,2024-11-15
7334,7271,2024-12-25,126.79,Paid,2025-01-24
7335,6726,2024-07-25,335.69,Due,2024-08-24
7336,2197,2024-08-07,334.0,Paid,2024-09-06
7337,3647,2024-11-16,365.72,Paid,2024-12-16
7338,4595,2024-10-25,282.5,Due,2024-11-24
7339,5347,2024-07-19,208.59,Overdue,2024-08-18
7340,9611,2024-09-13,490.76,Overdue,2024-10-13
7341,205,2024-11-25,496.92,Due,2024-12-25
7342,4937,2024-06-07,131.39,Paid,2024-07-07
7343,5675,2024-08-28,269.47,Overdue,2024-09-27
7344,6976,2025-01-01,467.2,Due,2025-01-31
7345,3598,2025-03-09,173.97,Overdue,2025-04-08
7346,5256,2024-10-31,225.19,Paid,2024-11-30
7347,9930,2024-05-27,437.15,Due,2024-06-26
7348,1344,2024-12-16,474.04,Due,2025-01-15
7349,532,2024-08-04,130.59,Paid,2024-09-03
7350,1975,2024-07-20,288.91,Due,2024-08-19
7351,5723,2024-11-23,340.96,Overdue,2024-12-23
7352,7911,2025-04-27,446.85,Due,2025-05-27
7353,316,2025-03-11,50.92,Paid,2025-04-10
7354,2988,2025-03-02,280.46,Due,2025-04-01
7355,3517,2024-12-09,141.4,Due,2025-01-08
7356,6240,2024-11-30,301.74,Due,2024-12-30
7357,3275,2024-08-28,417.75,Overdue,2024-09-27
7358,4292,2024-06-14,455.47,Overdue,2024-07-14
7359,6096,2024-09-29,437.07,Paid,2024-10-29
7360,6715,2024-11-15,179.56,Paid,2024-12-15
7361,9324,2024-07-23,16.26,Due,2024-08-22
7362,5585,2024-10-17,118.67,Paid,2024-11-16
7363,5696,2024-12-11,158.62,Overdue,2025-01-10
7364,3338,2024-10-23,387.26,Due,2024-11-22
7365,688,2025-04-05,367.76,Overdue,2025-05-05
7366,2969,2024-12-01,129.17,Paid,2024-12-31
7367,7028,2025-03-09,146.03,Due,2025-04-08
7368,6850,2024-07-14,493.57,Overdue,2024-08-13
7369,5693,2025-02-18,120.46,Overdue,2025-03-20
7370,8083,2024-10-16,253.63,Due,2024-11-15
7371,2016,2024-08-08,183.68,Paid,2024-09-07
7372,3451,2024-07-23,163.41,Overdue,2024-08-22
7373,6461,2025-02-21,417.6,Paid,2025-03-23
7374,9198,2024-06-30,375.55,Due,2024-07-30
7375,69,2025-01-18,78.14,Overdue,2025-02-17
7376,172,2024-09-05,64.47,Overdue,2024-10-05
7377,5019,2025-03-21,490.36,Due,2025-04-20
7378,4798,2025-04-22,332.04,Paid,2025-05-22
7379,80,2025-02-27,401.03,Due,2025-03-29
7380,3498,2024-09-10,287.12,Overdue,2024-10-10
7381,5198,2024-07-29,209.61,Overdue,2024-08-28
7382,7696,2024-06-23,75.27,Due,2024-07-23
7383,3034,2024-09-18,236.09,Overdue,2024-10-18
7384,3934,2024-05-19,279.15,Paid,2024-06-18
7385,8651,2025-03-06,204.04,Due,2025-04-05
7386,3791,2024-12-20,226.85,Paid,2025-01-19
7387,2356,2025-04-16,241.98,Overdue,2025-05-16
7388,1481,2024-10-25,197.13,Due,2024-11-24
7389,6810,2025-02-02,87.32,Overdue,2025-03-04
7390,3290,2024-08-08,372.7,Overdue,2024-09-07
7391,95,2024-08-31,119.41,Paid,2024-09-30
7392,3107,2024-06-04,271.24,Paid,2024-07-04
7393,2481,2024-05-27,237.46,Paid,2024-06-26
7394,5498,2025-03-06,309.39,Paid,2025-04-05
7395,6177,2024-08-29,307.07,Paid,2024-09-28
7396,1443,2025-03-08,224.83,Overdue,2025-04-07
7397,7289,2024-10-16,221.1,Paid,2024-11-15
7398,1087,2025-01-31,458.61,Paid,2025-03-02
7399,2875,2024-12-29,381.11,Paid,2025-01-28
7400,4721,2024-10-20,396.36,Due,2024-11-19
7401,379,2025-02-24,406.04,Paid,2025-03-26
7402,1908,2024-10-18,161.24,Overdue,2024-11-17
7403,742,2024-12-19,190.93,Paid,2025-01-18
7404,8925,2025-01-18,353.14,Due,2025-02-17
7405,6675,2025-03-03,93.09,Due,2025-04-02
7406,8757,2024-05-09,39.81,Due,2024-06-08
7407,8140,2025-04-15,479.7,Paid,2025-05-15
7408,3273,2025-04-20,237.81,Due,2025-05-20
7409,3687,2025-01-13,325.28,Overdue,2025-02-12
7410,2463,2024-05-11,489.12,Paid,2024-06-10
7411,5888,2024-11-07,236.67,Overdue,2024-12-07
7412,6324,2025-01-10,421.94,Paid,2025-02-09
7413,9046,2025-02-19,295.61,Paid,2025-03-21
7414,4164,2025-04-03,260.67,Due,2025-05-03
7415,8286,2024-07-08,479.42,Overdue,2024-08-07
7416,3408,2024-07-07,20.62,Overdue,2024-08-06
7417,9668,2024-12-07,318.15,Paid,2025-01-06
7418,2455,2025-04-16,330.17,Paid,2025-05-16
7419,2847,2024-06-15,492.19,Due,2024-07-15
7420,2404,2024-11-15,284.55,Overdue,2024-12-15
7421,8881,2024-12-13,263.27,Paid,2025-01-12
7422,7632,2024-05-13,148.03,Due,2024-06-12
7423,1456,2024-12-11,320.19,Paid,2025-01-10
7424,3827,2024-11-12,75.93,Due,2024-12-12
7425,9862,2024-10-18,371.43,Paid,2024-11-17
7426,1101,2024-08-26,201.77,Paid,2024-09-25
7427,6992,2025-03-29,85.23,Paid,2025-04-28
7428,1835,2024-12-25,186.72,Paid,2025-01-24
7429,1250,2024-10-31,141.74,Paid,2024-11-30
7430,3584,2024-11-05,370.72,Paid,2024-12-05
7431,4767,2024-10-13,51.87,Overdue,2024-11-12
7432,6937,2025-04-24,421.44,Overdue,2025-05-24
7433,3195,2024-09-03,148.33,Overdue,2024-10-03
7434,3572,2025-01-28,301.89,Paid,2025-02-27
7435,5750,2024-06-25,264.48,Paid,2024-07-25
7436,1773,2025-03-31,263.71,Paid,2025-04-30
7437,6285,2025-02-07,442.83,Due,2025-03-09
7438,5652,2024-05-09,310.3,Paid,2024-06-08
7439,6311,2025-04-19,293.07,Due,2025-05-19
7440,4093,2024-05-02,331.73,Overdue,2024-06-01
7441,2952,2024-11-11,74.68,Due,2024-12-11
7442,952,2024-07-20,99.52,Due,2024-08-19
7443,551,2025-04-06,368.06,Due,2025-05-06
7444,9322,2025-01-15,176.77,Overdue,2025-02-14
7445,7998,2025-01-12,435.36,Overdue,2025-02-11
7446,2999,2024-12-04,254.15,Due,2025-01-03
7447,2292,2024-09-22,174.98,Paid,2024-10-22
7448,455,2025-04-20,450.03,Paid,2025-05-20
7449,6919,2024-10-15,125.39,Paid,2024-11-14
7450,2493,2024-07-05,460.68,Overdue,2024-08-04
7451,4825,2024-12-17,69.39,Due,2025-01-16
7452,9856,2024-07-01,292.15,Due,2024-07-31
7453,5771,2025-02-13,311.33,Overdue,2025-03-15
7454,6477,2024-09-18,452.9,Due,2024-10-18
7455,5904,2024-07-02,459.28,Due,2024-08-01
7456,6558,2025-01-19,479.32,Overdue,2025-02-18
7457,8688,2024-05-02,60.87,Overdue,2024-06-01
7458,3422,2025-02-22,64.95,Overdue,2025-03-24
7459,7274,2024-07-23,109.26,Due,2024-08-22
7460,333,2025-02-27,380.12,Overdue,2025-03-29
7461,6203,2025-04-04,56.22,Paid,2025-05-04
7462,1711,2025-02-06,425.46,Overdue,2025-03-08
7463,5461,2025-02-15,247.81,Due,2025-03-17
7464,8446,2025-01-21,313.25,Overdue,2025-02-20
7465,1457,2025-02-02,47.4,Paid,2025-03-04
7466,8134,2024-12-17,297.95,Overdue,2025-01-16
7467,2321,2024-10-29,13.06,Overdue,2024-11-28
7468,536,2024-12-28,249.58,Paid,2025-01-27
7469,4405,2025-03-25,323.11,Overdue,2025-04-24
7470,3422,2024-05-04,306.3,Overdue,2024-06-03
7471,6169,2024-07-18,463.16,Paid,2024-08-17
7472,7549,2024-10-23,120.26,Overdue,2024-11-22
7473,3925,2024-12-24,34.73,Paid,2025-01-23
7474,7499,2025-01-31,68.89,Paid,2025-03-02
7475,1,2024-09-15,232.64,Overdue,2024-10-15
7476,1904,2024-08-13,409.2,Overdue,2024-09-12
7477,9695,2024-11-05,25.51,Paid,2024-12-05
7478,4243,2025-03-07,100.56,Overdue,2025-04-06
7479,532,2025-03-12,264.31,Due,2025-04-11
7480,5138,2024-07-15,41.77,Paid,2024-08-14
7481,3749,2024-11-01,452.83,Paid,2024-12-01
7482,5957,2024-12-29,259.45,Overdue,2025-01-28
7483,4920,2024-12-20,11.1,Paid,2025-01-19
7484,2291,2025-01-06,497.28,Due,2025-02-05
7485,4132,2024-05-07,229.48,Overdue,2024-06-06
7486,7428,2024-10-08,463.86,Overdue,2024-11-07
7487,3743,2024-12-31,336.84,Due,2025-01-30
7488,1508,2025-03-14,157.71,Paid,2025-04-13
7489,3938,2024-12-13,37.29,Paid,2025-01-12
7490,6262,2024-09-17,68.23,Paid,2024-10-17
7491,3928,2025-04-05,323.3,Overdue,2025-05-05
7492,9223,2024-08-25,272.74,Paid,2024-09-24
7493,5376,2024-08-03,31.23,Paid,2024-09-02
7494,8313,2024-08-08,366.59,Overdue,2024-09-07
7495,8189,2024-10-21,370.2,Paid,2024-11-20
7496,7537,2025-03-13,129.06,Overdue,2025-04-12
7497,8365,2025-03-21,177.7,Due,2025-04-20
7498,4977,2024-09-05,141.94,Paid,2024-10-05
7499,6439,2024-10-23,433.97,Paid,2024-11-22
7500,9204,2024-06-08,149.83,Due,2024-07-08
7501,9258,2024-08-22,244.62,Due,2024-09-21
7502,7203,2025-02-07,14.62,Due,2025-03-09
7503,7096,2024-08-25,378.26,Due,2024-09-24
7504,6212,2024-06-18,492.37,Overdue,2024-07-18
7505,5841,2025-01-13,239.24,Paid,2025-02-12
7506,1952,2024-06-19,108.94,Due,2024-07-19
7507,6810,2025-04-30,107.89,Overdue,2025-05-30
7508,9574,2025-04-05,257.25,Due,2025-05-05
7509,4678,2024-08-31,81.0,Paid,2024-09-30
7510,5435,2024-05-31,90.8,Due,2024-06-30
7511,9131,2025-01-21,163.41,Paid,2025-02-20
7512,7276,2025-03-27,330.14,Paid,2025-04-26
7513,2641,2025-04-18,355.65,Overdue,2025-05-18
7514,1012,2025-01-15,49.4,Due,2025-02-14
7515,1109,2024-05-16,58.67,Due,2024-06-15
7516,2701,2024-11-26,499.87,Paid,2024-12-26
7517,1742,2025-01-06,305.47,Overdue,2025-02-05
7518,5140,2025-01-20,210.73,Due,2025-02-19
7519,8435,2025-02-04,400.27,Due,2025-03-06
7520,2920,2024-05-10,193.59,Paid,2024-06-09
7521,7056,2024-10-29,336.94,Paid,2024-11-28
7522,6771,2024-05-28,19.33,Paid,2024-06-27
7523,5092,2024-08-11,275.15,Due,2024-09-10
7524,819,2024-07-22,87.53,Overdue,2024-08-21
7525,9800,2024-08-11,279.26,Overdue,2024-09-10
7526,7228,2024-06-11,225.5,Due,2024-07-11
7527,7751,2024-07-07,116.96,Overdue,2024-08-06
7528,2311,2024-06-13,431.3,Overdue,2024-07-13
7529,3724,2025-03-09,13.78,Overdue,2025-04-08
7530,310,2024-12-13,220.07,Paid,2025-01-12
7531,1227,2025-01-16,72.55,Due,2025-02-15
7532,463,2025-01-13,160.25,Due,2025-02-12
7533,5396,2024-11-26,118.24,Paid,2024-12-26
7534,4257,2025-03-24,485.23,Overdue,2025-04-23
7535,4922,2024-09-18,304.83,Due,2024-10-18
7536,2960,2024-10-23,54.43,Due,2024-11-22
7537,4698,2024-10-12,346.22,Due,2024-11-11
7538,9256,2024-08-06,334.91,Overdue,2024-09-05
7539,5418,2025-04-30,191.52,Overdue,2025-05-30
7540,9193,2025-03-04,202.45,Paid,2025-04-03
7541,6443,2025-02-02,387.28,Overdue,2025-03-04
7542,5013,2024-08-19,351.06,Paid,2024-09-18
7543,2923,2024-08-03,336.34,Due,2024-09-02
7544,1787,2025-02-03,229.63,Overdue,2025-03-05
7545,5411,2024-08-22,316.56,Overdue,2024-09-21
7546,2722,2025-02-28,33.54,Paid,2025-03-30
7547,5032,2024-06-24,458.6,Due,2024-07-24
7548,7513,2024-10-28,425.53,Overdue,2024-11-27
7549,5364,2024-05-30,426.93,Due,2024-06-29
7550,1520,2024-09-13,239.55,Paid,2024-10-13
7551,2206,2024-08-07,198.47,Due,2024-09-06
7552,3488,2024-05-18,130.93,Due,2024-06-17
7553,8036,2024-11-20,259.82,Due,2024-12-20
7554,6347,2024-06-30,349.33,Due,2024-07-30
7555,6635,2024-05-27,202.08,Overdue,2024-06-26
7556,4412,2024-08-19,228.47,Overdue,2024-09-18
7557,4140,2024-08-27,462.14,Due,2024-09-26
7558,9366,2024-12-02,343.51,Due,2025-01-01
7559,2226,2024-07-31,154.46,Paid,2024-08-30
7560,7150,2025-04-11,461.55,Paid,2025-05-11
7561,8311,2025-03-10,326.43,Due,2025-04-09
7562,5473,2024-09-13,349.36,Due,2024-10-13
7563,787,2024-10-27,73.52,Due,2024-11-26
7564,5272,2024-05-19,431.19,Due,2024-06-18
7565,6641,2024-11-03,179.66,Overdue,2024-12-03
7566,4893,2025-01-07,81.72,Due,2025-02-06
7567,535,2024-11-17,413.16,Overdue,2024-12-17
7568,7492,2024-05-16,474.22,Due,2024-06-15
7569,1601,2024-07-25,98.94,Overdue,2024-08-24
7570,5687,2025-01-28,76.32,Due,2025-02-27
7571,3083,2024-12-28,412.33,Overdue,2025-01-27
7572,9783,2025-01-28,101.27,Paid,2025-02-27
7573,8887,2024-06-27,427.58,Due,2024-07-27
7574,9007,2024-06-29,249.87,Overdue,2024-07-29
7575,3685,2024-07-18,437.02,Overdue,2024-08-17
7576,6583,2024-11-25,258.7,Due,2024-12-25
7577,6547,2025-02-06,291.27,Overdue,2025-03-08
7578,4826,2025-03-01,128.13,Due,2025-03-31
7579,1871,2024-11-24,95.11,Overdue,2024-12-24
7580,3458,2025-03-28,207.49,Overdue,2025-04-27
7581,6814,2024-05-08,286.3,Paid,2024-06-07
7582,460,2024-07-20,50.58,Paid,2024-08-19
7583,4111,2025-02-15,11.83,Overdue,2025-03-17
7584,661,2025-02-02,477.62,Due,2025-03-04
7585,2262,2024-06-27,286.56,Overdue,2024-07-27
7586,6295,2025-04-22,394.67,Due,2025-05-22
7587,8227,2024-09-17,413.18,Paid,2024-10-17
7588,2807,2024-08-30,82.18,Paid,2024-09-29
7589,3554,2024-08-24,463.8,Overdue,2024-09-23
7590,7081,2025-03-18,100.15,Paid,2025-04-17
7591,2231,2025-03-28,15.76,Overdue,2025-04-27
7592,892,2025-04-13,373.34,Paid,2025-05-13
7593,7987,2025-04-10,368.22,Due,2025-05-10
7594,3577,2024-10-02,53.52,Overdue,2024-11-01
7595,2631,2025-02-09,12.31,Paid,2025-03-11
7596,9802,2025-03-21,451.14,Overdue,2025-04-20
7597,4770,2024-08-07,435.68,Overdue,2024-09-06
7598,5798,2024-07-27,383.59,Paid,2024-08-26
7599,2864,2025-03-27,278.87,Due,2025-04-26
7600,5369,2025-02-09,128.61,Due,2025-03-11
7601,1124,2025-03-21,84.55,Overdue,2025-04-20
7602,5395,2024-05-26,97.5,Overdue,2024-06-25
7603,4601,2025-02-11,455.59,Paid,2025-03-13
7604,7620,2025-03-15,240.62,Paid,2025-04-14
7605,8767,2025-03-27,22.58,Overdue,2025-04-26
7606,6255,2025-04-18,265.51,Overdue,2025-05-18
7607,992,2024-10-30,319.24,Paid,2024-11-29
7608,2635,2025-01-23,395.96,Overdue,2025-02-22
7609,8806,2025-02-08,458.19,Overdue,2025-03-10
7610,2061,2024-08-20,431.46,Paid,2024-09-19
7611,2777,2024-06-12,45.91,Paid,2024-07-12
7612,2836,2024-08-31,205.96,Overdue,2024-09-30
7613,5567,2024-08-11,226.19,Due,2024-09-10
7614,6087,2024-08-11,17.0,Paid,2024-09-10
7615,1814,2025-02-10,329.74,Paid,2025-03-12
7616,437,2025-02-25,192.78,Due,2025-03-27
7617,5830,2024-11-25,35.32,Due,2024-12-25
7618,1378,2024-07-07,69.52,Due,2024-08-06
7619,4435,2024-12-28,476.41,Overdue,2025-01-27
7620,4269,2024-07-08,162.43,Due,2024-08-07
7621,3783,2024-08-16,474.82,Overdue,2024-09-15
7622,441,2024-08-24,321.45,Overdue,2024-09-23
7623,1289,2024-06-27,275.49,Due,2024-07-27
7624,9854,2024-12-28,323.74,Due,2025-01-27
7625,9184,2024-12-12,300.86,Overdue,2025-01-11
7626,2425,2024-10-07,261.73,Overdue,2024-11-06
7627,5853,2024-09-18,46.84,Overdue,2024-10-18
7628,9439,2025-02-19,459.07,Due,2025-03-21
7629,9022,2024-06-24,383.24,Due,2024-07-24
7630,2752,2025-03-12,77.31,Overdue,2025-04-11
7631,7163,2024-11-10,247.34,Paid,2024-12-10
7632,7921,2025-04-28,321.78,Paid,2025-05-28
7633,4010,2024-06-26,156.28,Overdue,2024-07-26
7634,6043,2024-12-20,474.63,Overdue,2025-01-19
7635,8287,2024-08-26,209.11,Overdue,2024-09-25
7636,9205,2024-09-20,86.47,Due,2024-10-20
7637,2332,2024-10-16,180.62,Paid,2024-11-15
7638,6962,2024-12-29,363.17,Paid,2025-01-28
7639,2791,2024-09-17,210.22,Overdue,2024-10-17
7640,9035,2024-09-25,288.89,Due,2024-10-25
7641,2726,2024-08-20,446.68,Paid,2024-09-19
7642,2756,2024-06-06,257.95,Due,2024-07-06
7643,7801,2024-12-28,123.19,Due,2025-01-27
7644,6451,2024-09-10,446.37,Paid,2024-10-10
7645,857,2024-11-08,69.87,Overdue,2024-12-08
7646,7270,2024-04-30,455.35,Overdue,2024-05-30
7647,3881,2024-06-15,494.51,Overdue,2024-07-15
7648,7060,2025-02-17,463.59,Overdue,2025-03-19
7649,644,2025-03-30,17.98,Due,2025-04-29
7650,8857,2025-01-12,423.91,Due,2025-02-11
7651,9725,2024-11-12,322.2,Due,2024-12-12
7652,9800,2025-02-11,277.97,Overdue,2025-03-13
7653,6474,2024-11-15,32.4,Due,2024-12-15
7654,1956,2024-12-10,215.38,Due,2025-01-09
7655,7535,2025-03-26,496.87,Due,2025-04-25
7656,541,2024-05-15,303.31,Overdue,2024-06-14
7657,7152,2025-01-24,350.02,Paid,2025-02-23
7658,1585,2024-08-31,413.04,Due,2024-09-30
7659,750,2025-03-10,83.89,Due,2025-04-09
7660,2170,2024-07-30,384.19,Paid,2024-08-29
7661,5008,2024-08-10,87.4,Due,2024-09-09
7662,1533,2024-06-28,402.17,Paid,2024-07-28
7663,3287,2025-04-26,100.75,Paid,2025-05-26
7664,8087,2025-04-22,152.28,Paid,2025-05-22
7665,6267,2024-07-11,403.74,Paid,2024-08-10
7666,8125,2025-03-26,219.32,Due,2025-04-25
7667,1073,2024-09-01,378.85,Due,2024-10-01
7668,5423,2024-08-20,333.8,Paid,2024-09-19
7669,7983,2024-12-22,235.99,Due,2025-01-21
7670,4572,2025-04-02,499.74,Paid,2025-05-02
7671,6482,2024-07-16,360.72,Paid,2024-08-15
7672,146,2024-08-02,182.14,Due,2024-09-01
7673,1364,2025-01-17,497.79,Due,2025-02-16
7674,1870,2024-11-14,407.34,Overdue,2024-12-14
7675,493,2024-08-24,478.24,Paid,2024-09-23
7676,3912,2024-07-20,262.95,Due,2024-08-19
7677,3057,2024-07-30,127.9,Due,2024-08-29
7678,9433,2025-01-21,62.55,Due,2025-02-20
7679,6512,2024-07-08,322.21,Paid,2024-08-07
7680,9958,2025-01-06,166.44,Paid,2025-02-05
7681,372,2024-08-05,76.86,Due,2024-09-04
7682,2145,2024-10-19,392.37,Overdue,2024-11-18
7683,6894,2025-01-17,194.5,Paid,2025-02-16
7684,6521,2024-12-31,261.32,Due,2025-01-30
7685,5436,2024-11-18,118.02,Paid,2024-12-18
7686,3867,2024-05-25,164.88,Paid,2024-06-24
7687,2898,2024-12-01,50.15,Overdue,2024-12-31
7688,9043,2024-09-08,92.99,Paid,2024-10-08
7689,9151,2024-07-05,77.1,Overdue,2024-08-04
7690,5302,2025-02-19,23.45,Overdue,2025-03-21
7691,2447,2024-09-23,495.5,Paid,2024-10-23
7692,2750,2024-12-05,433.54,Due,2025-01-04
7693,7556,2024-06-15,40.31,Overdue,2024-07-15
7694,7328,2025-01-09,138.92,Overdue,2025-02-08
7695,5824,2024-10-21,371.44,Overdue,2024-11-20
7696,9686,2025-04-13,270.07,Due,2025-05-13
7697,4978,2025-03-23,272.64,Overdue,2025-04-22
7698,7429,2024-11-26,274.95,Due,2024-12-26
7699,3831,2025-04-02,124.05,Due,2025-05-02
7700,1651,2024-11-12,82.75,Due,2024-12-12
7701,1914,2024-10-08,344.32,Overdue,2024-11-07
7702,7438,2024-08-14,77.09,Due,2024-09-13
7703,3680,2024-07-23,193.93,Due,2024-08-22
7704,2404,2024-11-05,151.57,Overdue,2024-12-05
7705,753,2025-02-27,202.09,Due,2025-03-29
7706,5347,2024-08-07,183.96,Overdue,2024-09-06
7707,5021,2024-05-16,161.36,Due,2024-06-15
7708,9570,2024-11-25,145.69,Paid,2024-12-25
7709,4851,2025-03-28,449.12,Paid,2025-04-27
7710,4978,2024-05-15,360.34,Due,2024-06-14
7711,3113,2024-06-26,483.82,Paid,2024-07-26
7712,2334,2024-08-06,290.88,Overdue,2024-09-05
7713,7226,2024-09-12,60.67,Overdue,2024-10-12
7714,4096,2024-07-20,441.41,Overdue,2024-08-19
7715,6274,2024-05-12,337.33,Paid,2024-06-11
7716,1961,2024-08-12,422.15,Overdue,2024-09-11
7717,5866,2025-03-27,459.77,Overdue,2025-04-26
7718,3097,2025-02-27,328.52,Overdue,2025-03-29
7719,8127,2024-05-09,176.02,Due,2024-06-08
7720,8686,2024-12-27,262.37,Overdue,2025-01-26
7721,2588,2024-10-16,430.96,Overdue,2024-11-15
7722,9035,2024-08-09,367.41,Due,2024-09-08
7723,7727,2024-06-16,455.77,Due,2024-07-16
7724,9782,2025-01-11,326.57,Overdue,2025-02-10
7725,8202,2024-05-16,12.15,Due,2024-06-15
7726,2169,2025-01-27,451.63,Paid,2025-02-26
7727,8359,2025-03-15,184.47,Overdue,2025-04-14
7728,1423,2024-10-17,331.69,Paid,2024-11-16
7729,1134,2024-11-16,270.64,Overdue,2024-12-16
7730,5397,2025-03-17,60.83,Overdue,2025-04-16
7731,2563,2024-06-10,481.29,Overdue,2024-07-10
7732,4694,2024-05-02,193.52,Due,2024-06-01
7733,5629,2024-05-17,302.22,Due,2024-06-16
7734,3448,2024-11-19,354.75,Overdue,2024-12-19
7735,235,2025-04-06,61.4,Paid,2025-05-06
7736,8792,2024-11-07,19.74,Overdue,2024-12-07
7737,5219,2024-08-15,430.54,Due,2024-09-14
7738,1702,2024-05-20,157.57,Overdue,2024-06-19
7739,4415,2024-07-30,78.54,Paid,2024-08-29
7740,8859,2025-02-10,242.67,Paid,2025-03-12
7741,38,2024-08-20,12.89,Paid,2024-09-19
7742,3424,2025-02-09,111.03,Overdue,2025-03-11
7743,2666,2025-04-22,184.68,Due,2025-05-22
7744,684,2024-05-26,310.19,Overdue,2024-06-25
7745,5981,2025-04-16,101.73,Overdue,2025-05-16
7746,2919,2024-05-07,190.76,Due,2024-06-06
7747,5574,2024-05-09,65.45,Overdue,2024-06-08
7748,9316,2024-11-04,107.26,Due,2024-12-04
7749,2697,2024-08-15,176.27,Overdue,2024-09-14
7750,42,2025-01-09,464.8,Paid,2025-02-08
7751,2748,2025-01-26,25.27,Overdue,2025-02-25
7752,4359,2024-08-12,85.23,Due,2024-09-11
7753,4715,2024-05-30,222.14,Overdue,2024-06-29
7754,5009,2025-02-27,499.44,Due,2025-03-29
7755,5202,2025-01-26,151.73,Paid,2025-02-25
7756,9411,2024-08-08,32.0,Due,2024-09-07
7757,1802,2024-12-20,88.89,Due,2025-01-19
7758,1077,2024-05-01,378.35,Overdue,2024-05-31
7759,6235,2024-05-01,39.76,Paid,2024-05-31
7760,145,2024-11-15,355.53,Due,2024-12-15
7761,7469,2024-09-21,430.53,Paid,2024-10-21
7762,2457,2024-07-17,193.95,Due,2024-08-16
7763,2012,2024-09-21,493.31,Paid,2024-10-21
7764,6036,2025-02-11,424.02,Due,2025-03-13
7765,7767,2024-12-25,29.14,Due,2025-01-24
7766,4214,2024-05-27,33.47,Paid,2024-06-26
7767,9598,2025-01-01,60.13,Overdue,2025-01-31
7768,2892,2024-12-20,168.51,Overdue,2025-01-19
7769,9981,2024-07-14,103.42,Paid,2024-08-13
7770,5862,2025-02-12,409.61,Paid,2025-03-14
7771,7171,2024-12-21,196.98,Due,2025-01-20
7772,2038,2024-12-21,88.58,Due,2025-01-20
7773,4617,2025-04-13,41.16,Paid,2025-05-13
7774,2189,2024-10-08,437.13,Due,2024-11-07
7775,1658,2024-08-04,120.86,Paid,2024-09-03
7776,9333,2024-06-02,464.53,Due,2024-07-02
7777,6130,2024-07-31,211.45,Overdue,2024-08-30
7778,7766,2025-04-03,141.72,Paid,2025-05-03
7779,9762,2025-04-21,164.95,Paid,2025-05-21
7780,5247,2025-02-22,227.4,Overdue,2025-03-24
7781,9178,2024-12-06,321.45,Overdue,2025-01-05
7782,2788,2024-11-06,407.67,Paid,2024-12-06
7783,5657,2024-09-07,39.77,Due,2024-10-07
7784,5146,2024-11-27,418.87,Due,2024-12-27
7785,458,2024-12-28,351.51,Overdue,2025-01-27
7786,7857,2024-08-21,97.79,Due,2024-09-20
7787,4659,2025-01-11,318.06,Overdue,2025-02-10
7788,6281,2025-01-03,488.5,Due,2025-02-02
7789,9670,2025-04-16,89.72,Paid,2025-05-16
7790,1502,2024-10-05,494.96,Overdue,2024-11-04
7791,3612,2025-01-29,291.75,Paid,2025-02-28
7792,9803,2024-10-10,159.76,Overdue,2024-11-09
7793,2047,2025-04-25,377.62,Paid,2025-05-25
7794,7744,2024-06-15,96.41,Due,2024-07-15
7795,5724,2025-04-23,434.23,Paid,2025-05-23
7796,3496,2024-08-08,45.48,Due,2024-09-07
7797,9412,2025-01-14,417.63,Due,2025-02-13
7798,5475,2024-07-20,302.0,Paid,2024-08-19
7799,3629,2024-10-01,15.32,Due,2024-10-31
7800,5909,2024-06-24,446.76,Overdue,2024-07-24
7801,7876,2024-12-05,112.1,Due,2025-01-04
7802,5656,2024-05-12,36.94,Overdue,2024-06-11
7803,8197,2025-04-28,200.71,Overdue,2025-05-28
7804,9353,2024-07-15,347.76,Paid,2024-08-14
7805,8510,2025-04-26,308.88,Paid,2025-05-26
7806,2045,2025-04-07,438.44,Due,2025-05-07
7807,2016,2025-04-02,341.85,Due,2025-05-02
7808,7648,2024-06-07,341.09,Overdue,2024-07-07
7809,4683,2024-12-25,36.66,Paid,2025-01-24
7810,3181,2024-08-21,443.77,Paid,2024-09-20
7811,9382,2025-04-15,149.33,Paid,2025-05-15
7812,4740,2024-12-15,73.89,Paid,2025-01-14
7813,5555,2024-06-13,358.19,Overdue,2024-07-13
7814,2601,2024-09-04,312.31,Overdue,2024-10-04
7815,4571,2024-09-16,99.65,Paid,2024-10-16
7816,8558,2024-10-18,143.0,Due,2024-11-17
7817,5180,2024-05-23,423.81,Overdue,2024-06-22
7818,7027,2024-12-02,388.29,Due,2025-01-01
7819,7047,2024-08-20,14.69,Overdue,2024-09-19
7820,1207,2024-11-06,222.62,Paid,2024-12-06
7821,4735,2024-11-01,251.7,Due,2024-12-01
7822,2739,2024-10-06,316.16,Due,2024-11-05
7823,7394,2024-12-15,83.21,Paid,2025-01-14
7824,8168,2025-04-12,131.15,Paid,2025-05-12
7825,4800,2024-10-09,169.7,Due,2024-11-08
7826,7359,2025-02-02,413.03,Paid,2025-03-04
7827,9828,2025-03-16,61.37,Overdue,2025-04-15
7828,4987,2024-09-14,91.34,Due,2024-10-14
7829,8907,2025-04-20,335.56,Paid,2025-05-20
7830,5958,2025-04-07,48.9,Due,2025-05-07
7831,3307,2025-04-05,418.85,Due,2025-05-05
7832,4248,2024-11-12,71.72,Paid,2024-12-12
7833,5496,2024-05-12,96.79,Overdue,2024-06-11
7834,2726,2024-10-25,442.4,Overdue,2024-11-24
7835,338,2025-02-17,98.52,Paid,2025-03-19
7836,1416,2025-03-24,380.08,Paid,2025-04-23
7837,978,2024-06-22,365.54,Overdue,2024-07-22
7838,2161,2025-01-10,365.94,Due,2025-02-09
7839,1595,2025-04-29,490.47,Due,2025-05-29
7840,2435,2025-02-16,302.43,Overdue,2025-03-18
7841,1820,2024-12-30,333.33,Overdue,2025-01-29
7842,670,2024-06-09,155.97,Due,2024-07-09
7843,8391,2025-04-14,258.16,Due,2025-05-14
7844,5389,2024-07-01,341.86,Overdue,2024-07-31
7845,8821,2024-12-18,344.58,Paid,2025-01-17
7846,440,2024-08-02,437.57,Overdue,2024-09-01
7847,1634,2025-01-28,328.67,Paid,2025-02-27
7848,9064,2024-07-18,105.62,Paid,2024-08-17
7849,945,2025-04-21,13.07,Overdue,2025-05-21
7850,803,2024-12-22,35.38,Due,2025-01-21
7851,9120,2024-05-22,185.46,Paid,2024-06-21
7852,5155,2024-07-10,492.38,Due,2024-08-09
7853,4757,2025-02-10,41.26,Due,2025-03-12
7854,3555,2025-02-10,399.12,Paid,2025-03-12
7855,270,2024-08-11,98.22,Due,2024-09-10
7856,3752,2024-11-12,70.07,Due,2024-12-12
7857,6532,2025-02-25,65.41,Overdue,2025-03-27
7858,9734,2025-03-14,373.26,Paid,2025-04-13
7859,4414,2024-05-25,259.34,Overdue,2024-06-24
7860,1797,2024-06-06,257.3,Paid,2024-07-06
7861,7842,2024-05-19,435.78,Paid,2024-06-18
7862,1843,2025-03-18,165.69,Paid,2025-04-17
7863,2893,2024-09-10,75.16,Overdue,2024-10-10
7864,399,2024-10-20,417.66,Paid,2024-11-19
7865,2212,2024-06-02,184.89,Overdue,2024-07-02
7866,7296,2025-03-27,70.89,Overdue,2025-04-26
7867,4733,2025-04-29,109.07,Paid,2025-05-29
7868,4506,2025-01-29,170.41,Due,2025-02-28
7869,5304,2024-11-29,416.53,Paid,2024-12-29
7870,2138,2024-08-15,90.78,Overdue,2024-09-14
7871,1286,2024-09-14,478.91,Paid,2024-10-14
7872,7977,2024-08-01,140.8,Due,2024-08-31
7873,5925,2024-11-01,272.44,Due,2024-12-01
7874,5528,2024-06-21,342.56,Due,2024-07-21
7875,4461,2024-05-04,334.83,Overdue,2024-06-03
7876,3121,2025-02-04,67.36,Overdue,2025-03-06
7877,6637,2024-11-27,358.2,Paid,2024-12-27
7878,8344,2024-05-18,185.05,Due,2024-06-17
7879,4138,2024-11-01,443.12,Due,2024-12-01
7880,5423,2024-05-15,469.57,Overdue,2024-06-14
7881,3480,2024-05-08,243.94,Overdue,2024-06-07
7882,6853,2024-09-28,367.43,Paid,2024-10-28
7883,5794,2024-12-27,396.09,Due,2025-01-26
7884,6106,2024-12-11,497.97,Paid,2025-01-10
7885,9404,2024-11-02,194.61,Paid,2024-12-02
7886,817,2024-09-12,418.02,Overdue,2024-10-12
7887,1141,2024-12-25,308.16,Overdue,2025-01-24
7888,2417,2024-05-01,136.65,Due,2024-05-31
7889,3364,2024-06-09,386.61,Overdue,2024-07-09
7890,5270,2025-01-28,35.89,Paid,2025-02-27
7891,3791,2024-09-18,11.87,Due,2024-10-18
7892,8890,2024-08-02,60.39,Due,2024-09-01
7893,396,2024-09-04,157.05,Due,2024-10-04
7894,4223,2025-02-10,430.14,Paid,2025-03-12
7895,2307,2024-05-19,292.36,Overdue,2024-06-18
7896,6591,2025-02-28,310.01,Paid,2025-03-30
7897,8059,2024-07-08,450.63,Overdue,2024-08-07
7898,4505,2024-10-17,353.91,Paid,2024-11-16
7899,9240,2024-12-15,100.93,Due,2025-01-14
7900,5157,2025-04-23,93.58,Overdue,2025-05-23
7901,7361,2024-06-19,254.38,Paid,2024-07-19
7902,7399,2024-07-22,305.68,Due,2024-08-21
7903,2208,2025-02-22,194.46,Due,2025-03-24
7904,9628,2024-07-27,242.97,Due,2024-08-26
7905,4015,2024-12-20,32.8,Paid,2025-01-19
7906,2911,2024-08-25,79.62,Paid,2024-09-24
7907,9680,2025-03-17,57.79,Due,2025-04-16
7908,7471,2024-12-08,43.05,Overdue,2025-01-07
7909,781,2025-02-27,360.51,Due,2025-03-29
7910,6251,2024-11-03,217.65,Due,2024-12-03
7911,5223,2024-09-27,376.47,Overdue,2024-10-27
7912,3904,2024-09-29,64.14,Due,2024-10-29
7913,3105,2024-05-04,158.0,Paid,2024-06-03
7914,769,2025-03-12,279.0,Due,2025-04-11
7915,7242,2024-05-07,385.65,Paid,2024-06-06
7916,9647,2024-11-16,337.28,Due,2024-12-16
7917,7713,2025-01-30,309.95,Paid,2025-03-01
7918,7779,2024-05-25,185.07,Overdue,2024-06-24
7919,8628,2024-10-25,94.7,Overdue,2024-11-24
7920,1808,2024-11-17,455.87,Paid,2024-12-17
7921,1958,2024-09-22,407.05,Overdue,2024-10-22
7922,2410,2024-06-06,103.19,Overdue,2024-07-06
7923,3807,2024-08-11,306.36,Paid,2024-09-10
7924,382,2024-08-31,148.13,Overdue,2024-09-30
7925,4944,2024-10-07,150.76,Overdue,2024-11-06
7926,7170,2024-12-25,351.56,Paid,2025-01-24
7927,4455,2025-02-26,466.03,Overdue,2025-03-28
7928,6147,2024-11-20,110.7,Overdue,2024-12-20
7929,4831,2025-03-08,301.48,Paid,2025-04-07
7930,3279,2024-09-24,272.23,Overdue,2024-10-24
7931,5728,2024-12-20,174.41,Paid,2025-01-19
7932,903,2025-03-08,277.97,Overdue,2025-04-07
7933,2024,2025-01-08,204.08,Due,2025-02-07
7934,3240,2024-10-12,151.91,Paid,2024-11-11
7935,1482,2025-01-26,366.06,Due,2025-02-25
7936,8282,2025-03-13,399.29,Due,2025-04-12
7937,5849,2025-01-24,234.41,Paid,2025-02-23
7938,7986,2024-06-06,228.31,Due,2024-07-06
7939,1305,2025-02-01,335.03,Paid,2025-03-03
7940,6518,2025-01-17,387.0,Paid,2025-02-16
7941,1755,2024-12-04,441.78,Due,2025-01-03
7942,4818,2025-02-15,272.97,Overdue,2025-03-17
7943,1401,2025-04-08,460.91,Due,2025-05-08
7944,168,2024-11-15,204.05,Paid,2024-12-15
7945,5910,2024-05-21,448.69,Overdue,2024-06-20
7946,1420,2025-01-29,325.38,Overdue,2025-02-28
7947,9238,2024-10-11,62.39,Paid,2024-11-10
7948,9444,2024-10-25,449.77,Due,2024-11-24
7949,1200,2024-06-22,425.75,Paid,2024-07-22
7950,7801,2024-08-13,279.37,Due,2024-09-12
7951,8108,2024-09-26,133.56,Overdue,2024-10-26
7952,2004,2025-04-26,440.0,Due,2025-05-26
7953,802,2025-02-04,421.93,Paid,2025-03-06
7954,4513,2024-09-29,369.32,Paid,2024-10-29
7955,3073,2024-07-17,337.95,Due,2024-08-16
7956,5915,2024-05-01,199.16,Due,2024-05-31
7957,3760,2024-11-14,381.25,Paid,2024-12-14
7958,1067,2025-03-04,111.18,Overdue,2025-04-03
7959,5542,2024-05-24,331.7,Due,2024-06-23
7960,183,2025-04-09,245.13,Overdue,2025-05-09
7961,6701,2024-11-08,496.18,Paid,2024-12-08
7962,1390,2024-11-04,180.85,Overdue,2024-12-04
7963,6963,2024-07-20,170.96,Paid,2024-08-19
7964,3462,2024-08-13,179.54,Due,2024-09-12
7965,4543,2024-12-02,462.62,Overdue,2025-01-01
7966,6992,2025-01-24,182.56,Due,2025-02-23
7967,6256,2024-08-02,310.85,Overdue,2024-09-01
7968,4416,2025-01-25,269.53,Overdue,2025-02-24
7969,5975,2024-05-26,149.45,Paid,2024-06-25
7970,1015,2024-05-26,344.86,Paid,2024-06-25
7971,3874,2024-12-20,277.96,Paid,2025-01-19
7972,8810,2025-02-28,193.98,Overdue,2025-03-30
7973,4566,2024-11-16,272.07,Paid,2024-12-16
7974,301,2025-01-24,13.69,Due,2025-02-23
7975,8401,2024-07-18,73.92,Paid,2024-08-17
7976,9482,2025-01-29,278.52,Due,2025-02-28
7977,7103,2024-09-13,398.76,Overdue,2024-10-13
7978,7370,2025-04-16,191.49,Overdue,2025-05-16
7979,3546,2024-06-04,299.03,Paid,2024-07-04
7980,3440,2024-12-02,300.79,Paid,2025-01-01
7981,1361,2024-05-31,344.9,Paid,2024-06-30
7982,1343,2024-08-25,467.96,Paid,2024-09-24
7983,2831,2024-06-28,255.98,Due,2024-07-28
7984,5385,2024-09-06,278.57,Due,2024-10-06
7985,9389,2024-10-25,325.32,Overdue,2024-11-24
7986,586,2025-04-29,451.16,Overdue,2025-05-29
7987,113,2024-09-25,281.98,Due,2024-10-25
7988,7333,2025-01-08,374.48,Due,2025-02-07
7989,1840,2024-11-21,138.45,Overdue,2024-12-21
7990,4953,2024-08-28,174.84,Overdue,2024-09-27
7991,2885,2024-07-25,240.16,Overdue,2024-08-24
7992,9604,2025-02-12,342.1,Paid,2025-03-14
7993,5619,2024-08-20,432.83,Overdue,2024-09-19
7994,6877,2024-11-22,403.32,Due,2024-12-22
7995,9892,2025-01-26,168.95,Overdue,2025-02-25
7996,3047,2025-03-13,85.67,Overdue,2025-04-12
7997,7219,2024-11-15,76.77,Due,2024-12-15
7998,1957,2025-04-05,31.15,Paid,2025-05-05
7999,5890,2024-05-04,150.64,Due,2024-06-03
8000,272,2024-12-26,73.32,Due,2025-01-25
8001,900,2024-09-06,195.61,Overdue,2024-10-06
8002,3319,2024-05-26,462.17,Paid,2024-06-25
8003,9190,2024-06-29,58.28,Paid,2024-07-29
8004,7968,2024-05-30,30.1,Overdue,2024-06-29
8005,4670,2024-10-27,244.15,Due,2024-11-26
8006,2738,2024-06-19,160.04,Due,2024-07-19
8007,9562,2024-06-23,97.34,Due,2024-07-23
8008,3051,2024-07-11,447.92,Overdue,2024-08-10
8009,4585,2025-02-27,255.92,Overdue,2025-03-29
8010,2553,2024-05-01,236.66,Due,2024-05-31
8011,9111,2024-08-05,61.78,Overdue,2024-09-04
8012,5483,2024-11-04,324.55,Due,2024-12-04
8013,8512,2024-09-13,61.27,Overdue,2024-10-13
8014,8705,2025-02-26,230.41,Paid,2025-03-28
8015,6894,2025-03-14,212.85,Paid,2025-04-13
8016,7025,2024-12-10,352.6,Overdue,2025-01-09
8017,7529,2024-05-23,124.34,Due,2024-06-22
8018,8343,2024-08-01,194.74,Due,2024-08-31
8019,3936,2024-07-03,182.26,Due,2024-08-02
8020,9144,2024-09-25,448.15,Overdue,2024-10-25
8021,8081,2024-08-17,323.44,Paid,2024-09-16
8022,9657,2024-05-29,37.52,Paid,2024-06-28
8023,3823,2024-05-11,425.23,Paid,2024-06-10
8024,504,2024-12-15,37.22,Paid,2025-01-14
8025,7549,2024-08-25,32.89,Paid,2024-09-24
8026,576,2024-07-08,133.98,Paid,2024-08-07
8027,6240,2025-04-16,96.57,Overdue,2025-05-16
8028,8577,2024-05-16,285.52,Paid,2024-06-15
8029,5934,2024-07-30,287.37,Overdue,2024-08-29
8030,3538,2025-01-04,38.81,Overdue,2025-02-03
8031,576,2024-09-07,35.15,Paid,2024-10-07
8032,4440,2024-07-27,33.55,Paid,2024-08-26
8033,8971,2024-12-25,304.0,Paid,2025-01-24
8034,9326,2024-08-14,205.73,Paid,2024-09-13
8035,6908,2024-10-28,413.72,Due,2024-11-27
8036,5844,2024-11-06,445.94,Paid,2024-12-06
8037,175,2024-05-07,58.64,Due,2024-06-06
8038,6516,2025-02-21,463.65,Paid,2025-03-23
8039,442,2024-09-20,235.26,Paid,2024-10-20
8040,822,2024-10-15,271.37,Due,2024-11-14
8041,6594,2024-09-11,192.06,Paid,2024-10-11
8042,4141,2025-01-27,372.86,Overdue,2025-02-26
8043,9124,2025-01-29,446.74,Due,2025-02-28
8044,8283,2024-11-09,257.35,Overdue,2024-12-09
8045,3498,2024-08-11,142.69,Paid,2024-09-10
8046,8105,2024-07-11,446.71,Overdue,2024-08-10
8047,8293,2025-03-13,188.95,Overdue,2025-04-12
8048,1062,2024-12-04,216.84,Overdue,2025-01-03
8049,9149,2025-02-27,71.6,Paid,2025-03-29
8050,6635,2024-10-01,379.65,Overdue,2024-10-31
8051,8064,2024-07-05,301.77,Overdue,2024-08-04
8052,1902,2024-09-19,205.03,Paid,2024-10-19
8053,6539,2024-09-21,190.72,Due,2024-10-21
8054,8186,2024-09-08,61.61,Due,2024-10-08
8055,773,2024-11-11,264.16,Due,2024-12-11
8056,1287,2024-05-23,218.53,Due,2024-06-22
8057,6063,2024-07-13,271.77,Paid,2024-08-12
8058,2206,2025-01-27,240.02,Paid,2025-02-26
8059,3470,2024-09-06,231.72,Paid,2024-10-06
8060,3609,2024-05-28,442.09,Overdue,2024-06-27
8061,2195,2024-08-21,319.71,Due,2024-09-20
8062,1040,2024-07-26,477.57,Due,2024-08-25
8063,7545,2025-01-17,418.0,Due,2025-02-16
8064,77,2025-01-29,129.79,Paid,2025-02-28
8065,9098,2024-12-20,439.37,Due,2025-01-19
8066,7925,2024-07-20,196.61,Paid,2024-08-19
8067,7943,2024-05-23,174.08,Overdue,2024-06-22
8068,2034,2024-12-26,37.46,Due,2025-01-25
8069,3246,2024-07-05,224.09,Paid,2024-08-04
8070,6224,2024-09-01,459.25,Paid,2024-10-01
8071,9585,2024-12-14,338.41,Due,2025-01-13
8072,3296,2024-10-11,416.09,Due,2024-11-10
8073,5905,2024-09-13,376.42,Paid,2024-10-13
8074,1904,2024-12-08,88.33,Paid,2025-01-07
8075,6645,2025-03-15,261.12,Overdue,2025-04-14
8076,8884,2024-10-28,442.51,Due,2024-11-27
8077,5336,2024-07-18,476.53,Due,2024-08-17
8078,8236,2025-03-15,413.25,Paid,2025-04-14
8079,9169,2025-01-29,487.64,Paid,2025-02-28
8080,6017,2024-08-30,299.45,Overdue,2024-09-29
8081,1013,2024-07-22,280.59,Paid,2024-08-21
8082,8670,2024-06-09,50.51,Due,2024-07-09
8083,7053,2024-12-06,101.16,Paid,2025-01-05
8084,1013,2024-09-14,236.22,Due,2024-10-14
8085,105,2025-03-15,304.58,Paid,2025-04-14
8086,8196,2024-07-04,154.21,Due,2024-08-03
8087,3411,2024-12-18,311.4,Overdue,2025-01-17
8088,5489,2024-12-01,66.27,Due,2024-12-31
8089,4414,2024-06-20,330.45,Paid,2024-07-20
8090,2105,2025-03-01,257.15,Paid,2025-03-31
8091,2470,2025-03-12,123.87,Paid,2025-04-11
8092,5148,2025-02-18,375.93,Overdue,2025-03-20
8093,5937,2025-03-25,393.61,Paid,2025-04-24
8094,7699,2024-11-24,440.54,Overdue,2024-12-24
8095,3877,2024-09-18,293.84,Due,2024-10-18
8096,2641,2024-07-02,156.0,Due,2024-08-01
8097,7936,2025-04-07,473.58,Due,2025-05-07
8098,6807,2024-05-04,433.68,Paid,2024-06-03
8099,6317,2025-04-25,344.35,Paid,2025-05-25
8100,9678,2024-10-21,94.88,Overdue,2024-11-20
8101,5711,2024-12-20,415.05,Overdue,2025-01-19
8102,7911,2024-12-20,234.05,Due,2025-01-19
8103,819,2024-06-22,26.31,Due,2024-07-22
8104,7325,2024-09-12,423.8,Overdue,2024-10-12
8105,9284,2024-06-10,333.61,Due,2024-07-10
8106,6868,2025-03-12,389.78,Due,2025-04-11
8107,1445,2024-11-29,496.9,Paid,2024-12-29
8108,6266,2024-05-12,48.06,Paid,2024-06-11
8109,7230,2024-08-14,185.04,Overdue,2024-09-13
8110,8426,2024-11-13,495.88,Due,2024-12-13
8111,2271,2025-04-24,24.43,Overdue,2025-05-24
8112,4686,2024-05-12,94.92,Due,2024-06-11
8113,7892,2024-11-25,38.65,Paid,2024-12-25
8114,7454,2025-01-04,404.08,Paid,2025-02-03
8115,2726,2024-05-29,110.96,Due,2024-06-28
8116,8636,2024-06-26,26.13,Due,2024-07-26
8117,8181,2025-02-13,47.99,Overdue,2025-03-15
8118,9815,2025-01-11,288.96,Overdue,2025-02-10
8119,9673,2025-03-23,116.16,Overdue,2025-04-22
8120,4830,2024-07-09,428.76,Overdue,2024-08-08
8121,6415,2024-11-15,140.65,Paid,2024-12-15
8122,1592,2024-11-27,394.51,Overdue,2024-12-27
8123,6529,2024-10-04,446.11,Overdue,2024-11-03
8124,4458,2024-05-22,107.41,Due,2024-06-21
8125,9416,2024-07-26,458.87,Paid,2024-08-25
8126,193,2025-03-21,40.7,Paid,2025-04-20
8127,5831,2024-06-13,345.46,Paid,2024-07-13
8128,7728,2025-01-18,142.43,Paid,2025-02-17
8129,6546,2024-10-13,85.5,Overdue,2024-11-12
8130,621,2025-02-04,132.23,Paid,2025-03-06
8131,7179,2024-11-11,31.54,Paid,2024-12-11
8132,7875,2024-07-14,256.94,Overdue,2024-08-13
8133,7846,2025-01-26,429.34,Due,2025-02-25
8134,253,2025-01-11,424.89,Due,2025-02-10
8135,5689,2024-06-28,179.8,Overdue,2024-07-28
8136,8682,2025-03-22,271.34,Overdue,2025-04-21
8137,7556,2025-04-28,80.85,Overdue,2025-05-28
8138,8317,2024-06-10,79.8,Paid,2024-07-10
8139,6492,2024-10-13,175.3,Paid,2024-11-12
8140,4836,2024-11-03,489.64,Due,2024-12-03
8141,6534,2024-05-10,110.69,Paid,2024-06-09
8142,5709,2025-04-22,227.75,Overdue,2025-05-22
8143,7814,2024-05-15,242.95,Due,2024-06-14
8144,3984,2024-06-12,387.54,Overdue,2024-07-12
8145,2432,2024-08-04,260.79,Due,2024-09-03
8146,2323,2024-10-16,178.08,Paid,2024-11-15
8147,3417,2025-01-24,402.11,Paid,2025-02-23
8148,1484,2024-05-03,381.53,Due,2024-06-02
8149,7908,2025-02-22,161.71,Due,2025-03-24
8150,772,2025-03-27,81.02,Overdue,2025-04-26
8151,5728,2024-12-27,340.62,Paid,2025-01-26
8152,8228,2024-10-28,463.87,Due,2024-11-27
8153,7133,2025-03-11,138.31,Due,2025-04-10
8154,4847,2025-01-12,130.06,Paid,2025-02-11
8155,394,2025-01-14,264.26,Due,2025-02-13
8156,5560,2025-03-23,300.59,Paid,2025-04-22
8157,4417,2024-05-11,52.13,Due,2024-06-10
8158,5364,2025-04-26,413.58,Paid,2025-05-26
8159,1809,2025-03-23,296.06,Due,2025-04-22
8160,5787,2024-12-27,140.29,Due,2025-01-26
8161,8655,2024-09-22,374.54,Overdue,2024-10-22
8162,4604,2024-07-13,436.09,Overdue,2024-08-12
8163,3032,2025-02-12,162.23,Paid,2025-03-14
8164,5774,2024-10-13,173.89,Overdue,2024-11-12
8165,7832,2024-12-23,413.48,Paid,2025-01-22
8166,1233,2024-11-12,97.89,Paid,2024-12-12
8167,3523,2024-09-13,456.12,Paid,2024-10-13
8168,6619,2025-03-02,228.35,Overdue,2025-04-01
8169,9005,2024-12-09,453.1,Overdue,2025-01-08
8170,6756,2024-08-02,157.38,Overdue,2024-09-01
8171,2459,2025-01-12,182.99,Paid,2025-02-11
8172,737,2024-12-12,339.36,Paid,2025-01-11
8173,9400,2025-02-28,291.84,Due,2025-03-30
8174,9656,2024-08-03,143.57,Overdue,2024-09-02
8175,543,2024-09-13,127.13,Overdue,2024-10-13
8176,5073,2024-07-11,112.5,Paid,2024-08-10
8177,9789,2025-03-21,405.24,Due,2025-04-20
8178,4400,2025-04-03,79.18,Paid,2025-05-03
8179,9321,2024-08-04,432.82,Paid,2024-09-03
8180,7740,2024-09-27,448.95,Paid,2024-10-27
8181,842,2024-08-13,183.16,Overdue,2024-09-12
8182,5618,2025-01-31,438.47,Overdue,2025-03-02
8183,9252,2025-02-27,361.43,Due,2025-03-29
8184,7529,2025-03-06,324.47,Due,2025-04-05
8185,3960,2024-09-07,351.5,Overdue,2024-10-07
8186,7203,2024-05-14,160.05,Due,2024-06-13
8187,9477,2024-05-13,110.53,Paid,2024-06-12
8188,3162,2025-04-11,480.31,Due,2025-05-11
8189,7500,2024-11-21,148.77,Due,2024-12-21
8190,7038,2024-06-24,294.99,Overdue,2024-07-24
8191,4241,2025-01-02,117.66,Due,2025-02-01
8192,6309,2025-01-02,93.66,Due,2025-02-01
8193,4745,2024-12-30,56.94,Due,2025-01-29
8194,194,2024-09-14,338.76,Due,2024-10-14
8195,5894,2024-06-10,195.48,Due,2024-07-10
8196,704,2025-04-10,228.41,Overdue,2025-05-10
8197,1867,2025-03-19,201.25,Paid,2025-04-18
8198,1031,2025-04-16,90.5,Paid,2025-05-16
8199,701,2025-01-21,122.58,Paid,2025-02-20
8200,7759,2025-01-24,149.33,Overdue,2025-02-23
8201,1987,2025-02-22,348.06,Due,2025-03-24
8202,7186,2024-05-01,345.74,Overdue,2024-05-31
8203,2112,2024-11-24,33.59,Due,2024-12-24
8204,3703,2024-11-01,247.6,Overdue,2024-12-01
8205,7594,2024-05-29,75.01,Overdue,2024-06-28
8206,9272,2024-11-02,108.46,Paid,2024-12-02
8207,4831,2024-06-22,123.89,Overdue,2024-07-22
8208,9607,2025-04-08,294.56,Overdue,2025-05-08
8209,227,2024-07-10,348.79,Paid,2024-08-09
8210,6110,2025-04-16,335.46,Paid,2025-05-16
8211,1241,2024-11-02,284.59,Due,2024-12-02
8212,6425,2024-05-17,389.33,Overdue,2024-06-16
8213,5933,2024-08-23,228.8,Paid,2024-09-22
8214,6314,2024-05-22,418.94,Due,2024-06-21
8215,9676,2024-09-20,101.62,Due,2024-10-20
8216,6028,2024-12-23,39.4,Overdue,2025-01-22
8217,3165,2024-09-05,325.23,Due,2024-10-05
8218,5648,2024-12-02,161.35,Due,2025-01-01
8219,1630,2024-10-23,99.34,Overdue,2024-11-22
8220,6040,2024-08-22,140.3,Paid,2024-09-21
8221,1271,2024-12-22,58.44,Due,2025-01-21
8222,7681,2024-10-04,44.56,Overdue,2024-11-03
8223,4752,2024-07-21,411.56,Overdue,2024-08-20
8224,6901,2024-09-28,426.57,Due,2024-10-28
8225,6517,2025-02-05,317.79,Paid,2025-03-07
8226,5016,2025-02-21,168.53,Paid,2025-03-23
8227,7558,2024-11-07,404.28,Paid,2024-12-07
8228,8009,2024-05-19,366.34,Due,2024-06-18
8229,9615,2024-12-17,312.66,Paid,2025-01-16
8230,4632,2024-09-14,287.63,Paid,2024-10-14
8231,2982,2025-02-09,223.01,Due,2025-03-11
8232,2712,2024-11-02,417.73,Overdue,2024-12-02
8233,5837,2024-06-24,422.37,Paid,2024-07-24
8234,2492,2024-12-02,395.06,Overdue,2025-01-01
8235,1727,2024-12-17,185.53,Due,2025-01-16
8236,1309,2024-07-24,433.72,Due,2024-08-23
8237,8855,2024-09-21,278.78,Paid,2024-10-21
8238,1327,2025-03-19,270.98,Due,2025-04-18
8239,9369,2025-01-30,262.53,Overdue,2025-03-01
8240,1225,2024-05-19,29.64,Due,2024-06-18
8241,1788,2025-02-25,378.68,Paid,2025-03-27
8242,6399,2024-11-14,177.98,Paid,2024-12-14
8243,1977,2024-09-14,381.25,Overdue,2024-10-14
8244,5412,2024-07-17,262.0,Overdue,2024-08-16
8245,3937,2024-11-09,63.11,Due,2024-12-09
8246,966,2025-03-02,59.44,Overdue,2025-04-01
8247,4038,2024-07-22,146.99,Paid,2024-08-21
8248,3184,2025-01-24,168.4,Paid,2025-02-23
8249,5618,2025-02-08,29.08,Due,2025-03-10
8250,9342,2024-10-27,389.22,Due,2024-11-26
8251,114,2024-12-07,211.14,Paid,2025-01-06
8252,6622,2024-06-20,67.58,Due,2024-07-20
8253,8260,2024-06-08,125.19,Paid,2024-07-08
8254,4222,2024-06-13,337.76,Overdue,2024-07-13
8255,5283,2024-07-27,399.81,Paid,2024-08-26
8256,186,2024-10-27,43.04,Paid,2024-11-26
8257,9532,2024-09-25,22.11,Overdue,2024-10-25
8258,2554,2024-05-05,459.89,Overdue,2024-06-04
8259,230,2025-01-23,430.38,Overdue,2025-02-22
8260,833,2024-07-12,272.03,Overdue,2024-08-11
8261,6557,2024-10-22,211.55,Paid,2024-11-21
8262,9758,2025-01-02,10.15,Paid,2025-02-01
8263,800,2024-11-14,457.81,Paid,2024-12-14
8264,2552,2025-03-18,208.08,Due,2025-04-17
8265,3503,2024-10-20,23.98,Paid,2024-11-19
8266,555,2024-06-25,40.85,Overdue,2024-07-25
8267,7932,2025-04-11,45.79,Due,2025-05-11
8268,6077,2024-07-02,202.92,Due,2024-08-01
8269,1695,2024-10-01,204.77,Paid,2024-10-31
8270,8928,2024-05-21,16.7,Overdue,2024-06-20
8271,2977,2024-11-18,268.1,Overdue,2024-12-18
8272,3835,2024-08-23,321.05,Due,2024-09-22
8273,2209,2024-06-16,332.63,Overdue,2024-07-16
8274,2130,2025-02-20,423.85,Due,2025-03-22
8275,9068,2024-09-03,498.99,Paid,2024-10-03
8276,345,2025-02-10,70.74,Overdue,2025-03-12
8277,7629,2025-02-23,260.69,Overdue,2025-03-25
8278,9656,2024-05-27,116.31,Due,2024-06-26
8279,9900,2024-09-16,448.57,Paid,2024-10-16
8280,471,2024-06-02,78.77,Paid,2024-07-02
8281,850,2025-03-30,220.75,Overdue,2025-04-29
8282,5742,2025-02-19,463.2,Paid,2025-03-21
8283,6585,2024-06-02,98.52,Overdue,2024-07-02
8284,3443,2025-01-20,49.06,Due,2025-02-19
8285,6935,2024-06-12,199.59,Paid,2024-07-12
8286,3318,2024-05-24,151.42,Paid,2024-06-23
8287,7202,2025-04-18,96.34,Overdue,2025-05-18
8288,1701,2024-05-29,333.86,Overdue,2024-06-28
8289,9013,2024-12-02,400.75,Due,2025-01-01
8290,7925,2024-11-18,448.34,Paid,2024-12-18
8291,6690,2025-01-19,499.25,Due,2025-02-18
8292,1014,2025-01-01,361.4,Paid,2025-01-31
8293,2067,2024-07-30,23.33,Due,2024-08-29
8294,1397,2025-04-19,226.9,Overdue,2025-05-19
8295,4732,2025-02-11,169.07,Overdue,2025-03-13
8296,9761,2024-07-23,146.98,Paid,2024-08-22
8297,3121,2025-01-29,476.44,Due,2025-02-28
8298,6804,2024-11-29,65.53,Due,2024-12-29
8299,4105,2024-07-19,318.65,Overdue,2024-08-18
8300,5191,2024-07-26,367.11,Due,2024-08-25
8301,5325,2024-11-25,91.8,Due,2024-12-25
8302,2961,2024-11-13,281.83,Overdue,2024-12-13
8303,2102,2025-04-24,61.11,Due,2025-05-24
8304,3685,2024-12-20,27.72,Paid,2025-01-19
8305,6968,2024-12-12,451.5,Overdue,2025-01-11
8306,9744,2024-07-24,282.34,Overdue,2024-08-23
8307,9577,2024-05-15,158.8,Paid,2024-06-14
8308,58,2024-09-01,385.42,Overdue,2024-10-01
8309,4926,2024-06-15,417.66,Overdue,2024-07-15
8310,5797,2024-08-20,270.92,Paid,2024-09-19
8311,2002,2024-05-21,444.38,Overdue,2024-06-20
8312,6778,2024-05-18,124.41,Due,2024-06-17
8313,7306,2025-02-04,231.9,Due,2025-03-06
8314,8811,2024-11-21,258.93,Paid,2024-12-21
8315,1771,2024-10-25,330.97,Due,2024-11-24
8316,7490,2024-12-06,265.17,Due,2025-01-05
8317,4881,2024-09-14,475.77,Due,2024-10-14
8318,2719,2024-12-28,100.71,Paid,2025-01-27
8319,5622,2024-08-28,72.56,Due,2024-09-27
8320,5931,2024-12-26,114.84,Paid,2025-01-25
8321,1840,2024-10-04,11.01,Paid,2024-11-03
8322,4674,2025-04-12,230.25,Overdue,2025-05-12
8323,3030,2025-02-01,31.35,Due,2025-03-03
8324,769,2024-09-23,196.45,Due,2024-10-23
8325,4272,2024-07-08,364.72,Overdue,2024-08-07
8326,2340,2024-05-28,128.62,Overdue,2024-06-27
8327,3577,2024-05-03,123.11,Due,2024-06-02
8328,4449,2024-06-11,161.69,Paid,2024-07-11
8329,9120,2025-03-24,480.87,Due,2025-04-23
8330,302,2024-05-09,298.23,Overdue,2024-06-08
8331,6279,2024-10-31,135.26,Paid,2024-11-30
8332,6526,2025-03-19,82.26,Due,2025-04-18
8333,9102,2024-09-27,81.39,Overdue,2024-10-27
8334,6731,2025-03-20,343.87,Overdue,2025-04-19
8335,7794,2024-11-03,88.04,Due,2024-12-03
8336,1856,2024-10-22,321.73,Due,2024-11-21
8337,8618,2025-02-18,321.49,Paid,2025-03-20
8338,260,2024-08-17,482.15,Paid,2024-09-16
8339,4402,2024-08-14,138.38,Paid,2024-09-13
8340,4053,2024-09-25,261.8,Overdue,2024-10-25
8341,4235,2024-08-21,284.67,Paid,2024-09-20
8342,6424,2025-01-21,472.69,Paid,2025-02-20
8343,396,2025-04-05,248.96,Overdue,2025-05-05
8344,349,2024-05-28,335.74,Overdue,2024-06-27
8345,6923,2024-07-31,174.63,Paid,2024-08-30
8346,7200,2024-11-24,494.37,Overdue,2024-12-24
8347,3566,2024-08-10,263.84,Overdue,2024-09-09
8348,9332,2024-09-17,368.46,Due,2024-10-17
8349,124,2024-10-12,447.53,Paid,2024-11-11
8350,9726,2025-03-10,279.57,Paid,2025-04-09
8351,7320,2024-09-06,106.0,Paid,2024-10-06
8352,6648,2024-05-29,111.57,Overdue,2024-06-28
8353,621,2025-03-31,396.65,Paid,2025-04-30
8354,9321,2024-10-20,53.24,Overdue,2024-11-19
8355,6821,2024-05-21,38.16,Due,2024-06-20
8356,5393,2024-12-21,25.4,Due,2025-01-20
8357,7210,2025-03-23,65.23,Due,2025-04-22
8358,3624,2024-11-28,198.37,Paid,2024-12-28
8359,2947,2024-11-23,12.27,Paid,2024-12-23
8360,3856,2024-08-09,430.42,Paid,2024-09-08
8361,1878,2024-09-08,253.55,Due,2024-10-08
8362,5937,2025-02-15,481.84,Paid,2025-03-17
8363,794,2024-06-08,435.97,Paid,2024-07-08
8364,5352,2024-09-02,296.46,Paid,2024-10-02
8365,7189,2024-05-21,14.66,Paid,2024-06-20
8366,6892,2024-05-24,465.07,Paid,2024-06-23
8367,2717,2025-03-04,24.01,Paid,2025-04-03
8368,2351,2024-11-24,334.84,Due,2024-12-24
8369,8942,2024-11-08,413.0,Overdue,2024-12-08
8370,5165,2024-10-17,187.24,Overdue,2024-11-16
8371,220,2025-01-30,327.87,Due,2025-03-01
8372,6397,2024-12-11,92.0,Paid,2025-01-10
8373,2626,2024-11-09,145.63,Paid,2024-12-09
8374,3709,2024-09-09,71.15,Overdue,2024-10-09
8375,1216,2025-02-09,164.0,Paid,2025-03-11
8376,6725,2025-04-18,432.73,Paid,2025-05-18
8377,9537,2024-08-13,283.48,Due,2024-09-12
8378,5822,2025-01-10,336.52,Overdue,2025-02-09
8379,6906,2025-02-03,453.25,Due,2025-03-05
8380,1478,2024-06-17,152.24,Due,2024-07-17
8381,835,2025-04-10,292.32,Due,2025-05-10
8382,8654,2024-05-27,21.67,Overdue,2024-06-26
8383,5639,2025-03-30,405.38,Paid,2025-04-29
8384,840,2024-11-01,158.2,Paid,2024-12-01
8385,1477,2024-06-08,100.44,Due,2024-07-08
8386,1253,2024-11-13,450.28,Paid,2024-12-13
8387,8359,2025-02-28,291.24,Due,2025-03-30
8388,7702,2025-02-15,271.92,Due,2025-03-17
8389,9665,2024-12-30,132.67,Overdue,2025-01-29
8390,4092,2025-01-17,146.88,Paid,2025-02-16
8391,5717,2024-12-30,483.32,Overdue,2025-01-29
8392,5266,2024-08-28,44.76,Due,2024-09-27
8393,9146,2024-07-18,99.46,Overdue,2024-08-17
8394,2144,2024-12-13,398.04,Paid,2025-01-12
8395,8712,2024-07-17,192.76,Paid,2024-08-16
8396,3091,2024-08-14,53.11,Overdue,2024-09-13
8397,8315,2025-03-06,24.31,Due,2025-04-05
8398,3883,2024-06-30,280.85,Due,2024-07-30
8399,5779,2024-07-08,181.22,Due,2024-08-07
8400,3354,2025-03-06,304.07,Paid,2025-04-05
8401,1194,2025-04-15,122.75,Paid,2025-05-15
8402,5748,2024-11-24,222.01,Due,2024-12-24
8403,8454,2025-03-19,449.91,Overdue,2025-04-18
8404,7819,2025-04-18,161.6,Due,2025-05-18
8405,5981,2025-03-23,106.2,Paid,2025-04-22
8406,209,2025-02-21,257.58,Paid,2025-03-23
8407,7601,2024-09-22,14.77,Due,2024-10-22
8408,8974,2025-02-14,489.63,Overdue,2025-03-16
8409,8194,2024-12-30,339.73,Paid,2025-01-29
8410,662,2024-10-26,429.33,Due,2024-11-25
8411,1327,2025-02-09,289.01,Overdue,2025-03-11
8412,2680,2024-08-21,260.13,Due,2024-09-20
8413,4618,2024-12-16,213.54,Overdue,2025-01-15
8414,8828,2025-04-08,252.33,Paid,2025-05-08
8415,7777,2024-11-01,450.07,Paid,2024-12-01
8416,7341,2025-02-01,303.83,Due,2025-03-03
8417,5961,2024-10-06,323.61,Due,2024-11-05
8418,9451,2024-10-09,107.04,Paid,2024-11-08
8419,2245,2024-09-05,380.93,Due,2024-10-05
8420,6759,2024-11-01,299.78,Paid,2024-12-01
8421,4,2024-08-23,412.65,Overdue,2024-09-22
8422,8106,2024-06-26,354.84,Paid,2024-07-26
8423,8035,2024-09-08,346.52,Paid,2024-10-08
8424,5238,2024-10-05,479.41,Overdue,2024-11-04
8425,1782,2025-01-19,340.85,Due,2025-02-18
8426,5290,2025-02-09,22.61,Overdue,2025-03-11
8427,3629,2024-05-11,69.91,Paid,2024-06-10
8428,2371,2025-02-12,216.56,Due,2025-03-14
8429,7635,2024-06-08,245.88,Overdue,2024-07-08
8430,6382,2024-11-18,198.74,Paid,2024-12-18
8431,3646,2024-08-01,302.06,Due,2024-08-31
8432,2548,2025-04-29,366.97,Overdue,2025-05-29
8433,3620,2024-05-01,197.34,Overdue,2024-05-31
8434,2649,2024-06-16,219.48,Due,2024-07-16
8435,6933,2024-09-21,187.92,Due,2024-10-21
8436,4366,2025-02-20,208.55,Overdue,2025-03-22
8437,801,2024-06-01,301.33,Paid,2024-07-01
8438,5853,2024-05-11,122.57,Due,2024-06-10
8439,7234,2025-04-26,336.31,Overdue,2025-05-26
8440,6404,2025-02-02,287.15,Overdue,2025-03-04
8441,9251,2025-02-08,214.93,Due,2025-03-10
8442,672,2024-08-28,86.12,Paid,2024-09-27
8443,7970,2024-11-21,491.41,Due,2024-12-21
8444,6812,2025-04-07,19.08,Overdue,2025-05-07
8445,4607,2024-05-22,343.42,Overdue,2024-06-21
8446,3072,2025-02-09,156.82,Due,2025-03-11
8447,9585,2024-08-02,10.01,Overdue,2024-09-01
8448,8074,2025-03-22,350.9,Due,2025-04-21
8449,5725,2025-01-03,396.1,Overdue,2025-02-02
8450,4922,2024-08-13,420.38,Overdue,2024-09-12
8451,7617,2024-07-10,199.06,Paid,2024-08-09
8452,5119,2025-03-15,43.09,Overdue,2025-04-14
8453,67,2024-06-01,324.51,Due,2024-07-01
8454,9762,2024-09-03,30.19,Due,2024-10-03
8455,6050,2024-11-26,106.04,Paid,2024-12-26
8456,2385,2024-08-04,280.59,Due,2024-09-03
8457,8080,2024-10-11,275.16,Overdue,2024-11-10
8458,2813,2024-09-13,470.67,Due,2024-10-13
8459,7551,2024-09-05,117.14,Overdue,2024-10-05
8460,8545,2024-10-12,338.29,Overdue,2024-11-11
8461,682,2024-07-29,280.75,Paid,2024-08-28
8462,5532,2024-08-20,111.37,Due,2024-09-19
8463,3211,2025-03-21,232.49,Overdue,2025-04-20
8464,4193,2024-08-12,89.13,Due,2024-09-11
8465,9952,2024-12-14,141.33,Due,2025-01-13
8466,476,2024-08-16,340.97,Overdue,2024-09-15
8467,5842,2025-04-28,172.71,Overdue,2025-05-28
8468,534,2025-03-20,464.24,Overdue,2025-04-19
8469,8303,2025-03-02,420.47,Overdue,2025-04-01
8470,2075,2024-10-07,65.59,Paid,2024-11-06
8471,7016,2024-07-27,439.42,Due,2024-08-26
8472,8386,2024-12-29,23.73,Paid,2025-01-28
8473,6690,2024-09-11,51.81,Paid,2024-10-11
8474,9874,2024-10-29,448.82,Overdue,2024-11-28
8475,6327,2024-12-04,391.62,Paid,2025-01-03
8476,5797,2025-03-11,72.42,Paid,2025-04-10
8477,9192,2025-01-10,316.29,Paid,2025-02-09
8478,7506,2024-10-25,103.63,Overdue,2024-11-24
8479,3122,2024-09-10,490.0,Paid,2024-10-10
8480,9751,2024-09-18,485.28,Due,2024-10-18
8481,5412,2024-05-28,68.45,Paid,2024-06-27
8482,1880,2024-11-12,449.47,Due,2024-12-12
8483,2883,2025-03-09,338.78,Paid,2025-04-08
8484,327,2024-10-30,240.32,Overdue,2024-11-29
8485,3340,2025-03-09,103.6,Overdue,2025-04-08
8486,8751,2024-08-31,128.51,Paid,2024-09-30
8487,8130,2024-05-29,373.06,Overdue,2024-06-28
8488,9497,2024-12-18,76.0,Overdue,2025-01-17
8489,6340,2024-07-28,14.85,Paid,2024-08-27
8490,4462,2025-01-13,394.49,Overdue,2025-02-12
8491,9569,2024-12-08,54.77,Overdue,2025-01-07
8492,8626,2024-05-16,327.85,Due,2024-06-15
8493,9968,2024-10-31,88.77,Due,2024-11-30
8494,7659,2025-01-07,223.59,Overdue,2025-02-06
8495,5833,2024-05-08,183.25,Paid,2024-06-07
8496,8308,2024-08-14,480.67,Overdue,2024-09-13
8497,4557,2024-08-05,318.92,Due,2024-09-04
8498,157,2025-03-12,73.32,Paid,2025-04-11
8499,9865,2024-08-22,289.08,Paid,2024-09-21
8500,587,2024-11-26,71.98,Paid,2024-12-26
8501,6053,2024-08-19,434.32,Overdue,2024-09-18
8502,8092,2024-07-14,375.49,Paid,2024-08-13
8503,4585,2024-05-30,185.72,Due,2024-06-29
8504,3518,2024-11-12,93.78,Overdue,2024-12-12
8505,2838,2025-02-24,377.47,Paid,2025-03-26
8506,1219,2024-10-12,104.19,Due,2024-11-11
8507,7282,2025-01-07,247.81,Paid,2025-02-06
8508,8275,2024-06-19,295.74,Overdue,2024-07-19
8509,5395,2024-06-16,480.92,Overdue,2024-07-16
8510,1145,2024-11-10,209.79,Paid,2024-12-10
8511,5430,2024-07-12,488.44,Paid,2024-08-11
8512,8180,2024-09-05,41.96,Overdue,2024-10-05
8513,6174,2025-04-22,129.86,Paid,2025-05-22
8514,6945,2024-05-25,388.97,Due,2024-06-24
8515,6198,2024-12-14,146.12,Paid,2025-01-13
8516,1826,2024-06-18,148.62,Overdue,2024-07-18
8517,3858,2024-11-30,361.3,Due,2024-12-30
8518,1393,2024-09-23,398.01,Due,2024-10-23
8519,8913,2024-06-22,422.9,Overdue,2024-07-22
8520,8207,2024-08-13,103.05,Paid,2024-09-12
8521,5119,2025-01-19,57.91,Paid,2025-02-18
8522,5486,2024-09-15,65.45,Due,2024-10-15
8523,8758,2024-09-12,487.45,Due,2024-10-12
8524,5833,2025-01-07,349.56,Overdue,2025-02-06
8525,7061,2024-11-14,323.13,Paid,2024-12-14
8526,1560,2024-12-28,470.49,Paid,2025-01-27
8527,2723,2024-12-13,167.63,Due,2025-01-12
8528,4621,2024-06-07,12.06,Due,2024-07-07
8529,7486,2024-10-29,440.68,Paid,2024-11-28
8530,1552,2025-03-07,162.3,Overdue,2025-04-06
8531,2035,2025-02-25,435.08,Due,2025-03-27
8532,4043,2024-05-14,416.62,Due,2024-06-13
8533,8855,2025-01-09,480.57,Overdue,2025-02-08
8534,2991,2024-05-18,384.18,Paid,2024-06-17
8535,8419,2025-01-21,426.3,Paid,2025-02-20
8536,2693,2024-05-04,238.05,Overdue,2024-06-03
8537,7888,2024-07-03,450.11,Paid,2024-08-02
8538,1612,2025-02-13,104.47,Paid,2025-03-15
8539,4118,2024-05-17,336.17,Paid,2024-06-16
8540,752,2024-09-12,453.44,Paid,2024-10-12
8541,2059,2024-07-20,173.63,Due,2024-08-19
8542,8312,2024-08-08,100.43,Due,2024-09-07
8543,5145,2024-11-28,395.47,Overdue,2024-12-28
8544,1589,2024-10-12,49.63,Overdue,2024-11-11
8545,5484,2025-03-15,337.16,Paid,2025-04-14
8546,6461,2025-04-20,13.0,Overdue,2025-05-20
8547,6686,2025-03-24,416.58,Overdue,2025-04-23
8548,912,2024-11-01,313.06,Paid,2024-12-01
8549,804,2025-04-01,49.19,Overdue,2025-05-01
8550,890,2024-06-23,111.29,Due,2024-07-23
8551,6435,2025-02-02,82.95,Due,2025-03-04
8552,8665,2024-06-21,118.1,Overdue,2024-07-21
8553,1313,2024-08-23,157.81,Overdue,2024-09-22
8554,2853,2025-04-24,41.72,Paid,2025-05-24
8555,2499,2024-11-18,490.05,Due,2024-12-18
8556,6146,2024-05-24,272.73,Overdue,2024-06-23
8557,4987,2025-02-24,206.23,Due,2025-03-26
8558,8906,2025-02-01,35.11,Overdue,2025-03-03
8559,3331,2025-03-17,185.16,Due,2025-04-16
8560,8990,2024-09-15,370.21,Overdue,2024-10-15
8561,9004,2025-04-22,283.64,Overdue,2025-05-22
8562,7900,2025-01-13,195.18,Due,2025-02-12
8563,3473,2025-04-05,237.63,Overdue,2025-05-05
8564,8468,2024-11-04,401.16,Due,2024-12-04
8565,9503,2024-08-01,206.96,Due,2024-08-31
8566,3322,2024-10-07,45.14,Paid,2024-11-06
8567,8521,2024-06-04,395.19,Overdue,2024-07-04
8568,1407,2024-07-18,432.23,Due,2024-08-17
8569,2929,2024-08-15,61.64,Due,2024-09-14
8570,4806,2024-09-07,147.79,Overdue,2024-10-07
8571,4089,2025-04-10,229.84,Paid,2025-05-10
8572,2590,2024-06-12,453.6,Due,2024-07-12
8573,2227,2024-09-20,94.46,Overdue,2024-10-20
8574,5983,2025-02-17,33.02,Due,2025-03-19
8575,5844,2024-08-19,427.98,Paid,2024-09-18
8576,8297,2024-11-19,409.92,Due,2024-12-19
8577,5493,2024-06-29,379.41,Due,2024-07-29
8578,9753,2024-06-03,191.95,Overdue,2024-07-03
8579,349,2025-02-22,55.17,Paid,2025-03-24
8580,2694,2024-09-29,328.48,Overdue,2024-10-29
8581,4431,2024-05-26,194.72,Overdue,2024-06-25
8582,2789,2025-03-28,99.77,Paid,2025-04-27
8583,6122,2024-06-08,260.22,Overdue,2024-07-08
8584,7754,2024-11-16,62.23,Paid,2024-12-16
8585,5310,2024-06-17,38.65,Overdue,2024-07-17
8586,5921,2025-04-25,251.65,Due,2025-05-25
8587,9861,2024-12-28,24.19,Overdue,2025-01-27
8588,154,2024-10-17,482.75,Overdue,2024-11-16
8589,7464,2024-05-14,235.71,Paid,2024-06-13
8590,5931,2024-10-18,485.3,Overdue,2024-11-17
8591,7069,2025-02-14,171.45,Paid,2025-03-16
8592,2156,2024-09-05,176.46,Due,2024-10-05
8593,2934,2024-07-19,207.13,Paid,2024-08-18
8594,261,2024-08-08,309.77,Paid,2024-09-07
8595,6944,2025-04-11,25.0,Overdue,2025-05-11
8596,4453,2025-03-11,319.48,Overdue,2025-04-10
8597,345,2024-05-06,360.15,Overdue,2024-06-05
8598,3530,2024-08-17,225.04,Due,2024-09-16
8599,1304,2024-09-21,37.3,Due,2024-10-21
8600,6004,2024-08-07,12.41,Due,2024-09-06
8601,6172,2024-05-26,54.04,Due,2024-06-25
8602,1175,2024-09-02,227.18,Overdue,2024-10-02
8603,6178,2024-11-21,385.45,Due,2024-12-21
8604,7504,2024-08-18,255.81,Overdue,2024-09-17
8605,2050,2024-05-19,292.86,Overdue,2024-06-18
8606,9936,2024-12-22,369.64,Overdue,2025-01-21
8607,8253,2024-06-20,24.36,Paid,2024-07-20
8608,1210,2024-08-31,405.55,Paid,2024-09-30
8609,3422,2025-03-30,154.79,Paid,2025-04-29
8610,2223,2025-01-30,12.03,Due,2025-03-01
8611,3076,2024-05-03,149.13,Due,2024-06-02
8612,5750,2024-09-21,238.44,Overdue,2024-10-21
8613,1140,2024-10-20,310.54,Overdue,2024-11-19
8614,4343,2024-08-11,319.86,Paid,2024-09-10
8615,2941,2024-05-14,65.61,Overdue,2024-06-13
8616,4026,2024-05-23,475.32,Paid,2024-06-22
8617,1292,2025-04-12,199.54,Overdue,2025-05-12
8618,9030,2025-02-02,272.52,Due,2025-03-04
8619,2316,2024-11-09,172.05,Paid,2024-12-09
8620,3823,2024-10-18,276.72,Paid,2024-11-17
8621,9715,2025-01-06,294.22,Due,2025-02-05
8622,5996,2024-04-30,459.78,Overdue,2024-05-30
8623,3334,2025-03-13,217.59,Paid,2025-04-12
8624,859,2024-10-11,448.79,Overdue,2024-11-10
8625,9065,2024-05-21,412.05,Due,2024-06-20
8626,4187,2025-01-10,264.7,Due,2025-02-09
8627,4976,2024-12-10,42.12,Paid,2025-01-09
8628,9484,2024-10-03,475.38,Overdue,2024-11-02
8629,6750,2024-11-19,150.05,Overdue,2024-12-19
8630,5485,2025-03-28,210.26,Due,2025-04-27
8631,5222,2024-05-12,133.35,Paid,2024-06-11
8632,6212,2025-02-25,105.99,Overdue,2025-03-27
8633,6867,2024-07-11,200.18,Paid,2024-08-10
8634,653,2024-10-19,154.62,Paid,2024-11-18
8635,2383,2025-02-04,452.51,Paid,2025-03-06
8636,5778,2025-01-09,129.58,Due,2025-02-08
8637,7307,2025-03-03,157.1,Due,2025-04-02
8638,123,2024-11-03,462.21,Due,2024-12-03
8639,3620,2025-01-01,193.32,Overdue,2025-01-31
8640,7321,2024-10-24,339.73,Due,2024-11-23
8641,9794,2024-09-13,348.94,Due,2024-10-13
8642,2068,2024-11-22,239.74,Due,2024-12-22
8643,4628,2024-11-22,181.93,Overdue,2024-12-22
8644,3490,2024-05-19,356.27,Overdue,2024-06-18
8645,456,2024-10-15,140.85,Paid,2024-11-14
8646,4711,2024-08-21,362.63,Overdue,2024-09-20
8647,8757,2024-07-27,14.74,Paid,2024-08-26
8648,8131,2024-12-09,398.65,Paid,2025-01-08
8649,177,2025-02-14,403.8,Overdue,2025-03-16
8650,6837,2025-04-20,173.85,Due,2025-05-20
8651,4996,2025-01-11,284.76,Due,2025-02-10
8652,753,2024-08-17,426.35,Overdue,2024-09-16
8653,7807,2024-12-25,446.99,Due,2025-01-24
8654,5254,2024-08-15,103.61,Overdue,2024-09-14
8655,8388,2024-10-24,24.21,Overdue,2024-11-23
8656,1938,2025-01-24,148.99,Paid,2025-02-23
8657,680,2025-04-25,440.73,Due,2025-05-25
8658,3554,2025-03-27,398.78,Overdue,2025-04-26
8659,2120,2025-01-08,145.22,Due,2025-02-07
8660,2986,2024-09-17,223.79,Due,2024-10-17
8661,2849,2024-11-11,242.31,Due,2024-12-11
8662,7117,2024-09-04,198.05,Due,2024-10-04
8663,1889,2024-08-27,255.96,Overdue,2024-09-26
8664,6901,2024-05-13,146.29,Due,2024-06-12
8665,8915,2024-09-12,300.55,Due,2024-10-12
8666,9878,2025-04-03,36.79,Paid,2025-05-03
8667,7651,2024-07-02,219.3,Due,2024-08-01
8668,8078,2024-05-23,482.32,Paid,2024-06-22
8669,8908,2024-07-20,382.95,Paid,2024-08-19
8670,9615,2025-01-10,150.1,Paid,2025-02-09
8671,1254,2024-11-03,243.95,Due,2024-12-03
8672,4481,2024-09-10,44.03,Paid,2024-10-10
8673,972,2024-07-13,136.78,Due,2024-08-12
8674,1565,2024-11-23,412.64,Paid,2024-12-23
8675,8499,2024-08-18,100.87,Paid,2024-09-17
8676,8376,2024-09-23,268.35,Overdue,2024-10-23
8677,7601,2024-09-06,483.3,Due,2024-10-06
8678,8593,2025-04-13,243.55,Paid,2025-05-13
8679,8652,2024-06-11,302.17,Overdue,2024-07-11
8680,2772,2024-07-25,132.57,Due,2024-08-24
8681,6191,2025-04-21,326.25,Paid,2025-05-21
8682,526,2024-08-09,11.34,Due,2024-09-08
8683,6956,2024-05-19,488.9,Due,2024-06-18
8684,8856,2025-04-07,177.03,Due,2025-05-07
8685,1331,2024-11-08,55.5,Due,2024-12-08
8686,4471,2024-10-06,75.0,Due,2024-11-05
8687,5343,2024-07-12,221.31,Overdue,2024-08-11
8688,8786,2024-09-03,317.84,Paid,2024-10-03
8689,9621,2024-05-04,318.85,Paid,2024-06-03
8690,3290,2024-07-01,307.74,Due,2024-07-31
8691,1967,2024-07-19,250.38,Overdue,2024-08-18
8692,6960,2025-01-10,300.27,Paid,2025-02-09
8693,2214,2025-04-24,133.78,Paid,2025-05-24
8694,4339,2024-10-31,495.74,Paid,2024-11-30
8695,2737,2025-01-07,492.18,Overdue,2025-02-06
8696,2350,2025-01-06,336.48,Overdue,2025-02-05
8697,9740,2024-11-09,71.3,Paid,2024-12-09
8698,6607,2024-09-03,357.18,Overdue,2024-10-03
8699,883,2025-02-11,294.42,Paid,2025-03-13
8700,7434,2025-04-02,454.79,Overdue,2025-05-02
8701,9807,2024-07-23,207.39,Paid,2024-08-22
8702,8040,2024-07-03,404.79,Due,2024-08-02
8703,2446,2024-05-25,415.85,Paid,2024-06-24
8704,4072,2025-04-09,382.41,Overdue,2025-05-09
8705,7130,2024-07-21,496.61,Due,2024-08-20
8706,3153,2025-04-23,458.1,Overdue,2025-05-23
8707,9779,2024-09-14,93.77,Overdue,2024-10-14
8708,7111,2025-03-22,430.59,Due,2025-04-21
8709,7869,2024-06-03,344.45,Due,2024-07-03
8710,9052,2025-02-17,273.43,Overdue,2025-03-19
8711,1055,2024-10-25,320.85,Overdue,2024-11-24
8712,5395,2025-02-24,104.18,Overdue,2025-03-26
8713,7652,2025-01-04,224.13,Due,2025-02-03
8714,6050,2024-08-09,317.44,Paid,2024-09-08
8715,7177,2024-05-01,200.17,Due,2024-05-31
8716,5497,2025-04-12,261.18,Due,2025-05-12
8717,8298,2024-06-12,308.54,Due,2024-07-12
8718,5412,2024-11-25,483.22,Paid,2024-12-25
8719,3841,2024-11-22,291.42,Overdue,2024-12-22
8720,714,2024-08-31,66.77,Overdue,2024-09-30
8721,2874,2024-10-29,418.42,Paid,2024-11-28
8722,8275,2024-11-23,77.73,Due,2024-12-23
8723,428,2024-11-13,398.68,Overdue,2024-12-13
8724,4187,2024-07-31,209.95,Due,2024-08-30
8725,4228,2025-01-03,264.83,Due,2025-02-02
8726,8844,2024-06-01,409.53,Overdue,2024-07-01
8727,7768,2025-01-21,347.86,Overdue,2025-02-20
8728,7752,2024-11-03,272.81,Overdue,2024-12-03
8729,3969,2025-04-21,179.75,Due,2025-05-21
8730,1982,2024-07-15,60.55,Paid,2024-08-14
8731,221,2024-07-22,283.29,Overdue,2024-08-21
8732,7921,2024-12-15,151.1,Overdue,2025-01-14
8733,3607,2024-07-10,328.22,Paid,2024-08-09
8734,2115,2025-03-25,164.32,Due,2025-04-24
8735,4973,2024-11-28,388.25,Overdue,2024-12-28
8736,9605,2024-08-25,475.65,Due,2024-09-24
8737,7849,2025-03-03,23.68,Overdue,2025-04-02
8738,4916,2024-10-18,411.12,Paid,2024-11-17
8739,8315,2024-10-14,450.35,Due,2024-11-13
8740,2507,2024-09-12,362.89,Paid,2024-10-12
8741,7915,2025-02-09,14.73,Overdue,2025-03-11
8742,8117,2025-04-20,78.18,Paid,2025-05-20
8743,8813,2024-09-14,461.01,Overdue,2024-10-14
8744,7544,2024-11-01,120.22,Overdue,2024-12-01
8745,1360,2025-01-07,101.2,Overdue,2025-02-06
8746,7101,2024-10-14,471.31,Overdue,2024-11-13
8747,8257,2024-05-28,355.73,Paid,2024-06-27
8748,1037,2025-01-18,436.82,Overdue,2025-02-17
8749,9725,2024-08-29,395.29,Paid,2024-09-28
8750,8229,2024-12-21,434.92,Due,2025-01-20
8751,5052,2025-03-28,225.12,Overdue,2025-04-27
8752,3470,2024-08-28,415.22,Paid,2024-09-27
8753,8946,2024-11-09,162.19,Due,2024-12-09
8754,4264,2024-09-15,400.26,Paid,2024-10-15
8755,4748,2024-07-05,122.15,Due,2024-08-04
8756,4100,2024-10-12,410.65,Overdue,2024-11-11
8757,7560,2025-03-15,65.83,Paid,2025-04-14
8758,7741,2025-01-24,129.48,Paid,2025-02-23
8759,7223,2025-04-03,51.63,Due,2025-05-03
8760,7454,2025-02-14,72.51,Overdue,2025-03-16
8761,6925,2025-01-21,411.67,Due,2025-02-20
8762,6141,2024-05-16,257.14,Paid,2024-06-15
8763,5507,2024-06-28,300.1,Paid,2024-07-28
8764,5699,2024-08-14,495.46,Paid,2024-09-13
8765,8490,2024-09-19,409.56,Overdue,2024-10-19
8766,982,2025-01-27,210.13,Due,2025-02-26
8767,2552,2025-03-24,400.39,Overdue,2025-04-23
8768,760,2024-05-14,492.05,Overdue,2024-06-13
8769,5690,2024-06-25,426.37,Paid,2024-07-25
8770,8440,2024-06-05,275.61,Due,2024-07-05
8771,2779,2024-09-22,210.49,Paid,2024-10-22
8772,27,2025-01-08,481.01,Overdue,2025-02-07
8773,542,2024-07-10,326.51,Overdue,2024-08-09
8774,8746,2024-11-28,316.75,Paid,2024-12-28
8775,8456,2024-07-29,368.34,Overdue,2024-08-28
8776,2548,2024-08-28,214.94,Overdue,2024-09-27
8777,7646,2024-06-09,242.98,Due,2024-07-09
8778,6650,2025-04-14,240.76,Overdue,2025-05-14
8779,9111,2025-04-22,255.67,Paid,2025-05-22
8780,3551,2024-06-26,445.57,Paid,2024-07-26
8781,5689,2025-02-21,399.53,Overdue,2025-03-23
8782,6483,2025-04-28,372.11,Overdue,2025-05-28
8783,2000,2024-09-16,371.42,Overdue,2024-10-16
8784,4309,2024-08-24,361.86,Overdue,2024-09-23
8785,977,2024-12-23,219.54,Paid,2025-01-22
8786,4824,2024-12-02,496.19,Overdue,2025-01-01
8787,5890,2024-10-17,233.76,Paid,2024-11-16
8788,6895,2024-10-16,293.82,Due,2024-11-15
8789,758,2024-10-23,170.93,Overdue,2024-11-22
8790,1655,2024-06-25,389.86,Paid,2024-07-25
8791,4312,2024-08-08,433.95,Due,2024-09-07
8792,6896,2024-11-11,100.52,Overdue,2024-12-11
8793,7867,2024-05-09,258.59,Due,2024-06-08
8794,2997,2024-07-02,417.2,Paid,2024-08-01
8795,1486,2024-11-29,381.24,Due,2024-12-29
8796,8750,2025-03-15,125.7,Overdue,2025-04-14
8797,551,2024-08-19,45.18,Overdue,2024-09-18
8798,2283,2024-08-06,241.23,Due,2024-09-05
8799,8292,2024-05-10,486.87,Due,2024-06-09
8800,5817,2024-08-19,381.01,Overdue,2024-09-18
8801,933,2024-12-23,357.37,Due,2025-01-22
8802,2054,2024-05-22,116.97,Paid,2024-06-21
8803,6442,2024-06-15,499.18,Paid,2024-07-15
8804,6698,2024-09-29,465.35,Overdue,2024-10-29
8805,522,2025-02-26,18.72,Overdue,2025-03-28
8806,8530,2024-05-12,303.67,Paid,2024-06-11
8807,5744,2024-12-30,305.75,Overdue,2025-01-29
8808,6230,2024-04-30,380.27,Due,2024-05-30
8809,5721,2024-11-20,19.48,Overdue,2024-12-20
8810,676,2024-05-30,13.84,Due,2024-06-29
8811,2474,2024-06-30,346.61,Overdue,2024-07-30
8812,3604,2024-05-14,83.2,Due,2024-06-13
8813,7421,2025-02-20,139.55,Paid,2025-03-22
8814,2238,2024-12-18,124.07,Due,2025-01-17
8815,6910,2024-12-07,482.53,Paid,2025-01-06
8816,4577,2024-06-15,112.69,Due,2024-07-15
8817,4467,2024-12-28,100.21,Overdue,2025-01-27
8818,8676,2024-06-06,479.88,Overdue,2024-07-06
8819,4623,2024-11-21,150.42,Paid,2024-12-21
8820,300,2024-07-21,466.29,Paid,2024-08-20
8821,2898,2025-03-05,447.34,Due,2025-04-04
8822,8957,2024-07-11,495.2,Overdue,2024-08-10
8823,4622,2025-01-12,302.97,Paid,2025-02-11
8824,7437,2024-07-28,68.59,Paid,2024-08-27
8825,8705,2024-07-28,38.94,Overdue,2024-08-27
8826,639,2024-08-09,493.4,Due,2024-09-08
8827,6237,2024-06-13,73.0,Overdue,2024-07-13
8828,7616,2025-04-24,102.05,Overdue,2025-05-24
8829,4209,2024-08-26,174.7,Due,2024-09-25
8830,2580,2024-09-16,246.36,Due,2024-10-16
8831,7570,2025-04-15,139.96,Due,2025-05-15
8832,3040,2024-05-06,26.02,Overdue,2024-06-05
8833,1460,2025-01-22,260.44,Overdue,2025-02-21
8834,4514,2024-12-15,426.99,Overdue,2025-01-14
8835,555,2024-07-25,423.87,Due,2024-08-24
8836,4832,2024-09-19,334.17,Overdue,2024-10-19
8837,4574,2024-09-09,288.04,Paid,2024-10-09
8838,6695,2024-10-08,341.01,Overdue,2024-11-07
8839,7422,2024-06-05,169.87,Due,2024-07-05
8840,7282,2024-05-16,203.05,Paid,2024-06-15
8841,8776,2024-06-02,245.09,Due,2024-07-02
8842,6243,2025-02-22,228.78,Due,2025-03-24
8843,5094,2024-06-28,273.87,Due,2024-07-28
8844,8215,2024-09-03,131.08,Due,2024-10-03
8845,604,2025-03-29,310.89,Overdue,2025-04-28
8846,561,2024-09-03,212.24,Paid,2024-10-03
8847,16,2024-07-14,174.33,Paid,2024-08-13
8848,2401,2025-03-25,428.38,Paid,2025-04-24
8849,5653,2025-01-23,454.46,Paid,2025-02-22
8850,3403,2025-04-05,270.65,Paid,2025-05-05
8851,6117,2024-10-25,252.42,Overdue,2024-11-24
8852,7370,2024-06-25,393.35,Overdue,2024-07-25
8853,8932,2025-02-03,162.51,Due,2025-03-05
8854,6185,2024-05-07,197.13,Overdue,2024-06-06
8855,3493,2025-02-23,73.03,Due,2025-03-25
8856,3928,2025-03-25,487.86,Overdue,2025-04-24
8857,9957,2024-08-13,25.5,Overdue,2024-09-12
8858,7658,2024-07-19,219.28,Paid,2024-08-18
8859,2888,2025-03-06,184.68,Overdue,2025-04-05
8860,9646,2025-02-20,253.53,Paid,2025-03-22
8861,4222,2024-09-05,447.54,Due,2024-10-05
8862,3571,2024-11-30,386.39,Overdue,2024-12-30
8863,5285,2025-01-25,167.28,Paid,2025-02-24
8864,2876,2024-10-11,290.55,Paid,2024-11-10
8865,7586,2025-03-01,214.74,Paid,2025-03-31
8866,1575,2024-12-03,80.79,Paid,2025-01-02
8867,9310,2024-05-07,77.14,Paid,2024-06-06
8868,2549,2024-06-27,216.34,Due,2024-07-27
8869,8245,2025-01-25,134.71,Paid,2025-02-24
8870,7916,2024-05-23,156.73,Due,2024-06-22
8871,7032,2025-02-14,65.1,Overdue,2025-03-16
8872,1295,2024-09-16,453.48,Overdue,2024-10-16
8873,3854,2025-01-04,251.3,Due,2025-02-03
8874,1864,2024-09-14,407.26,Overdue,2024-10-14
8875,7961,2024-05-02,394.82,Due,2024-06-01
8876,5086,2025-01-26,25.01,Overdue,2025-02-25
8877,9472,2024-12-19,12.67,Paid,2025-01-18
8878,6548,2024-11-22,496.65,Paid,2024-12-22
8879,5979,2024-05-12,140.78,Due,2024-06-11
8880,5736,2025-03-09,437.64,Due,2025-04-08
8881,8898,2024-12-24,15.58,Due,2025-01-23
8882,4803,2024-11-01,425.94,Paid,2024-12-01
8883,3570,2024-08-28,326.78,Paid,2024-09-27
8884,9846,2025-03-17,429.17,Overdue,2025-04-16
8885,1727,2024-12-22,456.09,Overdue,2025-01-21
8886,5558,2024-05-15,250.71,Due,2024-06-14
8887,7379,2024-09-27,38.64,Paid,2024-10-27
8888,9110,2024-12-27,410.93,Paid,2025-01-26
8889,9834,2025-01-17,64.48,Paid,2025-02-16
8890,2186,2024-07-05,286.01,Paid,2024-08-04
8891,8472,2024-07-19,144.11,Due,2024-08-18
8892,8602,2025-03-06,456.68,Overdue,2025-04-05
8893,3675,2024-06-14,88.83,Paid,2024-07-14
8894,2227,2025-03-29,458.1,Due,2025-04-28
8895,1858,2024-08-16,395.2,Paid,2024-09-15
8896,8354,2024-05-28,332.54,Due,2024-06-27
8897,7371,2024-12-14,302.25,Paid,2025-01-13
8898,7050,2024-11-19,141.54,Overdue,2024-12-19
8899,2538,2024-05-27,193.95,Overdue,2024-06-26
8900,6934,2024-06-09,412.82,Due,2024-07-09
8901,3741,2024-12-20,493.72,Due,2025-01-19
8902,9483,2025-01-19,340.24,Due,2025-02-18
8903,4251,2024-08-31,152.58,Due,2024-09-30
8904,5511,2024-08-20,495.55,Overdue,2024-09-19
8905,3385,2024-06-03,225.42,Paid,2024-07-03
8906,4278,2025-04-30,10.68,Due,2025-05-30
8907,1168,2024-07-22,84.31,Due,2024-08-21
8908,3617,2024-04-30,227.67,Overdue,2024-05-30
8909,4201,2024-10-28,109.13,Overdue,2024-11-27
8910,8454,2024-07-14,490.67,Overdue,2024-08-13
8911,9992,2024-07-29,42.41,Overdue,2024-08-28
8912,1980,2025-04-04,249.9,Due,2025-05-04
8913,733,2025-03-01,119.82,Paid,2025-03-31
8914,8711,2024-12-17,131.2,Due,2025-01-16
8915,3089,2024-06-15,41.68,Due,2024-07-15
8916,671,2025-03-30,447.45,Overdue,2025-04-29
8917,679,2024-09-19,251.99,Paid,2024-10-19
8918,2520,2024-07-01,396.95,Due,2024-07-31
8919,3077,2024-10-13,14.17,Paid,2024-11-12
8920,7826,2024-10-08,440.84,Paid,2024-11-07
8921,2390,2025-01-13,156.61,Due,2025-02-12
8922,3380,2025-03-07,465.2,Paid,2025-04-06
8923,6264,2024-10-26,429.97,Overdue,2024-11-25
8924,5917,2024-08-21,489.87,Overdue,2024-09-20
8925,2079,2025-02-27,478.92,Overdue,2025-03-29
8926,9643,2024-05-04,117.89,Paid,2024-06-03
8927,4376,2024-11-22,425.89,Paid,2024-12-22
8928,2449,2024-11-11,472.65,Overdue,2024-12-11
8929,2610,2025-01-28,55.86,Overdue,2025-02-27
8930,3227,2024-08-06,52.59,Due,2024-09-05
8931,9162,2024-06-03,408.73,Due,2024-07-03
8932,3735,2024-07-31,24.9,Due,2024-08-30
8933,2487,2024-09-24,68.87,Due,2024-10-24
8934,7948,2024-12-19,31.72,Due,2025-01-18
8935,5348,2024-12-10,163.52,Overdue,2025-01-09
8936,9682,2024-05-07,202.43,Paid,2024-06-06
8937,1369,2025-02-24,426.94,Paid,2025-03-26
8938,15,2024-08-02,51.04,Overdue,2024-09-01
8939,1087,2025-04-18,324.77,Due,2025-05-18
8940,6623,2024-10-24,175.81,Due,2024-11-23
8941,8315,2024-07-26,197.63,Due,2024-08-25
8942,128,2025-01-22,407.91,Due,2025-02-21
8943,2199,2024-11-16,59.14,Paid,2024-12-16
8944,1463,2024-10-11,416.09,Due,2024-11-10
8945,8377,2025-02-24,262.63,Paid,2025-03-26
8946,58,2024-07-21,302.9,Due,2024-08-20
8947,7581,2024-12-14,365.26,Paid,2025-01-13
8948,2710,2025-03-04,411.7,Due,2025-04-03
8949,2005,2025-02-13,278.57,Due,2025-03-15
8950,2278,2025-04-09,56.39,Paid,2025-05-09
8951,494,2025-01-17,26.18,Due,2025-02-16
8952,1655,2024-05-15,448.55,Due,2024-06-14
8953,5487,2024-06-09,84.56,Due,2024-07-09
8954,1132,2024-10-03,112.11,Due,2024-11-02
8955,819,2024-09-04,446.7,Paid,2024-10-04
8956,3038,2025-02-15,486.75,Due,2025-03-17
8957,5838,2025-02-16,444.59,Overdue,2025-03-18
8958,911,2025-01-16,273.33,Overdue,2025-02-15
8959,5330,2024-08-22,379.53,Due,2024-09-21
8960,6487,2025-04-16,171.73,Due,2025-05-16
8961,4886,2025-03-04,129.97,Due,2025-04-03
8962,7157,2024-08-13,400.8,Overdue,2024-09-12
8963,9811,2024-10-04,471.97,Overdue,2024-11-03
8964,9014,2024-08-30,235.31,Due,2024-09-29
8965,2413,2024-12-27,420.79,Paid,2025-01-26
8966,4755,2025-04-16,94.71,Paid,2025-05-16
8967,1812,2024-12-11,395.91,Due,2025-01-10
8968,6250,2024-10-01,179.06,Paid,2024-10-31
8969,7975,2024-07-13,254.33,Paid,2024-08-12
8970,2752,2024-10-18,183.17,Paid,2024-11-17
8971,2943,2024-07-23,45.45,Overdue,2024-08-22
8972,9345,2025-02-22,62.79,Paid,2025-03-24
8973,8164,2024-09-18,239.2,Paid,2024-10-18
8974,4729,2024-09-25,308.92,Due,2024-10-25
8975,712,2024-10-10,206.86,Due,2024-11-09
8976,9508,2024-12-26,58.91,Paid,2025-01-25
8977,1719,2024-11-18,193.58,Due,2024-12-18
8978,4811,2024-10-20,383.52,Paid,2024-11-19
8979,9338,2025-03-21,291.51,Overdue,2025-04-20
8980,2480,2024-09-04,298.88,Due,2024-10-04
8981,712,2024-06-04,35.08,Paid,2024-07-04
8982,7099,2024-05-22,467.44,Paid,2024-06-21
8983,8476,2024-10-20,214.53,Due,2024-11-19
8984,8747,2025-04-01,21.27,Overdue,2025-05-01
8985,5868,2024-10-19,227.8,Paid,2024-11-18
8986,5420,2024-09-09,64.26,Overdue,2024-10-09
8987,3665,2024-06-08,284.23,Paid,2024-07-08
8988,7940,2025-01-10,31.98,Paid,2025-02-09
8989,1353,2024-09-10,313.58,Overdue,2024-10-10
8990,8620,2024-10-31,332.49,Overdue,2024-11-30
8991,5666,2024-08-21,226.9,Due,2024-09-20
8992,9384,2024-05-27,192.41,Paid,2024-06-26
8993,7821,2025-02-27,414.61,Paid,2025-03-29
8994,7945,2024-12-04,34.18,Overdue,2025-01-03
8995,3896,2024-07-21,162.82,Overdue,2024-08-20
8996,1438,2025-02-24,172.56,Due,2025-03-26
8997,9106,2024-09-04,292.61,Paid,2024-10-04
8998,894,2024-12-04,492.87,Paid,2025-01-03
8999,2172,2024-06-21,306.15,Overdue,2024-07-21
9000,9872,2024-06-08,238.03,Due,2024-07-08
9001,746,2024-07-22,419.52,Overdue,2024-08-21
9002,4145,2024-07-20,440.03,Due,2024-08-19
9003,7385,2025-03-10,16.77,Paid,2025-04-09
9004,8057,2025-04-23,99.81,Paid,2025-05-23
9005,7645,2024-06-26,198.41,Overdue,2024-07-26
9006,6067,2024-11-14,410.25,Paid,2024-12-14
9007,1558,2024-06-28,19.15,Paid,2024-07-28
9008,1539,2025-01-02,149.41,Overdue,2025-02-01
9009,9784,2024-12-10,299.65,Paid,2025-01-09
9010,1542,2024-11-02,194.96,Paid,2024-12-02
9011,4984,2024-05-30,449.75,Overdue,2024-06-29
9012,7751,2025-02-04,252.43,Due,2025-03-06
9013,6570,2025-03-06,154.53,Paid,2025-04-05
9014,6894,2025-02-24,410.69,Due,2025-03-26
9015,9796,2024-10-16,93.57,Overdue,2024-11-15
9016,9893,2024-10-19,495.78,Paid,2024-11-18
9017,1294,2024-07-31,76.43,Paid,2024-08-30
9018,5606,2024-07-16,387.49,Overdue,2024-08-15
9019,4592,2024-12-01,319.99,Overdue,2024-12-31
9020,4274,2024-12-02,219.61,Paid,2025-01-01
9021,4121,2024-08-07,100.33,Due,2024-09-06
9022,6366,2024-07-23,115.95,Overdue,2024-08-22
9023,9674,2025-03-02,232.75,Paid,2025-04-01
9024,24,2024-11-13,259.46,Overdue,2024-12-13
9025,4927,2025-03-02,182.88,Paid,2025-04-01
9026,4153,2024-09-28,268.26,Due,2024-10-28
9027,5190,2025-01-18,160.95,Overdue,2025-02-17
9028,1629,2025-04-24,100.5,Paid,2025-05-24
9029,6763,2025-04-26,271.41,Paid,2025-05-26
9030,3934,2024-07-02,408.86,Due,2024-08-01
9031,7134,2024-10-10,330.91,Paid,2024-11-09
9032,4413,2024-05-31,323.41,Paid,2024-06-30
9033,7932,2024-09-07,472.3,Paid,2024-10-07
9034,7127,2024-07-22,444.7,Paid,2024-08-21
9035,1394,2024-10-01,327.4,Paid,2024-10-31
9036,1475,2024-06-06,476.28,Overdue,2024-07-06
9037,7071,2024-05-22,49.78,Paid,2024-06-21
9038,8417,2024-09-26,382.68,Due,2024-10-26
9039,2382,2025-04-29,436.85,Paid,2025-05-29
9040,4848,2025-04-16,428.19,Paid,2025-05-16
9041,9604,2025-02-26,18.21,Overdue,2025-03-28
9042,8891,2025-02-26,252.51,Due,2025-03-28
9043,6229,2024-06-12,14.05,Due,2024-07-12
9044,3086,2024-07-11,286.43,Due,2024-08-10
9045,2694,2024-05-02,445.82,Overdue,2024-06-01
9046,1045,2024-12-26,257.39,Due,2025-01-25
9047,2116,2024-07-27,223.81,Overdue,2024-08-26
9048,6021,2024-09-24,292.01,Due,2024-10-24
9049,1904,2024-10-07,296.85,Overdue,2024-11-06
9050,1383,2025-01-02,322.91,Paid,2025-02-01
9051,4058,2024-08-10,84.69,Due,2024-09-09
9052,6560,2024-09-29,110.18,Paid,2024-10-29
9053,1932,2024-11-29,404.92,Due,2024-12-29
9054,4,2024-09-02,411.12,Overdue,2024-10-02
9055,369,2025-03-31,289.22,Paid,2025-04-30
9056,4017,2024-05-31,443.38,Paid,2024-06-30
9057,2047,2025-02-13,39.59,Paid,2025-03-15
9058,2724,2025-01-15,345.61,Due,2025-02-14
9059,4229,2025-04-18,64.11,Due,2025-05-18
9060,6568,2024-12-04,443.48,Paid,2025-01-03
9061,2150,2024-10-07,161.7,Paid,2024-11-06
9062,4613,2025-01-25,274.17,Paid,2025-02-24
9063,2339,2024-08-25,350.58,Paid,2024-09-24
9064,730,2024-12-25,204.72,Due,2025-01-24
9065,1404,2025-01-16,104.59,Overdue,2025-02-15
9066,383,2025-02-24,115.51,Due,2025-03-26
9067,893,2024-10-17,253.99,Paid,2024-11-16
9068,9261,2025-01-08,368.12,Due,2025-02-07
9069,6671,2024-07-07,34.33,Paid,2024-08-06
9070,8473,2024-07-24,197.69,Overdue,2024-08-23
9071,3319,2024-05-14,150.76,Paid,2024-06-13
9072,9572,2024-10-16,323.11,Paid,2024-11-15
9073,7118,2025-01-28,25.16,Overdue,2025-02-27
9074,7521,2024-08-09,191.63,Paid,2024-09-08
9075,9456,2025-02-05,229.68,Due,2025-03-07
9076,1886,2025-02-10,484.53,Overdue,2025-03-12
9077,5753,2024-08-20,47.4,Paid,2024-09-19
9078,7592,2025-03-24,366.06,Overdue,2025-04-23
9079,9747,2024-12-13,380.4,Overdue,2025-01-12
9080,3490,2025-04-02,141.93,Due,2025-05-02
9081,7392,2025-03-07,398.24,Overdue,2025-04-06
9082,2449,2024-11-21,402.8,Overdue,2024-12-21
9083,2755,2024-11-23,121.87,Paid,2024-12-23
9084,1192,2024-11-10,412.02,Overdue,2024-12-10
9085,9365,2025-04-29,77.04,Paid,2025-05-29
9086,1104,2025-01-12,450.01,Overdue,2025-02-11
9087,6462,2025-03-10,115.47,Due,2025-04-09
9088,2030,2025-02-12,266.62,Due,2025-03-14
9089,6660,2025-03-31,42.44,Overdue,2025-04-30
9090,4587,2024-07-19,456.95,Due,2024-08-18
9091,4261,2024-06-09,185.25,Due,2024-07-09
9092,203,2024-12-25,268.67,Paid,2025-01-24
9093,3483,2025-01-22,470.23,Overdue,2025-02-21
9094,5788,2025-03-28,83.35,Paid,2025-04-27
9095,8342,2025-03-18,282.2,Due,2025-04-17
9096,1149,2024-11-19,72.99,Paid,2024-12-19
9097,5853,2024-08-13,204.48,Overdue,2024-09-12
9098,6884,2025-01-22,210.1,Due,2025-02-21
9099,5166,2024-07-14,399.4,Due,2024-08-13
9100,7069,2025-02-18,152.23,Overdue,2025-03-20
9101,7779,2024-06-01,119.4,Overdue,2024-07-01
9102,8747,2024-12-27,296.8,Due,2025-01-26
9103,7097,2024-05-20,408.87,Overdue,2024-06-19
9104,4770,2025-01-03,224.33,Due,2025-02-02
9105,4918,2025-03-24,300.83,Due,2025-04-23
9106,5650,2024-11-25,57.21,Overdue,2024-12-25
9107,6994,2025-01-09,323.56,Overdue,2025-02-08
9108,9878,2024-08-15,75.57,Due,2024-09-14
9109,5715,2024-07-27,123.34,Due,2024-08-26
9110,5270,2025-01-07,340.73,Due,2025-02-06
9111,6856,2024-08-29,71.52,Due,2024-09-28
9112,2994,2025-02-06,215.09,Paid,2025-03-08
9113,6746,2024-08-25,359.35,Paid,2024-09-24
9114,6948,2024-08-02,259.64,Paid,2024-09-01
9115,5726,2024-11-25,429.74,Overdue,2024-12-25
9116,4970,2025-02-20,70.01,Paid,2025-03-22
9117,9853,2024-06-19,137.95,Overdue,2024-07-19
9118,5611,2025-01-25,321.34,Paid,2025-02-24
9119,8946,2025-04-04,232.42,Due,2025-05-04
9120,2902,2024-11-01,467.94,Due,2024-12-01
9121,9308,2024-08-05,306.13,Paid,2024-09-04
9122,1154,2024-11-03,291.83,Overdue,2024-12-03
9123,8603,2024-12-29,195.38,Paid,2025-01-28
9124,4960,2024-09-09,405.52,Overdue,2024-10-09
9125,7793,2024-08-24,332.0,Paid,2024-09-23
9126,8512,2024-06-24,232.82,Paid,2024-07-24
9127,8451,2024-10-09,415.74,Paid,2024-11-08
9128,4812,2024-07-27,464.84,Overdue,2024-08-26
9129,4935,2025-04-08,31.59,Paid,2025-05-08
9130,4207,2025-03-07,249.65,Overdue,2025-04-06
9131,9444,2024-07-12,479.86,Paid,2024-08-11
9132,9913,2024-05-04,394.42,Overdue,2024-06-03
9133,6185,2024-05-11,499.41,Due,2024-06-10
9134,8067,2024-09-30,79.42,Overdue,2024-10-30
9135,3807,2024-10-29,223.34,Overdue,2024-11-28
9136,9274,2025-02-01,34.35,Due,2025-03-03
9137,9571,2024-08-06,131.22,Due,2024-09-05
9138,908,2024-11-13,398.09,Paid,2024-12-13
9139,1036,2025-04-14,433.33,Overdue,2025-05-14
9140,8539,2025-02-26,268.44,Paid,2025-03-28
9141,4506,2024-12-09,249.65,Overdue,2025-01-08
9142,9353,2024-12-03,308.34,Due,2025-01-02
9143,5779,2024-09-19,365.25,Due,2024-10-19
9144,3193,2024-06-27,354.67,Due,2024-07-27
9145,718,2025-01-29,252.62,Overdue,2025-02-28
9146,5011,2024-09-14,151.16,Paid,2024-10-14
9147,1856,2024-11-17,372.27,Paid,2024-12-17
9148,146,2024-12-09,315.15,Due,2025-01-08
9149,1740,2024-10-30,296.66,Due,2024-11-29
9150,9807,2025-03-15,421.62,Due,2025-04-14
9151,4808,2025-03-30,479.23,Due,2025-04-29
9152,8107,2024-12-02,206.86,Due,2025-01-01
9153,4461,2024-09-04,369.94,Due,2024-10-04
9154,4786,2024-12-24,297.87,Paid,2025-01-23
9155,5682,2024-11-27,17.67,Paid,2024-12-27
9156,701,2024-11-11,280.24,Overdue,2024-12-11
9157,239,2024-05-28,323.92,Paid,2024-06-27
9158,8026,2025-02-25,122.59,Overdue,2025-03-27
9159,4568,2024-09-09,422.02,Due,2024-10-09
9160,5728,2024-06-30,361.95,Overdue,2024-07-30
9161,5890,2024-06-29,90.38,Due,2024-07-29
9162,5407,2024-09-20,488.8,Due,2024-10-20
9163,3185,2025-03-06,209.89,Overdue,2025-04-05
9164,5466,2025-03-29,294.75,Overdue,2025-04-28
9165,6402,2024-12-19,225.06,Overdue,2025-01-18
9166,7579,2024-05-18,430.55,Overdue,2024-06-17
9167,8869,2024-10-07,66.0,Paid,2024-11-06
9168,6585,2024-11-08,125.95,Overdue,2024-12-08
9169,8181,2024-07-30,145.15,Paid,2024-08-29
9170,5915,2025-03-02,347.51,Due,2025-04-01
9171,6632,2024-12-10,107.66,Overdue,2025-01-09
9172,3606,2024-08-10,101.82,Paid,2024-09-09
9173,4830,2024-06-25,175.79,Due,2024-07-25
9174,24,2024-09-27,316.11,Due,2024-10-27
9175,8994,2025-02-04,63.09,Paid,2025-03-06
9176,850,2024-09-28,96.09,Due,2024-10-28
9177,5700,2025-03-14,409.29,Paid,2025-04-13
9178,9419,2024-08-30,86.1,Due,2024-09-29
9179,5168,2025-01-04,36.66,Due,2025-02-03
9180,2897,2025-02-05,307.02,Paid,2025-03-07
9181,5427,2025-02-07,160.34,Due,2025-03-09
9182,8104,2024-07-20,78.74,Paid,2024-08-19
9183,7423,2025-02-02,478.32,Due,2025-03-04
9184,3400,2024-06-20,294.73,Overdue,2024-07-20
9185,1382,2025-01-27,105.82,Paid,2025-02-26
9186,7926,2024-10-01,264.55,Due,2024-10-31
9187,5345,2025-02-27,13.59,Overdue,2025-03-29
9188,6330,2024-06-30,58.62,Paid,2024-07-30
9189,6029,2025-01-26,348.18,Overdue,2025-02-25
9190,7147,2025-02-05,76.61,Overdue,2025-03-07
9191,3157,2024-08-21,170.48,Due,2024-09-20
9192,5731,2024-09-15,140.38,Paid,2024-10-15
9193,7117,2025-01-17,424.45,Paid,2025-02-16
9194,8099,2024-06-09,371.51,Overdue,2024-07-09
9195,8216,2024-11-01,245.2,Overdue,2024-12-01
9196,9319,2025-01-06,274.69,Due,2025-02-05
9197,7623,2024-05-22,155.97,Overdue,2024-06-21
9198,2062,2024-07-06,59.22,Due,2024-08-05
9199,1272,2024-10-25,342.95,Overdue,2024-11-24
9200,2267,2024-06-17,304.66,Overdue,2024-07-17
9201,9989,2024-12-10,358.26,Due,2025-01-09
9202,2604,2024-09-17,246.38,Due,2024-10-17
9203,3455,2024-05-04,381.65,Due,2024-06-03
9204,9037,2024-08-28,123.16,Paid,2024-09-27
9205,8490,2024-10-03,233.26,Paid,2024-11-02
9206,7921,2025-04-05,393.57,Overdue,2025-05-05
9207,5661,2024-06-05,280.41,Due,2024-07-05
9208,6453,2024-11-18,121.43,Due,2024-12-18
9209,2566,2024-08-07,29.99,Due,2024-09-06
9210,219,2024-07-13,124.2,Paid,2024-08-12
9211,3657,2024-06-26,207.09,Overdue,2024-07-26
9212,3894,2025-01-21,384.04,Paid,2025-02-20
9213,5946,2025-03-25,283.63,Overdue,2025-04-24
9214,5644,2025-03-15,350.73,Overdue,2025-04-14
9215,8027,2024-06-11,344.12,Paid,2024-07-11
9216,8920,2025-03-02,140.35,Overdue,2025-04-01
9217,2969,2024-10-04,65.64,Overdue,2024-11-03
9218,9397,2024-09-03,383.72,Due,2024-10-03
9219,264,2024-07-09,276.95,Overdue,2024-08-08
9220,8792,2024-08-17,496.55,Paid,2024-09-16
9221,5259,2025-01-27,439.5,Paid,2025-02-26
9222,4315,2024-05-29,183.28,Overdue,2024-06-28
9223,2343,2025-02-02,171.29,Paid,2025-03-04
9224,1836,2025-03-23,120.66,Paid,2025-04-22
9225,5223,2024-09-12,239.86,Overdue,2024-10-12
9226,3367,2024-08-03,64.71,Overdue,2024-09-02
9227,9798,2024-12-10,469.08,Overdue,2025-01-09
9228,863,2024-12-10,321.83,Overdue,2025-01-09
9229,7691,2025-01-26,220.58,Overdue,2025-02-25
9230,2789,2024-10-23,348.66,Overdue,2024-11-22
9231,8101,2024-06-27,11.36,Paid,2024-07-27
9232,7737,2024-09-21,40.66,Due,2024-10-21
9233,2690,2024-11-25,197.37,Overdue,2024-12-25
9234,601,2025-02-10,248.21,Overdue,2025-03-12
9235,2262,2024-10-21,215.59,Overdue,2024-11-20
9236,6051,2024-06-08,359.58,Paid,2024-07-08
9237,5576,2025-04-23,138.68,Overdue,2025-05-23
9238,7336,2024-10-11,427.1,Paid,2024-11-10
9239,6402,2025-04-25,347.07,Paid,2025-05-25
9240,9329,2025-03-21,168.49,Due,2025-04-20
9241,2123,2025-01-10,427.77,Overdue,2025-02-09
9242,2454,2024-10-12,385.97,Due,2024-11-11
9243,180,2025-01-20,488.96,Due,2025-02-19
9244,518,2024-10-08,37.04,Overdue,2024-11-07
9245,4592,2024-08-29,141.24,Due,2024-09-28
9246,4639,2024-08-01,214.2,Overdue,2024-08-31
9247,2217,2024-12-24,110.45,Due,2025-01-23
9248,3135,2024-10-31,146.16,Due,2024-11-30
9249,8568,2024-06-11,207.87,Paid,2024-07-11
9250,7157,2024-05-17,153.5,Due,2024-06-16
9251,7539,2025-03-25,134.63,Due,2025-04-24
9252,1000,2024-07-27,95.41,Paid,2024-08-26
9253,9226,2024-11-15,361.72,Paid,2024-12-15
9254,3845,2025-01-05,111.46,Due,2025-02-04
9255,3661,2025-04-09,209.37,Due,2025-05-09
9256,8450,2024-10-09,69.47,Due,2024-11-08
9257,6229,2024-08-22,257.5,Paid,2024-09-21
9258,2285,2024-07-10,105.06,Overdue,2024-08-09
9259,8711,2025-01-04,266.97,Due,2025-02-03
9260,8104,2024-12-12,348.73,Due,2025-01-11
9261,6110,2025-03-31,170.29,Paid,2025-04-30
9262,8960,2024-08-19,66.71,Paid,2024-09-18
9263,9764,2024-08-15,35.58,Paid,2024-09-14
9264,5398,2024-12-01,384.63,Overdue,2024-12-31
9265,3335,2025-03-19,202.1,Overdue,2025-04-18
9266,2055,2024-06-13,323.99,Paid,2024-07-13
9267,1189,2024-12-06,127.55,Paid,2025-01-05
9268,43,2024-07-29,53.96,Due,2024-08-28
9269,3555,2024-07-20,67.97,Due,2024-08-19
9270,9950,2024-07-11,481.79,Paid,2024-08-10
9271,6265,2024-11-19,136.38,Due,2024-12-19
9272,2363,2024-06-22,307.23,Due,2024-07-22
9273,5129,2024-07-30,95.99,Due,2024-08-29
9274,1756,2025-02-14,389.35,Overdue,2025-03-16
9275,8138,2025-02-14,152.66,Overdue,2025-03-16
9276,5574,2024-09-09,25.09,Overdue,2024-10-09
9277,6313,2024-07-30,371.09,Overdue,2024-08-29
9278,4014,2025-03-22,18.12,Overdue,2025-04-21
9279,7422,2024-09-27,235.68,Due,2024-10-27
9280,364,2024-10-20,452.58,Due,2024-11-19
9281,767,2024-06-23,359.33,Paid,2024-07-23
9282,8152,2025-03-27,272.66,Due,2025-04-26
9283,1069,2024-11-06,160.98,Overdue,2024-12-06
9284,5661,2024-10-14,185.5,Due,2024-11-13
9285,8188,2024-10-04,179.32,Overdue,2024-11-03
9286,402,2024-11-10,438.67,Overdue,2024-12-10
9287,4013,2025-02-12,382.6,Overdue,2025-03-14
9288,5740,2024-05-17,121.75,Paid,2024-06-16
9289,555,2025-03-23,364.62,Paid,2025-04-22
9290,6976,2024-08-06,286.97,Overdue,2024-09-05
9291,6530,2024-09-14,222.25,Paid,2024-10-14
9292,6850,2025-04-26,309.45,Due,2025-05-26
9293,9053,2025-02-10,65.18,Overdue,2025-03-12
9294,293,2024-08-10,48.02,Paid,2024-09-09
9295,4781,2025-04-19,458.09,Due,2025-05-19
9296,2831,2024-09-14,382.8,Due,2024-10-14
9297,1784,2024-09-12,64.03,Paid,2024-10-12
9298,4749,2025-03-24,67.25,Due,2025-04-23
9299,9963,2024-06-03,239.83,Overdue,2024-07-03
9300,8503,2024-12-18,429.86,Paid,2025-01-17
9301,386,2025-03-03,10.96,Due,2025-04-02
9302,1535,2025-04-07,378.24,Due,2025-05-07
9303,8876,2024-09-18,248.92,Paid,2024-10-18
9304,1825,2024-11-04,29.31,Paid,2024-12-04
9305,8455,2024-08-12,94.59,Paid,2024-09-11
9306,8972,2024-11-03,52.67,Paid,2024-12-03
9307,9697,2024-05-02,329.77,Due,2024-06-01
9308,6908,2024-10-22,65.16,Paid,2024-11-21
9309,7570,2024-07-20,33.47,Overdue,2024-08-19
9310,4225,2024-12-19,380.25,Paid,2025-01-18
9311,6720,2025-02-24,322.03,Overdue,2025-03-26
9312,6572,2025-04-06,91.39,Paid,2025-05-06
9313,813,2024-12-31,407.7,Paid,2025-01-30
9314,5839,2025-01-01,264.82,Due,2025-01-31
9315,906,2025-03-15,84.92,Overdue,2025-04-14
9316,9446,2024-08-24,291.63,Due,2024-09-23
9317,4299,2024-12-21,29.94,Paid,2025-01-20
9318,5936,2024-09-23,396.73,Paid,2024-10-23
9319,4494,2024-12-24,437.71,Due,2025-01-23
9320,8762,2024-05-04,14.52,Overdue,2024-06-03
9321,9262,2024-11-30,137.34,Overdue,2024-12-30
9322,2427,2024-07-17,49.79,Overdue,2024-08-16
9323,5298,2024-10-23,429.9,Overdue,2024-11-22
9324,1484,2025-02-13,168.96,Due,2025-03-15
9325,3610,2024-10-05,95.27,Overdue,2024-11-04
9326,1151,2024-08-13,131.06,Due,2024-09-12
9327,5924,2024-05-11,134.91,Paid,2024-06-10
9328,3077,2024-11-29,29.22,Overdue,2024-12-29
9329,4262,2024-08-27,438.81,Overdue,2024-09-26
9330,9734,2024-10-29,112.32,Overdue,2024-11-28
9331,3455,2024-07-31,58.42,Due,2024-08-30
9332,3944,2024-08-09,151.96,Overdue,2024-09-08
9333,9678,2024-12-11,302.84,Paid,2025-01-10
9334,6359,2025-01-20,260.98,Due,2025-02-19
9335,7389,2024-12-14,77.23,Due,2025-01-13
9336,6186,2024-09-26,218.89,Overdue,2024-10-26
9337,7815,2024-11-30,308.57,Due,2024-12-30
9338,8644,2024-07-15,183.86,Overdue,2024-08-14
9339,4760,2024-06-02,341.37,Overdue,2024-07-02
9340,2086,2024-05-29,394.58,Paid,2024-06-28
9341,1063,2024-12-21,101.13,Overdue,2025-01-20
9342,915,2024-08-06,84.44,Due,2024-09-05
9343,2220,2025-04-02,103.09,Overdue,2025-05-02
9344,7755,2025-01-12,132.87,Overdue,2025-02-11
9345,2738,2025-01-25,428.61,Paid,2025-02-24
9346,5478,2025-01-01,419.81,Paid,2025-01-31
9347,6915,2025-01-13,137.49,Due,2025-02-12
9348,9309,2025-02-17,454.45,Paid,2025-03-19
9349,5418,2024-12-28,336.06,Overdue,2025-01-27
9350,7716,2025-02-15,318.86,Due,2025-03-17
9351,8022,2024-07-21,303.76,Overdue,2024-08-20
9352,4412,2025-02-05,365.34,Due,2025-03-07
9353,9588,2024-06-17,140.4,Overdue,2024-07-17
9354,6856,2024-07-21,57.19,Overdue,2024-08-20
9355,7720,2025-04-06,158.71,Overdue,2025-05-06
9356,3722,2024-08-02,258.85,Due,2024-09-01
9357,7854,2025-03-31,306.56,Overdue,2025-04-30
9358,7289,2025-03-30,465.08,Paid,2025-04-29
9359,6716,2024-06-08,153.82,Overdue,2024-07-08
9360,8298,2025-03-01,440.1,Paid,2025-03-31
9361,9432,2024-11-25,369.53,Overdue,2024-12-25
9362,7411,2024-11-25,497.2,Paid,2024-12-25
9363,719,2024-10-23,164.96,Paid,2024-11-22
9364,6026,2024-07-04,402.77,Overdue,2024-08-03
9365,5124,2024-08-06,346.64,Paid,2024-09-05
9366,3465,2025-04-29,144.29,Due,2025-05-29
9367,1346,2024-11-01,273.06,Due,2024-12-01
9368,3390,2024-11-27,63.79,Paid,2024-12-27
9369,6407,2025-02-06,317.83,Overdue,2025-03-08
9370,2477,2024-10-02,222.12,Due,2024-11-01
9371,3373,2024-10-20,142.29,Due,2024-11-19
9372,4658,2024-07-17,395.62,Due,2024-08-16
9373,84,2024-09-29,389.95,Overdue,2024-10-29
9374,4545,2024-10-28,382.69,Overdue,2024-11-27
9375,3960,2024-08-17,366.68,Paid,2024-09-16
9376,9771,2025-02-12,44.43,Overdue,2025-03-14
9377,7979,2024-08-03,105.66,Overdue,2024-09-02
9378,855,2024-09-28,428.55,Paid,2024-10-28
9379,1116,2024-09-15,138.74,Due,2024-10-15
9380,6963,2024-11-19,390.42,Due,2024-12-19
9381,3158,2025-01-15,21.51,Due,2025-02-14
9382,27,2025-04-18,158.41,Due,2025-05-18
9383,8288,2025-03-22,278.51,Paid,2025-04-21
9384,5055,2024-08-03,464.04,Paid,2024-09-02
9385,8238,2024-05-01,216.17,Paid,2024-05-31
9386,9094,2024-08-23,175.04,Paid,2024-09-22
9387,666,2024-12-14,338.16,Overdue,2025-01-13
9388,2322,2024-07-28,301.35,Paid,2024-08-27
9389,7153,2024-10-04,465.53,Paid,2024-11-03
9390,6444,2024-05-20,337.79,Paid,2024-06-19
9391,1564,2024-09-30,448.55,Overdue,2024-10-30
9392,8184,2025-01-24,55.08,Paid,2025-02-23
9393,2895,2024-06-11,351.74,Due,2024-07-11
9394,1668,2024-10-23,486.5,Due,2024-11-22
9395,3543,2024-09-15,90.36,Overdue,2024-10-15
9396,6787,2024-10-01,420.91,Due,2024-10-31
9397,5961,2025-01-18,211.07,Due,2025-02-17
9398,9818,2024-10-13,217.83,Due,2024-11-12
9399,1445,2024-12-17,339.37,Overdue,2025-01-16
9400,6249,2024-08-27,399.76,Due,2024-09-26
9401,7610,2024-08-04,81.81,Paid,2024-09-03
9402,6697,2025-02-25,309.65,Overdue,2025-03-27
9403,3071,2024-10-21,449.56,Due,2024-11-20
9404,8592,2024-08-02,53.88,Overdue,2024-09-01
9405,7308,2024-10-18,456.13,Overdue,2024-11-17
9406,1353,2024-09-13,261.9,Paid,2024-10-13
9407,34,2025-03-20,96.82,Overdue,2025-04-19
9408,4815,2024-06-08,300.7,Paid,2024-07-08
9409,300,2024-06-09,464.39,Due,2024-07-09
9410,4973,2025-04-22,449.36,Overdue,2025-05-22
9411,473,2024-09-28,302.48,Overdue,2024-10-28
9412,8395,2024-05-03,198.98,Paid,2024-06-02
9413,4606,2024-05-16,103.99,Paid,2024-06-15
9414,1133,2024-06-17,183.74,Paid,2024-07-17
9415,7670,2024-07-22,45.88,Due,2024-08-21
9416,9661,2025-01-13,366.34,Due,2025-02-12
9417,9374,2025-01-01,87.95,Overdue,2025-01-31
9418,3629,2024-12-19,15.12,Paid,2025-01-18
9419,2779,2024-12-28,361.33,Due,2025-01-27
9420,1532,2024-07-14,402.2,Due,2024-08-13
9421,7151,2024-05-23,166.26,Overdue,2024-06-22
9422,34,2024-07-20,277.7,Due,2024-08-19
9423,1695,2025-04-20,199.8,Due,2025-05-20
9424,1452,2024-05-05,98.09,Paid,2024-06-04
9425,2164,2024-12-08,277.0,Overdue,2025-01-07
9426,6911,2024-10-05,349.43,Due,2024-11-04
9427,2293,2025-02-07,113.58,Due,2025-03-09
9428,7011,2024-05-06,377.24,Due,2024-06-05
9429,9628,2024-06-04,396.75,Due,2024-07-04
9430,5991,2025-03-08,204.85,Overdue,2025-04-07
9431,7513,2025-01-09,118.77,Paid,2025-02-08
9432,5962,2024-10-03,20.41,Paid,2024-11-02
9433,1601,2025-02-16,343.8,Overdue,2025-03-18
9434,7073,2024-12-19,317.08,Paid,2025-01-18
9435,2784,2025-03-12,152.01,Due,2025-04-11
9436,1880,2025-04-27,403.68,Overdue,2025-05-27
9437,440,2025-02-28,472.59,Overdue,2025-03-30
9438,1528,2024-06-15,455.75,Overdue,2024-07-15
9439,3616,2024-09-11,125.41,Due,2024-10-11
9440,5208,2025-01-25,152.38,Overdue,2025-02-24
9441,4690,2024-07-12,162.45,Overdue,2024-08-11
9442,1903,2024-08-03,119.7,Due,2024-09-02
9443,9425,2025-03-03,79.41,Due,2025-04-02
9444,4401,2024-11-28,438.06,Paid,2024-12-28
9445,4899,2025-03-07,105.55,Due,2025-04-06
9446,1680,2024-12-18,344.46,Due,2025-01-17
9447,5428,2024-08-02,323.47,Paid,2024-09-01
9448,6163,2024-05-26,328.36,Overdue,2024-06-25
9449,7461,2025-03-06,198.46,Overdue,2025-04-05
9450,3802,2025-04-19,376.08,Overdue,2025-05-19
9451,7523,2024-06-22,56.35,Due,2024-07-22
9452,3875,2025-01-11,209.96,Overdue,2025-02-10
9453,3007,2025-03-10,352.87,Overdue,2025-04-09
9454,6181,2024-08-03,472.02,Due,2024-09-02
9455,1330,2025-04-05,386.41,Overdue,2025-05-05
9456,8465,2025-03-29,189.03,Paid,2025-04-28
9457,3992,2024-06-23,270.71,Due,2024-07-23
9458,6421,2024-05-17,183.25,Due,2024-06-16
9459,1212,2024-05-03,125.37,Overdue,2024-06-02
9460,2966,2024-06-02,492.54,Due,2024-07-02
9461,4429,2025-04-27,436.42,Paid,2025-05-27
9462,6299,2024-09-13,438.73,Overdue,2024-10-13
9463,3150,2024-09-22,153.61,Due,2024-10-22
9464,6161,2025-02-07,134.54,Due,2025-03-09
9465,3971,2024-06-19,496.9,Due,2024-07-19
9466,1214,2024-07-09,41.92,Overdue,2024-08-08
9467,9422,2025-03-20,351.73,Due,2025-04-19
9468,8608,2024-06-15,170.28,Due,2024-07-15
9469,5396,2025-02-10,421.63,Paid,2025-03-12
9470,1324,2025-03-25,222.95,Due,2025-04-24
9471,5623,2025-02-17,14.51,Due,2025-03-19
9472,4244,2025-04-07,123.48,Due,2025-05-07
9473,3864,2024-09-20,330.14,Paid,2024-10-20
9474,1278,2025-04-17,203.16,Paid,2025-05-17
9475,1631,2024-08-22,287.89,Due,2024-09-21
9476,2065,2025-02-02,205.07,Overdue,2025-03-04
9477,3943,2024-10-11,173.08,Overdue,2024-11-10
9478,5357,2024-08-03,223.3,Overdue,2024-09-02
9479,5452,2025-02-15,226.34,Overdue,2025-03-17
9480,5901,2024-05-24,457.99,Paid,2024-06-23
9481,1351,2024-10-12,151.43,Paid,2024-11-11
9482,1905,2024-11-08,404.48,Paid,2024-12-08
9483,1980,2025-02-25,419.67,Overdue,2025-03-27
9484,7658,2024-12-14,285.51,Paid,2025-01-13
9485,8421,2024-12-24,494.92,Overdue,2025-01-23
9486,7426,2025-04-26,239.85,Paid,2025-05-26
9487,5149,2025-02-28,283.9,Overdue,2025-03-30
9488,7018,2025-04-10,402.86,Overdue,2025-05-10
9489,3409,2024-09-11,121.19,Due,2024-10-11
9490,4162,2025-03-21,381.65,Due,2025-04-20
9491,3486,2025-04-19,330.44,Due,2025-05-19
9492,2017,2024-09-29,351.77,Due,2024-10-29
9493,7415,2025-02-20,48.32,Paid,2025-03-22
9494,3363,2025-01-07,90.48,Due,2025-02-06
9495,130,2024-06-09,388.04,Overdue,2024-07-09
9496,584,2024-08-17,463.71,Overdue,2024-09-16
9497,9335,2024-08-16,206.2,Paid,2024-09-15
9498,742,2024-08-04,297.45,Paid,2024-09-03
9499,8160,2025-01-10,234.61,Paid,2025-02-09
9500,9831,2025-01-04,464.92,Due,2025-02-03
9501,6551,2024-12-10,330.81,Overdue,2025-01-09
9502,2439,2025-03-15,120.05,Due,2025-04-14
9503,4630,2024-07-18,357.18,Due,2024-08-17
9504,3765,2024-05-01,284.36,Due,2024-05-31
9505,4333,2024-05-15,404.52,Paid,2024-06-14
9506,7664,2024-12-06,405.03,Overdue,2025-01-05
9507,4231,2025-02-01,225.43,Paid,2025-03-03
9508,8216,2024-08-04,167.41,Paid,2024-09-03
9509,639,2024-12-23,84.06,Paid,2025-01-22
9510,3543,2024-10-21,279.18,Paid,2024-11-20
9511,2809,2024-10-07,82.92,Overdue,2024-11-06
9512,6631,2024-09-27,326.94,Overdue,2024-10-27
9513,64,2024-11-10,51.38,Due,2024-12-10
9514,185,2024-05-26,265.1,Paid,2024-06-25
9515,926,2025-01-22,219.3,Due,2025-02-21
9516,807,2025-03-09,432.33,Overdue,2025-04-08
9517,6825,2024-07-31,497.99,Due,2024-08-30
9518,1906,2024-07-30,174.41,Overdue,2024-08-29
9519,3140,2024-07-06,189.61,Due,2024-08-05
9520,7245,2024-07-22,94.47,Due,2024-08-21
9521,5815,2024-09-01,396.19,Overdue,2024-10-01
9522,8812,2024-12-29,166.83,Paid,2025-01-28
9523,3023,2025-01-27,385.3,Overdue,2025-02-26
9524,543,2024-09-20,301.86,Overdue,2024-10-20
9525,8621,2024-12-17,24.51,Paid,2025-01-16
9526,9182,2024-05-17,306.02,Due,2024-06-16
9527,2858,2024-10-21,497.91,Due,2024-11-20
9528,1788,2025-04-21,418.31,Overdue,2025-05-21
9529,8862,2024-06-21,198.57,Paid,2024-07-21
9530,3392,2024-12-17,258.99,Paid,2025-01-16
9531,8772,2025-04-01,134.96,Due,2025-05-01
9532,9942,2025-02-01,376.12,Paid,2025-03-03
9533,8120,2024-05-21,205.78,Due,2024-06-20
9534,9514,2024-07-07,175.38,Overdue,2024-08-06
9535,6029,2024-08-30,44.11,Due,2024-09-29
9536,8322,2024-05-12,130.96,Overdue,2024-06-11
9537,5765,2025-01-28,483.08,Overdue,2025-02-27
9538,3506,2025-02-14,295.36,Due,2025-03-16
9539,1453,2025-03-23,55.75,Overdue,2025-04-22
9540,7528,2024-05-20,399.41,Paid,2024-06-19
9541,9654,2024-09-12,363.73,Paid,2024-10-12
9542,5591,2024-05-03,197.52,Overdue,2024-06-02
9543,1124,2024-07-23,207.84,Overdue,2024-08-22
9544,6498,2025-03-11,497.95,Overdue,2025-04-10
9545,5737,2025-04-17,241.16,Paid,2025-05-17
9546,1097,2024-11-09,328.35,Paid,2024-12-09
9547,7363,2024-08-08,102.14,Overdue,2024-09-07
9548,6165,2024-05-04,116.79,Due,2024-06-03
9549,1913,2025-04-08,315.83,Paid,2025-05-08
9550,3535,2024-04-30,117.97,Paid,2024-05-30
9551,2335,2024-07-28,321.24,Due,2024-08-27
9552,374,2024-12-11,153.8,Paid,2025-01-10
9553,2857,2025-02-23,380.02,Overdue,2025-03-25
9554,6250,2025-01-15,410.08,Paid,2025-02-14
9555,6366,2025-01-31,122.88,Overdue,2025-03-02
9556,7528,2024-11-14,230.32,Paid,2024-12-14
9557,6970,2025-02-08,25.02,Due,2025-03-10
9558,6879,2024-06-25,110.81,Due,2024-07-25
9559,3212,2024-10-20,280.44,Due,2024-11-19
9560,5266,2024-05-04,461.96,Paid,2024-06-03
9561,6035,2024-11-09,14.25,Due,2024-12-09
9562,374,2025-02-08,150.93,Paid,2025-03-10
9563,4024,2024-10-30,419.37,Due,2024-11-29
9564,2129,2024-07-02,15.52,Paid,2024-08-01
9565,3344,2025-01-04,307.3,Paid,2025-02-03
9566,6560,2024-10-22,469.95,Paid,2024-11-21
9567,8918,2025-04-27,76.82,Overdue,2025-05-27
9568,2860,2025-02-05,56.41,Paid,2025-03-07
9569,8523,2024-10-25,236.34,Overdue,2024-11-24
9570,1357,2024-09-21,498.58,Due,2024-10-21
9571,9437,2025-01-01,375.54,Paid,2025-01-31
9572,8473,2024-10-27,165.19,Overdue,2024-11-26
9573,6891,2024-07-13,261.79,Due,2024-08-12
9574,8493,2024-07-10,371.56,Overdue,2024-08-09
9575,4230,2024-06-01,461.41,Overdue,2024-07-01
9576,6256,2024-08-06,143.45,Due,2024-09-05
9577,5133,2025-04-14,279.29,Overdue,2025-05-14
9578,1796,2025-04-26,401.07,Overdue,2025-05-26
9579,7834,2024-11-03,370.63,Overdue,2024-12-03
9580,1666,2024-10-05,186.14,Due,2024-11-04
9581,666,2024-05-10,120.18,Due,2024-06-09
9582,2439,2024-11-12,188.27,Overdue,2024-12-12
9583,4200,2024-10-10,130.68,Due,2024-11-09
9584,3587,2024-07-11,339.29,Paid,2024-08-10
9585,4997,2025-04-13,361.93,Due,2025-05-13
9586,73,2024-11-11,499.08,Paid,2024-12-11
9587,2236,2024-12-29,413.52,Overdue,2025-01-28
9588,995,2024-08-31,151.92,Overdue,2024-09-30
9589,9908,2024-10-13,353.53,Paid,2024-11-12
9590,97,2025-01-21,28.06,Due,2025-02-20
9591,9692,2024-05-05,413.25,Overdue,2024-06-04
9592,6439,2024-07-23,73.49,Overdue,2024-08-22
9593,6124,2024-05-06,343.34,Paid,2024-06-05
9594,2730,2024-07-14,281.47,Overdue,2024-08-13
9595,3164,2024-11-05,218.37,Overdue,2024-12-05
9596,9207,2024-12-19,371.11,Due,2025-01-18
9597,8748,2025-02-08,389.34,Paid,2025-03-10
9598,3246,2024-07-20,135.59,Paid,2024-08-19
9599,1907,2024-08-12,186.49,Due,2024-09-11
9600,3730,2024-12-19,61.84,Due,2025-01-18
9601,736,2024-07-11,164.84,Paid,2024-08-10
9602,4532,2024-08-21,28.49,Overdue,2024-09-20
9603,6742,2025-04-05,407.32,Overdue,2025-05-05
9604,7226,2024-09-21,205.22,Due,2024-10-21
9605,3622,2025-02-09,412.2,Paid,2025-03-11
9606,2395,2025-01-24,492.85,Paid,2025-02-23
9607,3325,2024-07-28,174.46,Paid,2024-08-27
9608,5456,2024-12-13,29.74,Due,2025-01-12
9609,8273,2025-04-03,291.55,Overdue,2025-05-03
9610,7940,2024-10-25,476.78,Overdue,2024-11-24
9611,7847,2024-07-16,55.21,Due,2024-08-15
9612,3919,2025-01-10,485.42,Paid,2025-02-09
9613,8741,2024-11-13,48.26,Overdue,2024-12-13
9614,3741,2025-03-24,483.99,Overdue,2025-04-23
9615,3191,2024-07-23,288.27,Paid,2024-08-22
9616,1294,2025-02-01,71.22,Paid,2025-03-03
9617,3883,2024-11-07,298.53,Paid,2024-12-07
9618,3180,2024-06-14,473.83,Paid,2024-07-14
9619,8596,2024-11-19,344.49,Overdue,2024-12-19
9620,5189,2024-09-08,212.22,Overdue,2024-10-08
9621,5371,2024-08-25,155.65,Overdue,2024-09-24
9622,8151,2024-05-23,212.28,Due,2024-06-22
9623,8364,2025-04-26,270.21,Overdue,2025-05-26
9624,6259,2024-12-10,310.28,Overdue,2025-01-09
9625,5398,2024-07-09,392.36,Paid,2024-08-08
9626,9481,2025-02-27,408.26,Due,2025-03-29
9627,5940,2025-03-06,469.04,Paid,2025-04-05
9628,8838,2024-11-09,341.63,Overdue,2024-12-09
9629,5143,2025-04-29,117.3,Due,2025-05-29
9630,9943,2024-12-27,473.98,Paid,2025-01-26
9631,1048,2024-05-01,243.6,Due,2024-05-31
9632,7013,2024-06-06,53.28,Overdue,2024-07-06
9633,2521,2024-08-16,139.07,Overdue,2024-09-15
9634,5869,2024-09-28,23.62,Paid,2024-10-28
9635,7418,2024-12-08,486.57,Paid,2025-01-07
9636,2725,2024-10-30,181.62,Overdue,2024-11-29
9637,9934,2024-09-24,211.03,Due,2024-10-24
9638,1168,2025-01-30,397.14,Paid,2025-03-01
9639,7265,2024-05-06,345.74,Paid,2024-06-05
9640,2965,2024-05-05,55.01,Overdue,2024-06-04
9641,170,2024-08-04,288.67,Paid,2024-09-03
9642,4484,2025-04-22,480.44,Paid,2025-05-22
9643,1981,2024-11-28,223.39,Overdue,2024-12-28
9644,8810,2024-04-30,435.4,Paid,2024-05-30
9645,7254,2024-10-12,271.36,Due,2024-11-11
9646,1230,2024-08-29,399.16,Paid,2024-09-28
9647,6258,2024-12-26,280.89,Due,2025-01-25
9648,8268,2024-05-10,258.91,Paid,2024-06-09
9649,3494,2024-06-20,443.23,Overdue,2024-07-20
9650,6161,2024-12-24,492.07,Due,2025-01-23
9651,1951,2025-02-19,22.84,Paid,2025-03-21
9652,7225,2024-12-19,451.88,Overdue,2025-01-18
9653,2371,2025-01-12,35.03,Paid,2025-02-11
9654,5944,2024-12-27,491.55,Overdue,2025-01-26
9655,5276,2024-12-11,264.21,Overdue,2025-01-10
9656,3556,2024-08-08,356.56,Overdue,2024-09-07
9657,4193,2024-07-21,347.75,Due,2024-08-20
9658,2553,2025-03-16,454.72,Paid,2025-04-15
9659,269,2024-05-28,303.14,Paid,2024-06-27
9660,7014,2025-01-17,480.89,Paid,2025-02-16
9661,4460,2025-01-30,193.67,Overdue,2025-03-01
9662,6122,2024-08-28,189.27,Overdue,2024-09-27
9663,9446,2024-05-08,50.56,Paid,2024-06-07
9664,6319,2024-08-04,142.65,Paid,2024-09-03
9665,1602,2024-07-13,372.31,Due,2024-08-12
9666,2516,2025-03-04,223.72,Paid,2025-04-03
9667,8526,2024-10-31,426.42,Due,2024-11-30
9668,8648,2025-01-14,383.11,Due,2025-02-13
9669,3477,2024-08-15,310.78,Paid,2024-09-14
9670,993,2024-06-10,413.65,Due,2024-07-10
9671,6074,2025-04-27,181.04,Paid,2025-05-27
9672,5469,2024-07-27,164.89,Overdue,2024-08-26
9673,6228,2024-10-09,128.73,Due,2024-11-08
9674,2157,2024-06-09,474.96,Due,2024-07-09
9675,393,2024-09-17,496.74,Due,2024-10-17
9676,7457,2025-04-15,192.48,Due,2025-05-15
9677,7937,2025-02-08,134.66,Overdue,2025-03-10
9678,2060,2025-01-19,58.6,Overdue,2025-02-18
9679,1517,2024-08-01,104.76,Overdue,2024-08-31
9680,7985,2024-05-16,17.7,Paid,2024-06-15
9681,1331,2024-11-18,400.59,Due,2024-12-18
9682,6770,2024-09-26,407.02,Due,2024-10-26
9683,3722,2024-11-03,290.53,Overdue,2024-12-03
9684,4831,2024-10-17,122.99,Paid,2024-11-16
9685,8063,2024-08-20,450.75,Due,2024-09-19
9686,1777,2024-09-08,176.02,Paid,2024-10-08
9687,3648,2024-12-19,310.56,Overdue,2025-01-18
9688,9086,2024-05-05,262.8,Overdue,2024-06-04
9689,2664,2024-05-30,387.28,Overdue,2024-06-29
9690,6762,2025-02-04,193.34,Overdue,2025-03-06
9691,7615,2025-03-03,112.28,Due,2025-04-02
9692,4643,2025-04-14,349.19,Overdue,2025-05-14
9693,1997,2024-09-16,169.31,Due,2024-10-16
9694,3078,2024-11-30,278.99,Paid,2024-12-30
9695,7406,2024-08-01,299.96,Paid,2024-08-31
9696,5527,2025-02-08,310.97,Paid,2025-03-10
9697,53,2024-12-17,323.77,Due,2025-01-16
9698,8175,2024-08-11,369.05,Due,2024-09-10
9699,2547,2025-02-04,364.79,Due,2025-03-06
9700,2123,2025-01-13,408.73,Due,2025-02-12
9701,4797,2024-06-25,427.92,Paid,2024-07-25
9702,3376,2024-09-17,345.89,Overdue,2024-10-17
9703,5006,2024-12-25,373.57,Due,2025-01-24
9704,3221,2025-03-22,125.63,Paid,2025-04-21
9705,1968,2025-01-06,171.85,Paid,2025-02-05
9706,131,2025-04-28,410.61,Overdue,2025-05-28
9707,2969,2025-02-01,367.17,Paid,2025-03-03
9708,5331,2025-03-13,483.47,Overdue,2025-04-12
9709,1728,2025-02-04,295.76,Paid,2025-03-06
9710,6055,2025-01-08,409.75,Due,2025-02-07
9711,7267,2025-02-21,306.75,Paid,2025-03-23
9712,6723,2025-04-03,125.64,Paid,2025-05-03
9713,3860,2025-02-02,288.74,Due,2025-03-04
9714,9491,2024-09-02,417.97,Due,2024-10-02
9715,8574,2024-10-15,174.41,Due,2024-11-14
9716,1600,2024-08-26,78.73,Overdue,2024-09-25
9717,6752,2024-05-11,371.14,Due,2024-06-10
9718,3419,2025-02-20,372.33,Due,2025-03-22
9719,5849,2025-03-11,495.58,Paid,2025-04-10
9720,1508,2025-01-18,141.64,Overdue,2025-02-17
9721,4846,2024-12-14,436.43,Overdue,2025-01-13
9722,6821,2024-07-27,228.92,Due,2024-08-26
9723,4486,2025-01-01,448.3,Due,2025-01-31
9724,6646,2024-12-22,65.67,Due,2025-01-21
9725,1618,2024-12-01,498.03,Overdue,2024-12-31
9726,2669,2025-01-07,169.04,Overdue,2025-02-06
9727,6180,2024-10-04,489.42,Paid,2024-11-03
9728,6144,2025-02-21,302.57,Due,2025-03-23
9729,6719,2024-11-25,77.51,Paid,2024-12-25
9730,4931,2024-06-22,299.71,Overdue,2024-07-22
9731,7010,2024-10-15,454.27,Paid,2024-11-14
9732,9902,2024-05-25,208.58,Overdue,2024-06-24
9733,6797,2024-06-15,127.22,Due,2024-07-15
9734,6587,2024-08-28,461.32,Overdue,2024-09-27
9735,5407,2024-08-11,117.1,Paid,2024-09-10
9736,9635,2024-06-01,352.11,Due,2024-07-01
9737,8655,2025-03-16,291.25,Due,2025-04-15
9738,6993,2024-12-25,105.97,Paid,2025-01-24
9739,931,2024-05-30,80.81,Due,2024-06-29
9740,2276,2024-06-09,354.11,Paid,2024-07-09
9741,5470,2025-02-10,407.42,Due,2025-03-12
9742,4186,2024-07-25,271.28,Paid,2024-08-24
9743,7939,2024-05-17,454.04,Overdue,2024-06-16
9744,6761,2025-02-15,232.91,Overdue,2025-03-17
9745,1978,2025-03-03,63.04,Overdue,2025-04-02
9746,4034,2024-09-29,144.34,Paid,2024-10-29
9747,9238,2024-08-07,342.76,Due,2024-09-06
9748,2693,2024-07-27,425.2,Due,2024-08-26
9749,9866,2024-06-21,426.73,Paid,2024-07-21
9750,9113,2024-08-03,105.22,Paid,2024-09-02
9751,3787,2024-11-23,271.33,Overdue,2024-12-23
9752,5796,2024-09-10,109.79,Paid,2024-10-10
9753,4985,2024-09-08,186.57,Paid,2024-10-08
9754,105,2024-08-27,317.19,Paid,2024-09-26
9755,8832,2024-07-30,492.53,Paid,2024-08-29
9756,8904,2024-12-28,499.81,Due,2025-01-27
9757,3585,2025-02-27,406.5,Paid,2025-03-29
9758,1258,2025-01-30,90.12,Overdue,2025-03-01
9759,6998,2024-10-09,422.63,Due,2024-11-08
9760,8430,2025-04-07,491.24,Paid,2025-05-07
9761,4852,2024-05-08,262.63,Due,2024-06-07
9762,4947,2024-07-11,111.4,Due,2024-08-10
9763,7976,2024-12-08,291.41,Overdue,2025-01-07
9764,1799,2024-07-07,140.95,Paid,2024-08-06
9765,3951,2025-02-26,396.59,Paid,2025-03-28
9766,9271,2024-12-29,99.41,Overdue,2025-01-28
9767,3907,2024-07-16,206.08,Overdue,2024-08-15
9768,8770,2024-05-16,232.24,Due,2024-06-15
9769,814,2024-06-27,86.03,Overdue,2024-07-27
9770,8167,2025-04-20,75.99,Overdue,2025-05-20
9771,5469,2024-10-20,244.91,Paid,2024-11-19
9772,5604,2025-02-01,371.29,Paid,2025-03-03
9773,957,2025-01-02,395.89,Due,2025-02-01
9774,4595,2024-08-13,405.05,Paid,2024-09-12
9775,8583,2024-08-19,286.95,Paid,2024-09-18
9776,2097,2024-09-02,222.33,Paid,2024-10-02
9777,8272,2025-01-29,123.31,Overdue,2025-02-28
9778,7373,2025-04-04,301.3,Overdue,2025-05-04
9779,427,2024-12-30,287.46,Paid,2025-01-29
9780,3209,2024-08-26,345.77,Overdue,2024-09-25
9781,949,2024-08-09,282.8,Paid,2024-09-08
9782,6754,2024-09-12,23.58,Due,2024-10-12
9783,7981,2024-12-15,270.09,Due,2025-01-14
9784,5763,2025-04-23,65.72,Paid,2025-05-23
9785,9354,2025-02-15,450.07,Overdue,2025-03-17
9786,7730,2024-12-12,254.24,Due,2025-01-11
9787,3287,2024-09-07,142.33,Due,2024-10-07
9788,8718,2025-03-11,132.62,Due,2025-04-10
9789,8912,2024-07-26,210.35,Paid,2024-08-25
9790,7520,2025-02-09,308.31,Due,2025-03-11
9791,8824,2024-12-08,437.34,Due,2025-01-07
9792,7828,2024-08-05,473.36,Overdue,2024-09-04
9793,1376,2024-06-27,46.7,Paid,2024-07-27
9794,1701,2024-06-08,160.38,Overdue,2024-07-08
9795,786,2024-08-30,171.01,Paid,2024-09-29
9796,4384,2025-04-09,194.14,Overdue,2025-05-09
9797,8229,2025-02-17,74.37,Due,2025-03-19
9798,6604,2024-06-27,115.51,Overdue,2024-07-27
9799,2664,2025-02-24,399.09,Overdue,2025-03-26
9800,6730,2024-09-12,177.79,Due,2024-10-12
9801,9046,2025-03-15,495.82,Overdue,2025-04-14
9802,8,2024-06-27,301.62,Due,2024-07-27
9803,2741,2024-12-06,496.06,Due,2025-01-05
9804,726,2024-10-13,404.27,Due,2024-11-12
9805,1662,2024-06-13,221.24,Overdue,2024-07-13
9806,9397,2025-01-25,110.11,Paid,2025-02-24
9807,1680,2024-09-07,404.47,Overdue,2024-10-07
9808,4700,2024-06-13,321.51,Overdue,2024-07-13
9809,9943,2024-12-19,254.54,Overdue,2025-01-18
9810,1325,2024-05-29,340.75,Paid,2024-06-28
9811,5091,2024-08-25,351.81,Due,2024-09-24
9812,2088,2025-03-28,30.38,Overdue,2025-04-27
9813,7356,2024-11-17,328.84,Overdue,2024-12-17
9814,1245,2024-05-04,161.29,Due,2024-06-03
9815,4426,2024-06-07,403.16,Due,2024-07-07
9816,7226,2024-07-06,289.78,Due,2024-08-05
9817,2215,2024-06-27,172.39,Paid,2024-07-27
9818,7454,2024-06-18,296.13,Due,2024-07-18
9819,4189,2025-01-22,100.54,Due,2025-02-21
9820,1803,2024-11-26,128.37,Paid,2024-12-26
9821,2097,2024-10-27,282.15,Overdue,2024-11-26
9822,9883,2024-05-19,85.23,Overdue,2024-06-18
9823,7861,2025-04-09,131.34,Overdue,2025-05-09
9824,9909,2025-02-04,40.07,Paid,2025-03-06
9825,262,2024-11-18,204.02,Paid,2024-12-18
9826,9228,2025-03-04,305.17,Overdue,2025-04-03
9827,3882,2025-02-20,175.22,Overdue,2025-03-22
9828,6198,2024-11-01,472.1,Overdue,2024-12-01
9829,7854,2024-12-29,324.57,Overdue,2025-01-28
9830,1992,2024-12-08,442.21,Paid,2025-01-07
9831,2546,2025-02-25,146.59,Due,2025-03-27
9832,7330,2024-06-03,194.9,Overdue,2024-07-03
9833,1541,2024-11-14,115.19,Overdue,2024-12-14
9834,8865,2025-04-29,29.0,Overdue,2025-05-29
9835,8944,2024-06-09,81.4,Due,2024-07-09
9836,5108,2025-02-02,77.42,Paid,2025-03-04
9837,4768,2024-05-25,289.23,Due,2024-06-24
9838,9108,2025-03-24,228.85,Overdue,2025-04-23
9839,4702,2024-06-29,473.5,Paid,2024-07-29
9840,341,2025-04-16,30.69,Due,2025-05-16
9841,3689,2024-05-30,265.35,Overdue,2024-06-29
9842,7184,2024-11-23,184.95,Paid,2024-12-23
9843,6169,2024-08-11,43.11,Paid,2024-09-10
9844,6868,2025-03-07,344.23,Paid,2025-04-06
9845,1325,2025-01-14,26.44,Paid,2025-02-13
9846,5730,2024-07-14,461.73,Due,2024-08-13
9847,8135,2025-04-03,28.93,Paid,2025-05-03
9848,6432,2024-11-25,375.87,Overdue,2024-12-25
9849,2766,2024-10-08,115.7,Due,2024-11-07
9850,3119,2024-10-22,292.4,Paid,2024-11-21
9851,8560,2024-08-08,92.02,Paid,2024-09-07
9852,7509,2025-04-06,275.67,Overdue,2025-05-06
9853,6127,2024-11-02,418.83,Paid,2024-12-02
9854,5587,2024-05-07,142.44,Paid,2024-06-06
9855,7794,2024-06-15,409.33,Paid,2024-07-15
9856,1188,2024-08-01,141.21,Overdue,2024-08-31
9857,1359,2024-12-01,477.68,Paid,2024-12-31
9858,3964,2024-06-29,394.61,Overdue,2024-07-29
9859,3110,2024-11-06,238.63,Due,2024-12-06
9860,6361,2024-11-09,86.57,Overdue,2024-12-09
9861,3133,2024-05-20,402.58,Due,2024-06-19
9862,9008,2024-12-15,450.48,Due,2025-01-14
9863,76,2024-09-07,351.59,Due,2024-10-07
9864,1986,2024-10-02,58.2,Paid,2024-11-01
9865,9139,2025-03-22,299.63,Due,2025-04-21
9866,710,2024-12-16,145.41,Due,2025-01-15
9867,7173,2025-02-21,321.83,Paid,2025-03-23
9868,5139,2025-04-21,342.03,Due,2025-05-21
9869,6932,2024-10-04,112.13,Due,2024-11-03
9870,2745,2025-01-31,475.95,Paid,2025-03-02
9871,8194,2024-07-20,168.37,Paid,2024-08-19
9872,6842,2024-11-17,485.58,Paid,2024-12-17
9873,1188,2025-01-01,34.52,Overdue,2025-01-31
9874,3980,2024-11-17,468.87,Due,2024-12-17
9875,2411,2025-03-16,185.75,Overdue,2025-04-15
9876,8923,2024-12-04,341.15,Paid,2025-01-03
9877,3800,2024-08-02,55.19,Paid,2024-09-01
9878,5830,2025-04-16,123.64,Due,2025-05-16
9879,6860,2024-07-28,213.43,Overdue,2024-08-27
9880,6552,2024-07-12,418.97,Overdue,2024-08-11
9881,1524,2024-10-04,481.75,Paid,2024-11-03
9882,3920,2024-08-25,69.45,Paid,2024-09-24
9883,1476,2024-11-20,333.82,Paid,2024-12-20
9884,1223,2025-02-18,166.1,Paid,2025-03-20
9885,2484,2024-08-11,27.12,Due,2024-09-10
9886,214,2024-09-11,403.27,Due,2024-10-11
9887,2139,2024-12-05,148.99,Overdue,2025-01-04
9888,9173,2024-05-23,248.63,Paid,2024-06-22
9889,3724,2024-07-03,406.14,Due,2024-08-02
9890,4172,2024-09-04,378.05,Overdue,2024-10-04
9891,7265,2024-12-21,122.31,Paid,2025-01-20
9892,3927,2024-10-26,475.19,Overdue,2024-11-25
9893,9413,2024-08-12,69.64,Paid,2024-09-11
9894,7746,2025-01-12,464.26,Due,2025-02-11
9895,1527,2025-02-19,16.91,Due,2025-03-21
9896,9034,2024-11-19,164.48,Paid,2024-12-19
9897,1117,2024-07-02,49.58,Paid,2024-08-01
9898,3445,2024-11-22,453.36,Paid,2024-12-22
9899,1585,2024-10-22,437.85,Overdue,2024-11-21
9900,1397,2024-05-19,426.31,Overdue,2024-06-18
9901,3887,2024-11-22,370.46,Due,2024-12-22
9902,4838,2024-06-05,178.37,Overdue,2024-07-05
9903,8360,2024-11-28,449.15,Paid,2024-12-28
9904,8482,2024-09-14,397.47,Overdue,2024-10-14
9905,8438,2025-01-18,371.53,Overdue,2025-02-17
9906,7932,2025-02-24,75.56,Paid,2025-03-26
9907,1212,2024-06-23,33.99,Overdue,2024-07-23
9908,3061,2024-07-04,375.01,Due,2024-08-03
9909,9690,2025-02-15,20.09,Paid,2025-03-17
9910,6255,2025-04-20,208.58,Due,2025-05-20
9911,1876,2024-07-26,14.57,Overdue,2024-08-25
9912,9065,2024-05-16,311.95,Due,2024-06-15
9913,9518,2024-09-26,98.44,Due,2024-10-26
9914,1242,2024-05-10,361.3,Paid,2024-06-09
9915,6704,2025-02-23,231.55,Due,2025-03-25
9916,2850,2024-08-27,432.1,Overdue,2024-09-26
9917,8240,2025-02-06,329.8,Overdue,2025-03-08
9918,7183,2024-07-16,398.22,Due,2024-08-15
9919,9882,2025-01-16,312.07,Overdue,2025-02-15
9920,4251,2024-07-04,197.38,Due,2024-08-03
9921,8571,2025-01-03,130.45,Overdue,2025-02-02
9922,3719,2024-05-25,235.95,Paid,2024-06-24
9923,4734,2025-01-07,85.43,Due,2025-02-06
9924,6526,2025-01-05,31.68,Overdue,2025-02-04
9925,837,2025-04-23,31.23,Paid,2025-05-23
9926,9312,2024-07-14,108.44,Overdue,2024-08-13
9927,8000,2024-12-02,78.81,Paid,2025-01-01
9928,4849,2024-07-18,186.24,Paid,2024-08-17
9929,2736,2025-04-07,268.14,Overdue,2025-05-07
9930,6550,2024-11-09,240.67,Overdue,2024-12-09
9931,3917,2024-10-27,138.46,Due,2024-11-26
9932,6918,2024-08-04,402.21,Overdue,2024-09-03
9933,4895,2024-09-05,310.15,Overdue,2024-10-05
9934,2827,2025-01-12,296.9,Paid,2025-02-11
9935,2851,2024-11-25,217.98,Paid,2024-12-25
9936,6440,2024-07-24,356.22,Overdue,2024-08-23
9937,5281,2024-08-06,246.93,Paid,2024-09-05
9938,6576,2024-10-09,408.08,Paid,2024-11-08
9939,9498,2024-08-13,135.34,Paid,2024-09-12
9940,3347,2024-06-10,177.67,Paid,2024-07-10
9941,8857,2025-04-12,110.73,Overdue,2025-05-12
9942,4399,2024-12-16,298.15,Paid,2025-01-15
9943,2881,2024-09-11,208.1,Due,2024-10-11
9944,5936,2024-12-06,56.6,Due,2025-01-05
9945,1147,2024-12-21,314.02,Due,2025-01-20
9946,5638,2024-10-04,91.38,Paid,2024-11-03
9947,3826,2024-06-30,50.2,Paid,2024-07-30
9948,7514,2025-04-23,217.57,Due,2025-05-23
9949,5283,2025-04-26,136.47,Overdue,2025-05-26
9950,4553,2024-07-26,273.38,Overdue,2024-08-25
9951,1941,2024-12-25,13.86,Due,2025-01-24
9952,2286,2024-06-26,390.39,Paid,2024-07-26
9953,3042,2024-06-14,360.09,Paid,2024-07-14
9954,9945,2024-12-27,397.98,Overdue,2025-01-26
9955,6698,2024-07-15,33.99,Overdue,2024-08-14
9956,2836,2025-04-04,33.67,Due,2025-05-04
9957,9640,2025-01-28,336.62,Overdue,2025-02-27
9958,7949,2024-08-05,12.83,Overdue,2024-09-04
9959,6624,2024-08-20,148.13,Due,2024-09-19
9960,747,2025-03-01,170.29,Due,2025-03-31
9961,3665,2024-06-27,436.15,Overdue,2024-07-27
9962,1816,2025-04-04,407.28,Due,2025-05-04
9963,4924,2024-12-31,421.54,Due,2025-01-30
9964,6834,2024-11-01,229.72,Overdue,2024-12-01
9965,6002,2024-07-09,96.17,Paid,2024-08-08
9966,5276,2024-05-25,241.92,Due,2024-06-24
9967,7738,2025-03-06,78.78,Overdue,2025-04-05
9968,7592,2024-05-01,207.27,Overdue,2024-05-31
9969,7715,2025-04-30,474.96,Due,2025-05-30
9970,3288,2024-05-06,336.93,Overdue,2024-06-05
9971,7485,2024-12-25,284.95,Due,2025-01-24
9972,7510,2024-07-27,444.58,Overdue,2024-08-26
9973,6179,2024-07-13,205.6,Paid,2024-08-12
9974,8133,2024-11-03,316.09,Overdue,2024-12-03
9975,2950,2024-08-21,35.56,Due,2024-09-20
9976,2749,2025-04-04,368.45,Overdue,2025-05-04
9977,9091,2024-05-25,494.44,Overdue,2024-06-24
9978,4989,2024-10-21,38.45,Paid,2024-11-20
9979,7169,2024-09-13,263.06,Due,2024-10-13
9980,1815,2024-08-24,189.6,Overdue,2024-09-23
9981,2777,2024-07-03,140.25,Due,2024-08-02
9982,5974,2024-08-14,299.09,Due,2024-09-13
9983,8215,2025-01-30,465.1,Due,2025-03-01
9984,949,2024-10-26,117.2,Paid,2024-11-25
9985,626,2024-08-25,323.38,Overdue,2024-09-24
9986,4352,2025-03-08,349.48,Due,2025-04-07
9987,4537,2025-01-15,331.44,Paid,2025-02-14
9988,2449,2025-01-24,348.02,Overdue,2025-02-23
9989,8698,2025-04-12,192.96,Due,2025-05-12
9990,2968,2024-05-20,279.03,Paid,2024-06-19
9991,6035,2024-10-19,203.4,Overdue,2024-11-18
9992,3884,2025-01-06,99.55,Overdue,2025-02-05
9993,145,2024-11-25,77.76,Paid,2024-12-25
9994,992,2024-12-25,198.41,Due,2025-01-24
9995,475,2025-04-04,415.69,Paid,2025-05-04
9996,3064,2024-11-04,145.26,Overdue,2024-12-04
9997,9089,2025-01-04,382.22,Due,2025-02-03
9998,5745,2024-08-29,345.7,Paid,2024-09-28
9999,944,2025-01-22,86.62,Overdue,2025-02-21
10000,1392,2024-11-03,53.67,Due,2024-12-03
10001,6414,2024-06-13,262.01,Due,2024-07-13
10002,5724,2024-10-09,191.0,Overdue,2024-11-08
10003,4357,2025-03-19,393.62,Due,2025-04-18
10004,4862,2024-10-25,397.75,Due,2024-11-24
10005,4309,2024-12-30,338.42,Due,2025-01-29
10006,6873,2025-04-17,166.54,Paid,2025-05-17
10007,8540,2025-01-23,368.33,Due,2025-02-22
10008,6831,2025-01-15,345.63,Due,2025-02-14
10009,4254,2024-07-05,104.61,Overdue,2024-08-04
10010,6868,2024-06-03,302.47,Paid,2024-07-03
10011,4410,2025-03-09,288.04,Paid,2025-04-08
10012,7338,2024-06-08,178.93,Due,2024-07-08
10013,3404,2024-05-24,426.6,Overdue,2024-06-23
10014,2380,2025-04-07,290.41,Due,2025-05-07
10015,2069,2025-04-16,436.88,Due,2025-05-16
10016,4988,2025-03-05,488.94,Due,2025-04-04
10017,2379,2024-08-27,341.26,Due,2024-09-26
10018,4922,2024-11-13,284.3,Due,2024-12-13
10019,5448,2024-06-28,340.74,Paid,2024-07-28
10020,4659,2024-08-08,267.82,Paid,2024-09-07
10021,2509,2025-01-16,232.88,Due,2025-02-15
10022,9767,2025-03-19,323.25,Overdue,2025-04-18
10023,5050,2025-04-19,465.95,Due,2025-05-19
10024,484,2025-03-30,158.24,Overdue,2025-04-29
10025,9938,2025-01-11,413.03,Paid,2025-02-10
10026,5188,2024-07-08,22.39,Due,2024-08-07
10027,9918,2024-12-26,190.99,Overdue,2025-01-25
10028,7258,2025-02-14,115.73,Paid,2025-03-16
10029,2360,2025-04-28,220.46,Overdue,2025-05-28
10030,5709,2024-12-02,350.31,Overdue,2025-01-01
10031,1695,2025-02-11,179.88,Overdue,2025-03-13
10032,5689,2024-12-08,247.47,Due,2025-01-07
10033,4402,2024-05-16,255.65,Overdue,2024-06-15
10034,955,2024-08-27,206.78,Overdue,2024-09-26
10035,8755,2024-07-29,155.11,Overdue,2024-08-28
10036,4083,2024-07-14,380.25,Due,2024-08-13
10037,7646,2024-11-12,473.88,Paid,2024-12-12
10038,2042,2025-04-08,401.12,Due,2025-05-08
10039,2719,2024-11-03,209.8,Paid,2024-12-03
10040,9466,2024-08-15,207.25,Paid,2024-09-14
10041,9741,2025-01-01,420.34,Paid,2025-01-31
10042,3594,2024-10-01,189.14,Due,2024-10-31
10043,5833,2025-04-05,323.28,Overdue,2025-05-05
10044,2252,2025-02-20,51.41,Due,2025-03-22
10045,6998,2024-06-18,229.43,Due,2024-07-18
10046,2295,2024-09-26,61.98,Overdue,2024-10-26
10047,9919,2024-12-11,334.45,Paid,2025-01-10
10048,952,2024-12-30,235.87,Paid,2025-01-29
10049,5501,2025-04-08,428.48,Paid,2025-05-08
10050,5195,2024-07-09,183.95,Paid,2024-08-08
10051,8138,2024-07-07,236.9,Paid,2024-08-06
10052,6660,2025-02-21,205.38,Overdue,2025-03-23
10053,1464,2025-02-27,267.17,Due,2025-03-29
10054,9713,2025-01-06,448.63,Due,2025-02-05
10055,6815,2024-09-16,54.79,Due,2024-10-16
10056,7166,2024-12-30,230.46,Due,2025-01-29
10057,3667,2025-03-25,10.05,Due,2025-04-24
10058,1112,2024-06-12,181.39,Due,2024-07-12
10059,1104,2025-03-26,228.17,Due,2025-04-25
10060,1699,2024-09-13,464.66,Overdue,2024-10-13
10061,6088,2024-10-20,273.33,Overdue,2024-11-19
10062,9163,2024-06-09,236.93,Paid,2024-07-09
10063,5342,2025-03-28,357.49,Overdue,2025-04-27
10064,2546,2024-08-03,174.61,Due,2024-09-02
10065,667,2024-06-02,363.27,Paid,2024-07-02
10066,426,2024-06-21,89.14,Due,2024-07-21
10067,9848,2024-12-18,262.2,Overdue,2025-01-17
10068,4454,2025-04-10,266.04,Due,2025-05-10
10069,2842,2025-02-09,344.98,Paid,2025-03-11
10070,8305,2024-11-06,101.15,Due,2024-12-06
10071,962,2024-07-24,394.19,Due,2024-08-23
10072,1945,2024-06-29,80.45,Due,2024-07-29
10073,3500,2025-03-03,92.36,Overdue,2025-04-02
10074,1233,2024-12-19,14.17,Overdue,2025-01-18
10075,1601,2024-08-30,275.36,Paid,2024-09-29
10076,7932,2024-06-25,116.33,Due,2024-07-25
10077,2054,2025-04-02,416.36,Paid,2025-05-02
10078,9043,2025-01-30,180.89,Due,2025-03-01
10079,2770,2024-07-23,391.72,Overdue,2024-08-22
10080,1161,2024-09-12,155.94,Due,2024-10-12
10081,3595,2024-09-11,131.97,Paid,2024-10-11
10082,4788,2024-11-24,191.87,Paid,2024-12-24
10083,7729,2024-11-22,186.52,Paid,2024-12-22
10084,7873,2024-10-31,322.22,Overdue,2024-11-30
10085,5229,2024-12-15,280.82,Paid,2025-01-14
10086,6475,2024-07-25,167.17,Overdue,2024-08-24
10087,17,2024-07-16,387.42,Paid,2024-08-15
10088,4745,2024-10-23,443.35,Due,2024-11-22
10089,4920,2025-02-12,463.97,Paid,2025-03-14
10090,311,2024-12-01,315.54,Paid,2024-12-31
10091,824,2025-02-09,79.55,Overdue,2025-03-11
10092,1201,2024-09-14,72.69,Paid,2024-10-14
10093,4066,2025-03-29,226.55,Paid,2025-04-28
10094,6483,2024-09-08,50.4,Overdue,2024-10-08
10095,8274,2024-12-03,317.0,Overdue,2025-01-02
10096,3841,2024-12-24,442.94,Overdue,2025-01-23
10097,9261,2025-03-09,120.37,Overdue,2025-04-08
10098,190,2025-04-08,428.51,Paid,2025-05-08
10099,3157,2024-11-10,10.73,Due,2024-12-10
10100,2495,2024-06-10,391.71,Paid,2024-07-10
10101,9273,2024-12-07,333.87,Paid,2025-01-06
10102,7253,2024-12-29,131.16,Due,2025-01-28
10103,2430,2024-11-04,412.41,Paid,2024-12-04
10104,3721,2024-11-17,158.26,Overdue,2024-12-17
10105,4006,2024-11-23,248.48,Paid,2024-12-23
10106,8351,2024-07-08,176.22,Overdue,2024-08-07
10107,6906,2024-10-11,56.16,Due,2024-11-10
10108,6390,2024-11-02,83.67,Overdue,2024-12-02
10109,2476,2024-12-24,450.36,Due,2025-01-23
10110,2738,2025-01-16,207.46,Due,2025-02-15
10111,6829,2024-09-15,254.64,Paid,2024-10-15
10112,6157,2025-02-28,290.9,Overdue,2025-03-30
10113,8998,2024-09-18,217.31,Due,2024-10-18
10114,1146,2025-02-18,67.72,Due,2025-03-20
10115,5694,2024-09-22,431.07,Paid,2024-10-22
10116,1888,2025-02-27,22.03,Due,2025-03-29
10117,2511,2024-07-21,27.98,Paid,2024-08-20
10118,7882,2025-01-23,493.77,Due,2025-02-22
10119,8074,2024-09-01,296.29,Overdue,2024-10-01
10120,645,2024-11-17,335.92,Paid,2024-12-17
10121,7423,2024-06-17,29.47,Paid,2024-07-17
10122,7040,2024-09-12,402.93,Paid,2024-10-12
10123,6362,2024-12-17,257.33,Due,2025-01-16
10124,4609,2025-02-01,55.78,Paid,2025-03-03
10125,4065,2024-07-19,336.25,Due,2024-08-18
10126,7594,2024-11-01,421.13,Due,2024-12-01
10127,8901,2024-12-25,401.6,Paid,2025-01-24
10128,5918,2025-02-11,470.35,Paid,2025-03-13
10129,686,2024-10-11,170.1,Overdue,2024-11-10
10130,287,2025-01-21,129.64,Paid,2025-02-20
10131,7996,2024-07-23,360.76,Due,2024-08-22
10132,9057,2025-01-18,186.83,Due,2025-02-17
10133,777,2024-05-19,46.33,Overdue,2024-06-18
10134,7168,2024-05-11,250.13,Paid,2024-06-10
10135,5060,2024-12-28,249.61,Overdue,2025-01-27
10136,3955,2024-05-07,464.88,Paid,2024-06-06
10137,8633,2024-08-24,371.99,Due,2024-09-23
10138,7891,2025-01-09,236.57,Overdue,2025-02-08
10139,6286,2024-06-22,234.45,Due,2024-07-22
10140,3529,2024-08-12,413.23,Due,2024-09-11
10141,1390,2025-01-11,214.55,Paid,2025-02-10
10142,6585,2024-09-24,424.56,Due,2024-10-24
10143,5793,2024-10-09,167.93,Due,2024-11-08
10144,7318,2025-01-08,215.19,Due,2025-02-07
10145,1270,2024-09-14,28.51,Paid,2024-10-14
10146,6946,2024-05-24,44.82,Paid,2024-06-23
10147,9943,2025-03-31,448.21,Paid,2025-04-30
10148,8849,2025-03-22,423.52,Paid,2025-04-21
10149,7240,2025-02-05,376.94,Paid,2025-03-07
10150,5222,2024-12-07,473.92,Overdue,2025-01-06
10151,5774,2024-10-13,71.64,Overdue,2024-11-12
10152,2113,2025-03-08,72.49,Paid,2025-04-07
10153,6234,2024-07-23,484.1,Due,2024-08-22
10154,7545,2024-11-21,481.92,Overdue,2024-12-21
10155,6776,2025-02-24,60.96,Paid,2025-03-26
10156,848,2025-04-02,471.61,Overdue,2025-05-02
10157,5719,2025-03-18,439.4,Due,2025-04-17
10158,4737,2024-07-31,17.92,Overdue,2024-08-30
10159,2956,2024-12-29,54.41,Paid,2025-01-28
10160,3817,2025-01-19,335.57,Overdue,2025-02-18
10161,2110,2025-01-14,205.4,Overdue,2025-02-13
10162,3720,2024-10-15,291.05,Overdue,2024-11-14
10163,6182,2025-03-14,392.95,Overdue,2025-04-13
10164,3790,2024-06-05,55.57,Due,2024-07-05
10165,3736,2024-09-14,396.5,Overdue,2024-10-14
10166,1301,2024-11-06,153.32,Due,2024-12-06
10167,7622,2024-05-26,229.97,Overdue,2024-06-25
10168,7976,2024-08-05,309.56,Due,2024-09-04
10169,7723,2025-01-08,425.48,Paid,2025-02-07
10170,835,2024-11-01,78.08,Due,2024-12-01
10171,8139,2025-02-09,419.69,Due,2025-03-11
10172,3202,2025-02-14,89.63,Paid,2025-03-16
10173,2306,2024-10-06,59.54,Overdue,2024-11-05
10174,5281,2024-11-09,226.37,Due,2024-12-09
10175,1927,2024-10-14,315.95,Overdue,2024-11-13
10176,9505,2024-07-08,395.18,Due,2024-08-07
10177,8770,2024-11-03,253.96,Paid,2024-12-03
10178,1281,2024-08-06,92.59,Overdue,2024-09-05
10179,5643,2025-02-09,275.83,Overdue,2025-03-11
10180,8991,2024-08-21,306.51,Paid,2024-09-20
10181,302,2025-03-23,90.04,Overdue,2025-04-22
10182,2351,2024-06-12,341.59,Overdue,2024-07-12
10183,3280,2025-04-29,21.83,Overdue,2025-05-29
10184,7739,2024-06-21,31.96,Due,2024-07-21
10185,432,2024-11-06,443.02,Due,2024-12-06
10186,1361,2024-12-11,42.83,Due,2025-01-10
10187,849,2024-10-04,231.22,Paid,2024-11-03
10188,4411,2024-10-11,381.87,Overdue,2024-11-10
10189,4307,2024-07-23,466.36,Paid,2024-08-22
10190,9726,2025-04-23,301.15,Overdue,2025-05-23
10191,6642,2024-12-21,131.95,Due,2025-01-20
10192,7223,2024-10-13,424.19,Overdue,2024-11-12
10193,9831,2024-06-27,293.62,Due,2024-07-27
10194,2270,2025-02-25,332.29,Due,2025-03-27
10195,3591,2025-04-10,80.72,Overdue,2025-05-10
10196,9154,2025-04-17,53.48,Overdue,2025-05-17
10197,284,2025-01-01,495.26,Due,2025-01-31
10198,3945,2024-10-17,454.34,Due,2024-11-16
10199,8873,2024-10-21,441.16,Overdue,2024-11-20
10200,9044,2024-12-24,85.91,Overdue,2025-01-23
10201,4801,2024-05-11,83.73,Overdue,2024-06-10
10202,1814,2024-05-10,202.75,Paid,2024-06-09
10203,2817,2024-10-26,204.89,Paid,2024-11-25
10204,7537,2024-12-14,43.33,Due,2025-01-13
10205,8179,2024-08-15,470.14,Overdue,2024-09-14
10206,6724,2024-08-28,425.07,Due,2024-09-27
10207,640,2025-02-26,367.6,Due,2025-03-28
10208,3215,2025-01-15,265.08,Overdue,2025-02-14
10209,1864,2024-05-08,207.98,Due,2024-06-07
10210,3080,2024-06-04,487.99,Paid,2024-07-04
10211,3829,2025-02-27,434.14,Paid,2025-03-29
10212,5178,2024-08-30,220.53,Due,2024-09-29
10213,8401,2024-09-05,46.68,Overdue,2024-10-05
10214,6399,2025-01-19,293.94,Paid,2025-02-18
10215,4637,2024-11-15,406.52,Overdue,2024-12-15
10216,417,2025-03-29,45.43,Overdue,2025-04-28
10217,5604,2025-02-07,96.28,Paid,2025-03-09
10218,2060,2025-03-04,453.13,Overdue,2025-04-03
10219,8031,2024-05-29,220.12,Overdue,2024-06-28
10220,4914,2024-08-14,189.3,Due,2024-09-13
10221,530,2024-07-28,399.32,Paid,2024-08-27
10222,4226,2024-09-28,199.08,Paid,2024-10-28
10223,8413,2024-09-28,394.75,Paid,2024-10-28
10224,2785,2024-09-09,87.01,Due,2024-10-09
10225,1333,2024-08-21,211.9,Due,2024-09-20
10226,8217,2025-01-18,153.34,Overdue,2025-02-17
10227,8224,2024-10-21,90.98,Due,2024-11-20
10228,7749,2025-03-02,203.71,Paid,2025-04-01
10229,7231,2025-01-20,350.99,Paid,2025-02-19
10230,2335,2024-12-23,276.76,Due,2025-01-22
10231,1087,2024-05-22,373.66,Paid,2024-06-21
10232,4074,2024-06-10,298.24,Overdue,2024-07-10
10233,4618,2024-07-08,241.07,Paid,2024-08-07
10234,216,2025-02-25,323.99,Due,2025-03-27
10235,5122,2024-05-16,489.34,Overdue,2024-06-15
10236,1776,2024-05-07,400.81,Overdue,2024-06-06
10237,5949,2024-08-01,252.37,Overdue,2024-08-31
10238,1291,2025-01-03,169.88,Due,2025-02-02
10239,169,2024-08-27,99.23,Paid,2024-09-26
10240,2432,2024-06-20,124.23,Overdue,2024-07-20
10241,2279,2024-07-31,323.84,Due,2024-08-30
10242,9981,2024-05-19,346.39,Paid,2024-06-18
10243,1159,2024-07-21,406.09,Overdue,2024-08-20
10244,829,2024-07-15,260.41,Overdue,2024-08-14
10245,2231,2025-03-23,362.06,Overdue,2025-04-22
10246,9824,2025-04-20,150.42,Overdue,2025-05-20
10247,4060,2025-04-23,389.35,Due,2025-05-23
10248,6832,2024-10-12,357.05,Due,2024-11-11
10249,182,2024-09-15,369.45,Overdue,2024-10-15
10250,2212,2025-01-16,320.54,Paid,2025-02-15
10251,286,2024-12-19,484.52,Due,2025-01-18
10252,4348,2024-08-28,391.45,Paid,2024-09-27
10253,5351,2024-05-17,426.49,Overdue,2024-06-16
10254,7465,2024-05-01,422.03,Overdue,2024-05-31
10255,7970,2024-07-20,304.12,Overdue,2024-08-19
10256,7363,2025-02-10,48.23,Overdue,2025-03-12
10257,822,2024-05-12,118.27,Overdue,2024-06-11
10258,5889,2024-10-03,252.01,Paid,2024-11-02
10259,2187,2024-10-04,16.22,Paid,2024-11-03
10260,7542,2025-03-27,433.83,Overdue,2025-04-26
10261,2708,2025-01-30,261.54,Due,2025-03-01
10262,6848,2025-01-15,38.24,Overdue,2025-02-14
10263,4229,2024-06-30,127.51,Paid,2024-07-30
10264,8683,2025-03-20,93.07,Due,2025-04-19
10265,1438,2024-10-04,284.1,Paid,2024-11-03
10266,3121,2024-05-25,456.97,Due,2024-06-24
10267,2197,2024-10-17,166.55,Paid,2024-11-16
10268,6926,2024-12-01,152.89,Overdue,2024-12-31
10269,2516,2024-11-12,467.21,Paid,2024-12-12
10270,651,2025-03-01,92.33,Overdue,2025-03-31
10271,9203,2024-11-28,497.55,Due,2024-12-28
10272,9839,2024-05-23,323.95,Overdue,2024-06-22
10273,4956,2024-05-05,304.54,Due,2024-06-04
10274,2038,2025-02-24,390.2,Overdue,2025-03-26
10275,591,2025-02-05,151.3,Due,2025-03-07
10276,6009,2025-02-27,412.15,Due,2025-03-29
10277,2762,2024-07-18,346.41,Overdue,2024-08-17
10278,1763,2024-12-30,349.13,Paid,2025-01-29
10279,3714,2024-06-19,144.35,Due,2024-07-19
10280,2250,2025-02-23,139.36,Paid,2025-03-25
10281,3598,2025-03-26,403.94,Due,2025-04-25
10282,208,2025-02-01,174.26,Due,2025-03-03
10283,6365,2025-01-23,227.19,Paid,2025-02-22
10284,5463,2024-05-06,396.68,Due,2024-06-05
10285,8117,2024-06-27,408.82,Due,2024-07-27
10286,7637,2025-02-08,209.37,Due,2025-03-10
10287,5382,2024-07-23,284.65,Due,2024-08-22
10288,3473,2024-12-27,251.15,Paid,2025-01-26
10289,4272,2024-08-01,109.15,Paid,2024-08-31
10290,4710,2024-06-19,107.3,Paid,2024-07-19
10291,2373,2024-08-02,496.57,Overdue,2024-09-01
10292,7469,2024-05-20,209.28,Due,2024-06-19
10293,9754,2025-04-27,138.12,Paid,2025-05-27
10294,7281,2025-04-16,404.61,Overdue,2025-05-16
10295,7157,2025-02-26,32.04,Due,2025-03-28
10296,1610,2024-12-07,312.78,Due,2025-01-06
10297,5441,2025-04-10,212.24,Overdue,2025-05-10
10298,6032,2024-06-09,30.47,Paid,2024-07-09
10299,2544,2024-07-28,131.85,Overdue,2024-08-27
10300,8714,2024-07-31,39.79,Due,2024-08-30
10301,1654,2024-12-07,212.93,Overdue,2025-01-06
10302,5058,2024-06-30,121.06,Overdue,2024-07-30
10303,4648,2024-10-20,206.14,Due,2024-11-19
10304,1607,2024-11-15,36.29,Due,2024-12-15
10305,5730,2025-04-01,265.66,Due,2025-05-01
10306,7317,2024-06-29,138.06,Paid,2024-07-29
10307,1432,2024-05-08,250.16,Overdue,2024-06-07
10308,8151,2025-02-08,413.31,Paid,2025-03-10
10309,6771,2024-05-01,38.72,Paid,2024-05-31
10310,8168,2024-08-23,282.18,Overdue,2024-09-22
10311,6985,2025-04-08,104.15,Due,2025-05-08
10312,8449,2025-03-06,53.37,Overdue,2025-04-05
10313,6619,2024-09-15,171.02,Due,2024-10-15
10314,1955,2025-03-17,206.69,Overdue,2025-04-16
10315,3200,2025-04-04,111.91,Paid,2025-05-04
10316,6916,2024-09-15,317.32,Overdue,2024-10-15
10317,9975,2024-07-10,135.03,Due,2024-08-09
10318,3544,2025-03-30,304.86,Due,2025-04-29
10319,7222,2024-06-18,234.46,Overdue,2024-07-18
10320,6240,2025-04-15,111.91,Paid,2025-05-15
10321,5205,2025-01-31,116.04,Due,2025-03-02
10322,7350,2024-06-14,97.03,Overdue,2024-07-14
10323,266,2024-06-28,420.19,Due,2024-07-28
10324,3372,2024-08-15,352.26,Paid,2024-09-14
10325,5995,2025-01-08,225.48,Overdue,2025-02-07
10326,3917,2024-07-12,138.77,Overdue,2024-08-11
10327,6645,2024-07-31,236.57,Due,2024-08-30
10328,3376,2024-08-31,191.22,Overdue,2024-09-30
10329,1811,2025-03-31,57.48,Due,2025-04-30
10330,3317,2025-02-03,131.29,Overdue,2025-03-05
10331,9807,2025-01-08,123.26,Overdue,2025-02-07
10332,8923,2025-02-23,112.16,Due,2025-03-25
10333,1897,2024-07-22,296.24,Paid,2024-08-21
10334,8293,2024-10-05,416.09,Overdue,2024-11-04
10335,720,2024-07-24,13.45,Overdue,2024-08-23
10336,4823,2024-05-23,335.11,Paid,2024-06-22
10337,8415,2024-10-27,270.48,Overdue,2024-11-26
10338,8868,2024-05-11,189.69,Due,2024-06-10
10339,8792,2025-01-21,139.83,Due,2025-02-20
10340,8832,2024-08-31,263.41,Paid,2024-09-30
10341,6610,2024-11-27,215.46,Overdue,2024-12-27
10342,6921,2024-05-16,210.59,Overdue,2024-06-15
10343,4102,2025-02-18,362.57,Due,2025-03-20
10344,3506,2025-01-01,190.53,Overdue,2025-01-31
10345,3416,2024-12-31,345.68,Overdue,2025-01-30
10346,1046,2025-04-07,468.71,Overdue,2025-05-07
10347,7171,2024-11-26,182.85,Due,2024-12-26
10348,2946,2025-04-16,235.68,Due,2025-05-16
10349,9453,2024-09-16,375.7,Paid,2024-10-16
10350,639,2024-10-13,52.9,Overdue,2024-11-12
10351,5030,2024-08-03,297.96,Due,2024-09-02
10352,8160,2024-05-21,65.73,Paid,2024-06-20
10353,7077,2025-04-05,250.7,Overdue,2025-05-05
10354,5313,2025-03-27,370.34,Overdue,2025-04-26
10355,7642,2024-12-14,182.87,Overdue,2025-01-13
10356,3839,2025-03-31,55.37,Overdue,2025-04-30
10357,9795,2025-03-06,454.14,Due,2025-04-05
10358,9835,2025-03-08,295.4,Due,2025-04-07
10359,4070,2024-07-24,227.56,Overdue,2024-08-23
10360,8281,2024-08-28,71.48,Due,2024-09-27
10361,3575,2025-03-19,304.07,Overdue,2025-04-18
10362,2206,2024-06-05,104.23,Overdue,2024-07-05
10363,463,2024-04-30,57.33,Overdue,2024-05-30
10364,2632,2025-01-11,436.22,Paid,2025-02-10
10365,8322,2025-03-01,128.22,Overdue,2025-03-31
10366,3548,2024-07-19,176.52,Due,2024-08-18
10367,1,2024-10-05,55.32,Overdue,2024-11-04
10368,6838,2024-06-07,272.13,Paid,2024-07-07
10369,2121,2024-11-20,363.97,Due,2024-12-20
10370,8278,2024-09-09,311.73,Paid,2024-10-09
10371,7339,2024-05-13,344.44,Due,2024-06-12
10372,6128,2024-12-11,235.16,Due,2025-01-10
10373,7029,2024-11-07,241.53,Overdue,2024-12-07
10374,4518,2024-10-04,151.87,Due,2024-11-03
10375,467,2024-06-29,181.59,Overdue,2024-07-29
10376,6169,2024-07-03,256.07,Overdue,2024-08-02
10377,901,2024-10-10,339.09,Overdue,2024-11-09
10378,7721,2024-08-02,325.97,Due,2024-09-01
10379,4058,2025-03-21,110.92,Due,2025-04-20
10380,8062,2024-08-22,148.76,Paid,2024-09-21
10381,6428,2024-07-18,276.59,Paid,2024-08-17
10382,4079,2024-12-26,445.0,Paid,2025-01-25
10383,468,2024-09-23,135.9,Paid,2024-10-23
10384,6944,2024-05-05,30.53,Overdue,2024-06-04
10385,1109,2025-03-05,83.99,Overdue,2025-04-04
10386,8844,2025-01-22,86.96,Paid,2025-02-21
10387,4135,2025-01-27,249.2,Paid,2025-02-26
10388,1195,2025-01-18,43.86,Due,2025-02-17
10389,4349,2024-10-11,40.87,Overdue,2024-11-10
10390,8029,2024-07-01,228.34,Overdue,2024-07-31
10391,9593,2024-12-23,354.46,Paid,2025-01-22
10392,2355,2025-02-22,248.48,Paid,2025-03-24
10393,4551,2025-01-03,342.19,Overdue,2025-02-02
10394,4195,2024-09-24,140.4,Due,2024-10-24
10395,4493,2024-06-26,156.48,Due,2024-07-26
10396,9635,2025-02-05,434.36,Paid,2025-03-07
10397,8123,2024-11-11,80.56,Due,2024-12-11
10398,1771,2025-03-16,34.56,Overdue,2025-04-15
10399,9591,2024-10-07,130.55,Paid,2024-11-06
10400,1291,2024-08-25,383.48,Due,2024-09-24
10401,1297,2025-04-30,131.13,Paid,2025-05-30
10402,2819,2025-01-21,449.66,Overdue,2025-02-20
10403,4873,2024-07-26,456.17,Due,2024-08-25
10404,3886,2024-09-08,480.59,Paid,2024-10-08
10405,9980,2024-11-27,72.88,Paid,2024-12-27
10406,4360,2024-06-06,460.07,Overdue,2024-07-06
10407,4107,2025-01-11,468.31,Paid,2025-02-10
10408,5450,2025-04-10,334.54,Overdue,2025-05-10
10409,3023,2025-04-17,72.06,Paid,2025-05-17
10410,3718,2024-08-06,321.51,Paid,2024-09-05
10411,6474,2024-09-16,305.08,Overdue,2024-10-16
10412,5127,2024-07-10,84.29,Due,2024-08-09
10413,6788,2024-07-03,368.85,Due,2024-08-02
10414,392,2025-01-30,98.21,Due,2025-03-01
10415,4326,2025-01-04,179.3,Paid,2025-02-03
10416,6693,2024-10-13,427.14,Due,2024-11-12
10417,7312,2025-01-10,135.87,Overdue,2025-02-09
10418,8798,2024-10-12,393.84,Paid,2024-11-11
10419,4596,2025-01-18,365.18,Overdue,2025-02-17
10420,7214,2024-07-20,261.81,Overdue,2024-08-19
10421,3189,2025-02-12,490.19,Overdue,2025-03-14
10422,4153,2024-05-03,220.28,Due,2024-06-02
10423,4950,2025-04-12,290.35,Paid,2025-05-12
10424,9613,2024-06-12,192.81,Paid,2024-07-12
10425,6113,2024-09-25,472.72,Paid,2024-10-25
10426,2445,2024-06-22,352.26,Due,2024-07-22
10427,5485,2024-12-06,167.64,Overdue,2025-01-05
10428,160,2024-07-07,23.45,Due,2024-08-06
10429,1010,2024-06-24,308.35,Paid,2024-07-24
10430,451,2025-01-24,74.69,Paid,2025-02-23
10431,2659,2024-05-13,204.65,Due,2024-06-12
10432,2789,2025-03-29,81.48,Due,2025-04-28
10433,1941,2024-12-19,31.48,Due,2025-01-18
10434,7675,2025-01-10,184.69,Due,2025-02-09
10435,8783,2024-10-07,315.07,Due,2024-11-06
10436,6372,2025-03-13,400.6,Due,2025-04-12
10437,4060,2024-10-11,469.81,Overdue,2024-11-10
10438,8265,2024-07-04,423.38,Overdue,2024-08-03
10439,1999,2024-08-02,39.12,Paid,2024-09-01
10440,4012,2025-04-29,163.73,Overdue,2025-05-29
10441,6123,2024-05-12,216.18,Overdue,2024-06-11
10442,7887,2024-06-09,149.17,Due,2024-07-09
10443,4382,2024-06-30,265.25,Due,2024-07-30
10444,9472,2024-11-08,100.67,Due,2024-12-08
10445,390,2025-04-03,214.72,Paid,2025-05-03
10446,3894,2025-03-02,417.39,Due,2025-04-01
10447,6748,2025-04-07,430.68,Due,2025-05-07
10448,287,2025-01-14,22.81,Paid,2025-02-13
10449,1685,2025-02-01,356.55,Due,2025-03-03
10450,8377,2025-04-20,294.51,Overdue,2025-05-20
10451,1422,2024-05-19,322.48,Paid,2024-06-18
10452,2915,2024-09-11,153.83,Paid,2024-10-11
10453,4288,2025-02-18,440.19,Overdue,2025-03-20
10454,8526,2025-01-23,317.15,Overdue,2025-02-22
10455,9542,2024-09-24,19.14,Paid,2024-10-24
10456,8633,2024-06-26,198.54,Overdue,2024-07-26
10457,891,2025-03-23,86.76,Paid,2025-04-22
10458,2459,2024-09-02,353.37,Overdue,2024-10-02
10459,5349,2024-09-23,272.81,Paid,2024-10-23
10460,5810,2025-02-12,244.68,Due,2025-03-14
10461,9445,2024-06-06,332.94,Due,2024-07-06
10462,7747,2024-11-24,489.44,Paid,2024-12-24
10463,8102,2024-07-28,66.4,Paid,2024-08-27
10464,1836,2025-04-10,366.06,Due,2025-05-10
10465,6050,2024-08-28,184.51,Overdue,2024-09-27
10466,2762,2024-07-13,354.55,Overdue,2024-08-12
10467,1003,2025-01-19,287.41,Due,2025-02-18
10468,9885,2025-03-18,351.32,Due,2025-04-17
10469,9003,2024-11-04,201.31,Overdue,2024-12-04
10470,8951,2024-09-04,106.35,Overdue,2024-10-04
10471,8583,2025-03-01,319.59,Overdue,2025-03-31
10472,2088,2024-10-13,39.99,Due,2024-11-12
10473,4075,2024-06-19,307.08,Overdue,2024-07-19
10474,3285,2024-06-26,235.11,Due,2024-07-26
10475,2287,2025-01-16,150.42,Paid,2025-02-15
10476,863,2024-07-02,234.32,Paid,2024-08-01
10477,8947,2025-02-08,484.22,Paid,2025-03-10
10478,6156,2024-08-17,166.13,Overdue,2024-09-16
10479,1312,2025-04-28,287.38,Due,2025-05-28
10480,3066,2025-04-25,395.4,Paid,2025-05-25
10481,4394,2024-12-22,407.71,Paid,2025-01-21
10482,3287,2025-01-17,411.29,Due,2025-02-16
10483,3084,2024-08-19,380.91,Paid,2024-09-18
10484,3708,2025-01-10,69.81,Due,2025-02-09
10485,7695,2024-12-29,357.07,Due,2025-01-28
10486,5794,2024-05-03,232.6,Due,2024-06-02
10487,4013,2024-05-06,258.29,Due,2024-06-05
10488,4309,2024-09-30,301.1,Paid,2024-10-30
10489,7311,2025-02-02,410.95,Paid,2025-03-04
10490,3833,2024-07-25,284.36,Overdue,2024-08-24
10491,2773,2024-10-15,369.91,Paid,2024-11-14
10492,2267,2024-11-10,302.53,Overdue,2024-12-10
10493,6320,2025-03-01,97.3,Paid,2025-03-31
10494,7219,2024-06-23,380.47,Paid,2024-07-23
10495,3683,2024-05-17,308.42,Paid,2024-06-16
10496,1761,2024-05-20,430.66,Overdue,2024-06-19
10497,1846,2025-01-27,85.18,Overdue,2025-02-26
10498,1715,2025-03-15,29.62,Paid,2025-04-14
10499,9401,2024-10-22,379.44,Overdue,2024-11-21
10500,4924,2024-10-31,244.85,Due,2024-11-30
10501,1003,2024-05-31,205.48,Due,2024-06-30
10502,4490,2025-04-22,439.17,Paid,2025-05-22
10503,4105,2025-02-28,472.85,Paid,2025-03-30
10504,7133,2025-04-26,478.54,Paid,2025-05-26
10505,186,2024-06-09,301.87,Paid,2024-07-09
10506,3850,2024-10-26,259.51,Overdue,2024-11-25
10507,9723,2024-07-14,11.51,Due,2024-08-13
10508,4912,2024-10-26,327.2,Overdue,2024-11-25
10509,6828,2024-06-11,347.25,Paid,2024-07-11
10510,7349,2024-09-10,251.48,Paid,2024-10-10
10511,9788,2024-09-24,122.7,Due,2024-10-24
10512,4100,2024-07-06,59.32,Due,2024-08-05
10513,5607,2024-09-13,325.52,Due,2024-10-13
10514,9506,2025-01-05,344.18,Due,2025-02-04
10515,6843,2025-02-09,30.72,Overdue,2025-03-11
10516,3389,2024-06-29,487.38,Overdue,2024-07-29
10517,7404,2024-10-17,41.1,Due,2024-11-16
10518,8637,2024-08-25,459.09,Due,2024-09-24
10519,4959,2024-10-06,200.3,Overdue,2024-11-05
10520,8685,2024-09-12,419.72,Due,2024-10-12
10521,7756,2024-05-11,268.47,Paid,2024-06-10
10522,3620,2024-06-12,328.09,Paid,2024-07-12
10523,4475,2024-11-27,426.14,Paid,2024-12-27
10524,8804,2025-02-08,67.0,Paid,2025-03-10
10525,4820,2024-06-03,383.43,Overdue,2024-07-03
10526,9892,2025-04-19,95.98,Paid,2025-05-19
10527,5087,2024-05-16,199.78,Due,2024-06-15
10528,5717,2024-11-16,344.79,Overdue,2024-12-16
10529,3014,2024-09-07,454.77,Due,2024-10-07
10530,4502,2025-03-23,336.44,Due,2025-04-22
10531,7718,2024-07-15,50.48,Paid,2024-08-14
10532,6628,2024-09-09,429.23,Overdue,2024-10-09
10533,6821,2024-04-30,334.98,Paid,2024-05-30
10534,1133,2025-04-05,220.2,Overdue,2025-05-05
10535,822,2024-04-30,231.18,Paid,2024-05-30
10536,8368,2024-06-02,235.83,Due,2024-07-02
10537,8704,2025-01-30,359.35,Due,2025-03-01
10538,7094,2024-07-18,439.4,Paid,2024-08-17
10539,1102,2024-07-06,429.34,Overdue,2024-08-05
10540,8571,2025-02-18,483.59,Due,2025-03-20
10541,116,2024-11-08,369.06,Overdue,2024-12-08
10542,4167,2025-03-13,210.35,Paid,2025-04-12
10543,7914,2024-06-10,131.9,Due,2024-07-10
10544,5566,2024-08-15,334.07,Overdue,2024-09-14
10545,7265,2025-03-19,263.62,Paid,2025-04-18
10546,7079,2024-09-29,212.31,Due,2024-10-29
10547,7719,2024-09-15,394.18,Paid,2024-10-15
10548,3703,2024-05-02,144.5,Overdue,2024-06-01
10549,7749,2024-06-09,341.27,Overdue,2024-07-09
10550,5893,2024-10-15,213.35,Overdue,2024-11-14
10551,5405,2024-10-26,423.56,Overdue,2024-11-25
10552,7739,2024-08-02,387.67,Overdue,2024-09-01
10553,5511,2024-11-15,140.9,Paid,2024-12-15
10554,3478,2025-01-02,113.85,Paid,2025-02-01
10555,3803,2024-07-27,498.49,Paid,2024-08-26
10556,332,2025-03-02,70.99,Due,2025-04-01
10557,5720,2024-09-09,122.62,Due,2024-10-09
10558,816,2024-08-25,177.8,Paid,2024-09-24
10559,8451,2025-01-07,157.76,Overdue,2025-02-06
10560,9554,2024-05-18,494.43,Due,2024-06-17
10561,591,2024-08-13,466.23,Due,2024-09-12
10562,9120,2024-06-01,88.72,Paid,2024-07-01
10563,9736,2024-07-24,20.18,Overdue,2024-08-23
10564,7685,2024-06-27,431.8,Paid,2024-07-27
10565,324,2025-02-11,296.8,Overdue,2025-03-13
10566,1094,2024-10-19,233.53,Paid,2024-11-18
10567,9483,2025-01-06,92.75,Overdue,2025-02-05
10568,1549,2024-10-03,352.46,Due,2024-11-02
10569,5047,2025-03-23,147.03,Paid,2025-04-22
10570,7018,2024-06-30,211.48,Overdue,2024-07-30
10571,4019,2025-02-22,24.17,Due,2025-03-24
10572,4517,2024-08-29,19.21,Overdue,2024-09-28
10573,5379,2025-03-28,223.09,Paid,2025-04-27
10574,7094,2024-09-29,124.26,Overdue,2024-10-29
10575,3478,2024-06-13,42.34,Overdue,2024-07-13
10576,5483,2025-03-30,179.72,Paid,2025-04-29
10577,2200,2024-10-02,21.94,Paid,2024-11-01
10578,2117,2024-08-12,55.14,Overdue,2024-09-11
10579,6632,2024-05-11,467.48,Paid,2024-06-10
10580,3726,2024-08-20,27.11,Due,2024-09-19
10581,2255,2024-07-08,268.37,Overdue,2024-08-07
10582,9064,2024-08-13,78.61,Overdue,2024-09-12
10583,1391,2025-04-17,73.86,Overdue,2025-05-17
10584,867,2024-12-09,24.25,Due,2025-01-08
10585,4881,2024-10-23,271.02,Paid,2024-11-22
10586,3685,2024-12-25,110.43,Paid,2025-01-24
10587,2346,2024-09-09,48.74,Due,2024-10-09
10588,8795,2024-10-14,42.11,Overdue,2024-11-13
10589,2693,2024-05-27,316.72,Paid,2024-06-26
10590,5936,2024-09-27,86.3,Overdue,2024-10-27
10591,137,2025-01-28,389.17,Overdue,2025-02-27
10592,3126,2024-10-14,418.68,Overdue,2024-11-13
10593,8723,2024-05-26,495.22,Due,2024-06-25
10594,893,2024-08-19,32.35,Paid,2024-09-18
10595,7820,2024-07-30,160.79,Paid,2024-08-29
10596,387,2024-06-19,86.47,Due,2024-07-19
10597,1653,2024-10-08,478.72,Overdue,2024-11-07
10598,1165,2024-05-22,154.86,Overdue,2024-06-21
10599,3573,2024-11-16,117.8,Due,2024-12-16
10600,9110,2024-09-21,387.69,Overdue,2024-10-21
10601,7990,2025-02-07,350.53,Due,2025-03-09
10602,4206,2024-06-23,236.58,Due,2024-07-23
10603,8869,2024-06-13,60.54,Overdue,2024-07-13
10604,934,2024-07-26,129.98,Overdue,2024-08-25
10605,8423,2024-11-20,354.28,Due,2024-12-20
10606,4859,2025-03-08,22.69,Due,2025-04-07
10607,2509,2024-08-23,46.96,Due,2024-09-22
10608,4423,2024-06-25,205.11,Due,2024-07-25
10609,6595,2024-07-07,256.3,Overdue,2024-08-06
10610,2476,2024-10-03,377.62,Paid,2024-11-02
10611,8667,2024-12-19,307.32,Due,2025-01-18
10612,9684,2024-08-18,281.34,Overdue,2024-09-17
10613,4111,2024-09-27,475.76,Overdue,2024-10-27
10614,7488,2024-08-02,177.92,Paid,2024-09-01
10615,3449,2025-03-14,173.99,Paid,2025-04-13
10616,431,2025-02-07,419.95,Due,2025-03-09
10617,4020,2025-02-17,75.09,Paid,2025-03-19
10618,8580,2024-09-05,378.08,Overdue,2024-10-05
10619,8918,2024-06-07,159.1,Overdue,2024-07-07
10620,735,2024-11-16,120.42,Overdue,2024-12-16
10621,4189,2024-09-28,81.23,Paid,2024-10-28
10622,903,2024-09-23,52.79,Paid,2024-10-23
10623,7111,2024-09-02,218.89,Due,2024-10-02
10624,8388,2024-12-14,166.35,Due,2025-01-13
10625,6218,2024-08-31,42.41,Overdue,2024-09-30
10626,4615,2025-03-02,213.2,Due,2025-04-01
10627,4430,2024-08-12,131.91,Overdue,2024-09-11
10628,4347,2025-04-28,172.85,Overdue,2025-05-28
10629,3283,2025-03-30,76.94,Due,2025-04-29
10630,1807,2024-11-07,406.91,Overdue,2024-12-07
10631,7337,2025-03-04,476.0,Due,2025-04-03
10632,9439,2024-12-29,345.42,Paid,2025-01-28
10633,7106,2025-01-14,351.41,Due,2025-02-13
10634,6415,2024-09-12,180.77,Paid,2024-10-12
10635,4789,2024-05-19,430.84,Paid,2024-06-18
10636,6048,2025-04-30,388.75,Due,2025-05-30
10637,8059,2025-01-29,315.67,Due,2025-02-28
10638,3382,2024-06-08,165.59,Overdue,2024-07-08
10639,1694,2025-04-23,264.06,Due,2025-05-23
10640,7808,2024-09-24,285.66,Paid,2024-10-24
10641,8237,2024-05-08,208.14,Paid,2024-06-07
10642,5051,2025-01-18,83.91,Paid,2025-02-17
10643,8205,2024-07-18,374.9,Overdue,2024-08-17
10644,2502,2024-11-24,31.85,Paid,2024-12-24
10645,3962,2024-07-30,477.09,Paid,2024-08-29
10646,3975,2024-06-05,284.4,Overdue,2024-07-05
10647,5061,2024-06-15,336.02,Due,2024-07-15
10648,1503,2024-10-31,371.6,Due,2024-11-30
10649,5465,2024-09-21,83.22,Overdue,2024-10-21
10650,5617,2024-08-29,366.05,Due,2024-09-28
10651,7506,2024-07-06,145.15,Overdue,2024-08-05
10652,7816,2024-08-13,267.84,Paid,2024-09-12
10653,7696,2024-06-18,300.29,Paid,2024-07-18
10654,2265,2025-02-12,470.19,Paid,2025-03-14
10655,8228,2024-10-01,225.29,Paid,2024-10-31
10656,6920,2024-12-26,23.21,Overdue,2025-01-25
10657,9614,2025-04-21,117.79,Paid,2025-05-21
10658,7593,2025-01-20,239.04,Paid,2025-02-19
10659,265,2024-07-27,436.17,Due,2024-08-26
10660,8002,2024-12-25,385.99,Overdue,2025-01-24
10661,5392,2025-02-05,348.71,Due,2025-03-07
10662,2395,2024-05-04,105.2,Due,2024-06-03
10663,4110,2024-10-05,215.44,Due,2024-11-04
10664,8424,2025-01-15,331.23,Due,2025-02-14
10665,2933,2024-10-12,292.28,Due,2024-11-11
10666,7484,2024-07-06,108.99,Paid,2024-08-05
10667,2025,2024-11-17,58.87,Overdue,2024-12-17
10668,3197,2025-02-05,378.59,Paid,2025-03-07
10669,3221,2024-11-24,254.02,Due,2024-12-24
10670,2914,2025-03-14,372.17,Paid,2025-04-13
10671,1136,2025-04-13,370.19,Due,2025-05-13
10672,2994,2024-08-25,325.63,Paid,2024-09-24
10673,3986,2024-06-27,335.66,Overdue,2024-07-27
10674,5519,2025-02-18,448.22,Paid,2025-03-20
10675,3139,2025-02-10,274.95,Due,2025-03-12
10676,4417,2024-06-17,12.56,Due,2024-07-17
10677,8879,2024-10-14,338.5,Paid,2024-11-13
10678,9646,2024-10-23,45.87,Overdue,2024-11-22
10679,4394,2024-07-09,287.71,Due,2024-08-08
10680,8227,2025-04-29,391.09,Paid,2025-05-29
10681,5049,2024-08-23,64.35,Paid,2024-09-22
10682,1815,2024-06-29,24.31,Due,2024-07-29
10683,7049,2025-01-08,169.31,Due,2025-02-07
10684,309,2025-03-07,390.91,Due,2025-04-06
10685,6100,2024-06-02,355.87,Due,2024-07-02
10686,5568,2024-09-03,22.77,Due,2024-10-03
10687,8185,2024-09-05,412.86,Due,2024-10-05
10688,710,2024-05-07,495.11,Overdue,2024-06-06
10689,9123,2025-04-09,261.05,Overdue,2025-05-09
10690,2027,2024-10-08,186.36,Due,2024-11-07
10691,6582,2025-04-28,308.1,Overdue,2025-05-28
10692,2313,2025-03-13,142.45,Paid,2025-04-12
10693,7770,2025-04-22,310.68,Paid,2025-05-22
10694,660,2024-06-03,434.43,Due,2024-07-03
10695,6635,2024-06-04,226.51,Overdue,2024-07-04
10696,9338,2025-04-12,469.69,Due,2025-05-12
10697,7943,2025-04-27,112.45,Paid,2025-05-27
10698,3939,2024-06-11,168.63,Paid,2024-07-11
10699,2459,2024-10-29,265.49,Overdue,2024-11-28
10700,2599,2024-08-26,68.8,Overdue,2024-09-25
10701,8812,2025-01-15,174.8,Due,2025-02-14
10702,1727,2024-09-21,77.41,Paid,2024-10-21
10703,9917,2024-10-04,28.53,Overdue,2024-11-03
10704,6898,2025-04-10,325.26,Paid,2025-05-10
10705,6785,2024-10-10,344.79,Overdue,2024-11-09
10706,569,2025-01-28,58.26,Paid,2025-02-27
10707,4390,2025-04-02,343.73,Paid,2025-05-02
10708,4872,2024-09-17,429.11,Paid,2024-10-17
10709,585,2024-05-12,297.82,Due,2024-06-11
10710,7483,2025-03-22,285.42,Due,2025-04-21
10711,4390,2025-02-16,162.72,Paid,2025-03-18
10712,2793,2024-10-10,211.66,Overdue,2024-11-09
10713,2692,2024-11-30,181.59,Due,2024-12-30
10714,1662,2025-04-13,115.43,Paid,2025-05-13
10715,914,2025-04-18,37.72,Paid,2025-05-18
10716,1848,2025-04-05,267.89,Due,2025-05-05
10717,9370,2025-03-28,348.41,Paid,2025-04-27
10718,2436,2024-06-01,491.06,Overdue,2024-07-01
10719,914,2025-02-09,214.46,Paid,2025-03-11
10720,6367,2024-11-19,222.68,Due,2024-12-19
10721,3702,2024-05-09,209.1,Paid,2024-06-08
10722,8147,2024-10-07,12.46,Due,2024-11-06
10723,8803,2024-09-20,196.92,Due,2024-10-20
10724,3384,2024-10-03,71.34,Paid,2024-11-02
10725,6569,2025-02-26,39.33,Due,2025-03-28
10726,7918,2024-09-12,70.62,Overdue,2024-10-12
10727,9511,2025-04-07,125.49,Due,2025-05-07
10728,1896,2024-10-25,422.26,Due,2024-11-24
10729,2683,2024-07-06,223.98,Paid,2024-08-05
10730,7722,2024-05-19,137.48,Paid,2024-06-18
10731,8292,2025-01-18,246.72,Due,2025-02-17
10732,6220,2024-05-01,199.02,Due,2024-05-31
10733,9340,2025-01-09,189.66,Due,2025-02-08
10734,6318,2024-08-05,209.68,Overdue,2024-09-04
10735,9940,2025-02-26,466.48,Overdue,2025-03-28
10736,2140,2024-12-14,256.16,Paid,2025-01-13
10737,7742,2024-08-10,441.41,Overdue,2024-09-09
10738,1682,2024-08-06,130.38,Due,2024-09-05
10739,3123,2024-09-06,46.19,Due,2024-10-06
10740,8811,2024-04-30,445.78,Due,2024-05-30
10741,8306,2025-01-23,474.66,Paid,2025-02-22
10742,1549,2024-05-01,422.15,Due,2024-05-31
10743,9481,2024-11-15,74.02,Paid,2024-12-15
10744,8211,2025-02-08,99.96,Paid,2025-03-10
10745,1628,2025-02-11,168.42,Due,2025-03-13
10746,1188,2024-05-24,157.64,Overdue,2024-06-23
10747,9427,2025-01-23,367.16,Overdue,2025-02-22
10748,3335,2024-12-31,306.65,Due,2025-01-30
10749,5872,2024-06-11,335.93,Overdue,2024-07-11
10750,6814,2025-02-21,340.07,Due,2025-03-23
10751,7033,2024-08-16,96.36,Due,2024-09-15
10752,8593,2024-08-06,458.02,Due,2024-09-05
10753,2642,2025-01-24,340.93,Due,2025-02-23
10754,3372,2024-09-07,13.52,Due,2024-10-07
10755,9723,2025-01-27,181.2,Overdue,2025-02-26
10756,4639,2024-09-16,226.98,Due,2024-10-16
10757,2364,2024-12-22,427.05,Due,2025-01-21
10758,2071,2024-12-02,416.43,Overdue,2025-01-01
10759,9519,2024-12-09,30.65,Due,2025-01-08
10760,3823,2025-03-01,121.62,Overdue,2025-03-31
10761,278,2024-09-07,140.92,Due,2024-10-07
10762,1519,2024-12-31,282.67,Overdue,2025-01-30
10763,9430,2024-09-05,69.52,Due,2024-10-05
10764,3595,2024-05-20,362.68,Due,2024-06-19
10765,8648,2024-07-16,416.52,Due,2024-08-15
10766,4288,2024-08-02,184.85,Paid,2024-09-01
10767,5313,2024-11-15,238.06,Due,2024-12-15
10768,9081,2024-05-03,464.74,Overdue,2024-06-02
10769,2939,2024-09-21,99.79,Overdue,2024-10-21
10770,8147,2024-11-16,32.83,Paid,2024-12-16
10771,6602,2024-08-05,287.66,Due,2024-09-04
10772,286,2024-10-05,253.09,Due,2024-11-04
10773,9779,2025-03-07,63.51,Paid,2025-04-06
10774,3392,2025-03-02,496.64,Due,2025-04-01
10775,1645,2024-11-15,50.57,Overdue,2024-12-15
10776,7505,2024-11-03,318.24,Due,2024-12-03
10777,6518,2025-03-24,11.51,Due,2025-04-23
10778,2704,2024-11-04,135.15,Paid,2024-12-04
10779,254,2024-08-31,437.33,Due,2024-09-30
10780,3513,2024-05-28,317.16,Due,2024-06-27
10781,2171,2025-02-10,360.23,Paid,2025-03-12
10782,9473,2024-07-03,394.79,Due,2024-08-02
10783,693,2024-12-31,357.52,Due,2025-01-30
10784,7946,2025-04-22,114.07,Overdue,2025-05-22
10785,7123,2024-05-27,360.1,Overdue,2024-06-26
10786,7221,2024-11-03,118.65,Overdue,2024-12-03
10787,1248,2024-09-01,283.72,Overdue,2024-10-01
10788,4338,2024-11-28,422.53,Overdue,2024-12-28
10789,3541,2024-07-13,314.56,Paid,2024-08-12
10790,7776,2024-07-12,170.14,Overdue,2024-08-11
10791,7350,2025-01-20,344.28,Overdue,2025-02-19
10792,9721,2024-08-22,137.31,Overdue,2024-09-21
10793,5752,2024-10-07,497.53,Overdue,2024-11-06
10794,9907,2024-09-12,211.76,Overdue,2024-10-12
10795,3204,2024-09-15,166.43,Overdue,2024-10-15
10796,8690,2024-08-02,473.2,Paid,2024-09-01
10797,4884,2024-08-15,90.44,Paid,2024-09-14
10798,5628,2024-10-17,283.57,Paid,2024-11-16
10799,553,2025-03-02,298.91,Overdue,2025-04-01
10800,5242,2024-07-03,454.52,Paid,2024-08-02
10801,8112,2025-04-10,78.76,Overdue,2025-05-10
10802,4627,2024-09-29,455.12,Paid,2024-10-29
10803,3474,2024-11-04,149.77,Due,2024-12-04
10804,4905,2025-03-09,293.23,Paid,2025-04-08
10805,2444,2024-06-14,407.01,Overdue,2024-07-14
10806,8337,2024-09-24,334.9,Due,2024-10-24
10807,222,2025-03-29,306.51,Overdue,2025-04-28
10808,3618,2025-02-20,316.05,Overdue,2025-03-22
10809,9236,2024-06-04,493.91,Due,2024-07-04
10810,8402,2025-04-15,403.14,Due,2025-05-15
10811,4428,2024-05-22,359.5,Overdue,2024-06-21
10812,9073,2024-09-18,478.02,Paid,2024-10-18
10813,5434,2025-01-05,329.04,Due,2025-02-04
10814,9689,2025-02-01,147.4,Overdue,2025-03-03
10815,2796,2024-08-14,338.66,Paid,2024-09-13
10816,619,2024-12-13,72.55,Paid,2025-01-12
10817,4735,2024-08-08,193.61,Paid,2024-09-07
10818,4185,2024-08-19,49.69,Overdue,2024-09-18
10819,7901,2025-03-06,402.52,Overdue,2025-04-05
10820,8891,2025-04-15,425.27,Due,2025-05-15
10821,232,2025-02-18,89.5,Paid,2025-03-20
10822,3886,2024-05-02,326.25,Due,2024-06-01
10823,7976,2024-05-14,371.14,Due,2024-06-13
10824,2052,2024-05-14,351.66,Paid,2024-06-13
10825,9260,2024-09-16,99.66,Overdue,2024-10-16
10826,3023,2024-05-20,166.52,Paid,2024-06-19
10827,8247,2024-10-22,237.28,Overdue,2024-11-21
10828,4884,2024-10-19,168.81,Due,2024-11-18
10829,2072,2024-10-29,450.33,Overdue,2024-11-28
10830,2774,2025-02-15,176.68,Overdue,2025-03-17
10831,878,2024-09-04,197.31,Due,2024-10-04
10832,6643,2024-10-30,367.51,Due,2024-11-29
10833,9926,2025-01-17,237.89,Due,2025-02-16
10834,7680,2025-02-15,271.63,Overdue,2025-03-17
10835,8769,2024-05-17,159.7,Due,2024-06-16
10836,6711,2025-01-02,116.47,Due,2025-02-01
10837,6873,2024-05-08,460.73,Due,2024-06-07
10838,8723,2024-08-07,245.06,Overdue,2024-09-06
10839,5937,2024-11-28,23.09,Paid,2024-12-28
10840,8574,2024-09-04,339.29,Paid,2024-10-04
10841,556,2024-05-03,426.41,Paid,2024-06-02
10842,2324,2024-09-20,484.88,Paid,2024-10-20
10843,6026,2024-07-29,247.6,Overdue,2024-08-28
10844,2118,2024-07-03,490.07,Due,2024-08-02
10845,417,2024-09-19,373.88,Overdue,2024-10-19
10846,4821,2024-08-26,389.63,Overdue,2024-09-25
10847,4339,2024-08-03,293.31,Paid,2024-09-02
10848,4008,2025-01-28,450.55,Paid,2025-02-27
10849,5869,2025-02-18,385.58,Overdue,2025-03-20
10850,2920,2025-04-19,463.56,Due,2025-05-19
10851,5767,2025-02-09,288.37,Paid,2025-03-11
10852,9547,2025-03-22,68.41,Due,2025-04-21
10853,500,2025-03-28,84.09,Paid,2025-04-27
10854,1923,2024-12-10,96.19,Due,2025-01-09
10855,2077,2024-10-03,226.89,Due,2024-11-02
10856,3444,2024-05-28,347.78,Paid,2024-06-27
10857,3054,2025-01-26,242.83,Overdue,2025-02-25
10858,3403,2024-09-09,472.33,Due,2024-10-09
10859,6603,2025-01-25,398.43,Paid,2025-02-24
10860,3100,2024-10-20,354.7,Due,2024-11-19
10861,7296,2025-04-11,96.84,Paid,2025-05-11
10862,1023,2025-01-02,462.53,Overdue,2025-02-01
10863,8499,2024-09-26,103.98,Overdue,2024-10-26
10864,9709,2024-11-11,311.58,Paid,2024-12-11
10865,6844,2024-05-17,90.15,Paid,2024-06-16
10866,6421,2024-06-30,383.66,Overdue,2024-07-30
10867,1777,2024-05-19,225.02,Due,2024-06-18
10868,5283,2024-05-20,31.64,Paid,2024-06-19
10869,1815,2024-12-11,276.01,Paid,2025-01-10
10870,4935,2024-07-29,404.9,Due,2024-08-28
10871,6,2024-10-08,64.38,Overdue,2024-11-07
10872,6554,2024-10-10,361.64,Overdue,2024-11-09
10873,9883,2024-05-16,95.93,Due,2024-06-15
10874,6986,2024-07-02,402.29,Due,2024-08-01
10875,2989,2024-06-11,263.17,Due,2024-07-11
10876,7348,2024-06-19,60.31,Overdue,2024-07-19
10877,4192,2025-03-10,157.47,Due,2025-04-09
10878,5326,2024-05-20,11.8,Paid,2024-06-19
10879,2461,2025-03-24,321.09,Overdue,2025-04-23
10880,8491,2025-01-01,343.51,Overdue,2025-01-31
10881,4354,2025-02-14,13.63,Overdue,2025-03-16
10882,1408,2024-10-09,41.34,Overdue,2024-11-08
10883,8306,2024-04-30,338.87,Paid,2024-05-30
10884,2649,2024-11-20,95.47,Due,2024-12-20
10885,5183,2024-05-15,59.23,Paid,2024-06-14
10886,3570,2025-03-13,286.45,Due,2025-04-12
10887,9800,2024-08-19,107.21,Due,2024-09-18
10888,4890,2024-06-07,164.91,Due,2024-07-07
10889,4785,2024-08-12,363.57,Due,2024-09-11
10890,7647,2025-02-19,446.81,Due,2025-03-21
10891,9532,2024-10-13,495.56,Paid,2024-11-12
10892,7802,2025-04-30,368.74,Paid,2025-05-30
10893,9715,2024-05-29,455.89,Due,2024-06-28
10894,2447,2025-04-15,497.69,Paid,2025-05-15
10895,6188,2024-10-16,366.91,Paid,2024-11-15
10896,1939,2025-01-24,20.15,Due,2025-02-23
10897,6149,2025-02-25,249.88,Overdue,2025-03-27
10898,7014,2024-08-30,250.24,Due,2024-09-29
10899,9790,2024-12-20,439.14,Due,2025-01-19
10900,3536,2025-02-08,64.61,Overdue,2025-03-10
10901,5419,2025-04-14,99.76,Overdue,2025-05-14
10902,5378,2024-08-08,352.78,Due,2024-09-07
10903,7838,2025-03-22,81.56,Overdue,2025-04-21
10904,7850,2025-03-18,315.76,Overdue,2025-04-17
10905,3056,2025-04-17,411.33,Overdue,2025-05-17
10906,5236,2025-02-07,112.44,Due,2025-03-09
10907,2911,2024-12-10,141.97,Paid,2025-01-09
10908,2916,2024-08-15,405.64,Paid,2024-09-14
10909,294,2025-03-16,305.56,Paid,2025-04-15
10910,1595,2025-01-14,360.95,Overdue,2025-02-13
10911,5866,2025-03-06,303.94,Due,2025-04-05
10912,5820,2025-04-23,355.02,Paid,2025-05-23
10913,8830,2025-01-17,235.75,Overdue,2025-02-16
10914,454,2024-12-29,435.86,Overdue,2025-01-28
10915,9342,2024-09-20,468.76,Due,2024-10-20
10916,4091,2024-09-19,185.99,Due,2024-10-19
10917,8288,2024-09-14,400.55,Overdue,2024-10-14
10918,4733,2024-08-01,171.01,Overdue,2024-08-31
10919,2623,2024-06-14,16.37,Due,2024-07-14
10920,4218,2024-10-21,450.43,Overdue,2024-11-20
10921,1650,2024-10-07,159.85,Due,2024-11-06
10922,1779,2025-02-02,464.83,Overdue,2025-03-04
10923,5272,2025-02-21,174.11,Due,2025-03-23
10924,4093,2025-01-13,327.68,Overdue,2025-02-12
10925,1401,2024-10-25,179.06,Paid,2024-11-24
10926,1370,2025-01-28,437.01,Overdue,2025-02-27
10927,1995,2024-11-25,190.11,Overdue,2024-12-25
10928,8967,2024-07-04,483.68,Due,2024-08-03
10929,2743,2024-07-31,249.92,Overdue,2024-08-30
10930,2811,2024-11-03,134.24,Due,2024-12-03
10931,4065,2024-05-17,180.05,Overdue,2024-06-16
10932,4394,2024-11-08,404.02,Overdue,2024-12-08
10933,8312,2024-11-21,33.27,Overdue,2024-12-21
10934,6500,2024-05-15,68.82,Paid,2024-06-14
10935,1546,2025-01-12,117.99,Overdue,2025-02-11
10936,593,2024-06-27,147.11,Overdue,2024-07-27
10937,7158,2024-10-16,250.75,Due,2024-11-15
10938,3462,2024-09-22,216.62,Overdue,2024-10-22
10939,1345,2024-06-02,244.17,Paid,2024-07-02
10940,2147,2024-11-23,492.98,Due,2024-12-23
10941,5509,2024-06-17,309.65,Overdue,2024-07-17
10942,9626,2024-08-20,243.29,Paid,2024-09-19
10943,4649,2025-01-21,14.59,Overdue,2025-02-20
10944,2309,2024-12-15,468.03,Overdue,2025-01-14
10945,3105,2025-04-26,354.72,Due,2025-05-26
10946,4472,2024-05-21,379.31,Overdue,2024-06-20
10947,8714,2024-05-06,227.65,Overdue,2024-06-05
10948,8494,2024-12-26,417.83,Paid,2025-01-25
10949,6001,2024-10-05,201.86,Due,2024-11-04
10950,9283,2024-05-25,131.18,Overdue,2024-06-24
10951,433,2025-02-11,475.82,Overdue,2025-03-13
10952,8882,2024-10-21,495.14,Overdue,2024-11-20
10953,7445,2024-07-05,220.91,Overdue,2024-08-04
10954,2741,2024-07-13,243.09,Due,2024-08-12
10955,2949,2025-01-07,403.48,Overdue,2025-02-06
10956,8022,2025-01-04,68.74,Due,2025-02-03
10957,4159,2024-05-30,276.93,Paid,2024-06-29
10958,5306,2025-04-05,338.61,Paid,2025-05-05
10959,5673,2025-03-08,51.12,Paid,2025-04-07
10960,3095,2024-05-02,158.01,Paid,2024-06-01
10961,7868,2024-10-01,453.58,Paid,2024-10-31
10962,4648,2025-04-07,71.6,Paid,2025-05-07
10963,3847,2024-10-14,98.33,Paid,2024-11-13
10964,4846,2024-07-21,150.25,Paid,2024-08-20
10965,383,2025-01-29,166.87,Overdue,2025-02-28
10966,7625,2024-11-19,399.96,Overdue,2024-12-19
10967,7222,2024-10-21,279.19,Paid,2024-11-20
10968,9119,2025-04-23,463.56,Overdue,2025-05-23
10969,3308,2024-12-24,274.26,Overdue,2025-01-23
10970,9675,2024-06-27,252.38,Overdue,2024-07-27
10971,1909,2024-10-25,327.23,Due,2024-11-24
10972,9802,2024-11-05,118.18,Paid,2024-12-05
10973,1416,2024-11-12,465.23,Paid,2024-12-12
10974,1194,2024-10-04,47.27,Paid,2024-11-03
10975,4197,2024-11-09,146.62,Due,2024-12-09
10976,2802,2024-08-04,158.94,Paid,2024-09-03
10977,8640,2025-03-14,117.0,Due,2025-04-13
10978,8482,2024-09-18,305.17,Paid,2024-10-18
10979,6474,2024-05-20,459.04,Paid,2024-06-19
10980,6952,2025-03-26,102.75,Overdue,2025-04-25
10981,3093,2024-09-09,184.72,Paid,2024-10-09
10982,4137,2025-01-07,475.38,Paid,2025-02-06
10983,9497,2024-10-21,157.63,Due,2024-11-20
10984,8604,2024-12-27,499.04,Paid,2025-01-26
10985,3209,2024-09-09,421.7,Overdue,2024-10-09
10986,2061,2025-02-09,199.42,Due,2025-03-11
10987,5347,2025-01-26,488.22,Overdue,2025-02-25
10988,7810,2024-05-18,467.42,Overdue,2024-06-17
10989,4846,2025-02-11,155.72,Overdue,2025-03-13
10990,866,2025-03-11,36.23,Paid,2025-04-10
10991,8434,2024-08-07,203.63,Paid,2024-09-06
10992,3507,2025-04-29,347.02,Overdue,2025-05-29
10993,1905,2024-08-11,498.25,Due,2024-09-10
10994,1229,2024-05-10,15.37,Due,2024-06-09
10995,3792,2024-06-01,448.87,Due,2024-07-01
10996,5276,2025-04-03,317.47,Paid,2025-05-03
10997,9477,2024-05-21,458.82,Paid,2024-06-20
10998,9321,2024-08-27,167.85,Paid,2024-09-26
10999,9085,2025-01-13,442.34,Paid,2025-02-12
11000,2601,2024-08-03,95.36,Paid,2024-09-02
11001,9329,2025-03-29,31.99,Paid,2025-04-28
11002,1531,2024-11-09,457.8,Paid,2024-12-09
11003,7678,2024-07-28,409.41,Overdue,2024-08-27
11004,9865,2024-12-20,264.27,Overdue,2025-01-19
11005,8440,2025-02-23,18.75,Paid,2025-03-25
11006,1660,2024-05-15,325.5,Due,2024-06-14
11007,5666,2024-09-03,211.78,Paid,2024-10-03
11008,4207,2024-09-12,266.61,Due,2024-10-12
11009,9268,2024-08-25,155.83,Paid,2024-09-24
11010,6558,2024-05-13,268.24,Overdue,2024-06-12
11011,9412,2025-03-28,248.38,Paid,2025-04-27
11012,3818,2024-06-04,186.09,Due,2024-07-04
11013,3910,2024-08-26,231.73,Paid,2024-09-25
11014,299,2025-01-06,350.74,Overdue,2025-02-05
11015,7936,2025-04-14,406.95,Paid,2025-05-14
11016,6014,2024-05-07,470.08,Overdue,2024-06-06
11017,8024,2024-10-18,347.28,Due,2024-11-17
11018,7213,2024-12-21,213.9,Paid,2025-01-20
11019,9198,2024-06-23,12.42,Due,2024-07-23
11020,2725,2024-06-19,273.16,Due,2024-07-19
11021,5158,2024-11-08,215.85,Paid,2024-12-08
11022,9243,2024-08-10,237.96,Overdue,2024-09-09
11023,6999,2025-04-04,281.85,Paid,2025-05-04
11024,1531,2024-11-08,338.2,Paid,2024-12-08
11025,8610,2024-12-01,380.62,Paid,2024-12-31
11026,468,2024-07-12,400.33,Overdue,2024-08-11
11027,5500,2025-01-27,123.55,Due,2025-02-26
11028,8492,2025-01-17,457.3,Overdue,2025-02-16
11029,6673,2024-05-17,16.0,Overdue,2024-06-16
11030,4773,2025-04-23,90.17,Overdue,2025-05-23
11031,4005,2024-08-08,392.68,Due,2024-09-07
11032,980,2024-08-31,326.69,Overdue,2024-09-30
11033,8367,2025-02-21,77.22,Overdue,2025-03-23
11034,5808,2025-02-13,234.56,Paid,2025-03-15
11035,7486,2024-07-31,398.67,Overdue,2024-08-30
11036,15,2025-04-05,156.97,Due,2025-05-05
11037,3756,2025-01-09,145.31,Due,2025-02-08
11038,7308,2024-07-21,19.08,Overdue,2024-08-20
11039,5382,2024-05-22,421.58,Due,2024-06-21
11040,4698,2025-03-23,59.56,Paid,2025-04-22
11041,2919,2024-04-30,113.61,Paid,2024-05-30
11042,2184,2024-11-02,247.51,Paid,2024-12-02
11043,8848,2025-02-11,168.37,Overdue,2025-03-13
11044,8871,2025-02-28,417.65,Overdue,2025-03-30
11045,4364,2025-04-22,124.36,Paid,2025-05-22
11046,329,2025-04-18,168.66,Paid,2025-05-18
11047,8239,2025-04-05,399.14,Paid,2025-05-05
11048,8643,2024-12-23,398.04,Paid,2025-01-22
11049,8369,2024-06-12,74.76,Paid,2024-07-12
11050,8553,2025-03-01,387.15,Paid,2025-03-31
11051,8123,2025-03-02,95.29,Overdue,2025-04-01
11052,6243,2024-07-19,493.15,Paid,2024-08-18
11053,7790,2024-07-12,26.38,Due,2024-08-11
11054,3040,2024-10-09,120.0,Overdue,2024-11-08
11055,1380,2025-04-22,209.59,Due,2025-05-22
11056,8915,2024-12-18,226.31,Overdue,2025-01-17
11057,7798,2025-03-30,260.77,Due,2025-04-29
11058,2308,2024-11-18,71.68,Overdue,2024-12-18
11059,4743,2024-05-11,51.25,Paid,2024-06-10
11060,8246,2024-10-01,403.87,Overdue,2024-10-31
11061,2244,2024-07-21,263.56,Paid,2024-08-20
11062,4380,2024-07-17,297.72,Paid,2024-08-16
11063,4273,2024-07-01,420.03,Overdue,2024-07-31
11064,4465,2025-03-05,285.91,Due,2025-04-04
11065,4076,2024-08-06,176.93,Overdue,2024-09-05
11066,2947,2024-08-10,372.32,Due,2024-09-09
11067,3758,2024-07-24,251.85,Overdue,2024-08-23
11068,9681,2024-05-23,253.77,Paid,2024-06-22
11069,2064,2024-12-20,355.08,Paid,2025-01-19
11070,496,2024-11-23,192.73,Due,2024-12-23
11071,9115,2024-10-30,169.67,Due,2024-11-29
11072,7847,2024-05-13,234.79,Due,2024-06-12
11073,2698,2025-03-14,357.4,Overdue,2025-04-13
11074,1815,2024-06-20,83.8,Overdue,2024-07-20
11075,3934,2024-12-16,138.4,Paid,2025-01-15
11076,1215,2025-04-15,172.87,Overdue,2025-05-15
11077,4978,2025-01-09,52.84,Overdue,2025-02-08
11078,6273,2024-05-17,493.37,Paid,2024-06-16
11079,8947,2024-10-26,18.47,Overdue,2024-11-25
11080,8096,2024-12-27,92.94,Paid,2025-01-26
11081,7305,2025-02-25,306.95,Due,2025-03-27
11082,6233,2024-06-06,185.65,Paid,2024-07-06
11083,1924,2024-12-28,465.54,Paid,2025-01-27
11084,756,2024-12-20,65.73,Overdue,2025-01-19
11085,9982,2025-03-23,470.78,Due,2025-04-22
11086,5982,2024-06-04,313.97,Paid,2024-07-04
11087,5543,2024-05-29,92.96,Overdue,2024-06-28
11088,7630,2024-06-03,435.9,Overdue,2024-07-03
11089,1936,2024-12-07,89.6,Paid,2025-01-06
11090,7842,2025-04-08,259.89,Overdue,2025-05-08
11091,7522,2024-06-17,438.25,Due,2024-07-17
11092,7993,2024-05-22,138.07,Paid,2024-06-21
11093,6139,2024-09-02,468.73,Paid,2024-10-02
11094,7156,2024-11-17,184.34,Paid,2024-12-17
11095,3816,2025-01-13,248.14,Due,2025-02-12
11096,3940,2025-01-07,143.58,Paid,2025-02-06
11097,6459,2024-10-05,357.97,Due,2024-11-04
11098,7932,2024-12-04,115.4,Overdue,2025-01-03
11099,4910,2024-11-16,244.77,Due,2024-12-16
11100,8105,2025-03-17,339.7,Overdue,2025-04-16
11101,8704,2024-06-19,316.02,Paid,2024-07-19
11102,2595,2024-11-28,254.47,Paid,2024-12-28
11103,2054,2024-10-07,128.83,Due,2024-11-06
11104,57,2024-09-12,415.19,Overdue,2024-10-12
11105,4379,2024-10-25,57.25,Overdue,2024-11-24
11106,3039,2025-02-05,130.41,Paid,2025-03-07
11107,7573,2025-03-01,285.1,Overdue,2025-03-31
11108,5016,2025-01-22,64.32,Due,2025-02-21
11109,2911,2025-03-06,10.44,Paid,2025-04-05
11110,5020,2024-11-02,385.68,Due,2024-12-02
11111,5713,2025-02-28,41.04,Due,2025-03-30
11112,4760,2024-12-10,226.45,Due,2025-01-09
11113,4895,2025-03-11,414.56,Overdue,2025-04-10
11114,9253,2024-12-25,255.94,Overdue,2025-01-24
11115,3020,2025-03-14,21.65,Paid,2025-04-13
11116,5549,2024-06-01,341.16,Overdue,2024-07-01
11117,852,2024-08-10,23.15,Paid,2024-09-09
11118,6579,2024-07-04,237.73,Paid,2024-08-03
11119,8391,2024-11-29,67.17,Overdue,2024-12-29
11120,3008,2024-10-10,14.54,Due,2024-11-09
11121,5584,2025-03-20,237.05,Paid,2025-04-19
11122,4024,2024-08-03,269.63,Paid,2024-09-02
11123,86,2024-09-22,110.15,Overdue,2024-10-22
11124,7146,2025-04-26,393.97,Paid,2025-05-26
11125,9108,2025-01-11,429.63,Overdue,2025-02-10
11126,1460,2025-02-13,309.31,Due,2025-03-15
11127,2277,2024-12-14,101.67,Paid,2025-01-13
11128,7090,2024-11-06,310.77,Due,2024-12-06
11129,230,2025-02-03,105.47,Paid,2025-03-05
11130,377,2024-08-02,62.5,Overdue,2024-09-01
11131,1401,2025-02-19,73.89,Overdue,2025-03-21
11132,6112,2025-04-14,288.65,Overdue,2025-05-14
11133,8409,2024-05-19,24.31,Overdue,2024-06-18
11134,9270,2024-12-02,382.09,Due,2025-01-01
11135,3306,2024-12-01,259.86,Overdue,2024-12-31
11136,996,2025-01-08,259.58,Paid,2025-02-07
11137,1133,2024-07-31,306.65,Due,2024-08-30
11138,6215,2024-06-15,487.32,Due,2024-07-15
11139,326,2025-03-28,244.71,Paid,2025-04-27
11140,4221,2024-06-11,443.83,Overdue,2024-07-11
11141,5529,2025-04-29,271.89,Paid,2025-05-29
11142,7865,2025-03-27,87.4,Due,2025-04-26
11143,8901,2024-07-14,192.67,Paid,2024-08-13
11144,299,2024-09-08,99.67,Due,2024-10-08
11145,4147,2024-12-26,205.3,Due,2025-01-25
11146,4218,2025-03-07,72.47,Overdue,2025-04-06
11147,2105,2024-11-07,92.6,Due,2024-12-07
11148,2973,2024-06-04,378.91,Overdue,2024-07-04
11149,5622,2024-08-20,218.8,Overdue,2024-09-19
11150,8707,2024-12-17,261.86,Due,2025-01-16
11151,5570,2024-09-27,418.71,Due,2024-10-27
11152,5375,2024-12-13,164.89,Due,2025-01-12
11153,9340,2024-06-20,269.97,Due,2024-07-20
11154,3988,2024-12-18,80.03,Overdue,2025-01-17
11155,1137,2024-06-20,348.72,Paid,2024-07-20
11156,4629,2024-08-08,95.7,Paid,2024-09-07
11157,5244,2025-03-07,486.35,Due,2025-04-06
11158,58,2024-05-05,354.36,Overdue,2024-06-04
11159,2478,2024-11-25,432.07,Due,2024-12-25
11160,8703,2024-11-06,426.56,Overdue,2024-12-06
11161,3817,2024-11-10,78.49,Paid,2024-12-10
11162,9707,2024-12-04,370.16,Due,2025-01-03
11163,242,2025-01-27,376.58,Paid,2025-02-26
11164,7183,2024-08-17,366.5,Overdue,2024-09-16
11165,2358,2024-11-27,107.28,Due,2024-12-27
11166,1382,2024-05-27,155.98,Due,2024-06-26
11167,2493,2024-05-25,182.07,Due,2024-06-24
11168,6510,2025-03-05,443.61,Overdue,2025-04-04
11169,9531,2025-01-07,66.83,Due,2025-02-06
11170,1600,2024-12-14,386.66,Due,2025-01-13
11171,5870,2024-09-06,105.52,Overdue,2024-10-06
11172,4860,2024-11-30,134.25,Due,2024-12-30
11173,2679,2024-09-16,75.16,Overdue,2024-10-16
11174,6130,2025-01-20,63.6,Paid,2025-02-19
11175,4248,2024-05-16,406.04,Overdue,2024-06-15
11176,2847,2025-04-09,102.87,Overdue,2025-05-09
11177,4809,2024-11-08,298.26,Paid,2024-12-08
11178,2475,2024-05-29,197.17,Due,2024-06-28
11179,3984,2024-12-30,166.86,Due,2025-01-29
11180,7957,2024-10-21,179.53,Paid,2024-11-20
11181,3502,2024-06-01,54.2,Due,2024-07-01
11182,3857,2024-10-25,134.82,Due,2024-11-24
11183,314,2025-04-22,46.16,Overdue,2025-05-22
11184,12,2024-05-09,457.78,Paid,2024-06-08
11185,9951,2024-09-24,323.18,Paid,2024-10-24
11186,7312,2025-01-04,101.54,Paid,2025-02-03
11187,8092,2025-03-21,237.26,Due,2025-04-20
11188,3815,2024-09-09,217.9,Overdue,2024-10-09
11189,1871,2025-04-19,144.22,Due,2025-05-19
11190,4693,2024-08-25,240.43,Overdue,2024-09-24
11191,3689,2024-05-16,440.84,Paid,2024-06-15
11192,4805,2025-02-01,499.61,Paid,2025-03-03
11193,3966,2025-01-21,104.18,Paid,2025-02-20
11194,9631,2024-11-22,145.75,Paid,2024-12-22
11195,3478,2024-11-21,193.95,Paid,2024-12-21
11196,2837,2024-11-04,386.32,Overdue,2024-12-04
11197,7039,2024-06-17,12.88,Due,2024-07-17
11198,510,2025-03-05,397.44,Due,2025-04-04
11199,568,2024-10-22,462.66,Overdue,2024-11-21
11200,4234,2025-02-07,76.52,Due,2025-03-09
11201,5101,2025-01-03,443.11,Paid,2025-02-02
11202,8628,2024-11-04,88.88,Overdue,2024-12-04
11203,9917,2024-07-08,390.74,Due,2024-08-07
11204,1144,2024-08-15,94.84,Due,2024-09-14
11205,5041,2024-11-13,498.15,Due,2024-12-13
11206,1275,2024-07-26,103.8,Due,2024-08-25
11207,6562,2025-04-04,232.02,Overdue,2025-05-04
11208,8449,2024-09-02,279.5,Paid,2024-10-02
11209,5589,2024-10-05,352.03,Due,2024-11-04
11210,7730,2024-06-12,98.82,Due,2024-07-12
11211,3949,2025-02-21,100.6,Due,2025-03-23
11212,1501,2024-11-28,364.6,Paid,2024-12-28
11213,5350,2025-01-22,376.8,Paid,2025-02-21
11214,3516,2025-02-20,37.26,Overdue,2025-03-22
11215,2546,2024-05-27,418.37,Paid,2024-06-26
11216,4393,2024-09-02,67.28,Overdue,2024-10-02
11217,8873,2025-01-04,254.14,Overdue,2025-02-03
11218,1282,2024-07-25,466.16,Paid,2024-08-24
11219,916,2024-07-18,334.11,Due,2024-08-17
11220,8764,2024-11-27,113.46,Due,2024-12-27
11221,7208,2025-03-28,295.45,Overdue,2025-04-27
11222,9482,2024-12-05,188.4,Paid,2025-01-04
11223,4657,2024-05-06,103.33,Overdue,2024-06-05
11224,4981,2024-10-11,393.57,Overdue,2024-11-10
11225,4421,2024-09-04,281.09,Paid,2024-10-04
11226,5202,2024-12-04,435.48,Overdue,2025-01-03
11227,4802,2024-05-30,85.1,Paid,2024-06-29
11228,8308,2025-02-06,112.73,Overdue,2025-03-08
11229,5344,2024-12-28,190.46,Paid,2025-01-27
11230,9058,2024-11-13,460.82,Due,2024-12-13
11231,8674,2024-11-15,92.45,Due,2024-12-15
11232,6671,2024-08-31,363.02,Paid,2024-09-30
11233,3330,2024-12-31,70.52,Paid,2025-01-30
11234,9927,2024-09-27,306.59,Overdue,2024-10-27
11235,8432,2025-01-08,74.71,Paid,2025-02-07
11236,2277,2024-11-28,225.31,Overdue,2024-12-28
11237,669,2024-09-24,64.86,Overdue,2024-10-24
11238,1133,2024-08-07,90.13,Due,2024-09-06
11239,299,2025-02-23,77.93,Paid,2025-03-25
11240,9631,2025-04-06,55.22,Overdue,2025-05-06
11241,5567,2025-01-06,143.43,Overdue,2025-02-05
11242,9971,2025-01-17,280.32,Paid,2025-02-16
11243,8357,2024-07-01,120.6,Paid,2024-07-31
11244,914,2024-09-28,224.88,Paid,2024-10-28
11245,2782,2025-03-01,297.68,Overdue,2025-03-31
11246,1348,2025-03-07,42.48,Due,2025-04-06
11247,9466,2024-11-15,297.31,Paid,2024-12-15
11248,9756,2024-05-25,197.81,Paid,2024-06-24
11249,2676,2025-03-19,58.44,Due,2025-04-18
11250,303,2024-10-27,82.32,Due,2024-11-26
11251,8803,2025-02-28,327.23,Paid,2025-03-30
11252,9983,2025-04-12,172.27,Due,2025-05-12
11253,87,2024-07-07,191.62,Due,2024-08-06
11254,9892,2025-03-09,385.7,Due,2025-04-08
11255,6596,2024-11-07,207.23,Paid,2024-12-07
11256,8143,2025-03-05,147.88,Due,2025-04-04
11257,8037,2024-06-16,110.37,Overdue,2024-07-16
11258,3782,2025-04-16,447.93,Due,2025-05-16
11259,7976,2024-06-26,71.99,Due,2024-07-26
11260,3247,2025-01-23,429.09,Paid,2025-02-22
11261,4084,2025-02-02,306.4,Overdue,2025-03-04
11262,9536,2024-11-20,44.55,Due,2024-12-20
11263,3795,2024-08-09,453.18,Paid,2024-09-08
11264,5329,2025-04-24,239.3,Due,2025-05-24
11265,8521,2024-11-11,238.69,Overdue,2024-12-11
11266,62,2024-08-05,301.22,Due,2024-09-04
11267,8759,2025-03-18,358.11,Overdue,2025-04-17
11268,2908,2024-12-24,120.85,Overdue,2025-01-23
11269,1186,2025-01-27,485.37,Due,2025-02-26
11270,2826,2024-09-03,268.15,Overdue,2024-10-03
11271,4464,2024-07-15,157.7,Due,2024-08-14
11272,4256,2024-06-06,436.04,Overdue,2024-07-06
11273,6655,2025-02-14,154.77,Due,2025-03-16
11274,6412,2024-07-04,210.59,Paid,2024-08-03
11275,3683,2024-06-22,305.74,Overdue,2024-07-22
11276,7698,2025-02-11,358.19,Due,2025-03-13
11277,1227,2025-03-08,122.04,Paid,2025-04-07
11278,7553,2024-10-28,47.62,Paid,2024-11-27
11279,5895,2025-04-26,430.01,Due,2025-05-26
11280,8116,2024-12-27,463.11,Due,2025-01-26
11281,6415,2025-04-11,480.19,Paid,2025-05-11
11282,9124,2024-11-16,242.65,Due,2024-12-16
11283,5759,2024-11-15,353.13,Overdue,2024-12-15
11284,2818,2024-05-03,492.59,Overdue,2024-06-02
11285,9532,2024-08-26,249.42,Overdue,2024-09-25
11286,9892,2024-09-19,384.26,Due,2024-10-19
11287,606,2024-11-24,480.55,Paid,2024-12-24
11288,9102,2025-02-10,221.1,Overdue,2025-03-12
11289,74,2024-10-31,86.35,Paid,2024-11-30
11290,2734,2025-03-17,180.93,Overdue,2025-04-16
11291,4162,2024-10-26,50.41,Overdue,2024-11-25
11292,3277,2025-03-03,67.73,Paid,2025-04-02
11293,6284,2024-05-03,277.19,Overdue,2024-06-02
11294,9178,2024-05-09,476.62,Overdue,2024-06-08
11295,6660,2024-08-21,217.13,Due,2024-09-20
11296,767,2025-01-12,121.71,Paid,2025-02-11
11297,6509,2024-05-29,113.93,Paid,2024-06-28
11298,5329,2025-01-29,162.49,Paid,2025-02-28
11299,7401,2025-03-13,399.16,Overdue,2025-04-12
11300,5527,2025-02-23,162.99,Paid,2025-03-25
11301,6552,2025-03-10,339.93,Paid,2025-04-09
11302,2791,2024-09-08,232.19,Paid,2024-10-08
11303,855,2025-03-06,280.2,Overdue,2025-04-05
11304,7712,2025-04-07,12.39,Paid,2025-05-07
11305,7384,2024-11-22,233.93,Overdue,2024-12-22
11306,9652,2025-01-25,432.74,Overdue,2025-02-24
11307,5885,2025-01-18,309.94,Overdue,2025-02-17
11308,9431,2024-10-12,354.54,Paid,2024-11-11
11309,5572,2024-06-19,421.4,Due,2024-07-19
11310,2056,2025-02-25,56.5,Overdue,2025-03-27
11311,5308,2024-05-29,348.86,Paid,2024-06-28
11312,5334,2025-01-01,195.94,Overdue,2025-01-31
11313,5186,2024-06-19,162.98,Paid,2024-07-19
11314,7683,2024-10-16,195.65,Overdue,2024-11-15
11315,5609,2025-04-19,12.14,Paid,2025-05-19
11316,8253,2025-01-27,394.48,Due,2025-02-26
11317,7190,2024-11-03,326.35,Overdue,2024-12-03
11318,2953,2024-06-12,475.76,Due,2024-07-12
11319,2769,2024-12-14,57.82,Due,2025-01-13
11320,6776,2025-01-26,255.47,Paid,2025-02-25
11321,1661,2025-04-18,367.61,Due,2025-05-18
11322,2647,2025-01-02,34.29,Overdue,2025-02-01
11323,4441,2025-01-15,283.12,Overdue,2025-02-14
11324,9757,2024-12-15,58.54,Due,2025-01-14
11325,3523,2024-09-15,158.25,Due,2024-10-15
11326,8763,2024-09-11,368.17,Overdue,2024-10-11
11327,8057,2025-03-27,169.43,Paid,2025-04-26
11328,1218,2024-10-09,207.53,Due,2024-11-08
11329,8121,2025-01-14,441.55,Overdue,2025-02-13
11330,6027,2024-05-08,201.08,Paid,2024-06-07
11331,2910,2025-03-15,152.25,Paid,2025-04-14
11332,2123,2025-03-25,371.37,Overdue,2025-04-24
11333,4546,2024-06-04,100.18,Overdue,2024-07-04
11334,8347,2025-03-21,283.03,Paid,2025-04-20
11335,8210,2024-07-29,32.5,Overdue,2024-08-28
11336,4486,2025-03-28,54.41,Overdue,2025-04-27
11337,6894,2024-11-24,76.52,Overdue,2024-12-24
11338,7009,2024-08-02,207.0,Overdue,2024-09-01
11339,9357,2024-07-01,201.56,Paid,2024-07-31
11340,7369,2024-09-10,222.53,Overdue,2024-10-10
11341,3840,2025-02-23,499.93,Overdue,2025-03-25
11342,110,2024-11-19,353.21,Paid,2024-12-19
11343,4457,2024-09-07,414.55,Due,2024-10-07
11344,6836,2024-10-30,415.57,Due,2024-11-29
11345,6975,2024-08-11,195.71,Due,2024-09-10
11346,4978,2024-07-27,40.13,Paid,2024-08-26
11347,4139,2024-09-03,152.93,Paid,2024-10-03
11348,7029,2024-06-12,326.74,Overdue,2024-07-12
11349,7423,2024-08-08,249.62,Paid,2024-09-07
11350,6526,2024-11-19,140.13,Paid,2024-12-19
11351,2680,2024-09-03,153.81,Overdue,2024-10-03
11352,6798,2025-03-17,366.19,Due,2025-04-16
11353,2125,2024-11-29,329.46,Due,2024-12-29
11354,979,2024-11-17,211.85,Due,2024-12-17
11355,816,2025-03-05,422.59,Paid,2025-04-04
11356,3185,2024-09-30,282.56,Due,2024-10-30
11357,6139,2024-06-01,456.32,Overdue,2024-07-01
11358,9581,2024-12-21,262.61,Overdue,2025-01-20
11359,1704,2024-09-24,397.38,Due,2024-10-24
11360,9657,2025-01-09,138.4,Due,2025-02-08
11361,2348,2024-05-05,405.82,Due,2024-06-04
11362,9829,2025-01-21,422.81,Due,2025-02-20
11363,2431,2024-11-16,266.56,Due,2024-12-16
11364,3951,2024-10-16,363.36,Due,2024-11-15
11365,427,2024-05-01,437.48,Overdue,2024-05-31
11366,7238,2024-12-08,114.65,Overdue,2025-01-07
11367,7863,2024-07-20,380.77,Due,2024-08-19
11368,8496,2024-08-10,435.47,Paid,2024-09-09
11369,7757,2024-07-14,172.72,Due,2024-08-13
11370,3424,2025-01-15,248.25,Due,2025-02-14
11371,9060,2025-04-18,325.34,Overdue,2025-05-18
11372,3417,2025-03-11,481.59,Due,2025-04-10
11373,62,2025-01-01,323.08,Due,2025-01-31
11374,5738,2024-08-27,262.8,Overdue,2024-09-26
11375,9269,2024-08-10,273.56,Paid,2024-09-09
11376,5284,2024-12-06,58.82,Due,2025-01-05
11377,3061,2025-03-26,371.61,Paid,2025-04-25
11378,6732,2024-10-27,250.54,Due,2024-11-26
11379,7451,2025-01-14,117.49,Overdue,2025-02-13
11380,5140,2024-11-11,254.32,Due,2024-12-11
11381,7959,2024-08-18,241.64,Paid,2024-09-17
11382,5339,2024-12-30,393.06,Due,2025-01-29
11383,133,2025-03-10,243.03,Due,2025-04-09
11384,5995,2024-11-13,408.8,Paid,2024-12-13
11385,1397,2024-05-02,132.08,Paid,2024-06-01
11386,3004,2025-01-27,140.93,Overdue,2025-02-26
11387,5743,2025-02-03,488.51,Paid,2025-03-05
11388,7296,2025-03-25,60.79,Due,2025-04-24
11389,6135,2024-11-17,350.52,Due,2024-12-17
11390,5707,2024-12-03,172.86,Due,2025-01-02
11391,8332,2024-11-29,449.67,Overdue,2024-12-29
11392,6220,2024-10-31,151.21,Overdue,2024-11-30
11393,2157,2024-05-11,454.87,Overdue,2024-06-10
11394,5002,2025-01-22,452.52,Due,2025-02-21
11395,1847,2025-04-24,252.22,Due,2025-05-24
11396,1363,2024-11-28,248.17,Paid,2024-12-28
11397,612,2024-11-22,17.96,Due,2024-12-22
11398,9226,2024-10-27,42.04,Paid,2024-11-26
11399,6192,2025-01-02,440.95,Overdue,2025-02-01
11400,6996,2024-12-29,106.47,Overdue,2025-01-28
11401,122,2025-02-05,366.56,Due,2025-03-07
11402,8247,2024-09-27,226.36,Due,2024-10-27
11403,7707,2024-11-12,243.65,Overdue,2024-12-12
11404,9471,2024-08-14,249.91,Overdue,2024-09-13
11405,5685,2024-05-25,397.32,Due,2024-06-24
11406,3876,2024-12-21,10.14,Due,2025-01-20
11407,9414,2024-12-24,277.64,Due,2025-01-23
11408,6374,2024-08-20,329.35,Paid,2024-09-19
11409,4441,2024-11-30,424.89,Overdue,2024-12-30
11410,1219,2024-05-04,139.53,Paid,2024-06-03
11411,7114,2024-10-30,240.64,Overdue,2024-11-29
11412,1827,2025-04-02,306.61,Due,2025-05-02
11413,2689,2024-05-16,261.99,Due,2024-06-15
11414,4625,2024-05-08,221.83,Overdue,2024-06-07
11415,5355,2025-01-07,28.93,Overdue,2025-02-06
11416,4488,2024-05-18,430.84,Due,2024-06-17
11417,9486,2024-08-19,301.29,Paid,2024-09-18
11418,9644,2025-03-26,38.38,Due,2025-04-25
11419,3026,2025-03-08,252.02,Paid,2025-04-07
11420,8365,2025-04-30,490.69,Overdue,2025-05-30
11421,4000,2024-11-18,146.75,Overdue,2024-12-18
11422,6602,2024-12-30,282.14,Overdue,2025-01-29
11423,5511,2024-11-08,125.45,Paid,2024-12-08
11424,7910,2025-03-26,47.47,Due,2025-04-25
11425,693,2024-10-12,82.37,Due,2024-11-11
11426,4508,2025-01-22,336.98,Due,2025-02-21
11427,4447,2024-07-22,117.34,Overdue,2024-08-21
11428,9121,2024-07-14,216.78,Overdue,2024-08-13
11429,5262,2025-02-19,253.5,Overdue,2025-03-21
11430,2955,2025-04-30,329.36,Overdue,2025-05-30
11431,4982,2024-11-11,426.71,Overdue,2024-12-11
11432,621,2024-07-28,147.38,Paid,2024-08-27
11433,8682,2024-10-27,255.64,Overdue,2024-11-26
11434,8832,2024-09-18,322.02,Due,2024-10-18
11435,1467,2024-06-30,58.98,Overdue,2024-07-30
11436,1145,2024-10-23,227.64,Due,2024-11-22
11437,6850,2024-05-23,282.51,Paid,2024-06-22
11438,2669,2024-06-14,275.09,Paid,2024-07-14
11439,6398,2025-01-31,218.53,Paid,2025-03-02
11440,3359,2025-03-31,296.13,Paid,2025-04-30
11441,2715,2024-09-22,145.51,Due,2024-10-22
11442,9541,2024-06-12,215.75,Overdue,2024-07-12
11443,9471,2024-09-29,183.53,Overdue,2024-10-29
11444,1192,2024-07-06,87.65,Due,2024-08-05
11445,1134,2024-06-13,444.68,Overdue,2024-07-13
11446,475,2025-02-08,396.83,Overdue,2025-03-10
11447,5047,2024-08-05,91.35,Paid,2024-09-04
11448,9070,2024-09-22,445.52,Overdue,2024-10-22
11449,9312,2024-12-11,95.78,Overdue,2025-01-10
11450,1856,2024-08-30,172.2,Due,2024-09-29
11451,5532,2024-12-15,455.68,Paid,2025-01-14
11452,4138,2024-08-21,439.01,Due,2024-09-20
11453,290,2024-12-14,89.59,Paid,2025-01-13
11454,8125,2024-07-07,177.49,Paid,2024-08-06
11455,5536,2025-03-15,57.86,Paid,2025-04-14
11456,6769,2025-03-10,308.96,Paid,2025-04-09
11457,6562,2024-08-18,253.76,Paid,2024-09-17
11458,7411,2024-10-01,415.85,Overdue,2024-10-31
11459,7416,2024-05-27,187.39,Paid,2024-06-26
11460,4941,2024-09-09,64.44,Paid,2024-10-09
11461,2816,2025-01-15,283.99,Overdue,2025-02-14
11462,6933,2024-10-18,293.31,Overdue,2024-11-17
11463,2711,2025-02-02,280.25,Paid,2025-03-04
11464,5625,2025-01-21,344.92,Due,2025-02-20
11465,1807,2024-08-25,19.6,Overdue,2024-09-24
11466,1330,2025-04-23,456.94,Overdue,2025-05-23
11467,9756,2025-03-09,308.18,Paid,2025-04-08
11468,9841,2025-03-29,299.69,Paid,2025-04-28
11469,4518,2024-08-02,189.75,Due,2024-09-01
11470,9940,2024-12-04,207.99,Overdue,2025-01-03
11471,8684,2024-11-23,57.32,Overdue,2024-12-23
11472,365,2024-10-12,114.88,Overdue,2024-11-11
11473,3764,2024-07-05,366.65,Overdue,2024-08-04
11474,401,2024-08-21,85.15,Paid,2024-09-20
11475,1661,2024-11-22,453.74,Paid,2024-12-22
11476,4693,2024-08-27,430.12,Paid,2024-09-26
11477,4242,2024-07-25,160.41,Due,2024-08-24
11478,7160,2025-02-01,22.81,Paid,2025-03-03
11479,4820,2024-11-10,143.97,Due,2024-12-10
11480,4765,2024-08-19,439.99,Overdue,2024-09-18
11481,9773,2024-08-04,263.6,Paid,2024-09-03
11482,9167,2025-04-01,307.22,Due,2025-05-01
11483,6229,2024-11-18,154.88,Due,2024-12-18
11484,277,2025-02-04,134.71,Paid,2025-03-06
11485,1754,2024-09-12,120.02,Overdue,2024-10-12
11486,4051,2024-07-20,362.41,Paid,2024-08-19
11487,6489,2025-01-13,157.17,Overdue,2025-02-12
11488,5091,2024-08-25,35.91,Due,2024-09-24
11489,4602,2025-01-07,423.59,Paid,2025-02-06
11490,4163,2025-02-08,268.84,Paid,2025-03-10
11491,8673,2024-06-21,318.65,Due,2024-07-21
11492,3,2024-09-01,418.96,Paid,2024-10-01
11493,4223,2025-02-13,306.76,Paid,2025-03-15
11494,8200,2024-12-05,76.13,Paid,2025-01-04
11495,4801,2024-05-23,134.2,Overdue,2024-06-22
11496,3607,2024-08-15,436.06,Overdue,2024-09-14
11497,1573,2024-09-02,23.77,Paid,2024-10-02
11498,9617,2025-02-04,95.98,Due,2025-03-06
11499,6775,2024-07-28,492.24,Paid,2024-08-27
11500,7846,2024-08-08,112.45,Due,2024-09-07
11501,7028,2025-04-22,494.74,Overdue,2025-05-22
11502,2701,2024-07-04,140.54,Paid,2024-08-03
11503,7157,2024-05-29,146.49,Paid,2024-06-28
11504,4558,2025-02-09,131.42,Due,2025-03-11
11505,9307,2024-09-06,326.23,Due,2024-10-06
11506,7721,2024-11-01,419.81,Paid,2024-12-01
11507,8543,2024-12-17,137.57,Due,2025-01-16
11508,1016,2024-08-18,439.88,Due,2024-09-17
11509,392,2024-11-08,199.39,Paid,2024-12-08
11510,3778,2024-11-13,229.75,Overdue,2024-12-13
11511,3015,2024-10-18,64.93,Overdue,2024-11-17
11512,2484,2024-09-22,388.23,Due,2024-10-22
11513,5212,2025-02-08,85.24,Due,2025-03-10
11514,7687,2025-03-31,88.04,Due,2025-04-30
11515,2468,2024-11-14,273.68,Overdue,2024-12-14
11516,3609,2024-07-19,272.36,Due,2024-08-18
11517,8663,2024-09-29,192.93,Overdue,2024-10-29
11518,7488,2025-01-09,185.85,Paid,2025-02-08
11519,8298,2025-02-11,493.8,Paid,2025-03-13
11520,7348,2025-04-16,395.79,Due,2025-05-16
11521,340,2025-03-19,433.53,Overdue,2025-04-18
11522,1556,2024-07-11,279.54,Overdue,2024-08-10
11523,2726,2025-02-23,446.27,Paid,2025-03-25
11524,4312,2024-07-02,338.34,Due,2024-08-01
11525,7416,2025-04-28,222.07,Paid,2025-05-28
11526,4449,2024-12-02,264.22,Due,2025-01-01
11527,5192,2024-10-30,17.44,Due,2024-11-29
11528,6746,2024-05-16,63.93,Overdue,2024-06-15
11529,1429,2024-05-25,59.1,Paid,2024-06-24
11530,4316,2025-01-21,170.19,Paid,2025-02-20
11531,1892,2025-02-10,278.19,Paid,2025-03-12
11532,7309,2024-05-18,372.81,Due,2024-06-17
11533,6257,2024-11-28,82.07,Paid,2024-12-28
11534,8260,2024-09-17,444.91,Overdue,2024-10-17
11535,8104,2024-08-09,195.44,Paid,2024-09-08
11536,2515,2024-05-18,114.47,Overdue,2024-06-17
11537,5564,2024-12-29,488.78,Paid,2025-01-28
11538,3485,2024-10-30,348.61,Overdue,2024-11-29
11539,2469,2024-07-25,88.11,Paid,2024-08-24
11540,4256,2024-06-01,161.0,Paid,2024-07-01
11541,9764,2024-10-25,107.45,Paid,2024-11-24
11542,5881,2024-05-04,198.97,Overdue,2024-06-03
11543,8762,2024-12-07,78.92,Overdue,2025-01-06
11544,6884,2024-10-26,377.31,Paid,2024-11-25
11545,5075,2025-03-01,480.19,Overdue,2025-03-31
11546,6429,2024-07-19,465.42,Paid,2024-08-18
11547,5935,2024-12-22,376.48,Paid,2025-01-21
11548,72,2024-06-23,286.7,Due,2024-07-23
11549,4698,2024-05-22,77.37,Due,2024-06-21
11550,2021,2025-02-27,344.76,Overdue,2025-03-29
11551,3956,2024-10-19,409.73,Paid,2024-11-18
11552,4173,2025-03-19,275.99,Overdue,2025-04-18
11553,5738,2024-08-26,478.78,Due,2024-09-25
11554,2885,2025-01-09,19.95,Due,2025-02-08
11555,9366,2025-03-06,407.59,Due,2025-04-05
11556,5069,2024-10-25,48.16,Paid,2024-11-24
11557,5975,2024-09-08,483.23,Paid,2024-10-08
11558,3321,2025-02-23,222.23,Overdue,2025-03-25
11559,1270,2025-04-03,348.59,Overdue,2025-05-03
11560,3391,2024-06-26,328.98,Due,2024-07-26
11561,6060,2024-11-07,332.61,Due,2024-12-07
11562,1113,2024-07-30,251.0,Overdue,2024-08-29
11563,569,2024-05-10,191.96,Overdue,2024-06-09
11564,4894,2024-10-11,227.43,Due,2024-11-10
11565,6752,2024-10-10,104.08,Due,2024-11-09
11566,168,2024-11-26,166.77,Paid,2024-12-26
11567,6866,2025-02-04,124.23,Due,2025-03-06
11568,2125,2024-07-03,281.22,Paid,2024-08-02
11569,3385,2024-05-26,261.48,Paid,2024-06-25
11570,8769,2024-08-04,243.87,Paid,2024-09-03
11571,3482,2025-04-01,60.91,Paid,2025-05-01
11572,8580,2025-02-06,367.49,Overdue,2025-03-08
11573,270,2024-09-10,371.57,Paid,2024-10-10
11574,3670,2024-09-13,439.77,Due,2024-10-13
11575,4709,2024-10-28,373.82,Overdue,2024-11-27
11576,7164,2024-07-18,305.62,Paid,2024-08-17
11577,7370,2024-12-04,321.04,Paid,2025-01-03
11578,4065,2025-01-18,386.01,Due,2025-02-17
11579,9140,2024-06-21,414.03,Overdue,2024-07-21
11580,6470,2024-08-28,211.06,Paid,2024-09-27
11581,3712,2024-05-19,133.57,Paid,2024-06-18
11582,2563,2024-06-29,10.48,Paid,2024-07-29
11583,8568,2024-10-20,137.54,Due,2024-11-19
11584,3255,2024-08-21,465.67,Paid,2024-09-20
11585,8836,2024-10-10,269.14,Due,2024-11-09
11586,2466,2024-05-04,496.84,Due,2024-06-03
11587,7685,2024-09-11,381.18,Due,2024-10-11
11588,6354,2024-08-21,333.83,Overdue,2024-09-20
11589,1429,2024-07-30,38.02,Overdue,2024-08-29
11590,3306,2024-07-15,459.78,Paid,2024-08-14
11591,1882,2024-05-05,93.53,Due,2024-06-04
11592,4460,2024-05-18,350.68,Paid,2024-06-17
11593,4178,2024-10-17,395.65,Paid,2024-11-16
11594,1621,2024-08-10,159.1,Paid,2024-09-09
11595,6732,2024-12-17,223.52,Due,2025-01-16
11596,6806,2024-06-23,492.04,Overdue,2024-07-23
11597,8740,2025-02-04,222.32,Due,2025-03-06
11598,9081,2024-09-14,145.09,Paid,2024-10-14
11599,8411,2024-07-28,471.22,Overdue,2024-08-27
11600,4291,2024-10-11,77.12,Overdue,2024-11-10
11601,8001,2024-09-05,325.53,Due,2024-10-05
11602,521,2024-06-15,98.64,Due,2024-07-15
11603,4957,2024-12-24,240.61,Due,2025-01-23
11604,3608,2024-08-09,100.78,Due,2024-09-08
11605,9344,2025-04-08,46.35,Paid,2025-05-08
11606,2981,2024-07-05,418.02,Paid,2024-08-04
11607,7070,2024-11-26,160.78,Paid,2024-12-26
11608,799,2024-09-18,498.55,Paid,2024-10-18
11609,7030,2024-06-20,345.65,Due,2024-07-20
11610,8009,2024-04-30,446.92,Due,2024-05-30
11611,4108,2024-05-02,435.77,Overdue,2024-06-01
11612,7072,2024-10-22,133.91,Due,2024-11-21
11613,7938,2024-11-06,404.06,Due,2024-12-06
11614,1479,2025-03-29,432.34,Paid,2025-04-28
11615,2131,2025-03-27,477.76,Due,2025-04-26
11616,5022,2024-09-21,252.44,Paid,2024-10-21
11617,2057,2025-01-27,137.09,Overdue,2025-02-26
11618,5244,2025-02-24,237.82,Due,2025-03-26
11619,3909,2025-02-08,10.45,Due,2025-03-10
11620,8745,2025-03-30,325.64,Due,2025-04-29
11621,8864,2024-06-08,41.45,Paid,2024-07-08
11622,8756,2025-03-30,281.0,Overdue,2025-04-29
11623,2806,2024-12-23,340.11,Paid,2025-01-22
11624,5324,2024-07-23,218.37,Due,2024-08-22
11625,5176,2024-05-21,78.6,Overdue,2024-06-20
11626,4607,2024-09-16,457.74,Due,2024-10-16
11627,1095,2024-08-23,117.93,Paid,2024-09-22
11628,3484,2025-02-05,316.73,Due,2025-03-07
11629,8694,2025-01-03,450.73,Paid,2025-02-02
11630,3515,2024-10-13,454.34,Paid,2024-11-12
11631,6306,2024-07-12,195.95,Paid,2024-08-11
11632,1907,2025-01-19,197.53,Due,2025-02-18
11633,199,2024-10-24,246.61,Overdue,2024-11-23
11634,9318,2024-08-21,307.47,Due,2024-09-20
11635,5393,2024-08-16,161.56,Due,2024-09-15
11636,2494,2025-03-11,264.32,Due,2025-04-10
11637,6247,2025-01-07,267.51,Paid,2025-02-06
11638,650,2025-04-14,269.65,Due,2025-05-14
11639,3300,2024-11-28,38.52,Overdue,2024-12-28
11640,5651,2024-10-22,238.09,Overdue,2024-11-21
11641,758,2024-06-29,441.92,Due,2024-07-29
11642,7573,2025-03-19,366.01,Overdue,2025-04-18
11643,6529,2024-08-04,86.3,Due,2024-09-03
11644,3229,2024-11-19,122.21,Due,2024-12-19
11645,5888,2024-09-10,308.5,Paid,2024-10-10
11646,8074,2024-08-08,430.44,Overdue,2024-09-07
11647,6271,2024-10-26,488.35,Overdue,2024-11-25
11648,5303,2024-12-19,280.51,Paid,2025-01-18
11649,5303,2025-04-18,275.56,Overdue,2025-05-18
11650,3810,2024-07-18,49.1,Due,2024-08-17
11651,2557,2024-07-23,207.6,Due,2024-08-22
11652,5048,2025-04-15,25.18,Paid,2025-05-15
11653,869,2024-09-14,157.04,Paid,2024-10-14
11654,5394,2025-02-05,271.71,Due,2025-03-07
11655,6150,2024-12-27,189.55,Overdue,2025-01-26
11656,1731,2024-09-03,83.04,Paid,2024-10-03
11657,1305,2024-09-09,233.91,Paid,2024-10-09
11658,4906,2024-07-08,281.0,Due,2024-08-07
11659,7546,2024-07-23,289.57,Overdue,2024-08-22
11660,6501,2024-09-10,63.07,Due,2024-10-10
11661,3261,2025-03-10,402.09,Due,2025-04-09
11662,3129,2024-11-02,415.64,Due,2024-12-02
11663,8113,2024-11-27,65.65,Due,2024-12-27
11664,9361,2024-07-02,82.81,Overdue,2024-08-01
11665,1772,2025-01-10,377.73,Due,2025-02-09
11666,3860,2024-12-21,321.03,Paid,2025-01-20
11667,8928,2024-11-09,219.34,Overdue,2024-12-09
11668,1040,2025-04-09,91.76,Paid,2025-05-09
11669,5590,2025-01-01,339.18,Due,2025-01-31
11670,6670,2025-01-17,489.25,Paid,2025-02-16
11671,3699,2024-08-26,19.1,Overdue,2024-09-25
11672,9244,2024-06-02,325.09,Due,2024-07-02
11673,6654,2025-04-30,134.14,Overdue,2025-05-30
11674,6891,2024-05-13,405.85,Due,2024-06-12
11675,3219,2025-01-05,466.66,Paid,2025-02-04
11676,2476,2024-07-21,217.71,Overdue,2024-08-20
11677,8109,2024-08-25,200.95,Paid,2024-09-24
11678,2109,2025-01-08,28.71,Due,2025-02-07
11679,2650,2025-04-20,391.67,Overdue,2025-05-20
11680,8531,2024-10-17,362.92,Paid,2024-11-16
11681,3861,2024-06-20,239.23,Paid,2024-07-20
11682,9956,2025-03-17,122.64,Due,2025-04-16
11683,4013,2024-11-07,218.41,Overdue,2024-12-07
11684,9526,2024-08-29,198.82,Due,2024-09-28
11685,4969,2024-08-08,85.07,Due,2024-09-07
11686,6748,2025-04-27,342.05,Overdue,2025-05-27
11687,805,2025-01-10,494.4,Due,2025-02-09
11688,1396,2025-04-20,30.7,Paid,2025-05-20
11689,5300,2024-08-25,114.37,Overdue,2024-09-24
11690,9092,2024-08-26,435.62,Overdue,2024-09-25
11691,5441,2024-08-08,112.02,Due,2024-09-07
11692,768,2025-03-12,105.57,Due,2025-04-11
11693,8249,2024-11-06,287.12,Due,2024-12-06
11694,643,2024-06-16,392.66,Overdue,2024-07-16
11695,3140,2025-04-10,442.35,Overdue,2025-05-10
11696,6461,2024-11-13,139.63,Due,2024-12-13
11697,8375,2024-12-17,370.45,Overdue,2025-01-16
11698,4665,2024-05-06,196.85,Paid,2024-06-05
11699,4259,2024-07-05,416.74,Overdue,2024-08-04
11700,5848,2024-05-17,151.02,Due,2024-06-16
11701,9422,2024-12-08,378.58,Due,2025-01-07
11702,1605,2024-06-10,460.66,Overdue,2024-07-10
11703,1644,2025-04-13,113.97,Overdue,2025-05-13
11704,509,2025-04-05,317.38,Due,2025-05-05
11705,4053,2024-10-31,230.13,Paid,2024-11-30
11706,6300,2025-02-17,476.69,Overdue,2025-03-19
11707,9540,2024-09-14,374.4,Due,2024-10-14
11708,4162,2025-01-13,489.0,Overdue,2025-02-12
11709,2208,2024-05-04,481.3,Paid,2024-06-03
11710,3947,2024-10-27,64.98,Due,2024-11-26
11711,6518,2024-08-12,275.74,Overdue,2024-09-11
11712,6138,2025-02-11,27.09,Paid,2025-03-13
11713,3762,2024-09-04,257.88,Due,2024-10-04
11714,2324,2025-03-09,13.97,Due,2025-04-08
11715,6644,2025-03-05,124.55,Due,2025-04-04
11716,9789,2024-05-14,334.84,Overdue,2024-06-13
11717,8565,2024-07-30,69.64,Due,2024-08-29
11718,9919,2024-08-26,367.58,Paid,2024-09-25
11719,4478,2025-02-01,67.22,Overdue,2025-03-03
11720,5073,2025-01-14,101.47,Due,2025-02-13
11721,8849,2024-08-08,489.09,Overdue,2024-09-07
11722,8269,2024-05-19,244.57,Paid,2024-06-18
11723,8650,2024-06-17,341.05,Overdue,2024-07-17
11724,1702,2025-04-20,337.87,Overdue,2025-05-20
11725,3926,2024-10-14,355.43,Paid,2024-11-13
11726,1762,2024-05-24,79.4,Paid,2024-06-23
11727,748,2024-11-03,228.41,Paid,2024-12-03
11728,7398,2025-03-21,133.99,Due,2025-04-20
11729,5021,2025-04-08,405.69,Paid,2025-05-08
11730,7644,2024-11-20,43.02,Overdue,2024-12-20
11731,2028,2024-12-15,347.81,Due,2025-01-14
11732,8139,2024-10-16,499.1,Overdue,2024-11-15
11733,6062,2024-09-30,472.12,Due,2024-10-30
11734,4886,2024-06-14,441.08,Overdue,2024-07-14
11735,615,2024-11-22,347.3,Paid,2024-12-22
11736,980,2024-05-25,91.96,Overdue,2024-06-24
11737,2519,2025-02-09,498.93,Due,2025-03-11
11738,1010,2024-12-04,481.41,Overdue,2025-01-03
11739,1210,2024-09-21,481.12,Due,2024-10-21
11740,5864,2025-04-17,300.1,Overdue,2025-05-17
11741,3533,2025-01-06,216.43,Paid,2025-02-05
11742,4073,2024-11-27,278.67,Paid,2024-12-27
11743,9183,2025-01-26,476.26,Paid,2025-02-25
11744,3779,2024-12-07,189.42,Overdue,2025-01-06
11745,9431,2024-09-13,76.19,Due,2024-10-13
11746,7192,2025-04-21,499.55,Paid,2025-05-21
11747,8632,2024-09-24,240.46,Paid,2024-10-24
11748,8201,2024-09-05,36.76,Paid,2024-10-05
11749,8630,2024-05-08,405.72,Overdue,2024-06-07
11750,3166,2024-11-02,377.83,Overdue,2024-12-02
11751,2426,2024-05-09,254.79,Overdue,2024-06-08
11752,6881,2024-10-02,49.43,Paid,2024-11-01
11753,2087,2024-09-07,92.0,Overdue,2024-10-07
11754,9107,2024-09-23,258.6,Overdue,2024-10-23
11755,6186,2024-10-05,343.29,Due,2024-11-04
11756,9936,2024-10-03,218.26,Paid,2024-11-02
11757,7487,2025-01-14,116.41,Paid,2025-02-13
11758,8585,2024-07-22,353.88,Due,2024-08-21
11759,7952,2024-12-16,359.04,Paid,2025-01-15
11760,6955,2025-03-06,420.68,Paid,2025-04-05
11761,3809,2025-03-29,25.45,Due,2025-04-28
11762,6562,2024-09-13,450.53,Overdue,2024-10-13
11763,4255,2024-06-01,218.9,Overdue,2024-07-01
11764,6994,2024-07-21,48.0,Due,2024-08-20
11765,852,2024-07-18,257.94,Overdue,2024-08-17
11766,8333,2025-01-13,149.19,Due,2025-02-12
11767,7281,2024-05-16,305.7,Overdue,2024-06-15
11768,3875,2025-04-17,486.01,Due,2025-05-17
11769,1838,2024-08-26,165.66,Due,2024-09-25
11770,7024,2024-08-28,184.87,Paid,2024-09-27
11771,5259,2024-09-23,436.86,Due,2024-10-23
11772,6721,2025-01-02,364.34,Due,2025-02-01
11773,8342,2024-07-06,285.73,Paid,2024-08-05
11774,4963,2024-10-14,50.53,Paid,2024-11-13
11775,7158,2024-05-12,274.01,Due,2024-06-11
11776,6029,2025-01-25,154.1,Overdue,2025-02-24
11777,4827,2024-08-19,133.39,Due,2024-09-18
11778,6113,2024-12-26,192.37,Overdue,2025-01-25
11779,6921,2025-03-01,149.21,Paid,2025-03-31
11780,8748,2024-06-02,458.65,Overdue,2024-07-02
11781,7848,2024-06-07,211.33,Paid,2024-07-07
11782,2147,2025-03-29,495.36,Due,2025-04-28
11783,6423,2025-02-04,34.07,Due,2025-03-06
11784,8425,2025-04-17,155.17,Paid,2025-05-17
11785,8037,2024-11-28,405.16,Due,2024-12-28
11786,548,2024-09-10,472.37,Due,2024-10-10
11787,55,2024-10-19,363.76,Due,2024-11-18
11788,6742,2024-10-08,141.11,Due,2024-11-07
11789,2449,2025-03-04,187.39,Paid,2025-04-03
11790,3072,2024-11-29,418.71,Due,2024-12-29
11791,2588,2024-07-02,415.13,Overdue,2024-08-01
11792,3072,2024-07-06,466.82,Overdue,2024-08-05
11793,574,2024-11-25,229.2,Due,2024-12-25
11794,4725,2025-04-02,155.49,Paid,2025-05-02
11795,7486,2024-05-12,50.36,Paid,2024-06-11
11796,1901,2025-03-24,438.28,Due,2025-04-23
11797,5736,2024-07-05,70.17,Overdue,2024-08-04
11798,9204,2024-10-10,339.79,Due,2024-11-09
11799,2419,2024-11-15,107.47,Due,2024-12-15
11800,294,2024-11-11,382.8,Overdue,2024-12-11
11801,3879,2024-06-20,130.52,Overdue,2024-07-20
11802,5888,2025-03-04,476.83,Due,2025-04-03
11803,3751,2024-06-06,181.95,Overdue,2024-07-06
11804,4752,2025-04-15,246.93,Due,2025-05-15
11805,5526,2024-09-28,437.64,Due,2024-10-28
11806,4116,2024-10-20,469.88,Overdue,2024-11-19
11807,6753,2024-09-28,444.81,Due,2024-10-28
11808,166,2024-05-28,370.42,Paid,2024-06-27
11809,5472,2025-03-21,362.6,Overdue,2025-04-20
11810,7204,2025-02-04,323.17,Paid,2025-03-06
11811,8978,2025-03-20,92.25,Paid,2025-04-19
11812,8921,2024-12-06,14.44,Overdue,2025-01-05
11813,6580,2024-11-17,56.92,Overdue,2024-12-17
11814,4162,2024-05-25,109.47,Due,2024-06-24
11815,809,2024-05-08,481.32,Paid,2024-06-07
11816,916,2025-01-16,284.04,Paid,2025-02-15
11817,3654,2024-05-25,454.94,Paid,2024-06-24
11818,7049,2025-01-05,346.71,Paid,2025-02-04
11819,3978,2025-02-23,415.82,Overdue,2025-03-25
11820,1831,2025-03-28,190.8,Paid,2025-04-27
11821,7908,2024-07-17,14.94,Overdue,2024-08-16
11822,467,2024-10-29,89.1,Due,2024-11-28
11823,473,2024-08-17,396.34,Overdue,2024-09-16
11824,3391,2024-06-30,319.57,Due,2024-07-30
11825,8549,2024-06-02,122.39,Due,2024-07-02
11826,2294,2024-06-29,73.67,Paid,2024-07-29
11827,6028,2025-02-06,454.36,Due,2025-03-08
11828,8218,2024-12-22,470.71,Due,2025-01-21
11829,5593,2024-10-29,10.39,Due,2024-11-28
11830,6452,2024-11-29,99.48,Paid,2024-12-29
11831,6361,2024-09-29,360.02,Overdue,2024-10-29
11832,6529,2025-03-11,479.95,Overdue,2025-04-10
11833,2767,2024-10-24,136.91,Due,2024-11-23
11834,6346,2025-02-22,244.83,Overdue,2025-03-24
11835,1947,2024-08-18,338.72,Paid,2024-09-17
11836,2090,2024-09-23,352.09,Due,2024-10-23
11837,9724,2025-03-20,455.61,Overdue,2025-04-19
11838,7684,2025-01-06,153.15,Due,2025-02-05
11839,6499,2024-05-17,412.13,Paid,2024-06-16
11840,3321,2024-09-09,474.96,Overdue,2024-10-09
11841,7862,2025-03-20,357.95,Overdue,2025-04-19
11842,2556,2025-03-29,379.32,Overdue,2025-04-28
11843,2388,2024-05-20,357.88,Overdue,2024-06-19
11844,3365,2024-11-28,158.7,Due,2024-12-28
11845,6320,2024-11-08,476.19,Overdue,2024-12-08
11846,7601,2025-04-08,252.85,Paid,2025-05-08
11847,8440,2024-05-18,379.13,Paid,2024-06-17
11848,910,2024-05-05,270.04,Paid,2024-06-04
11849,7012,2024-12-23,393.16,Paid,2025-01-22
11850,6491,2024-09-24,83.18,Paid,2024-10-24
11851,9329,2024-08-03,226.23,Due,2024-09-02
11852,9479,2024-07-03,294.11,Paid,2024-08-02
11853,8125,2024-08-30,178.55,Paid,2024-09-29
11854,8681,2024-06-26,52.71,Paid,2024-07-26
11855,316,2025-04-23,373.47,Paid,2025-05-23
11856,8731,2024-11-21,340.02,Due,2024-12-21
11857,2054,2024-09-25,31.09,Paid,2024-10-25
11858,3577,2024-11-14,454.77,Due,2024-12-14
11859,2226,2024-12-05,366.2,Paid,2025-01-04
11860,8192,2025-04-09,11.64,Overdue,2025-05-09
11861,6588,2025-02-10,158.42,Paid,2025-03-12
11862,8769,2025-02-14,359.99,Due,2025-03-16
11863,3332,2025-03-14,166.22,Due,2025-04-13
11864,7112,2024-08-24,58.27,Overdue,2024-09-23
11865,6402,2024-09-29,411.09,Due,2024-10-29
11866,4617,2024-11-09,395.15,Paid,2024-12-09
11867,8748,2025-04-30,254.27,Due,2025-05-30
11868,4398,2024-10-24,209.14,Due,2024-11-23
11869,1853,2024-05-25,295.46,Paid,2024-06-24
11870,837,2024-05-09,136.36,Overdue,2024-06-08
11871,7793,2024-08-17,116.1,Overdue,2024-09-16
11872,2375,2024-05-26,300.13,Overdue,2024-06-25
11873,8385,2025-03-29,496.76,Due,2025-04-28
11874,6775,2024-11-12,399.22,Paid,2024-12-12
11875,7466,2025-01-14,496.57,Overdue,2025-02-13
11876,6582,2024-08-08,231.0,Paid,2024-09-07
11877,7070,2024-05-13,162.46,Paid,2024-06-12
11878,6470,2024-08-17,146.62,Due,2024-09-16
11879,3589,2024-06-01,263.56,Overdue,2024-07-01
11880,9999,2024-06-23,33.68,Paid,2024-07-23
11881,3497,2024-06-02,334.02,Due,2024-07-02
11882,1763,2025-02-09,438.17,Overdue,2025-03-11
11883,2600,2024-06-28,164.76,Overdue,2024-07-28
11884,6052,2024-08-20,81.26,Overdue,2024-09-19
11885,3980,2025-04-29,316.2,Overdue,2025-05-29
11886,1068,2024-11-09,30.46,Paid,2024-12-09
11887,6829,2024-08-25,216.53,Due,2024-09-24
11888,5078,2024-12-05,425.17,Paid,2025-01-04
11889,8145,2024-07-14,314.11,Overdue,2024-08-13
11890,1566,2024-10-03,429.42,Paid,2024-11-02
11891,3987,2025-01-22,103.72,Due,2025-02-21
11892,3247,2025-02-09,139.83,Paid,2025-03-11
11893,9385,2024-12-15,311.81,Paid,2025-01-14
11894,9043,2024-10-20,310.44,Paid,2024-11-19
11895,3345,2024-06-12,77.48,Paid,2024-07-12
11896,4825,2024-09-19,168.44,Overdue,2024-10-19
11897,661,2024-12-28,102.93,Due,2025-01-27
11898,8840,2025-01-05,186.46,Overdue,2025-02-04
11899,5130,2025-02-15,54.37,Overdue,2025-03-17
11900,3252,2024-08-03,279.95,Paid,2024-09-02
11901,6223,2024-07-15,277.65,Due,2024-08-14
11902,3347,2024-12-24,354.58,Paid,2025-01-23
11903,5287,2024-12-01,309.17,Overdue,2024-12-31
11904,3695,2024-07-08,313.15,Overdue,2024-08-07
11905,9264,2024-08-27,136.54,Overdue,2024-09-26
11906,5488,2024-10-05,243.65,Paid,2024-11-04
11907,6101,2025-04-07,401.0,Due,2025-05-07
11908,6602,2024-08-25,42.03,Due,2024-09-24
11909,663,2024-09-04,171.13,Paid,2024-10-04
11910,3585,2024-05-21,346.95,Overdue,2024-06-20
11911,460,2025-01-06,363.15,Paid,2025-02-05
11912,4751,2024-12-01,432.37,Overdue,2024-12-31
11913,4765,2025-03-29,176.81,Due,2025-04-28
11914,2700,2024-11-18,359.12,Due,2024-12-18
11915,9798,2024-07-18,180.81,Paid,2024-08-17
11916,7416,2024-09-15,92.84,Paid,2024-10-15
11917,362,2024-08-09,58.77,Due,2024-09-08
11918,763,2024-05-14,361.45,Overdue,2024-06-13
11919,8713,2025-02-21,10.51,Overdue,2025-03-23
11920,3787,2024-10-21,361.96,Paid,2024-11-20
11921,6284,2025-04-01,376.42,Due,2025-05-01
11922,7854,2025-02-22,279.44,Overdue,2025-03-24
11923,3096,2024-10-13,398.73,Due,2024-11-12
11924,3353,2024-05-31,301.97,Due,2024-06-30
11925,7582,2025-01-03,366.62,Paid,2025-02-02
11926,4087,2024-06-18,308.38,Paid,2024-07-18
11927,9875,2024-12-21,148.07,Due,2025-01-20
11928,3272,2024-06-06,10.76,Due,2024-07-06
11929,2685,2024-11-20,160.26,Paid,2024-12-20
11930,2968,2025-01-27,216.71,Due,2025-02-26
11931,3115,2024-05-10,92.38,Paid,2024-06-09
11932,8600,2024-08-14,491.01,Overdue,2024-09-13
11933,4790,2024-09-20,292.05,Due,2024-10-20
11934,2236,2024-05-31,433.64,Overdue,2024-06-30
11935,78,2025-01-22,178.2,Paid,2025-02-21
11936,1714,2024-07-22,365.67,Overdue,2024-08-21
11937,2696,2024-12-05,411.89,Due,2025-01-04
11938,800,2025-01-20,352.56,Paid,2025-02-19
11939,5520,2024-04-30,188.34,Overdue,2024-05-30
11940,7853,2025-03-19,52.14,Due,2025-04-18
11941,7635,2025-03-09,108.09,Paid,2025-04-08
11942,4373,2024-07-12,370.63,Paid,2024-08-11
11943,3921,2024-09-15,13.14,Paid,2024-10-15
11944,4552,2024-08-26,384.93,Overdue,2024-09-25
11945,9935,2024-10-08,381.04,Paid,2024-11-07
11946,591,2024-08-04,326.81,Overdue,2024-09-03
11947,7942,2024-09-20,450.12,Due,2024-10-20
11948,1588,2024-12-26,189.5,Due,2025-01-25
11949,1586,2024-10-09,142.25,Overdue,2024-11-08
11950,3380,2025-04-08,85.78,Paid,2025-05-08
11951,6283,2025-03-12,21.1,Due,2025-04-11
11952,6618,2024-12-03,44.2,Due,2025-01-02
11953,7782,2025-04-27,193.27,Due,2025-05-27
11954,3360,2024-11-15,243.44,Overdue,2024-12-15
11955,4934,2025-02-08,134.94,Due,2025-03-10
11956,3920,2024-10-12,120.42,Overdue,2024-11-11
11957,4882,2025-02-02,154.14,Due,2025-03-04
11958,4794,2025-03-11,177.28,Paid,2025-04-10
11959,6311,2024-05-12,203.14,Due,2024-06-11
11960,6350,2024-07-24,456.4,Due,2024-08-23
11961,8102,2025-02-03,327.82,Due,2025-03-05
11962,1766,2025-04-22,246.34,Paid,2025-05-22
11963,8818,2024-06-23,187.94,Paid,2024-07-23
11964,7447,2024-07-19,450.03,Overdue,2024-08-18
11965,6735,2024-06-22,450.69,Paid,2024-07-22
11966,6195,2024-10-18,406.21,Paid,2024-11-17
11967,6281,2025-02-09,97.66,Due,2025-03-11
11968,2818,2025-02-23,205.96,Paid,2025-03-25
11969,9937,2025-03-08,63.01,Overdue,2025-04-07
11970,6415,2025-04-01,135.98,Overdue,2025-05-01
11971,3277,2024-12-22,442.74,Overdue,2025-01-21
11972,7778,2024-11-08,475.12,Overdue,2024-12-08
11973,3841,2024-09-08,415.36,Overdue,2024-10-08
11974,3960,2024-05-17,387.14,Due,2024-06-16
11975,9368,2024-06-26,198.8,Due,2024-07-26
11976,7492,2025-04-26,269.58,Due,2025-05-26
11977,5136,2024-12-24,399.44,Paid,2025-01-23
11978,8026,2025-02-06,303.65,Paid,2025-03-08
11979,8502,2024-12-30,286.53,Paid,2025-01-29
11980,5871,2025-03-19,199.61,Paid,2025-04-18
11981,5623,2024-06-23,338.86,Overdue,2024-07-23
11982,5777,2024-10-08,115.61,Paid,2024-11-07
11983,5398,2024-06-18,454.38,Paid,2024-07-18
11984,2816,2024-06-25,143.2,Due,2024-07-25
11985,7427,2024-12-13,284.19,Paid,2025-01-12
11986,5257,2024-06-11,355.25,Paid,2024-07-11
11987,5206,2024-12-30,79.15,Paid,2025-01-29
11988,9557,2024-06-02,250.37,Paid,2024-07-02
11989,7459,2024-11-26,77.29,Due,2024-12-26
11990,2822,2024-09-08,50.12,Overdue,2024-10-08
11991,9455,2024-11-22,105.92,Due,2024-12-22
11992,6024,2024-11-05,303.41,Due,2024-12-05
11993,4259,2025-01-01,315.64,Due,2025-01-31
11994,6707,2024-06-03,447.6,Overdue,2024-07-03
11995,5252,2025-04-30,73.81,Due,2025-05-30
11996,863,2024-05-23,228.32,Overdue,2024-06-22
11997,6780,2024-08-14,230.34,Due,2024-09-13
11998,4163,2024-06-01,424.87,Paid,2024-07-01
11999,4547,2024-12-19,466.93,Due,2025-01-18
12000,5938,2024-11-01,437.4,Paid,2024-12-01
12001,9612,2024-09-06,46.81,Paid,2024-10-06
12002,6716,2024-06-12,122.48,Paid,2024-07-12
12003,706,2024-12-14,15.47,Overdue,2025-01-13
12004,8312,2025-03-31,322.26,Due,2025-04-30
12005,8170,2025-02-14,88.86,Paid,2025-03-16
12006,1246,2025-03-18,177.5,Paid,2025-04-17
12007,2967,2024-07-14,154.91,Paid,2024-08-13
12008,8312,2025-02-18,203.62,Overdue,2025-03-20
12009,8952,2025-02-04,152.2,Overdue,2025-03-06
12010,2559,2024-05-24,450.86,Overdue,2024-06-23
12011,1882,2025-04-27,302.67,Overdue,2025-05-27
12012,603,2024-08-14,33.41,Overdue,2024-09-13
12013,5615,2025-04-06,212.07,Paid,2025-05-06
12014,5598,2024-06-03,440.93,Overdue,2024-07-03
12015,1335,2025-04-04,360.04,Overdue,2025-05-04
12016,6534,2024-06-21,108.5,Overdue,2024-07-21
12017,5139,2025-03-25,414.22,Paid,2025-04-24
12018,6626,2025-01-06,100.56,Paid,2025-02-05
12019,3961,2024-09-03,283.13,Due,2024-10-03
12020,6285,2024-06-22,350.07,Overdue,2024-07-22
12021,8302,2024-11-24,118.69,Paid,2024-12-24
12022,8906,2025-03-03,326.39,Due,2025-04-02
12023,8453,2024-07-31,405.03,Overdue,2024-08-30
12024,6587,2024-11-02,189.65,Paid,2024-12-02
12025,3745,2025-02-17,350.51,Due,2025-03-19
12026,9283,2025-04-12,488.4,Due,2025-05-12
12027,7098,2025-03-25,297.97,Overdue,2025-04-24
12028,2060,2024-07-20,21.74,Overdue,2024-08-19
12029,8498,2024-07-04,454.87,Due,2024-08-03
12030,9830,2025-01-24,220.47,Due,2025-02-23
12031,5434,2025-02-02,377.58,Overdue,2025-03-04
12032,8258,2025-01-12,418.41,Due,2025-02-11
12033,149,2024-11-10,437.62,Overdue,2024-12-10
12034,9567,2025-02-03,197.15,Overdue,2025-03-05
12035,5588,2025-03-14,324.89,Overdue,2025-04-13
12036,4887,2024-12-11,71.97,Paid,2025-01-10
12037,4720,2024-07-21,398.28,Overdue,2024-08-20
12038,3284,2024-11-11,268.86,Paid,2024-12-11
12039,6469,2024-05-19,338.21,Overdue,2024-06-18
12040,520,2024-12-09,175.42,Overdue,2025-01-08
12041,4112,2025-03-26,477.92,Paid,2025-04-25
12042,7114,2024-10-04,259.48,Overdue,2024-11-03
12043,1332,2024-06-12,71.91,Overdue,2024-07-12
12044,3627,2024-09-12,481.45,Overdue,2024-10-12
12045,3733,2025-02-25,235.63,Due,2025-03-27
12046,1592,2025-04-07,149.43,Paid,2025-05-07
12047,2082,2024-11-29,234.22,Paid,2024-12-29
12048,5581,2024-06-30,459.77,Due,2024-07-30
12049,1681,2024-11-30,303.49,Due,2024-12-30
12050,2772,2024-12-21,155.88,Overdue,2025-01-20
12051,7483,2025-01-17,46.34,Paid,2025-02-16
12052,9874,2024-05-07,101.03,Due,2024-06-06
12053,5127,2024-07-02,378.48,Overdue,2024-08-01
12054,8744,2024-12-19,49.0,Due,2025-01-18
12055,309,2024-10-07,393.01,Paid,2024-11-06
12056,1911,2025-03-11,329.24,Due,2025-04-10
12057,1601,2024-08-19,11.85,Overdue,2024-09-18
12058,2251,2024-08-10,493.53,Overdue,2024-09-09
12059,4334,2024-10-27,347.51,Due,2024-11-26
12060,2066,2025-04-27,201.19,Due,2025-05-27
12061,6024,2024-12-23,345.43,Due,2025-01-22
12062,697,2024-08-08,360.69,Paid,2024-09-07
12063,19,2024-11-21,424.92,Overdue,2024-12-21
12064,2960,2024-09-02,495.19,Paid,2024-10-02
12065,3369,2024-11-21,206.03,Due,2024-12-21
12066,8259,2024-06-29,413.41,Overdue,2024-07-29
12067,548,2025-04-15,233.52,Paid,2025-05-15
12068,1831,2024-09-12,490.41,Paid,2024-10-12
12069,3327,2024-09-01,404.95,Overdue,2024-10-01
12070,8200,2025-02-19,439.77,Overdue,2025-03-21
12071,1539,2024-05-19,172.01,Overdue,2024-06-18
12072,2580,2025-03-04,332.71,Paid,2025-04-03
12073,4737,2024-12-18,460.94,Overdue,2025-01-17
12074,6666,2024-12-13,267.38,Overdue,2025-01-12
12075,3403,2024-10-21,199.72,Overdue,2024-11-20
12076,3247,2024-08-29,59.18,Due,2024-09-28
12077,8131,2024-08-22,230.87,Overdue,2024-09-21
12078,3934,2024-11-15,455.66,Due,2024-12-15
12079,20,2024-09-15,484.57,Due,2024-10-15
12080,5223,2024-09-29,29.4,Due,2024-10-29
12081,9783,2024-07-24,38.9,Paid,2024-08-23
12082,2628,2024-07-16,70.56,Due,2024-08-15
12083,7314,2025-01-12,406.54,Paid,2025-02-11
12084,5983,2024-06-11,417.44,Paid,2024-07-11
12085,2123,2024-12-13,122.47,Overdue,2025-01-12
12086,3604,2024-06-22,68.38,Paid,2024-07-22
12087,3967,2025-02-03,18.57,Due,2025-03-05
12088,8103,2025-04-23,17.15,Due,2025-05-23
12089,2186,2024-09-19,337.56,Overdue,2024-10-19
12090,6533,2024-07-03,421.58,Overdue,2024-08-02
12091,6059,2024-11-07,286.7,Overdue,2024-12-07
12092,8230,2024-12-21,366.71,Overdue,2025-01-20
12093,5806,2025-01-26,51.68,Due,2025-02-25
12094,585,2025-03-15,348.3,Due,2025-04-14
12095,1422,2025-03-29,184.45,Paid,2025-04-28
12096,4927,2024-08-01,421.61,Due,2024-08-31
12097,5865,2024-10-22,27.44,Paid,2024-11-21
12098,1047,2024-11-02,377.36,Overdue,2024-12-02
12099,7222,2025-01-16,397.03,Paid,2025-02-15
12100,5251,2024-06-08,13.48,Overdue,2024-07-08
12101,572,2024-05-10,305.48,Overdue,2024-06-09
12102,4197,2024-09-20,364.19,Paid,2024-10-20
12103,2974,2024-12-24,301.51,Paid,2025-01-23
12104,936,2024-09-29,419.94,Paid,2024-10-29
12105,7961,2024-12-16,228.73,Due,2025-01-15
12106,1170,2025-03-31,345.4,Due,2025-04-30
12107,1214,2025-01-08,36.75,Due,2025-02-07
12108,8384,2025-01-27,84.25,Paid,2025-02-26
12109,8830,2025-03-30,42.97,Paid,2025-04-29
12110,3330,2024-10-25,227.47,Overdue,2024-11-24
12111,3078,2024-11-11,31.13,Overdue,2024-12-11
12112,5708,2024-10-22,38.45,Overdue,2024-11-21
12113,8754,2024-07-02,124.44,Overdue,2024-08-01
12114,9055,2024-08-22,374.69,Paid,2024-09-21
12115,2249,2024-07-04,123.51,Due,2024-08-03
12116,8711,2025-02-17,330.67,Overdue,2025-03-19
12117,9090,2024-08-30,430.71,Paid,2024-09-29
12118,9401,2024-07-11,120.99,Overdue,2024-08-10
12119,6509,2024-07-17,491.56,Paid,2024-08-16
12120,3768,2024-06-28,311.73,Paid,2024-07-28
12121,4386,2025-03-31,116.71,Paid,2025-04-30
12122,9927,2024-08-01,426.03,Due,2024-08-31
12123,9952,2025-04-16,290.25,Overdue,2025-05-16
12124,1794,2024-05-18,307.73,Paid,2024-06-17
12125,7082,2024-12-04,444.86,Overdue,2025-01-03
12126,7093,2024-06-19,261.4,Paid,2024-07-19
12127,6592,2025-04-16,101.91,Overdue,2025-05-16
12128,5043,2024-10-18,243.95,Due,2024-11-17
12129,3972,2024-10-01,447.76,Paid,2024-10-31
12130,4296,2024-06-01,493.02,Due,2024-07-01
12131,9487,2024-05-23,430.96,Overdue,2024-06-22
12132,6297,2024-06-07,453.61,Due,2024-07-07
12133,3055,2024-05-17,225.95,Paid,2024-06-16
12134,9719,2024-12-24,50.57,Due,2025-01-23
12135,5726,2025-03-08,240.54,Paid,2025-04-07
12136,6614,2025-03-07,313.28,Overdue,2025-04-06
12137,6241,2024-09-27,484.8,Overdue,2024-10-27
12138,308,2024-09-30,376.4,Overdue,2024-10-30
12139,5817,2024-12-12,88.48,Overdue,2025-01-11
12140,618,2024-08-26,449.13,Paid,2024-09-25
12141,9167,2025-03-09,63.75,Overdue,2025-04-08
12142,9996,2024-10-12,43.07,Overdue,2024-11-11
12143,4291,2024-07-31,42.15,Paid,2024-08-30
12144,8881,2024-07-15,70.56,Due,2024-08-14
12145,6303,2024-12-16,69.77,Overdue,2025-01-15
12146,8061,2024-06-10,475.64,Overdue,2024-07-10
12147,5358,2024-10-10,18.27,Due,2024-11-09
12148,6828,2025-04-04,162.04,Due,2025-05-04
12149,6204,2025-02-09,81.58,Paid,2025-03-11
12150,4025,2024-05-19,128.29,Paid,2024-06-18
12151,7304,2024-12-12,52.09,Overdue,2025-01-11
12152,695,2025-04-20,50.73,Paid,2025-05-20
12153,2079,2025-01-22,115.28,Due,2025-02-21
12154,7241,2025-04-03,59.39,Overdue,2025-05-03
12155,4508,2025-01-28,71.76,Due,2025-02-27
12156,4017,2024-11-16,40.87,Paid,2024-12-16
12157,1127,2025-01-15,151.26,Paid,2025-02-14
12158,558,2024-06-22,466.52,Paid,2024-07-22
12159,6126,2024-11-13,48.53,Overdue,2024-12-13
12160,3414,2024-11-13,147.72,Paid,2024-12-13
12161,1608,2024-08-11,30.31,Paid,2024-09-10
12162,9832,2024-08-13,155.04,Overdue,2024-09-12
12163,3532,2024-07-01,187.04,Overdue,2024-07-31
12164,8667,2024-08-30,80.2,Paid,2024-09-29
12165,1193,2024-05-16,32.93,Paid,2024-06-15
12166,3789,2024-09-16,42.51,Overdue,2024-10-16
12167,1051,2025-01-26,317.86,Overdue,2025-02-25
12168,8451,2024-07-08,362.98,Paid,2024-08-07
12169,601,2024-09-09,345.57,Due,2024-10-09
12170,2206,2024-09-13,237.15,Due,2024-10-13
12171,1542,2024-12-05,458.05,Due,2025-01-04
12172,7884,2025-03-07,368.07,Overdue,2025-04-06
12173,2240,2025-03-18,78.11,Due,2025-04-17
12174,3701,2024-09-16,58.22,Overdue,2024-10-16
12175,6817,2024-07-16,422.56,Paid,2024-08-15
12176,4083,2025-02-19,103.28,Due,2025-03-21
12177,3477,2024-12-21,328.04,Overdue,2025-01-20
12178,616,2024-05-04,15.8,Overdue,2024-06-03
12179,7538,2024-07-29,262.28,Due,2024-08-28
12180,920,2025-01-10,130.59,Paid,2025-02-09
12181,9365,2025-02-24,85.0,Overdue,2025-03-26
12182,5577,2024-06-06,246.02,Paid,2024-07-06
12183,4795,2025-01-04,268.18,Overdue,2025-02-03
12184,7950,2024-09-02,278.58,Paid,2024-10-02
12185,3938,2025-02-02,151.43,Overdue,2025-03-04
12186,8321,2024-06-17,389.05,Due,2024-07-17
12187,9490,2024-10-31,38.04,Due,2024-11-30
12188,4649,2024-06-18,446.46,Paid,2024-07-18
12189,1700,2024-10-10,180.08,Overdue,2024-11-09
12190,3003,2024-05-31,169.39,Overdue,2024-06-30
12191,8245,2024-10-12,66.8,Overdue,2024-11-11
12192,2867,2025-04-16,327.89,Paid,2025-05-16
12193,7428,2024-06-12,89.39,Overdue,2024-07-12
12194,3050,2024-07-08,50.52,Due,2024-08-07
12195,2763,2024-05-20,456.46,Overdue,2024-06-19
12196,339,2024-10-31,399.9,Overdue,2024-11-30
12197,314,2024-06-17,283.78,Due,2024-07-17
12198,2832,2024-12-12,362.92,Due,2025-01-11
12199,8524,2024-08-10,393.32,Overdue,2024-09-09
12200,7429,2024-08-09,137.99,Due,2024-09-08
12201,9350,2024-08-11,213.01,Overdue,2024-09-10
12202,7375,2024-05-21,459.82,Paid,2024-06-20
12203,2725,2025-01-21,116.45,Overdue,2025-02-20
12204,4921,2024-12-06,326.36,Paid,2025-01-05
12205,80,2024-07-12,153.16,Paid,2024-08-11
12206,2532,2025-02-22,475.52,Paid,2025-03-24
12207,3629,2024-08-18,95.98,Overdue,2024-09-17
12208,8202,2024-09-18,20.77,Due,2024-10-18
12209,3757,2024-12-01,384.22,Overdue,2024-12-31
12210,5797,2024-11-21,86.58,Due,2024-12-21
12211,225,2025-01-10,34.81,Paid,2025-02-09
12212,7887,2024-12-03,77.57,Paid,2025-01-02
12213,8497,2025-02-04,256.97,Paid,2025-03-06
12214,7538,2024-05-11,442.44,Due,2024-06-10
12215,1767,2024-07-01,88.18,Paid,2024-07-31
12216,8077,2024-07-13,215.99,Overdue,2024-08-12
12217,6538,2024-10-16,215.77,Due,2024-11-15
12218,9335,2024-07-31,194.47,Due,2024-08-30
12219,1510,2024-07-31,433.86,Due,2024-08-30
12220,1673,2024-11-06,429.17,Overdue,2024-12-06
12221,2938,2024-07-29,324.34,Overdue,2024-08-28
12222,2856,2025-03-08,202.18,Due,2025-04-07
12223,7506,2024-07-11,455.75,Overdue,2024-08-10
12224,8127,2025-01-31,460.28,Paid,2025-03-02
12225,6346,2025-03-23,459.69,Overdue,2025-04-22
12226,9256,2024-12-12,377.89,Paid,2025-01-11
12227,9024,2024-11-25,215.34,Overdue,2024-12-25
12228,7720,2025-04-20,331.36,Paid,2025-05-20
12229,9664,2024-11-07,354.3,Paid,2024-12-07
12230,9001,2024-08-17,214.78,Overdue,2024-09-16
12231,5512,2024-06-18,439.4,Overdue,2024-07-18
12232,9864,2024-12-25,152.65,Overdue,2025-01-24
12233,3035,2025-03-01,75.63,Paid,2025-03-31
12234,3825,2025-04-10,410.3,Overdue,2025-05-10
12235,1536,2024-06-19,161.73,Paid,2024-07-19
12236,1833,2025-02-05,370.35,Overdue,2025-03-07
12237,9176,2025-04-20,252.24,Overdue,2025-05-20
12238,1332,2024-11-02,329.13,Due,2024-12-02
12239,2710,2025-02-24,161.76,Due,2025-03-26
12240,8451,2024-10-06,157.83,Due,2024-11-05
12241,1037,2024-09-06,196.22,Overdue,2024-10-06
12242,9531,2024-09-28,209.93,Paid,2024-10-28
12243,1279,2025-02-21,215.1,Overdue,2025-03-23
12244,3269,2024-11-08,297.11,Due,2024-12-08
12245,1275,2024-08-19,299.22,Due,2024-09-18
12246,6397,2025-03-01,159.59,Paid,2025-03-31
12247,2205,2024-08-27,200.31,Paid,2024-09-26
12248,8725,2024-05-26,50.99,Due,2024-06-25
12249,5485,2025-04-05,284.22,Due,2025-05-05
12250,2134,2024-06-11,273.07,Overdue,2024-07-11
12251,7829,2025-02-18,203.86,Overdue,2025-03-20
12252,9853,2024-11-28,294.44,Overdue,2024-12-28
12253,6963,2025-03-20,425.15,Overdue,2025-04-19
12254,6364,2024-06-16,344.42,Due,2024-07-16
12255,6509,2025-04-27,29.19,Due,2025-05-27
12256,4170,2024-06-18,338.03,Overdue,2024-07-18
12257,4181,2024-10-29,302.29,Paid,2024-11-28
12258,3240,2024-11-01,40.55,Overdue,2024-12-01
12259,5290,2024-05-09,177.25,Paid,2024-06-08
12260,8140,2024-09-13,429.22,Due,2024-10-13
12261,876,2024-05-08,471.24,Overdue,2024-06-07
12262,4681,2024-08-23,317.57,Paid,2024-09-22
12263,4662,2025-01-14,405.49,Paid,2025-02-13
12264,2802,2025-01-07,94.98,Paid,2025-02-06
12265,6772,2025-03-22,357.17,Paid,2025-04-21
12266,4159,2024-12-04,76.01,Due,2025-01-03
12267,3367,2024-09-23,322.65,Overdue,2024-10-23
12268,990,2024-06-06,52.4,Due,2024-07-06
12269,174,2024-05-03,419.31,Overdue,2024-06-02
12270,8763,2025-02-27,168.17,Overdue,2025-03-29
12271,3066,2024-12-24,258.96,Due,2025-01-23
12272,2721,2024-05-05,480.96,Overdue,2024-06-04
12273,1614,2025-04-24,124.73,Overdue,2025-05-24
12274,749,2024-12-19,497.97,Overdue,2025-01-18
12275,7978,2024-09-26,499.9,Due,2024-10-26
12276,1588,2025-02-09,481.77,Paid,2025-03-11
12277,6289,2024-08-30,330.41,Overdue,2024-09-29
12278,6281,2024-12-19,450.86,Due,2025-01-18
12279,5698,2024-09-27,420.83,Overdue,2024-10-27
12280,3295,2025-02-10,229.8,Overdue,2025-03-12
12281,8266,2024-11-17,389.22,Paid,2024-12-17
12282,830,2024-11-03,341.09,Due,2024-12-03
12283,1004,2024-07-22,408.25,Paid,2024-08-21
12284,684,2025-04-18,297.42,Due,2025-05-18
12285,1496,2024-08-02,200.95,Overdue,2024-09-01
12286,3211,2024-06-01,35.75,Overdue,2024-07-01
12287,9249,2025-03-16,62.51,Overdue,2025-04-15
12288,2078,2024-11-26,178.71,Overdue,2024-12-26
12289,4828,2024-08-19,302.94,Due,2024-09-18
12290,4602,2024-08-24,492.96,Due,2024-09-23
12291,947,2025-01-03,89.61,Paid,2025-02-02
12292,7720,2024-08-09,90.17,Paid,2024-09-08
12293,3821,2025-02-11,61.74,Paid,2025-03-13
12294,3199,2024-06-22,347.2,Due,2024-07-22
12295,2936,2024-11-09,226.09,Overdue,2024-12-09
12296,9595,2024-06-14,446.52,Due,2024-07-14
12297,5888,2024-06-15,63.24,Overdue,2024-07-15
12298,840,2024-08-12,136.68,Overdue,2024-09-11
12299,3227,2024-07-16,85.41,Due,2024-08-15
12300,3333,2024-12-25,217.5,Due,2025-01-24
12301,2923,2025-03-19,162.84,Overdue,2025-04-18
12302,9684,2025-03-16,65.11,Overdue,2025-04-15
12303,5622,2024-06-06,498.02,Due,2024-07-06
12304,9859,2024-07-06,467.14,Overdue,2024-08-05
12305,3950,2024-11-01,42.74,Due,2024-12-01
12306,1157,2024-10-15,58.75,Due,2024-11-14
12307,4708,2024-08-03,181.83,Due,2024-09-02
12308,2571,2024-08-07,447.39,Paid,2024-09-06
12309,6632,2024-10-06,121.1,Overdue,2024-11-05
12310,1683,2024-08-17,476.38,Paid,2024-09-16
12311,8013,2025-02-03,404.79,Due,2025-03-05
12312,8301,2024-11-04,44.43,Paid,2024-12-04
12313,657,2024-09-16,431.76,Due,2024-10-16
12314,4930,2024-09-13,198.92,Due,2024-10-13
12315,5568,2024-06-11,40.54,Due,2024-07-11
12316,3578,2024-11-17,40.97,Overdue,2024-12-17
12317,7488,2024-04-30,327.12,Overdue,2024-05-30
12318,100,2024-06-26,114.94,Due,2024-07-26
12319,4042,2024-07-22,252.47,Due,2024-08-21
12320,6283,2025-02-26,201.95,Paid,2025-03-28
12321,7774,2025-03-23,25.92,Due,2025-04-22
12322,8176,2025-03-06,225.08,Due,2025-04-05
12323,6799,2024-07-23,396.76,Paid,2024-08-22
12324,3509,2025-02-27,439.99,Overdue,2025-03-29
12325,5004,2025-04-07,350.38,Overdue,2025-05-07
12326,8285,2024-11-30,490.97,Overdue,2024-12-30
12327,4100,2024-06-05,271.86,Due,2024-07-05
12328,3698,2025-04-01,350.75,Overdue,2025-05-01
12329,428,2025-03-08,281.11,Overdue,2025-04-07
12330,1508,2025-01-05,95.4,Paid,2025-02-04
12331,3828,2024-12-14,233.45,Paid,2025-01-13
12332,2454,2024-11-20,95.98,Paid,2024-12-20
12333,538,2024-10-08,41.64,Due,2024-11-07
12334,5393,2024-06-15,390.61,Paid,2024-07-15
12335,6591,2025-04-14,207.72,Paid,2025-05-14
12336,9746,2024-08-14,382.85,Overdue,2024-09-13
12337,1731,2024-12-19,126.23,Overdue,2025-01-18
12338,2438,2024-12-25,202.35,Overdue,2025-01-24
12339,9647,2025-02-02,49.43,Due,2025-03-04
12340,436,2025-04-17,88.65,Overdue,2025-05-17
12341,5632,2024-12-08,421.16,Due,2025-01-07
12342,1317,2024-05-08,498.9,Paid,2024-06-07
12343,3975,2024-10-01,456.84,Due,2024-10-31
12344,9919,2024-06-16,303.88,Paid,2024-07-16
12345,2663,2025-01-14,346.16,Overdue,2025-02-13
12346,9845,2024-11-09,298.67,Paid,2024-12-09
12347,2112,2024-12-18,203.99,Due,2025-01-17
12348,6759,2024-10-15,112.22,Due,2024-11-14
12349,9715,2025-04-03,285.89,Paid,2025-05-03
12350,1827,2025-04-30,455.42,Due,2025-05-30
12351,5820,2024-08-03,207.56,Overdue,2024-09-02
12352,6611,2024-10-08,213.63,Paid,2024-11-07
12353,8694,2024-12-31,494.15,Paid,2025-01-30
12354,379,2025-04-11,482.32,Overdue,2025-05-11
12355,7000,2024-08-17,289.94,Due,2024-09-16
12356,5091,2025-04-30,450.57,Due,2025-05-30
12357,5085,2024-05-17,431.89,Paid,2024-06-16
12358,868,2024-09-04,456.75,Paid,2024-10-04
12359,9216,2025-02-02,112.06,Due,2025-03-04
12360,7899,2024-12-12,372.15,Due,2025-01-11
12361,1835,2024-07-09,396.56,Due,2024-08-08
12362,3406,2024-07-20,61.6,Paid,2024-08-19
12363,4979,2024-08-23,95.6,Overdue,2024-09-22
12364,7514,2025-01-15,250.05,Paid,2025-02-14
12365,4355,2025-03-01,275.59,Overdue,2025-03-31
12366,7678,2024-06-06,489.82,Due,2024-07-06
12367,794,2025-01-29,307.67,Due,2025-02-28
12368,284,2024-05-06,326.31,Overdue,2024-06-05
12369,3290,2024-05-02,319.84,Paid,2024-06-01
12370,797,2024-10-10,325.53,Overdue,2024-11-09
12371,6770,2024-12-31,195.18,Overdue,2025-01-30
12372,1325,2024-05-28,235.26,Paid,2024-06-27
12373,5261,2024-09-15,368.45,Overdue,2024-10-15
12374,6258,2024-06-15,112.28,Paid,2024-07-15
12375,5723,2024-06-16,152.53,Overdue,2024-07-16
12376,2403,2024-05-10,424.78,Paid,2024-06-09
12377,314,2024-05-30,458.84,Overdue,2024-06-29
12378,9435,2024-08-02,323.51,Paid,2024-09-01
12379,8943,2024-12-02,61.53,Due,2025-01-01
12380,9391,2024-05-20,440.25,Overdue,2024-06-19
12381,4606,2025-04-03,483.07,Due,2025-05-03
12382,1942,2025-01-16,64.31,Due,2025-02-15
12383,969,2024-12-30,462.11,Overdue,2025-01-29
12384,1406,2024-12-23,21.85,Paid,2025-01-22
12385,4558,2024-05-04,211.58,Overdue,2024-06-03
12386,8626,2024-09-16,455.12,Due,2024-10-16
12387,760,2024-06-09,166.56,Overdue,2024-07-09
12388,448,2024-06-16,124.91,Overdue,2024-07-16
12389,6173,2025-03-20,258.98,Paid,2025-04-19
12390,5288,2024-12-31,357.07,Paid,2025-01-30
12391,4970,2024-08-28,200.27,Due,2024-09-27
12392,8646,2024-12-10,72.06,Due,2025-01-09
12393,7073,2024-06-10,289.86,Overdue,2024-07-10
12394,9379,2024-09-08,236.96,Overdue,2024-10-08
12395,8534,2024-06-17,172.98,Paid,2024-07-17
12396,9212,2024-11-18,284.08,Overdue,2024-12-18
12397,6188,2024-07-03,159.38,Paid,2024-08-02
12398,8568,2024-05-16,181.8,Paid,2024-06-15
12399,2985,2025-01-28,79.75,Paid,2025-02-27
12400,1478,2024-09-13,202.47,Overdue,2024-10-13
12401,1713,2024-10-05,49.4,Paid,2024-11-04
12402,3585,2024-05-02,350.63,Paid,2024-06-01
12403,1808,2025-04-28,486.61,Overdue,2025-05-28
12404,9714,2024-12-23,308.98,Paid,2025-01-22
12405,8426,2024-11-09,431.25,Due,2024-12-09
12406,5744,2024-11-27,40.71,Due,2024-12-27
12407,1634,2025-04-16,97.25,Paid,2025-05-16
12408,1742,2024-06-20,16.71,Overdue,2024-07-20
12409,6630,2024-12-19,418.21,Overdue,2025-01-18
12410,4603,2024-06-03,188.14,Paid,2024-07-03
12411,3607,2025-01-21,128.69,Due,2025-02-20
12412,3208,2024-08-27,146.08,Overdue,2024-09-26
12413,8917,2025-02-10,258.55,Due,2025-03-12
12414,6152,2024-12-10,26.04,Paid,2025-01-09
12415,7263,2025-02-12,474.07,Due,2025-03-14
12416,7409,2025-03-24,342.96,Due,2025-04-23
12417,9176,2024-06-30,372.05,Overdue,2024-07-30
12418,895,2025-01-18,439.54,Paid,2025-02-17
12419,2275,2024-09-09,152.4,Paid,2024-10-09
12420,5903,2024-10-14,187.21,Paid,2024-11-13
12421,836,2024-10-06,499.8,Paid,2024-11-05
12422,1255,2025-04-05,247.96,Paid,2025-05-05
12423,661,2024-05-15,70.54,Paid,2024-06-14
12424,6572,2024-11-27,23.89,Overdue,2024-12-27
12425,8851,2024-07-29,301.65,Overdue,2024-08-28
12426,7491,2024-07-18,379.76,Paid,2024-08-17
12427,9117,2025-01-11,408.65,Overdue,2025-02-10
12428,2038,2024-09-11,391.46,Overdue,2024-10-11
12429,4240,2025-04-05,451.31,Due,2025-05-05
12430,4592,2024-10-24,47.15,Paid,2024-11-23
12431,3201,2024-07-10,290.07,Paid,2024-08-09
12432,3427,2025-01-15,370.78,Due,2025-02-14
12433,9889,2024-11-19,84.6,Paid,2024-12-19
12434,3997,2025-02-19,375.8,Overdue,2025-03-21
12435,30,2024-08-03,49.01,Paid,2024-09-02
12436,3580,2025-02-24,387.63,Paid,2025-03-26
12437,6034,2024-05-08,60.39,Due,2024-06-07
12438,3334,2025-04-23,113.18,Due,2025-05-23
12439,7027,2025-03-10,471.87,Due,2025-04-09
12440,3147,2025-01-06,320.88,Overdue,2025-02-05
12441,3775,2025-04-01,444.61,Overdue,2025-05-01
12442,7768,2025-04-12,401.17,Due,2025-05-12
12443,3947,2024-05-31,333.16,Due,2024-06-30
12444,7369,2025-01-01,24.96,Overdue,2025-01-31
12445,4469,2025-02-16,322.74,Paid,2025-03-18
12446,6799,2025-02-15,199.17,Overdue,2025-03-17
12447,6594,2025-02-09,387.45,Overdue,2025-03-11
12448,404,2025-03-11,167.65,Overdue,2025-04-10
12449,8168,2024-08-01,403.1,Paid,2024-08-31
12450,2228,2025-01-27,195.1,Paid,2025-02-26
12451,5224,2025-03-07,366.69,Paid,2025-04-06
12452,3350,2024-05-31,476.7,Paid,2024-06-30
12453,5326,2024-09-17,121.42,Paid,2024-10-17
12454,535,2024-08-24,163.85,Paid,2024-09-23
12455,5311,2025-04-16,332.48,Paid,2025-05-16
12456,1739,2025-02-24,77.93,Due,2025-03-26
12457,3414,2024-12-01,399.06,Overdue,2024-12-31
12458,6562,2024-08-06,37.53,Paid,2024-09-05
12459,6977,2024-09-05,389.01,Paid,2024-10-05
12460,605,2025-02-13,351.29,Paid,2025-03-15
12461,658,2025-03-10,220.05,Paid,2025-04-09
12462,8325,2024-08-21,329.88,Due,2024-09-20
12463,4402,2024-09-07,45.19,Overdue,2024-10-07
12464,8537,2024-12-07,279.79,Paid,2025-01-06
12465,7471,2025-03-09,64.31,Due,2025-04-08
12466,5309,2025-01-21,337.59,Due,2025-02-20
12467,7870,2025-02-10,340.55,Overdue,2025-03-12
12468,1780,2025-03-24,149.93,Due,2025-04-23
12469,7020,2024-11-30,144.96,Due,2024-12-30
12470,3285,2024-10-14,477.06,Due,2024-11-13
12471,7927,2024-05-07,478.8,Paid,2024-06-06
12472,9394,2025-04-30,126.02,Due,2025-05-30
12473,2934,2025-01-25,410.14,Paid,2025-02-24
12474,5000,2024-11-02,108.42,Paid,2024-12-02
12475,1641,2024-12-27,92.62,Overdue,2025-01-26
12476,4800,2024-06-19,333.21,Overdue,2024-07-19
12477,7470,2024-10-19,50.43,Overdue,2024-11-18
12478,7442,2025-01-17,247.94,Overdue,2025-02-16
12479,4862,2025-02-06,241.0,Due,2025-03-08
12480,2216,2024-07-29,330.64,Paid,2024-08-28
12481,9614,2025-04-26,161.44,Overdue,2025-05-26
12482,4401,2024-10-15,298.19,Paid,2024-11-14
12483,3562,2025-03-06,310.08,Paid,2025-04-05
12484,3635,2024-09-14,498.78,Overdue,2024-10-14
12485,9400,2024-10-16,449.0,Paid,2024-11-15
12486,5008,2024-05-18,353.91,Paid,2024-06-17
12487,5945,2024-11-23,418.34,Overdue,2024-12-23
12488,7213,2024-12-04,86.39,Paid,2025-01-03
12489,5053,2024-12-17,405.38,Paid,2025-01-16
12490,7828,2024-05-23,25.35,Paid,2024-06-22
12491,8025,2025-03-06,302.88,Due,2025-04-05
12492,4585,2025-02-19,26.15,Due,2025-03-21
12493,5806,2024-05-02,400.64,Overdue,2024-06-01
12494,5653,2024-11-11,42.98,Due,2024-12-11
12495,552,2024-09-14,344.85,Due,2024-10-14
12496,843,2025-04-23,130.34,Due,2025-05-23
12497,7387,2024-12-29,343.19,Paid,2025-01-28
12498,680,2024-06-19,45.08,Due,2024-07-19
12499,3293,2024-08-07,381.34,Paid,2024-09-06
12500,1151,2024-05-12,394.64,Due,2024-06-11
12501,6905,2024-07-04,302.09,Due,2024-08-03
12502,4039,2024-11-18,76.11,Paid,2024-12-18
12503,5804,2025-03-17,300.77,Overdue,2025-04-16
12504,1123,2024-08-12,254.98,Paid,2024-09-11
12505,6723,2024-05-29,373.36,Overdue,2024-06-28
12506,1447,2024-08-07,290.74,Due,2024-09-06
12507,7973,2024-05-20,380.31,Overdue,2024-06-19
12508,830,2025-02-17,381.29,Due,2025-03-19
12509,1622,2024-10-10,331.15,Paid,2024-11-09
12510,9703,2024-09-07,410.17,Due,2024-10-07
12511,7306,2025-02-07,207.15,Due,2025-03-09
12512,4617,2025-01-26,499.64,Paid,2025-02-25
12513,7232,2025-04-23,31.71,Overdue,2025-05-23
12514,8147,2024-05-14,131.78,Overdue,2024-06-13
12515,4727,2024-05-05,301.62,Paid,2024-06-04
12516,1354,2025-02-17,175.4,Overdue,2025-03-19
12517,1178,2025-02-02,288.89,Paid,2025-03-04
12518,9507,2024-10-08,70.63,Paid,2024-11-07
12519,3197,2024-07-26,311.46,Overdue,2024-08-25
12520,6588,2025-04-18,71.38,Due,2025-05-18
12521,9859,2025-01-21,80.72,Overdue,2025-02-20
12522,7847,2024-10-21,482.91,Paid,2024-11-20
12523,8380,2024-09-08,28.2,Due,2024-10-08
12524,8531,2024-12-24,422.87,Paid,2025-01-23
12525,2794,2024-12-03,339.69,Overdue,2025-01-02
12526,196,2024-12-01,73.74,Due,2024-12-31
12527,2980,2024-06-16,470.66,Due,2024-07-16
12528,6512,2025-04-22,222.6,Paid,2025-05-22
12529,5403,2024-08-23,466.67,Due,2024-09-22
12530,1345,2024-08-31,186.09,Overdue,2024-09-30
12531,445,2024-08-16,183.12,Paid,2024-09-15
12532,3322,2024-11-18,255.75,Paid,2024-12-18
12533,7296,2024-09-26,404.88,Due,2024-10-26
12534,942,2024-10-25,331.06,Paid,2024-11-24
12535,1978,2024-06-29,254.5,Paid,2024-07-29
12536,8590,2024-07-19,223.32,Overdue,2024-08-18
12537,2063,2025-03-31,351.36,Paid,2025-04-30
12538,5795,2024-09-28,429.71,Overdue,2024-10-28
12539,8820,2024-12-16,236.46,Paid,2025-01-15
12540,1690,2025-01-04,472.02,Overdue,2025-02-03
12541,3157,2025-01-02,244.63,Due,2025-02-01
12542,6792,2024-05-16,307.2,Overdue,2024-06-15
12543,9255,2024-12-18,247.62,Paid,2025-01-17
12544,5894,2025-03-23,458.59,Overdue,2025-04-22
12545,648,2024-12-29,306.22,Due,2025-01-28
12546,4853,2024-11-09,282.41,Due,2024-12-09
12547,1486,2025-04-30,145.5,Due,2025-05-30
12548,4110,2024-06-01,209.3,Due,2024-07-01
12549,8482,2024-05-03,44.01,Overdue,2024-06-02
12550,7239,2024-10-09,108.9,Paid,2024-11-08
12551,4666,2025-04-19,103.14,Due,2025-05-19
12552,3770,2025-03-04,328.09,Due,2025-04-03
12553,6495,2024-08-12,127.99,Paid,2024-09-11
12554,2433,2025-01-16,132.2,Due,2025-02-15
12555,4442,2025-01-09,260.34,Due,2025-02-08
12556,8260,2024-10-20,24.76,Due,2024-11-19
12557,1366,2025-02-08,192.18,Due,2025-03-10
12558,5334,2024-07-02,282.12,Overdue,2024-08-01
12559,1213,2024-10-08,410.98,Due,2024-11-07
12560,399,2024-06-07,137.89,Overdue,2024-07-07
12561,7478,2024-06-03,128.23,Paid,2024-07-03
12562,2550,2025-01-17,64.45,Due,2025-02-16
12563,4359,2025-01-31,74.39,Paid,2025-03-02
12564,4564,2024-07-29,184.74,Paid,2024-08-28
12565,9568,2025-02-20,364.77,Paid,2025-03-22
12566,581,2025-04-04,29.49,Paid,2025-05-04
12567,5504,2025-01-15,257.63,Paid,2025-02-14
12568,5055,2024-07-08,36.73,Overdue,2024-08-07
12569,1753,2024-05-06,241.45,Overdue,2024-06-05
12570,3736,2024-06-25,36.37,Paid,2024-07-25
12571,7071,2025-01-22,411.15,Overdue,2025-02-21
12572,9243,2024-07-01,273.48,Overdue,2024-07-31
12573,7520,2024-10-06,235.99,Paid,2024-11-05
12574,6656,2024-10-10,22.26,Due,2024-11-09
12575,6405,2025-03-05,147.81,Due,2025-04-04
12576,6192,2024-07-21,31.27,Paid,2024-08-20
12577,6948,2024-05-29,333.5,Paid,2024-06-28
12578,5723,2024-06-16,367.77,Due,2024-07-16
12579,1288,2025-02-02,463.82,Overdue,2025-03-04
12580,4144,2024-06-05,321.63,Due,2024-07-05
12581,9313,2024-07-22,335.77,Paid,2024-08-21
12582,8468,2024-11-06,369.45,Paid,2024-12-06
12583,2037,2024-07-21,157.55,Paid,2024-08-20
12584,4322,2024-12-26,425.15,Paid,2025-01-25
12585,141,2024-12-11,75.26,Due,2025-01-10
12586,3148,2024-07-30,475.93,Paid,2024-08-29
12587,4487,2024-06-20,182.26,Overdue,2024-07-20
12588,952,2024-10-27,435.69,Overdue,2024-11-26
12589,9191,2024-10-11,47.62,Paid,2024-11-10
12590,5329,2025-04-17,490.22,Paid,2025-05-17
12591,378,2025-03-17,439.56,Overdue,2025-04-16
12592,2260,2025-04-30,259.43,Overdue,2025-05-30
12593,9636,2024-12-11,148.43,Due,2025-01-10
12594,5166,2024-07-25,457.3,Overdue,2024-08-24
12595,254,2025-03-06,283.86,Paid,2025-04-05
12596,2298,2025-02-24,255.56,Paid,2025-03-26
12597,4497,2024-05-22,374.6,Overdue,2024-06-21
12598,2217,2025-01-08,146.77,Overdue,2025-02-07
12599,5880,2024-08-23,143.3,Paid,2024-09-22
12600,4339,2024-08-26,440.28,Paid,2024-09-25
12601,4667,2024-05-16,88.79,Due,2024-06-15
12602,4008,2024-11-12,386.44,Due,2024-12-12
12603,8477,2025-01-27,465.04,Paid,2025-02-26
12604,6959,2024-08-03,31.81,Overdue,2024-09-02
12605,9019,2024-08-22,175.53,Due,2024-09-21
12606,3900,2025-03-28,390.44,Due,2025-04-27
12607,6338,2024-10-01,85.52,Overdue,2024-10-31
12608,9257,2024-10-05,414.41,Due,2024-11-04
12609,5853,2024-09-26,28.63,Paid,2024-10-26
12610,3519,2024-05-21,129.78,Overdue,2024-06-20
12611,8227,2024-05-01,340.76,Paid,2024-05-31
12612,670,2024-07-31,76.91,Due,2024-08-30
12613,5848,2024-07-24,293.03,Overdue,2024-08-23
12614,9820,2024-10-05,148.41,Overdue,2024-11-04
12615,4974,2025-02-09,23.56,Overdue,2025-03-11
12616,8544,2025-04-06,16.87,Overdue,2025-05-06
12617,228,2025-04-26,235.7,Overdue,2025-05-26
12618,8886,2025-03-24,38.94,Paid,2025-04-23
12619,1006,2025-04-28,369.33,Due,2025-05-28
12620,9778,2024-09-12,136.17,Due,2024-10-12
12621,4086,2024-06-21,22.19,Due,2024-07-21
12622,1920,2024-10-26,48.31,Due,2024-11-25
12623,1872,2024-10-17,123.87,Due,2024-11-16
12624,4757,2025-04-09,41.82,Overdue,2025-05-09
12625,253,2024-11-08,328.14,Due,2024-12-08
12626,6661,2024-12-18,498.03,Paid,2025-01-17
12627,8427,2025-03-07,116.57,Paid,2025-04-06
12628,7531,2024-09-21,418.53,Due,2024-10-21
12629,1404,2025-02-06,209.4,Paid,2025-03-08
12630,4535,2024-07-10,227.22,Due,2024-08-09
12631,3707,2025-04-23,109.85,Due,2025-05-23
12632,5950,2025-04-27,91.96,Overdue,2025-05-27
12633,9382,2025-04-26,117.84,Overdue,2025-05-26
12634,3554,2024-05-26,391.75,Due,2024-06-25
12635,5771,2024-11-16,103.2,Paid,2024-12-16
12636,9350,2025-03-06,354.95,Paid,2025-04-05
12637,9117,2024-07-23,25.13,Overdue,2024-08-22
12638,1840,2025-01-07,29.75,Due,2025-02-06
12639,4700,2025-01-04,51.83,Due,2025-02-03
12640,6398,2024-10-01,74.92,Due,2024-10-31
12641,5764,2024-08-09,149.37,Overdue,2024-09-08
12642,1744,2024-07-29,335.71,Paid,2024-08-28
12643,505,2025-04-26,124.17,Overdue,2025-05-26
12644,2729,2024-08-05,15.86,Overdue,2024-09-04
12645,9447,2025-03-21,441.78,Overdue,2025-04-20
12646,4808,2025-02-09,240.07,Due,2025-03-11
12647,5818,2025-02-15,268.28,Paid,2025-03-17
12648,2179,2024-11-14,30.66,Overdue,2024-12-14
12649,290,2024-12-02,47.35,Paid,2025-01-01
12650,2966,2024-11-08,123.61,Due,2024-12-08
12651,72,2024-11-11,264.13,Paid,2024-12-11
12652,3655,2025-04-06,94.81,Paid,2025-05-06
12653,8439,2024-08-25,301.19,Paid,2024-09-24
12654,4371,2024-12-03,385.78,Due,2025-01-02
12655,2093,2024-12-20,488.18,Paid,2025-01-19
12656,3538,2025-01-01,264.9,Paid,2025-01-31
12657,8065,2024-06-30,468.62,Overdue,2024-07-30
12658,8248,2025-04-12,320.56,Paid,2025-05-12
12659,2506,2024-09-02,342.29,Due,2024-10-02
12660,2030,2024-09-24,475.16,Paid,2024-10-24
12661,238,2024-11-16,442.26,Overdue,2024-12-16
12662,1175,2024-06-23,175.82,Overdue,2024-07-23
12663,5475,2025-01-07,134.5,Paid,2025-02-06
12664,1713,2024-12-10,149.87,Paid,2025-01-09
12665,8809,2024-11-20,242.56,Overdue,2024-12-20
12666,5131,2025-02-25,318.26,Overdue,2025-03-27
12667,4271,2024-06-14,482.93,Overdue,2024-07-14
12668,1724,2024-08-24,492.44,Overdue,2024-09-23
12669,9350,2024-08-26,190.27,Due,2024-09-25
12670,487,2024-05-08,400.45,Overdue,2024-06-07
12671,3330,2024-07-06,211.11,Due,2024-08-05
12672,5000,2024-11-16,187.1,Due,2024-12-16
12673,5108,2025-02-11,286.44,Overdue,2025-03-13
12674,5090,2024-09-09,220.0,Paid,2024-10-09
12675,806,2025-04-25,15.51,Overdue,2025-05-25
12676,6931,2025-03-08,51.07,Overdue,2025-04-07
12677,8945,2024-05-31,294.44,Due,2024-06-30
12678,5599,2024-08-31,139.73,Due,2024-09-30
12679,1718,2024-06-22,499.58,Paid,2024-07-22
12680,1097,2024-10-22,339.44,Paid,2024-11-21
12681,4546,2024-10-17,17.6,Paid,2024-11-16
12682,5440,2024-05-20,168.85,Overdue,2024-06-19
12683,8302,2025-02-21,42.97,Paid,2025-03-23
12684,4632,2024-05-31,23.39,Overdue,2024-06-30
12685,3163,2025-03-12,411.95,Paid,2025-04-11
12686,7873,2024-10-14,46.04,Paid,2024-11-13
12687,9532,2025-04-18,417.79,Due,2025-05-18
12688,6740,2024-05-29,28.26,Paid,2024-06-28
12689,7849,2025-01-12,206.5,Paid,2025-02-11
12690,620,2024-07-19,279.85,Overdue,2024-08-18
12691,9407,2024-09-27,351.6,Overdue,2024-10-27
12692,4807,2024-06-06,356.43,Due,2024-07-06
12693,2728,2025-04-12,475.45,Paid,2025-05-12
12694,9264,2024-10-09,235.23,Due,2024-11-08
12695,3101,2024-12-13,85.81,Overdue,2025-01-12
12696,5210,2024-09-15,133.88,Due,2024-10-15
12697,1204,2025-04-01,265.35,Paid,2025-05-01
12698,3261,2024-05-30,232.14,Overdue,2024-06-29
12699,1584,2025-01-16,475.39,Paid,2025-02-15
12700,1433,2024-06-19,271.88,Due,2024-07-19
12701,1114,2024-09-25,55.27,Overdue,2024-10-25
12702,9483,2024-07-04,254.71,Paid,2024-08-03
12703,5881,2024-05-28,51.45,Overdue,2024-06-27
12704,4365,2024-05-14,415.53,Overdue,2024-06-13
12705,4288,2024-12-05,441.37,Due,2025-01-04
12706,1186,2025-03-24,123.92,Due,2025-04-23
12707,8883,2024-12-09,443.18,Overdue,2025-01-08
12708,9785,2024-12-26,170.27,Overdue,2025-01-25
12709,9370,2025-01-12,449.97,Overdue,2025-02-11
12710,1330,2024-08-26,260.13,Due,2024-09-25
12711,6038,2024-05-03,11.43,Overdue,2024-06-02
12712,9103,2025-02-10,161.21,Due,2025-03-12
12713,241,2024-09-16,238.58,Paid,2024-10-16
12714,8262,2024-05-26,344.52,Due,2024-06-25
12715,2745,2024-05-23,212.27,Overdue,2024-06-22
12716,8681,2024-05-05,266.99,Overdue,2024-06-04
12717,4410,2025-03-21,248.4,Paid,2025-04-20
12718,7721,2024-12-08,446.76,Due,2025-01-07
12719,6335,2025-01-09,423.63,Overdue,2025-02-08
12720,385,2024-09-28,137.16,Overdue,2024-10-28
12721,8522,2024-10-09,410.47,Paid,2024-11-08
12722,6615,2024-11-02,263.15,Due,2024-12-02
12723,6841,2024-08-21,286.59,Overdue,2024-09-20
12724,5836,2025-01-19,228.6,Due,2025-02-18
12725,5304,2024-07-11,436.29,Paid,2024-08-10
12726,4918,2025-04-24,24.65,Due,2025-05-24
12727,2277,2025-04-17,47.31,Due,2025-05-17
12728,5154,2024-07-29,396.33,Overdue,2024-08-28
12729,334,2024-12-24,56.69,Overdue,2025-01-23
12730,7339,2024-07-28,302.03,Due,2024-08-27
12731,7479,2024-07-17,120.72,Overdue,2024-08-16
12732,1811,2024-09-07,361.63,Paid,2024-10-07
12733,4824,2025-03-11,175.87,Paid,2025-04-10
12734,3045,2024-05-10,135.7,Overdue,2024-06-09
12735,6159,2024-09-23,314.83,Paid,2024-10-23
12736,5093,2024-06-07,30.76,Due,2024-07-07
12737,2533,2024-10-14,117.24,Paid,2024-11-13
12738,2455,2024-06-13,350.98,Due,2024-07-13
12739,2449,2024-09-27,236.41,Overdue,2024-10-27
12740,6536,2024-06-01,199.39,Overdue,2024-07-01
12741,832,2025-02-06,138.79,Overdue,2025-03-08
12742,5629,2024-06-14,114.82,Due,2024-07-14
12743,1210,2024-07-08,82.82,Due,2024-08-07
12744,3898,2025-02-21,212.49,Paid,2025-03-23
12745,2322,2024-08-14,70.01,Due,2024-09-13
12746,8216,2024-08-06,207.38,Paid,2024-09-05
12747,3717,2024-10-03,243.45,Due,2024-11-02
12748,3481,2024-11-04,79.32,Paid,2024-12-04
12749,8150,2024-08-10,196.09,Overdue,2024-09-09
12750,3489,2024-07-27,265.22,Overdue,2024-08-26
12751,4220,2024-09-30,382.75,Due,2024-10-30
12752,6302,2024-08-28,451.64,Due,2024-09-27
12753,2771,2025-01-08,271.1,Due,2025-02-07
12754,1893,2024-12-19,322.37,Overdue,2025-01-18
12755,1384,2024-11-27,330.55,Due,2024-12-27
12756,351,2024-07-02,310.19,Overdue,2024-08-01
12757,6087,2024-11-04,29.39,Paid,2024-12-04
12758,3012,2024-05-15,390.02,Paid,2024-06-14
12759,9358,2025-03-09,203.25,Due,2025-04-08
12760,5577,2024-06-01,382.82,Paid,2024-07-01
12761,6887,2024-08-18,53.97,Due,2024-09-17
12762,722,2024-11-27,86.87,Due,2024-12-27
12763,7804,2025-02-20,450.33,Overdue,2025-03-22
12764,7641,2024-11-26,157.39,Paid,2024-12-26
12765,2333,2025-03-10,54.61,Overdue,2025-04-09
12766,5931,2024-10-13,166.32,Paid,2024-11-12
12767,9659,2025-02-27,92.75,Paid,2025-03-29
12768,494,2024-06-27,127.0,Overdue,2024-07-27
12769,2091,2024-11-26,410.8,Due,2024-12-26
12770,9113,2024-06-05,247.9,Overdue,2024-07-05
12771,8853,2024-10-08,269.44,Due,2024-11-07
12772,9115,2024-09-11,489.0,Due,2024-10-11
12773,1462,2025-03-28,319.28,Due,2025-04-27
12774,9860,2024-12-24,471.29,Paid,2025-01-23
12775,4711,2025-02-11,155.91,Paid,2025-03-13
12776,5541,2024-11-26,445.5,Paid,2024-12-26
12777,2256,2024-09-11,333.59,Paid,2024-10-11
12778,6371,2025-02-27,191.43,Overdue,2025-03-29
12779,2942,2024-06-13,71.32,Paid,2024-07-13
12780,902,2025-01-08,14.75,Due,2025-02-07
12781,5062,2024-10-25,149.86,Due,2024-11-24
12782,404,2024-09-14,226.48,Overdue,2024-10-14
12783,5263,2024-11-30,435.11,Overdue,2024-12-30
12784,3216,2024-09-04,440.38,Due,2024-10-04
12785,3239,2024-07-23,196.4,Overdue,2024-08-22
12786,4756,2024-09-15,465.69,Overdue,2024-10-15
12787,6706,2024-05-26,36.86,Due,2024-06-25
12788,8519,2025-04-10,11.83,Overdue,2025-05-10
12789,8611,2024-12-06,202.72,Overdue,2025-01-05
12790,787,2025-04-01,496.5,Overdue,2025-05-01
12791,3087,2024-08-28,461.95,Due,2024-09-27
12792,5293,2024-09-18,191.09,Due,2024-10-18
12793,5654,2024-08-27,489.8,Overdue,2024-09-26
12794,3442,2024-09-04,21.83,Paid,2024-10-04
12795,9340,2024-07-30,175.85,Overdue,2024-08-29
12796,6076,2024-07-31,148.64,Paid,2024-08-30
12797,6040,2024-07-23,292.41,Due,2024-08-22
12798,3352,2025-02-27,487.83,Overdue,2025-03-29
12799,8016,2025-02-27,260.45,Overdue,2025-03-29
12800,206,2024-05-04,324.43,Overdue,2024-06-03
12801,4432,2024-10-29,472.67,Due,2024-11-28
12802,7077,2024-06-13,479.99,Due,2024-07-13
12803,4654,2024-11-14,67.27,Paid,2024-12-14
12804,3110,2024-06-25,461.44,Paid,2024-07-25
12805,6036,2024-08-25,325.2,Due,2024-09-24
12806,44,2025-03-22,322.14,Overdue,2025-04-21
12807,1031,2024-08-12,51.07,Due,2024-09-11
12808,9548,2024-05-24,180.39,Overdue,2024-06-23
12809,7800,2025-02-06,456.41,Overdue,2025-03-08
12810,5098,2024-12-26,193.23,Due,2025-01-25
12811,1666,2024-05-12,476.25,Paid,2024-06-11
12812,4199,2025-03-13,489.83,Paid,2025-04-12
12813,3697,2025-02-19,256.89,Paid,2025-03-21
12814,3954,2024-11-22,75.74,Paid,2024-12-22
12815,4033,2024-08-12,206.53,Due,2024-09-11
12816,1812,2024-05-12,226.91,Due,2024-06-11
12817,6732,2024-09-20,359.98,Overdue,2024-10-20
12818,9038,2024-07-14,30.71,Due,2024-08-13
12819,1609,2025-04-28,283.5,Due,2025-05-28
12820,1633,2025-04-29,138.98,Paid,2025-05-29
12821,6168,2024-05-05,262.54,Paid,2024-06-04
12822,134,2024-05-05,135.1,Due,2024-06-04
12823,7607,2025-03-19,20.08,Overdue,2025-04-18
12824,8779,2025-03-22,272.17,Overdue,2025-04-21
12825,2412,2025-04-23,258.62,Paid,2025-05-23
12826,9053,2024-07-09,403.77,Paid,2024-08-08
12827,4287,2025-03-01,335.64,Paid,2025-03-31
12828,4927,2025-03-15,427.81,Paid,2025-04-14
12829,7826,2024-09-01,79.09,Overdue,2024-10-01
12830,970,2024-09-12,52.38,Due,2024-10-12
12831,9894,2024-10-24,16.28,Due,2024-11-23
12832,9660,2024-10-12,204.68,Overdue,2024-11-11
12833,7101,2025-04-26,302.53,Overdue,2025-05-26
12834,1693,2024-07-06,469.13,Paid,2024-08-05
12835,2257,2024-10-15,277.67,Paid,2024-11-14
12836,3275,2024-10-23,498.76,Overdue,2024-11-22
12837,2844,2025-01-01,336.74,Paid,2025-01-31
12838,5506,2024-08-05,307.16,Due,2024-09-04
12839,1996,2025-02-08,149.09,Overdue,2025-03-10
12840,3104,2024-12-07,13.59,Due,2025-01-06
12841,6290,2024-11-04,116.16,Paid,2024-12-04
12842,4076,2024-06-11,67.76,Overdue,2024-07-11
12843,17,2024-06-16,261.03,Paid,2024-07-16
12844,1237,2024-09-21,226.17,Overdue,2024-10-21
12845,2305,2025-03-20,122.76,Due,2025-04-19
12846,1686,2025-03-08,420.08,Paid,2025-04-07
12847,2812,2024-11-01,406.9,Paid,2024-12-01
12848,8442,2025-01-05,73.23,Paid,2025-02-04
12849,2336,2025-03-14,97.07,Due,2025-04-13
12850,2279,2025-02-01,165.32,Due,2025-03-03
12851,2311,2025-03-12,426.94,Due,2025-04-11
12852,9031,2024-09-16,354.33,Paid,2024-10-16
12853,8401,2025-02-22,443.39,Overdue,2025-03-24
12854,1850,2024-11-18,49.47,Paid,2024-12-18
12855,611,2024-05-31,153.76,Paid,2024-06-30
12856,3263,2025-01-29,240.64,Due,2025-02-28
12857,4699,2024-09-15,468.87,Due,2024-10-15
12858,193,2024-11-24,33.4,Paid,2024-12-24
12859,1110,2024-04-30,227.74,Due,2024-05-30
12860,8827,2024-07-17,25.69,Due,2024-08-16
12861,8905,2025-01-28,276.52,Paid,2025-02-27
12862,6668,2024-10-10,449.23,Due,2024-11-09
12863,5915,2025-04-28,262.69,Paid,2025-05-28
12864,2804,2024-10-22,10.95,Overdue,2024-11-21
12865,6222,2024-09-01,145.31,Due,2024-10-01
12866,7339,2024-10-16,350.51,Paid,2024-11-15
12867,132,2024-12-14,54.63,Paid,2025-01-13
12868,8977,2024-09-28,337.62,Overdue,2024-10-28
12869,2275,2024-11-01,435.14,Overdue,2024-12-01
12870,661,2024-05-10,236.29,Overdue,2024-06-09
12871,640,2024-12-29,422.36,Overdue,2025-01-28
12872,9110,2025-02-08,480.91,Paid,2025-03-10
12873,3813,2024-07-06,306.24,Due,2024-08-05
12874,5880,2025-03-05,339.55,Paid,2025-04-04
12875,2798,2024-10-11,351.91,Due,2024-11-10
12876,3830,2024-08-14,420.21,Due,2024-09-13
12877,6158,2025-01-01,413.87,Due,2025-01-31
12878,4593,2024-05-24,472.07,Due,2024-06-23
12879,1660,2025-02-03,452.99,Due,2025-03-05
12880,295,2024-09-20,217.22,Paid,2024-10-20
12881,4479,2024-11-19,247.12,Overdue,2024-12-19
12882,1560,2024-09-29,421.09,Due,2024-10-29
12883,2418,2025-02-04,378.25,Overdue,2025-03-06
12884,3481,2024-09-15,280.06,Due,2024-10-15
12885,5202,2024-05-04,183.68,Due,2024-06-03
12886,6670,2025-02-03,16.48,Overdue,2025-03-05
12887,4225,2025-01-28,106.46,Overdue,2025-02-27
12888,3582,2024-08-18,346.95,Overdue,2024-09-17
12889,6717,2024-11-25,157.99,Overdue,2024-12-25
12890,6304,2024-12-06,368.59,Overdue,2025-01-05
12891,1160,2025-01-04,325.22,Paid,2025-02-03
12892,998,2025-01-03,194.63,Overdue,2025-02-02
12893,6078,2024-10-21,262.56,Overdue,2024-11-20
12894,5038,2025-03-08,306.19,Paid,2025-04-07
12895,280,2025-04-03,219.16,Overdue,2025-05-03
12896,5071,2025-04-27,298.26,Paid,2025-05-27
12897,1082,2025-01-31,381.58,Due,2025-03-02
12898,863,2024-10-25,170.13,Paid,2024-11-24
12899,4907,2024-08-21,20.96,Overdue,2024-09-20
12900,4689,2024-11-30,40.42,Overdue,2024-12-30
12901,8758,2025-04-01,468.5,Overdue,2025-05-01
12902,393,2025-03-13,126.64,Due,2025-04-12
12903,7580,2024-11-21,382.96,Due,2024-12-21
12904,808,2025-04-26,184.86,Overdue,2025-05-26
12905,8061,2024-09-08,427.07,Paid,2024-10-08
12906,3749,2024-10-13,332.82,Overdue,2024-11-12
12907,5688,2025-01-20,339.52,Paid,2025-02-19
12908,3753,2025-01-06,328.89,Overdue,2025-02-05
12909,7842,2024-12-25,260.03,Due,2025-01-24
12910,235,2024-06-23,412.67,Paid,2024-07-23
12911,4502,2024-11-15,76.66,Due,2024-12-15
12912,739,2024-07-08,46.27,Overdue,2024-08-07
12913,5310,2024-08-19,160.41,Due,2024-09-18
12914,3858,2024-08-02,13.38,Paid,2024-09-01
12915,8571,2025-01-19,223.36,Paid,2025-02-18
12916,812,2024-08-31,285.7,Due,2024-09-30
12917,5989,2024-07-20,169.2,Overdue,2024-08-19
12918,6979,2024-07-29,220.21,Paid,2024-08-28
12919,5897,2024-12-27,254.63,Paid,2025-01-26
12920,9210,2024-06-19,350.41,Due,2024-07-19
12921,8989,2024-05-02,499.09,Paid,2024-06-01
12922,1910,2025-01-17,310.2,Overdue,2025-02-16
12923,8446,2025-02-03,352.34,Paid,2025-03-05
12924,2322,2024-06-03,308.26,Paid,2024-07-03
12925,6046,2024-06-26,414.12,Paid,2024-07-26
12926,2351,2024-07-06,34.33,Overdue,2024-08-05
12927,4208,2024-07-18,132.48,Due,2024-08-17
12928,3385,2024-11-09,238.07,Paid,2024-12-09
12929,9414,2025-01-22,440.24,Paid,2025-02-21
12930,8923,2024-10-22,325.36,Overdue,2024-11-21
12931,2381,2025-03-15,51.42,Overdue,2025-04-14
12932,6979,2025-04-22,352.64,Overdue,2025-05-22
12933,1108,2024-09-12,330.76,Overdue,2024-10-12
12934,6818,2024-12-04,441.39,Due,2025-01-03
12935,7978,2024-12-01,34.99,Overdue,2024-12-31
12936,1000,2024-10-30,480.59,Paid,2024-11-29
12937,4621,2025-01-05,179.81,Due,2025-02-04
12938,1127,2025-01-13,32.93,Due,2025-02-12
12939,6611,2024-05-05,23.25,Due,2024-06-04
12940,2060,2024-10-05,279.09,Due,2024-11-04
12941,8606,2024-08-28,190.18,Due,2024-09-27
12942,2690,2025-04-29,331.49,Overdue,2025-05-29
12943,6169,2025-02-15,416.33,Overdue,2025-03-17
12944,7189,2025-04-04,13.1,Overdue,2025-05-04
12945,3947,2024-11-12,384.73,Due,2024-12-12
12946,989,2025-03-12,67.88,Paid,2025-04-11
12947,7128,2025-03-16,385.11,Overdue,2025-04-15
12948,7669,2024-07-16,196.76,Overdue,2024-08-15
12949,9842,2024-07-03,380.97,Due,2024-08-02
12950,1800,2024-07-17,310.62,Due,2024-08-16
12951,392,2025-02-02,493.26,Paid,2025-03-04
12952,1481,2024-12-15,339.29,Paid,2025-01-14
12953,1012,2025-03-16,52.17,Paid,2025-04-15
12954,5395,2025-04-13,49.21,Overdue,2025-05-13
12955,9324,2024-07-19,478.34,Due,2024-08-18
12956,697,2024-05-11,182.76,Paid,2024-06-10
12957,7703,2024-04-30,69.77,Overdue,2024-05-30
12958,5364,2025-03-18,61.14,Overdue,2025-04-17
12959,4511,2024-10-30,493.47,Due,2024-11-29
12960,8098,2024-06-22,331.48,Due,2024-07-22
12961,6713,2024-05-29,386.7,Paid,2024-06-28
12962,1591,2024-09-01,63.55,Overdue,2024-10-01
12963,4992,2024-06-27,407.02,Due,2024-07-27
12964,6799,2024-08-11,321.27,Paid,2024-09-10
12965,458,2024-07-01,483.42,Overdue,2024-07-31
12966,5573,2024-08-27,95.56,Paid,2024-09-26
12967,3412,2024-08-23,119.9,Paid,2024-09-22
12968,2706,2025-04-21,112.96,Due,2025-05-21
12969,7116,2024-10-27,430.16,Due,2024-11-26
12970,8410,2024-08-30,142.09,Due,2024-09-29
12971,4450,2024-08-10,434.57,Paid,2024-09-09
12972,1190,2024-12-04,117.14,Overdue,2025-01-03
12973,6919,2025-02-26,301.17,Overdue,2025-03-28
12974,6000,2024-07-31,107.0,Overdue,2024-08-30
12975,2144,2024-11-06,25.56,Due,2024-12-06
12976,956,2024-09-23,481.92,Overdue,2024-10-23
12977,4139,2024-08-17,29.75,Due,2024-09-16
12978,3286,2024-06-17,158.95,Paid,2024-07-17
12979,3968,2025-03-29,459.99,Overdue,2025-04-28
12980,3500,2024-07-16,288.2,Paid,2024-08-15
12981,2634,2024-12-02,244.41,Paid,2025-01-01
12982,9855,2024-11-15,334.07,Overdue,2024-12-15
12983,4915,2024-12-17,359.86,Due,2025-01-16
12984,3660,2024-09-20,403.19,Paid,2024-10-20
12985,7525,2024-07-24,245.64,Paid,2024-08-23
12986,4405,2025-03-19,178.4,Due,2025-04-18
12987,6179,2025-03-05,496.51,Due,2025-04-04
12988,320,2024-12-12,71.38,Paid,2025-01-11
12989,566,2025-01-28,279.46,Overdue,2025-02-27
12990,2475,2025-02-28,149.52,Overdue,2025-03-30
12991,7090,2025-02-10,370.51,Paid,2025-03-12
12992,9148,2025-04-23,172.48,Overdue,2025-05-23
12993,9563,2024-08-11,358.82,Overdue,2024-09-10
12994,9397,2024-08-31,336.66,Overdue,2024-09-30
12995,4787,2024-09-30,219.9,Paid,2024-10-30
12996,1170,2024-09-13,239.43,Overdue,2024-10-13
12997,5189,2025-03-02,42.67,Overdue,2025-04-01
12998,4040,2024-06-28,214.99,Due,2024-07-28
12999,1141,2025-03-17,320.84,Overdue,2025-04-16
13000,8268,2025-03-08,363.87,Overdue,2025-04-07
13001,5092,2024-12-16,366.46,Due,2025-01-15
13002,3854,2024-08-02,370.1,Paid,2024-09-01
13003,9226,2024-08-10,149.57,Due,2024-09-09
13004,2657,2024-10-29,33.53,Overdue,2024-11-28
13005,5839,2024-10-19,484.29,Overdue,2024-11-18
13006,1721,2024-07-04,99.05,Due,2024-08-03
13007,6398,2024-12-21,158.22,Due,2025-01-20
13008,1881,2024-06-22,81.36,Paid,2024-07-22
13009,7478,2024-08-02,405.91,Due,2024-09-01
13010,4758,2024-09-27,463.83,Overdue,2024-10-27
13011,2160,2025-03-31,195.38,Paid,2025-04-30
13012,2147,2025-03-05,407.21,Paid,2025-04-04
13013,9146,2025-04-11,31.89,Paid,2025-05-11
13014,2570,2024-11-19,463.78,Paid,2024-12-19
13015,7943,2024-12-16,462.85,Due,2025-01-15
13016,2652,2025-02-19,71.01,Due,2025-03-21
13017,8267,2024-05-02,326.26,Due,2024-06-01
13018,7347,2024-09-14,253.79,Due,2024-10-14
13019,3446,2024-11-26,163.1,Due,2024-12-26
13020,8895,2024-08-02,110.76,Paid,2024-09-01
13021,7820,2024-11-26,454.49,Paid,2024-12-26
13022,227,2024-09-01,266.15,Paid,2024-10-01
13023,4094,2024-08-10,306.83,Due,2024-09-09
13024,9611,2025-04-25,137.51,Due,2025-05-25
13025,3969,2024-11-13,409.26,Due,2024-12-13
13026,9094,2024-06-20,463.34,Overdue,2024-07-20
13027,4339,2024-12-03,427.96,Paid,2025-01-02
13028,2512,2024-10-30,104.1,Paid,2024-11-29
13029,7458,2024-08-09,150.85,Paid,2024-09-08
13030,3500,2025-02-24,413.78,Overdue,2025-03-26
13031,3125,2024-08-06,235.63,Overdue,2024-09-05
13032,38,2025-04-19,468.67,Paid,2025-05-19
13033,2936,2024-09-22,257.69,Paid,2024-10-22
13034,6487,2025-01-06,20.7,Paid,2025-02-05
13035,1114,2024-08-12,427.33,Overdue,2024-09-11
13036,2715,2024-10-14,398.44,Paid,2024-11-13
13037,2206,2024-06-20,418.68,Due,2024-07-20
13038,4527,2024-07-06,103.32,Paid,2024-08-05
13039,8484,2024-06-30,452.67,Due,2024-07-30
13040,3890,2025-01-22,475.16,Overdue,2025-02-21
13041,4244,2025-01-05,258.48,Overdue,2025-02-04
13042,3864,2024-10-24,395.1,Due,2024-11-23
13043,9425,2024-12-06,188.96,Due,2025-01-05
13044,9454,2024-08-14,217.94,Paid,2024-09-13
13045,6103,2025-03-07,472.62,Overdue,2025-04-06
13046,5073,2024-06-20,185.1,Overdue,2024-07-20
13047,9482,2024-09-15,196.02,Overdue,2024-10-15
13048,1728,2025-02-03,226.84,Overdue,2025-03-05
13049,8065,2025-04-20,40.65,Overdue,2025-05-20
13050,6744,2024-06-26,421.28,Overdue,2024-07-26
13051,5265,2024-07-25,83.92,Paid,2024-08-24
13052,9114,2024-12-04,198.05,Paid,2025-01-03
13053,780,2024-06-30,277.73,Paid,2024-07-30
13054,679,2025-02-22,265.48,Due,2025-03-24
13055,9832,2024-11-05,59.56,Overdue,2024-12-05
13056,3689,2024-09-07,275.8,Overdue,2024-10-07
13057,1426,2024-05-05,353.02,Overdue,2024-06-04
13058,3893,2024-09-27,176.18,Paid,2024-10-27
13059,3289,2024-07-03,226.1,Overdue,2024-08-02
13060,6272,2025-03-09,127.52,Overdue,2025-04-08
13061,2585,2024-07-18,473.64,Overdue,2024-08-17
13062,4588,2024-10-05,212.09,Due,2024-11-04
13063,1534,2025-03-08,270.85,Overdue,2025-04-07
13064,2191,2025-01-16,379.29,Due,2025-02-15
13065,7349,2025-04-11,495.49,Paid,2025-05-11
13066,7892,2024-08-12,471.85,Overdue,2024-09-11
13067,7781,2024-06-15,177.6,Due,2024-07-15
13068,9771,2024-08-09,77.62,Paid,2024-09-08
13069,4274,2024-07-19,233.86,Due,2024-08-18
13070,4504,2024-05-04,261.29,Overdue,2024-06-03
13071,7083,2025-02-12,58.32,Due,2025-03-14
13072,2186,2024-07-30,397.98,Paid,2024-08-29
13073,1927,2024-11-24,349.05,Overdue,2024-12-24
13074,8971,2024-07-28,339.8,Due,2024-08-27
13075,3733,2024-07-21,325.01,Due,2024-08-20
13076,3439,2025-01-02,258.83,Due,2025-02-01
13077,99,2025-04-18,49.38,Overdue,2025-05-18
13078,6761,2024-09-30,124.58,Overdue,2024-10-30
13079,4184,2024-06-10,145.16,Due,2024-07-10
13080,8019,2024-10-14,405.55,Due,2024-11-13
13081,7236,2024-12-28,291.6,Due,2025-01-27
13082,6521,2025-03-22,348.86,Due,2025-04-21
13083,9243,2024-06-19,459.48,Due,2024-07-19
13084,3659,2025-04-11,190.16,Due,2025-05-11
13085,3055,2024-07-10,357.11,Overdue,2024-08-09
13086,2086,2024-07-09,221.03,Overdue,2024-08-08
13087,3592,2024-07-09,294.58,Paid,2024-08-08
13088,6156,2024-11-24,233.03,Paid,2024-12-24
13089,6632,2025-04-03,161.58,Paid,2025-05-03
13090,9547,2025-04-11,145.68,Paid,2025-05-11
13091,8426,2024-12-05,167.74,Due,2025-01-04
13092,493,2025-02-13,102.65,Paid,2025-03-15
13093,8525,2024-06-02,321.15,Paid,2024-07-02
13094,3256,2024-05-19,333.54,Overdue,2024-06-18
13095,4169,2024-08-18,396.2,Due,2024-09-17
13096,2420,2025-03-06,130.01,Due,2025-04-05
13097,3964,2025-03-17,191.16,Overdue,2025-04-16
13098,442,2024-12-02,208.12,Due,2025-01-01
13099,2736,2025-03-21,484.14,Due,2025-04-20
13100,9513,2024-09-07,112.24,Overdue,2024-10-07
13101,4809,2025-04-10,332.53,Due,2025-05-10
13102,5604,2024-05-31,185.68,Paid,2024-06-30
13103,7889,2024-12-18,291.85,Overdue,2025-01-17
13104,2534,2024-12-18,225.39,Due,2025-01-17
13105,8103,2024-11-04,58.46,Overdue,2024-12-04
13106,1240,2025-01-23,262.36,Paid,2025-02-22
13107,6158,2025-02-12,441.43,Paid,2025-03-14
13108,7418,2024-08-19,348.62,Overdue,2024-09-18
13109,8300,2024-07-28,216.0,Overdue,2024-08-27
13110,1989,2024-06-17,480.87,Due,2024-07-17
13111,5236,2024-11-10,479.5,Overdue,2024-12-10
13112,2708,2024-12-16,17.82,Paid,2025-01-15
13113,9267,2024-06-22,487.55,Paid,2024-07-22
13114,318,2024-07-10,112.06,Overdue,2024-08-09
13115,7899,2024-07-06,352.66,Paid,2024-08-05
13116,8323,2025-03-27,351.21,Overdue,2025-04-26
13117,5041,2024-05-17,174.45,Overdue,2024-06-16
13118,5474,2024-10-18,423.27,Due,2024-11-17
13119,6472,2024-06-16,258.59,Paid,2024-07-16
13120,3968,2024-06-01,304.6,Paid,2024-07-01
13121,7465,2025-01-12,240.15,Due,2025-02-11
13122,3013,2024-11-25,396.21,Paid,2024-12-25
13123,3591,2025-02-07,385.79,Overdue,2025-03-09
13124,7875,2024-05-20,309.94,Paid,2024-06-19
13125,5168,2025-02-26,432.14,Paid,2025-03-28
13126,858,2025-03-05,304.94,Paid,2025-04-04
13127,5310,2024-06-26,292.68,Overdue,2024-07-26
13128,4045,2024-09-02,221.25,Due,2024-10-02
13129,6936,2024-06-21,386.16,Due,2024-07-21
13130,412,2024-12-10,109.15,Overdue,2025-01-09
13131,1000,2024-06-16,321.0,Due,2024-07-16
13132,3887,2024-05-07,253.66,Overdue,2024-06-06
13133,3894,2025-01-30,432.26,Overdue,2025-03-01
13134,7102,2024-11-12,92.41,Due,2024-12-12
13135,5605,2024-06-13,247.33,Due,2024-07-13
13136,4612,2024-07-29,356.57,Due,2024-08-28
13137,5969,2024-09-10,328.61,Due,2024-10-10
13138,8100,2024-09-29,419.99,Overdue,2024-10-29
13139,4258,2025-04-06,136.52,Overdue,2025-05-06
13140,1306,2025-04-09,455.02,Paid,2025-05-09
13141,6709,2024-10-03,438.78,Overdue,2024-11-02
13142,3989,2025-04-13,119.26,Paid,2025-05-13
13143,8904,2024-05-13,10.43,Due,2024-06-12
13144,935,2024-12-09,342.11,Paid,2025-01-08
13145,8556,2025-04-24,252.68,Due,2025-05-24
13146,3648,2024-06-02,146.53,Due,2024-07-02
13147,7288,2024-12-09,355.02,Due,2025-01-08
13148,7861,2025-02-10,462.46,Paid,2025-03-12
13149,1694,2025-03-19,354.76,Due,2025-04-18
13150,4559,2024-11-04,211.32,Paid,2024-12-04
13151,4845,2025-02-15,205.33,Overdue,2025-03-17
13152,6449,2025-03-08,440.25,Overdue,2025-04-07
13153,4579,2024-06-07,429.01,Paid,2024-07-07
13154,2174,2025-01-29,496.64,Overdue,2025-02-28
13155,2890,2025-03-07,70.05,Paid,2025-04-06
13156,9444,2024-11-09,415.57,Overdue,2024-12-09
13157,7764,2024-10-08,306.53,Paid,2024-11-07
13158,7273,2025-02-18,460.57,Paid,2025-03-20
13159,1882,2025-04-21,356.49,Due,2025-05-21
13160,9706,2024-09-21,263.81,Due,2024-10-21
13161,8691,2025-01-12,196.93,Paid,2025-02-11
13162,8140,2025-02-20,205.49,Due,2025-03-22
13163,5776,2024-09-23,140.27,Paid,2024-10-23
13164,4369,2024-08-21,46.29,Overdue,2024-09-20
13165,2602,2024-09-10,32.07,Overdue,2024-10-10
13166,3951,2025-03-18,180.45,Due,2025-04-17
13167,1390,2025-04-07,240.01,Overdue,2025-05-07
13168,3370,2024-12-18,477.9,Overdue,2025-01-17
13169,6103,2024-07-02,319.74,Due,2024-08-01
13170,3046,2024-07-12,285.75,Overdue,2024-08-11
13171,2744,2024-08-27,486.99,Overdue,2024-09-26
13172,4262,2024-09-11,477.88,Overdue,2024-10-11
13173,2621,2024-10-30,484.04,Due,2024-11-29
13174,3195,2024-05-11,397.98,Paid,2024-06-10
13175,6877,2025-01-13,232.63,Due,2025-02-12
13176,4153,2025-03-27,417.9,Overdue,2025-04-26
13177,431,2025-04-22,264.77,Paid,2025-05-22
13178,5277,2024-10-19,79.23,Paid,2024-11-18
13179,5100,2024-07-06,269.55,Due,2024-08-05
13180,7027,2024-07-22,371.83,Due,2024-08-21
13181,543,2025-02-09,73.3,Paid,2025-03-11
13182,7831,2024-09-01,295.62,Due,2024-10-01
13183,497,2024-09-25,307.6,Paid,2024-10-25
13184,7921,2024-12-05,345.97,Paid,2025-01-04
13185,8831,2024-05-28,260.27,Overdue,2024-06-27
13186,934,2025-04-23,280.69,Paid,2025-05-23
13187,8957,2025-04-23,390.97,Due,2025-05-23
13188,1329,2024-11-16,437.76,Overdue,2024-12-16
13189,5388,2024-06-02,221.88,Paid,2024-07-02
13190,2141,2024-12-14,265.91,Overdue,2025-01-13
13191,7960,2024-05-02,400.13,Overdue,2024-06-01
13192,8287,2025-04-17,372.62,Due,2025-05-17
13193,1084,2025-03-12,299.92,Paid,2025-04-11
13194,6491,2025-03-04,419.37,Due,2025-04-03
13195,9656,2024-08-28,241.9,Due,2024-09-27
13196,5956,2025-01-19,168.96,Overdue,2025-02-18
13197,953,2025-04-29,252.34,Due,2025-05-29
13198,8679,2024-07-06,456.81,Overdue,2024-08-05
13199,5507,2024-05-17,242.36,Paid,2024-06-16
13200,844,2024-10-18,380.58,Overdue,2024-11-17
13201,4388,2024-06-01,150.73,Due,2024-07-01
13202,9174,2024-09-06,444.19,Due,2024-10-06
13203,7063,2024-10-17,116.2,Paid,2024-11-16
13204,9468,2025-03-20,497.28,Paid,2025-04-19
13205,1845,2024-05-29,92.21,Overdue,2024-06-28
13206,7489,2024-07-07,89.64,Paid,2024-08-06
13207,7793,2025-04-01,441.88,Overdue,2025-05-01
13208,7135,2024-09-30,414.9,Due,2024-10-30
13209,7681,2024-08-10,173.54,Paid,2024-09-09
13210,5073,2024-07-15,173.17,Due,2024-08-14
13211,7386,2025-02-28,126.67,Overdue,2025-03-30
13212,9650,2025-04-23,416.38,Paid,2025-05-23
13213,9702,2025-01-01,301.97,Overdue,2025-01-31
13214,6822,2025-03-22,125.64,Overdue,2025-04-21
13215,4055,2024-05-17,52.73,Overdue,2024-06-16
13216,4562,2024-06-15,119.93,Due,2024-07-15
13217,5878,2024-08-12,460.14,Due,2024-09-11
13218,5197,2024-10-19,261.69,Overdue,2024-11-18
13219,4018,2024-08-09,154.91,Overdue,2024-09-08
13220,4866,2025-04-20,230.55,Paid,2025-05-20
13221,3633,2024-12-03,314.19,Overdue,2025-01-02
13222,3088,2024-05-09,239.12,Overdue,2024-06-08
13223,135,2024-08-27,65.72,Paid,2024-09-26
13224,7650,2025-01-20,442.11,Overdue,2025-02-19
13225,2008,2024-06-06,137.16,Paid,2024-07-06
13226,5879,2025-03-23,250.75,Due,2025-04-22
13227,7621,2025-03-26,289.38,Due,2025-04-25
13228,2174,2024-11-20,255.45,Overdue,2024-12-20
13229,2886,2024-06-17,464.1,Paid,2024-07-17
13230,7094,2024-06-25,287.24,Overdue,2024-07-25
13231,7735,2025-04-06,323.11,Paid,2025-05-06
13232,4345,2024-07-02,485.51,Paid,2024-08-01
13233,1072,2025-04-02,246.71,Due,2025-05-02
13234,6731,2024-07-26,392.32,Paid,2024-08-25
13235,9956,2024-05-06,89.53,Overdue,2024-06-05
13236,5735,2025-04-15,242.21,Overdue,2025-05-15
13237,6139,2024-08-23,440.0,Paid,2024-09-22
13238,4570,2025-03-21,45.06,Paid,2025-04-20
13239,9724,2025-03-28,92.87,Due,2025-04-27
13240,4378,2024-08-08,211.03,Overdue,2024-09-07
13241,3481,2024-11-10,456.72,Due,2024-12-10
13242,6420,2025-01-17,166.32,Due,2025-02-16
13243,7731,2024-10-14,375.42,Overdue,2024-11-13
13244,9939,2024-12-03,189.12,Paid,2025-01-02
13245,4640,2025-04-06,194.74,Due,2025-05-06
13246,9210,2024-05-01,299.32,Due,2024-05-31
13247,4224,2024-06-03,456.47,Due,2024-07-03
13248,3821,2024-08-28,110.35,Due,2024-09-27
13249,3576,2025-02-25,335.25,Overdue,2025-03-27
13250,918,2024-09-23,330.3,Overdue,2024-10-23
13251,8438,2024-09-26,462.26,Overdue,2024-10-26
13252,2910,2024-09-18,193.59,Overdue,2024-10-18
13253,2695,2024-05-10,272.8,Paid,2024-06-09
13254,1558,2024-08-08,382.49,Paid,2024-09-07
13255,459,2025-02-07,424.17,Paid,2025-03-09
13256,3057,2024-11-30,246.37,Due,2024-12-30
13257,5482,2025-04-30,170.66,Paid,2025-05-30
13258,1590,2024-08-01,320.78,Paid,2024-08-31
13259,2307,2025-04-15,54.57,Overdue,2025-05-15
13260,9408,2025-01-02,149.29,Due,2025-02-01
13261,1923,2025-02-08,73.37,Due,2025-03-10
13262,2264,2024-07-18,79.46,Due,2024-08-17
13263,5298,2024-12-22,405.91,Due,2025-01-21
13264,4482,2025-04-16,37.23,Paid,2025-05-16
13265,6304,2024-08-28,317.33,Overdue,2024-09-27
13266,9051,2024-12-22,286.05,Overdue,2025-01-21
13267,9258,2024-05-15,217.27,Overdue,2024-06-14
13268,52,2024-08-07,473.49,Due,2024-09-06
13269,2697,2024-12-04,163.58,Paid,2025-01-03
13270,4436,2024-08-21,426.92,Paid,2024-09-20
13271,8999,2024-11-25,422.23,Overdue,2024-12-25
13272,924,2024-06-14,434.3,Due,2024-07-14
13273,5585,2024-05-20,247.04,Paid,2024-06-19
13274,6760,2024-08-20,396.11,Due,2024-09-19
13275,677,2025-04-30,267.62,Due,2025-05-30
13276,63,2024-06-09,398.4,Overdue,2024-07-09
13277,6000,2024-07-26,342.72,Due,2024-08-25
13278,5721,2025-01-19,216.08,Paid,2025-02-18
13279,7229,2024-11-13,488.17,Overdue,2024-12-13
13280,2347,2025-04-11,59.47,Paid,2025-05-11
13281,3349,2024-09-18,362.47,Overdue,2024-10-18
13282,9999,2024-09-12,120.96,Paid,2024-10-12
13283,1773,2025-04-27,378.19,Paid,2025-05-27
13284,9233,2025-02-06,169.19,Overdue,2025-03-08
13285,7043,2024-07-24,31.81,Paid,2024-08-23
13286,7924,2025-01-29,465.65,Due,2025-02-28
13287,176,2024-05-30,42.81,Overdue,2024-06-29
13288,5641,2024-12-17,463.13,Due,2025-01-16
13289,5551,2024-12-22,258.21,Paid,2025-01-21
13290,1470,2024-10-21,359.81,Overdue,2024-11-20
13291,5838,2024-12-24,338.9,Due,2025-01-23
13292,3139,2024-09-16,296.76,Due,2024-10-16
13293,6316,2025-01-18,319.61,Paid,2025-02-17
13294,2790,2024-08-15,350.08,Paid,2024-09-14
13295,770,2024-06-21,321.28,Overdue,2024-07-21
13296,2326,2024-05-27,231.97,Paid,2024-06-26
13297,7546,2024-09-28,24.99,Paid,2024-10-28
13298,6385,2024-11-27,414.97,Due,2024-12-27
13299,7980,2024-05-14,144.89,Overdue,2024-06-13
13300,6301,2024-06-18,481.04,Paid,2024-07-18
13301,3319,2024-12-12,142.71,Paid,2025-01-11
13302,7740,2024-07-13,65.47,Paid,2024-08-12
13303,2779,2024-06-22,13.3,Overdue,2024-07-22
13304,598,2024-06-17,146.08,Due,2024-07-17
13305,4056,2025-03-09,253.66,Overdue,2025-04-08
13306,6240,2024-08-11,12.71,Paid,2024-09-10
13307,7999,2024-12-26,171.05,Paid,2025-01-25
13308,2677,2024-05-11,17.79,Overdue,2024-06-10
13309,8944,2024-05-23,438.2,Due,2024-06-22
13310,5268,2025-01-06,377.54,Paid,2025-02-05
13311,9665,2024-05-15,264.28,Overdue,2024-06-14
13312,9616,2024-11-24,359.81,Due,2024-12-24
13313,5270,2024-12-25,49.75,Due,2025-01-24
13314,2634,2024-10-25,472.92,Due,2024-11-24
13315,3496,2025-03-12,269.74,Paid,2025-04-11
13316,4878,2025-04-20,258.26,Due,2025-05-20
13317,6625,2024-07-02,307.55,Overdue,2024-08-01
13318,2674,2024-06-08,494.66,Due,2024-07-08
13319,3685,2024-10-13,66.9,Overdue,2024-11-12
13320,3210,2025-01-13,349.03,Overdue,2025-02-12
13321,9113,2024-06-30,185.54,Paid,2024-07-30
13322,4073,2024-11-19,228.35,Paid,2024-12-19
13323,8347,2024-06-21,386.48,Due,2024-07-21
13324,7347,2024-09-05,299.68,Overdue,2024-10-05
13325,3350,2025-04-04,367.76,Overdue,2025-05-04
13326,5276,2024-06-13,187.39,Due,2024-07-13
13327,198,2024-07-28,355.18,Due,2024-08-27
13328,9408,2024-05-22,202.44,Due,2024-06-21
13329,8267,2024-08-22,78.96,Paid,2024-09-21
13330,6004,2025-01-15,386.09,Overdue,2025-02-14
13331,5405,2024-05-26,52.79,Due,2024-06-25
13332,2147,2024-11-30,207.99,Paid,2024-12-30
13333,1555,2024-07-19,111.39,Due,2024-08-18
13334,8380,2025-03-05,257.12,Due,2025-04-04
13335,2177,2024-12-13,487.64,Overdue,2025-01-12
13336,7427,2024-07-01,449.23,Overdue,2024-07-31
13337,6730,2024-07-31,88.1,Due,2024-08-30
13338,4596,2024-12-04,186.16,Overdue,2025-01-03
13339,8967,2024-05-09,66.24,Due,2024-06-08
13340,7216,2024-09-09,68.84,Due,2024-10-09
13341,9936,2024-11-10,259.68,Paid,2024-12-10
13342,586,2024-05-25,198.61,Overdue,2024-06-24
13343,4409,2024-05-19,284.98,Paid,2024-06-18
13344,9302,2025-03-20,15.84,Due,2025-04-19
13345,8609,2024-06-29,488.34,Due,2024-07-29
13346,9030,2025-03-04,95.51,Overdue,2025-04-03
13347,5562,2024-12-06,244.7,Paid,2025-01-05
13348,8367,2025-03-09,414.31,Overdue,2025-04-08
13349,1202,2024-06-22,188.96,Due,2024-07-22
13350,4893,2024-11-17,414.03,Due,2024-12-17
13351,728,2024-06-15,63.14,Overdue,2024-07-15
13352,3406,2024-10-12,190.17,Paid,2024-11-11
13353,2224,2025-01-26,236.81,Paid,2025-02-25
13354,3339,2024-05-06,318.72,Due,2024-06-05
13355,1599,2025-03-04,66.17,Paid,2025-04-03
13356,4749,2024-06-20,85.9,Overdue,2024-07-20
13357,3472,2024-09-02,74.8,Due,2024-10-02
13358,4526,2024-08-16,493.75,Due,2024-09-15
13359,3899,2025-02-07,491.77,Overdue,2025-03-09
13360,3211,2025-02-24,304.83,Overdue,2025-03-26
13361,7902,2024-05-19,74.54,Paid,2024-06-18
13362,7892,2024-07-07,326.73,Overdue,2024-08-06
13363,7463,2024-10-28,253.38,Overdue,2024-11-27
13364,9888,2025-01-12,472.05,Overdue,2025-02-11
13365,4350,2024-10-15,420.35,Overdue,2024-11-14
13366,377,2024-04-30,218.39,Overdue,2024-05-30
13367,7493,2024-05-17,301.29,Paid,2024-06-16
13368,6741,2024-11-24,386.45,Paid,2024-12-24
13369,2940,2024-05-02,465.79,Paid,2024-06-01
13370,936,2024-05-26,28.67,Overdue,2024-06-25
13371,5672,2025-01-23,137.25,Paid,2025-02-22
13372,6745,2025-03-26,425.29,Overdue,2025-04-25
13373,9614,2025-01-26,466.43,Overdue,2025-02-25
13374,3969,2024-10-23,299.12,Paid,2024-11-22
13375,3916,2024-12-14,112.12,Overdue,2025-01-13
13376,2719,2024-07-27,458.66,Paid,2024-08-26
13377,6646,2025-02-05,275.23,Overdue,2025-03-07
13378,8395,2025-04-27,265.91,Paid,2025-05-27
13379,2566,2024-11-19,192.4,Paid,2024-12-19
13380,4886,2024-06-03,280.08,Overdue,2024-07-03
13381,5498,2024-05-15,343.68,Due,2024-06-14
13382,1772,2024-09-08,315.87,Due,2024-10-08
13383,1753,2025-04-02,23.79,Paid,2025-05-02
13384,5881,2024-10-18,284.47,Paid,2024-11-17
13385,6810,2024-12-16,374.83,Paid,2025-01-15
13386,2356,2025-01-19,448.87,Due,2025-02-18
13387,747,2024-12-31,227.69,Overdue,2025-01-30
13388,6490,2025-04-01,77.87,Paid,2025-05-01
13389,2652,2025-04-15,117.16,Paid,2025-05-15
13390,9103,2024-11-17,79.42,Paid,2024-12-17
13391,1766,2024-10-15,121.28,Due,2024-11-14
13392,36,2025-04-19,486.01,Overdue,2025-05-19
13393,4466,2024-11-04,333.43,Due,2024-12-04
13394,3995,2024-08-05,15.16,Overdue,2024-09-04
13395,5507,2024-12-01,14.97,Paid,2024-12-31
13396,809,2024-07-07,262.56,Overdue,2024-08-06
13397,7724,2024-06-28,395.07,Paid,2024-07-28
13398,1961,2024-08-26,192.42,Paid,2024-09-25
13399,5122,2025-04-28,183.92,Due,2025-05-28
13400,1826,2024-08-25,303.31,Overdue,2024-09-24
13401,5672,2024-05-13,379.97,Paid,2024-06-12
13402,9473,2024-06-25,366.63,Due,2024-07-25
13403,1172,2024-09-16,148.95,Overdue,2024-10-16
13404,9092,2025-02-14,147.23,Paid,2025-03-16
13405,8770,2024-08-08,60.6,Paid,2024-09-07
13406,1527,2024-06-30,35.11,Overdue,2024-07-30
13407,9548,2024-05-23,238.51,Due,2024-06-22
13408,3435,2024-10-06,322.56,Due,2024-11-05
13409,4203,2024-11-18,254.3,Paid,2024-12-18
13410,5133,2024-08-28,44.13,Overdue,2024-09-27
13411,8922,2024-10-27,91.56,Overdue,2024-11-26
13412,7209,2024-06-23,404.84,Due,2024-07-23
13413,6915,2024-10-21,390.56,Due,2024-11-20
13414,5707,2024-12-01,10.49,Paid,2024-12-31
13415,6495,2024-05-04,465.53,Due,2024-06-03
13416,3317,2025-01-23,239.89,Due,2025-02-22
13417,3821,2024-11-27,334.13,Paid,2024-12-27
13418,206,2024-11-20,301.11,Due,2024-12-20
13419,9845,2024-06-15,58.43,Overdue,2024-07-15
13420,5052,2025-01-13,77.8,Overdue,2025-02-12
13421,4353,2025-02-22,169.65,Paid,2025-03-24
13422,1629,2024-11-04,172.5,Due,2024-12-04
13423,6801,2025-04-15,23.25,Paid,2025-05-15
13424,93,2024-06-23,381.81,Overdue,2024-07-23
13425,8622,2025-04-01,76.85,Due,2025-05-01
13426,4519,2025-03-24,115.58,Overdue,2025-04-23
13427,1833,2024-12-05,428.12,Paid,2025-01-04
13428,6219,2024-08-02,181.52,Due,2024-09-01
13429,5355,2024-07-01,450.69,Paid,2024-07-31
13430,6120,2024-07-30,133.93,Overdue,2024-08-29
13431,3268,2025-04-20,453.98,Due,2025-05-20
13432,8313,2024-09-03,57.11,Due,2024-10-03
13433,8031,2024-08-25,233.45,Due,2024-09-24
13434,6266,2024-05-26,366.36,Due,2024-06-25
13435,8479,2024-12-22,180.32,Paid,2025-01-21
13436,169,2024-06-02,217.94,Overdue,2024-07-02
13437,1307,2024-11-10,82.39,Paid,2024-12-10
13438,181,2024-08-30,175.72,Paid,2024-09-29
13439,515,2024-09-19,441.7,Due,2024-10-19
13440,7197,2024-11-19,331.7,Paid,2024-12-19
13441,2566,2024-10-12,392.79,Paid,2024-11-11
13442,417,2025-01-23,162.6,Overdue,2025-02-22
13443,3619,2025-02-19,303.12,Due,2025-03-21
13444,1572,2024-05-10,389.21,Due,2024-06-09
13445,6468,2025-04-14,311.5,Due,2025-05-14
13446,6937,2024-06-07,71.09,Due,2024-07-07
13447,8798,2025-04-03,387.5,Due,2025-05-03
13448,8957,2025-03-13,305.21,Due,2025-04-12
13449,1597,2024-11-29,414.85,Due,2024-12-29
13450,7481,2024-06-06,392.92,Paid,2024-07-06
13451,7503,2025-01-06,310.35,Paid,2025-02-05
13452,5617,2024-11-12,402.56,Due,2024-12-12
13453,8047,2024-07-16,353.14,Paid,2024-08-15
13454,2546,2025-04-15,213.04,Paid,2025-05-15
13455,8334,2025-04-18,328.2,Paid,2025-05-18
13456,8284,2024-10-05,160.85,Paid,2024-11-04
13457,4625,2024-07-23,127.34,Paid,2024-08-22
13458,1325,2025-04-11,224.66,Due,2025-05-11
13459,2566,2025-01-18,273.05,Paid,2025-02-17
13460,4091,2024-09-09,175.86,Paid,2024-10-09
13461,2466,2025-03-14,139.03,Due,2025-04-13
13462,5153,2024-06-30,45.34,Due,2024-07-30
13463,4984,2025-02-27,302.09,Overdue,2025-03-29
13464,3943,2025-04-09,390.32,Due,2025-05-09
13465,1108,2024-12-12,468.94,Paid,2025-01-11
13466,7090,2024-11-08,457.07,Overdue,2024-12-08
13467,4138,2024-05-10,286.79,Due,2024-06-09
13468,6920,2024-08-14,173.87,Due,2024-09-13
13469,1439,2024-12-27,247.83,Due,2025-01-26
13470,5867,2024-05-12,487.72,Due,2024-06-11
13471,4831,2024-06-27,354.61,Paid,2024-07-27
13472,6643,2024-12-21,271.39,Due,2025-01-20
13473,7879,2024-07-18,356.97,Paid,2024-08-17
13474,9176,2025-04-07,165.04,Paid,2025-05-07
13475,9773,2024-08-12,173.58,Overdue,2024-09-11
13476,193,2024-08-02,96.53,Overdue,2024-09-01
13477,1821,2024-11-16,47.84,Due,2024-12-16
13478,197,2024-10-18,488.78,Paid,2024-11-17
13479,6777,2025-04-13,128.66,Due,2025-05-13
13480,3443,2025-01-10,368.97,Due,2025-02-09
13481,7409,2025-04-22,372.42,Due,2025-05-22
13482,11,2024-07-02,262.24,Overdue,2024-08-01
13483,4650,2024-10-20,30.17,Overdue,2024-11-19
13484,2232,2024-08-08,301.93,Overdue,2024-09-07
13485,8155,2024-11-18,49.78,Overdue,2024-12-18
13486,6941,2024-11-08,385.28,Paid,2024-12-08
13487,6388,2024-08-22,251.66,Paid,2024-09-21
13488,4803,2024-05-29,157.48,Overdue,2024-06-28
13489,8841,2025-01-22,161.1,Due,2025-02-21
13490,2259,2024-05-07,294.13,Paid,2024-06-06
13491,815,2024-10-21,319.37,Due,2024-11-20
13492,2881,2025-04-10,293.5,Overdue,2025-05-10
13493,1133,2024-09-08,254.02,Overdue,2024-10-08
13494,1033,2024-09-07,113.57,Due,2024-10-07
13495,931,2025-02-26,43.71,Due,2025-03-28
13496,4181,2025-01-23,491.22,Overdue,2025-02-22
13497,7383,2025-01-19,34.58,Paid,2025-02-18
13498,9473,2025-03-24,377.38,Overdue,2025-04-23
13499,7101,2024-09-08,467.08,Overdue,2024-10-08
13500,1181,2024-12-06,129.17,Overdue,2025-01-05
13501,240,2025-02-12,47.19,Due,2025-03-14
13502,7666,2025-03-17,331.78,Overdue,2025-04-16
13503,5440,2024-05-09,216.4,Paid,2024-06-08
13504,3705,2025-04-20,190.57,Overdue,2025-05-20
13505,4231,2025-02-17,84.79,Paid,2025-03-19
13506,837,2024-12-02,26.37,Due,2025-01-01
13507,4253,2025-02-02,365.21,Due,2025-03-04
13508,6493,2024-06-17,78.38,Paid,2024-07-17
13509,1668,2024-08-14,61.08,Overdue,2024-09-13
13510,5818,2025-04-24,219.11,Due,2025-05-24
13511,6359,2025-02-05,228.39,Paid,2025-03-07
13512,8134,2024-06-23,330.1,Overdue,2024-07-23
13513,3419,2025-02-07,74.89,Due,2025-03-09
13514,3854,2025-02-09,345.89,Overdue,2025-03-11
13515,919,2024-06-05,419.89,Due,2024-07-05
13516,8155,2024-08-08,244.02,Paid,2024-09-07
13517,1529,2024-07-03,226.11,Paid,2024-08-02
13518,9176,2024-05-23,131.99,Due,2024-06-22
13519,6137,2025-03-22,211.33,Paid,2025-04-21
13520,7714,2024-10-20,20.8,Overdue,2024-11-19
13521,9170,2025-03-30,115.99,Overdue,2025-04-29
13522,4242,2024-06-29,416.93,Paid,2024-07-29
13523,5503,2024-09-12,485.24,Paid,2024-10-12
13524,9855,2024-12-24,471.76,Paid,2025-01-23
13525,5296,2024-08-30,93.49,Due,2024-09-29
13526,9010,2025-01-25,204.87,Overdue,2025-02-24
13527,5631,2025-03-25,346.18,Overdue,2025-04-24
13528,1203,2025-03-03,229.51,Overdue,2025-04-02
13529,4177,2025-02-03,371.46,Paid,2025-03-05
13530,8577,2025-03-27,231.13,Paid,2025-04-26
13531,8108,2025-01-23,399.8,Overdue,2025-02-22
13532,4832,2024-12-29,173.75,Paid,2025-01-28
13533,1179,2024-09-07,134.19,Overdue,2024-10-07
13534,179,2025-03-16,118.71,Overdue,2025-04-15
13535,1064,2025-01-26,219.05,Overdue,2025-02-25
13536,3734,2024-09-12,454.04,Due,2024-10-12
13537,814,2024-10-04,158.76,Paid,2024-11-03
13538,69,2024-07-07,142.56,Overdue,2024-08-06
13539,6555,2025-03-25,124.17,Paid,2025-04-24
13540,4425,2024-10-01,289.54,Due,2024-10-31
13541,9565,2025-04-30,49.18,Due,2025-05-30
13542,4777,2024-06-12,439.94,Due,2024-07-12
13543,9190,2024-11-21,89.1,Overdue,2024-12-21
13544,7315,2025-01-26,225.69,Paid,2025-02-25
13545,3433,2024-12-02,173.95,Overdue,2025-01-01
13546,8197,2024-08-18,42.48,Paid,2024-09-17
13547,5727,2024-10-30,492.22,Due,2024-11-29
13548,6230,2024-12-16,419.14,Overdue,2025-01-15
13549,6240,2024-08-27,321.68,Due,2024-09-26
13550,2589,2024-06-09,458.11,Paid,2024-07-09
13551,432,2024-12-16,63.64,Paid,2025-01-15
13552,6201,2025-04-14,424.11,Paid,2025-05-14
13553,4685,2025-04-21,18.28,Due,2025-05-21
13554,8851,2024-08-24,395.35,Overdue,2024-09-23
13555,3763,2025-01-06,247.64,Paid,2025-02-05
13556,6527,2024-10-12,495.24,Paid,2024-11-11
13557,7358,2024-11-27,110.59,Due,2024-12-27
13558,9581,2024-05-21,39.33,Overdue,2024-06-20
13559,8366,2024-09-14,77.47,Due,2024-10-14
13560,1364,2024-05-19,311.52,Paid,2024-06-18
13561,5441,2024-06-17,229.26,Due,2024-07-17
13562,3194,2024-07-27,124.25,Overdue,2024-08-26
13563,7938,2024-08-23,384.92,Due,2024-09-22
13564,3673,2025-04-21,144.7,Due,2025-05-21
13565,4079,2025-02-28,487.31,Due,2025-03-30
13566,4124,2024-12-23,197.1,Due,2025-01-22
13567,7424,2024-12-30,133.26,Due,2025-01-29
13568,9121,2025-02-27,398.1,Due,2025-03-29
13569,1541,2024-08-27,170.98,Paid,2024-09-26
13570,1381,2024-07-26,253.75,Due,2024-08-25
13571,7561,2024-05-12,77.44,Paid,2024-06-11
13572,8067,2025-03-19,73.28,Due,2025-04-18
13573,697,2024-10-17,284.85,Paid,2024-11-16
13574,9965,2024-06-24,296.11,Paid,2024-07-24
13575,936,2024-08-15,424.65,Overdue,2024-09-14
13576,8091,2024-08-14,271.25,Due,2024-09-13
13577,4157,2025-02-03,284.07,Due,2025-03-05
13578,7996,2024-07-29,382.25,Due,2024-08-28
13579,6521,2025-02-18,244.06,Due,2025-03-20
13580,80,2025-02-07,45.4,Overdue,2025-03-09
13581,2735,2024-07-22,147.94,Overdue,2024-08-21
13582,2918,2025-02-02,127.49,Overdue,2025-03-04
13583,444,2025-04-21,231.65,Overdue,2025-05-21
13584,8663,2025-04-05,52.15,Due,2025-05-05
13585,2578,2025-03-19,208.31,Paid,2025-04-18
13586,4906,2025-01-09,368.38,Overdue,2025-02-08
13587,4483,2025-01-31,42.96,Paid,2025-03-02
13588,4252,2025-04-27,80.63,Due,2025-05-27
13589,7365,2024-11-24,165.38,Due,2024-12-24
13590,4067,2025-01-15,202.61,Paid,2025-02-14
13591,2979,2024-09-10,345.42,Overdue,2024-10-10
13592,4611,2025-02-23,101.36,Overdue,2025-03-25
13593,3000,2024-07-16,317.68,Due,2024-08-15
13594,5801,2024-05-06,399.04,Overdue,2024-06-05
13595,1532,2024-05-14,410.54,Paid,2024-06-13
13596,9447,2025-04-18,78.14,Due,2025-05-18
13597,6777,2024-08-29,336.37,Due,2024-09-28
13598,8232,2025-03-13,468.31,Due,2025-04-12
13599,3891,2024-10-05,22.92,Paid,2024-11-04
13600,7923,2024-06-23,411.12,Overdue,2024-07-23
13601,4366,2025-04-09,189.48,Paid,2025-05-09
13602,3616,2025-02-19,16.78,Overdue,2025-03-21
13603,8037,2025-01-31,473.47,Overdue,2025-03-02
13604,6159,2024-11-30,423.23,Paid,2024-12-30
13605,2549,2025-01-13,427.04,Overdue,2025-02-12
13606,1119,2025-03-25,398.04,Paid,2025-04-24
13607,7615,2024-08-09,77.15,Paid,2024-09-08
13608,2033,2024-11-22,315.42,Paid,2024-12-22
13609,3580,2024-06-06,197.39,Due,2024-07-06
13610,4345,2024-12-14,166.36,Paid,2025-01-13
13611,4471,2024-09-14,124.62,Paid,2024-10-14
13612,2219,2024-09-12,228.35,Paid,2024-10-12
13613,4295,2024-10-16,259.74,Due,2024-11-15
13614,3826,2024-07-30,17.35,Due,2024-08-29
13615,3524,2024-11-11,198.68,Paid,2024-12-11
13616,4688,2024-09-05,415.1,Due,2024-10-05
13617,3958,2025-04-17,84.62,Due,2025-05-17
13618,6636,2024-08-13,62.67,Paid,2024-09-12
13619,2819,2024-12-06,310.65,Paid,2025-01-05
13620,6446,2024-07-29,50.83,Paid,2024-08-28
13621,4040,2024-05-21,165.99,Overdue,2024-06-20
13622,8612,2025-02-09,442.73,Paid,2025-03-11
13623,7357,2024-06-08,101.84,Paid,2024-07-08
13624,8866,2024-11-26,240.5,Due,2024-12-26
13625,1273,2024-09-27,24.49,Overdue,2024-10-27
13626,3573,2025-02-10,301.13,Paid,2025-03-12
13627,6428,2024-09-11,94.53,Due,2024-10-11
13628,8274,2024-09-06,300.14,Due,2024-10-06
13629,7508,2025-02-14,476.75,Due,2025-03-16
13630,3470,2024-11-17,358.31,Due,2024-12-17
13631,9260,2024-05-25,403.92,Paid,2024-06-24
13632,7319,2024-08-22,202.68,Due,2024-09-21
13633,9919,2024-08-15,366.57,Overdue,2024-09-14
13634,1324,2024-12-08,141.12,Due,2025-01-07
13635,76,2025-02-25,484.26,Overdue,2025-03-27
13636,1671,2024-12-13,72.94,Overdue,2025-01-12
13637,4410,2025-03-10,433.54,Paid,2025-04-09
13638,2438,2025-04-27,390.87,Overdue,2025-05-27
13639,9755,2024-06-11,200.73,Paid,2024-07-11
13640,282,2025-03-01,209.14,Due,2025-03-31
13641,9728,2025-02-15,43.91,Due,2025-03-17
13642,9412,2024-11-10,105.02,Overdue,2024-12-10
13643,5213,2025-03-23,219.31,Paid,2025-04-22
13644,1605,2024-09-21,413.81,Paid,2024-10-21
13645,5439,2024-08-05,441.62,Due,2024-09-04
13646,1996,2024-08-22,195.27,Due,2024-09-21
13647,323,2024-05-19,385.82,Due,2024-06-18
13648,7328,2024-06-23,227.1,Paid,2024-07-23
13649,9885,2024-11-12,240.14,Overdue,2024-12-12
13650,1549,2024-07-15,31.61,Paid,2024-08-14
13651,2429,2024-07-11,364.44,Due,2024-08-10
13652,4978,2024-05-27,164.94,Overdue,2024-06-26
13653,5350,2024-12-19,179.53,Paid,2025-01-18
13654,6546,2024-08-20,219.66,Due,2024-09-19
13655,6100,2025-01-14,92.04,Paid,2025-02-13
13656,7995,2025-04-21,29.58,Due,2025-05-21
13657,1004,2024-08-24,205.33,Paid,2024-09-23
13658,6437,2024-05-13,223.75,Overdue,2024-06-12
13659,8592,2024-12-08,334.64,Overdue,2025-01-07
13660,2410,2024-12-08,156.47,Due,2025-01-07
13661,3217,2024-08-23,177.05,Due,2024-09-22
13662,6721,2025-03-12,487.48,Overdue,2025-04-11
13663,6721,2025-02-08,250.08,Due,2025-03-10
13664,5945,2024-12-17,186.55,Overdue,2025-01-16
13665,4903,2024-05-24,63.85,Overdue,2024-06-23
13666,5670,2024-07-19,68.77,Due,2024-08-18
13667,5064,2024-06-07,12.5,Due,2024-07-07
13668,3758,2025-03-23,326.28,Overdue,2025-04-22
13669,1361,2024-09-13,358.88,Overdue,2024-10-13
13670,4286,2025-04-19,360.41,Due,2025-05-19
13671,9319,2024-12-10,201.91,Due,2025-01-09
13672,9205,2025-04-04,46.77,Paid,2025-05-04
13673,5006,2024-06-29,269.16,Paid,2024-07-29
13674,2302,2024-08-07,188.78,Overdue,2024-09-06
13675,1346,2024-10-19,450.31,Due,2024-11-18
13676,4050,2024-06-20,370.37,Overdue,2024-07-20
13677,62,2025-02-10,128.48,Overdue,2025-03-12
13678,7391,2024-07-11,492.64,Paid,2024-08-10
13679,6903,2025-02-04,225.09,Due,2025-03-06
13680,3795,2024-12-04,229.74,Due,2025-01-03
13681,3963,2024-10-13,488.36,Paid,2024-11-12
13682,704,2025-04-28,107.07,Due,2025-05-28
13683,1886,2024-12-19,46.34,Overdue,2025-01-18
13684,243,2024-12-16,303.57,Paid,2025-01-15
13685,2861,2024-10-21,374.16,Due,2024-11-20
13686,8216,2025-01-23,104.29,Due,2025-02-22
13687,3251,2024-07-22,451.11,Due,2024-08-21
13688,8019,2024-05-21,196.78,Paid,2024-06-20
13689,7310,2024-09-29,196.57,Overdue,2024-10-29
13690,8143,2024-11-10,361.67,Paid,2024-12-10
13691,8718,2024-05-31,156.44,Overdue,2024-06-30
13692,2076,2024-12-01,89.03,Paid,2024-12-31
13693,1439,2024-10-18,404.69,Due,2024-11-17
13694,6743,2025-01-21,31.55,Overdue,2025-02-20
13695,6763,2024-10-29,31.6,Overdue,2024-11-28
13696,8189,2024-09-09,14.05,Paid,2024-10-09
13697,4316,2024-12-17,355.43,Due,2025-01-16
13698,6821,2024-12-29,139.73,Due,2025-01-28
13699,672,2025-04-29,28.4,Overdue,2025-05-29
13700,7353,2025-01-03,34.41,Paid,2025-02-02
13701,2841,2024-05-31,278.62,Paid,2024-06-30
13702,5422,2024-05-11,288.8,Due,2024-06-10
13703,8670,2024-06-17,92.46,Overdue,2024-07-17
13704,1068,2024-05-22,54.44,Due,2024-06-21
13705,4694,2025-01-05,395.9,Paid,2025-02-04
13706,9314,2024-09-01,375.89,Overdue,2024-10-01
13707,2430,2025-01-17,384.2,Overdue,2025-02-16
13708,2887,2025-04-25,381.27,Overdue,2025-05-25
13709,6722,2024-12-20,52.96,Paid,2025-01-19
13710,7135,2025-04-01,60.69,Due,2025-05-01
13711,1676,2024-05-13,458.05,Overdue,2024-06-12
13712,1903,2025-03-03,277.24,Overdue,2025-04-02
13713,174,2024-05-23,45.2,Paid,2024-06-22
13714,4577,2024-11-28,400.15,Paid,2024-12-28
13715,4171,2024-05-18,350.59,Paid,2024-06-17
13716,9865,2025-03-14,430.6,Paid,2025-04-13
13717,2795,2024-10-29,461.76,Overdue,2024-11-28
13718,6423,2024-10-17,182.38,Due,2024-11-16
13719,7579,2024-05-02,193.34,Paid,2024-06-01
13720,7629,2024-11-11,459.48,Overdue,2024-12-11
13721,2040,2024-05-28,303.47,Paid,2024-06-27
13722,1929,2024-09-27,446.83,Paid,2024-10-27
13723,2368,2024-11-20,378.36,Due,2024-12-20
13724,8499,2024-08-12,166.11,Due,2024-09-11
13725,1438,2024-05-31,348.51,Overdue,2024-06-30
13726,1547,2024-05-23,480.68,Due,2024-06-22
13727,8265,2025-01-29,107.76,Overdue,2025-02-28
13728,749,2024-06-05,190.31,Overdue,2024-07-05
13729,3623,2024-06-20,172.81,Paid,2024-07-20
13730,542,2024-12-31,423.06,Overdue,2025-01-30
13731,4482,2025-02-21,294.55,Due,2025-03-23
13732,3922,2025-02-14,352.39,Paid,2025-03-16
13733,8185,2024-10-24,139.58,Overdue,2024-11-23
13734,9539,2024-06-25,228.97,Overdue,2024-07-25
13735,7189,2024-05-22,487.13,Paid,2024-06-21
13736,5074,2024-08-07,32.86,Due,2024-09-06
13737,3379,2025-01-26,200.63,Paid,2025-02-25
13738,8953,2024-09-21,237.01,Due,2024-10-21
13739,8047,2025-02-08,258.25,Paid,2025-03-10
13740,8655,2024-07-28,406.05,Paid,2024-08-27
13741,5166,2024-09-19,347.85,Due,2024-10-19
13742,9675,2025-02-05,135.91,Overdue,2025-03-07
13743,3368,2024-11-12,106.28,Overdue,2024-12-12
13744,58,2024-12-03,255.8,Overdue,2025-01-02
13745,8250,2024-10-21,380.09,Due,2024-11-20
13746,7253,2024-08-27,432.42,Due,2024-09-26
13747,7734,2024-07-23,259.89,Paid,2024-08-22
13748,9061,2025-03-29,178.61,Due,2025-04-28
13749,4171,2024-09-26,242.46,Overdue,2024-10-26
13750,8326,2024-12-21,136.98,Overdue,2025-01-20
13751,9245,2024-07-15,387.95,Due,2024-08-14
13752,2384,2024-05-30,97.04,Paid,2024-06-29
13753,692,2024-10-04,163.34,Paid,2024-11-03
13754,2357,2024-10-14,152.72,Paid,2024-11-13
13755,6629,2025-04-28,283.25,Paid,2025-05-28
13756,1873,2024-11-28,284.09,Due,2024-12-28
13757,5847,2025-02-25,260.15,Due,2025-03-27
13758,2527,2025-02-04,297.97,Overdue,2025-03-06
13759,297,2024-10-23,104.88,Paid,2024-11-22
13760,3263,2024-12-24,111.85,Overdue,2025-01-23
13761,4158,2024-07-09,81.32,Paid,2024-08-08
13762,6121,2025-01-31,371.1,Paid,2025-03-02
13763,1925,2025-01-15,482.0,Due,2025-02-14
13764,7327,2024-11-02,442.58,Due,2024-12-02
13765,261,2025-02-19,357.84,Overdue,2025-03-21
13766,4709,2024-08-05,266.04,Paid,2024-09-04
13767,6951,2024-06-26,85.05,Paid,2024-07-26
13768,4080,2024-09-06,232.66,Overdue,2024-10-06
13769,3226,2024-12-27,448.72,Overdue,2025-01-26
13770,5154,2024-05-29,113.14,Overdue,2024-06-28
13771,2672,2024-12-16,361.35,Due,2025-01-15
13772,8948,2024-09-12,382.34,Paid,2024-10-12
13773,582,2024-11-08,67.75,Overdue,2024-12-08
13774,4846,2024-09-20,284.76,Due,2024-10-20
13775,7699,2024-07-24,122.2,Paid,2024-08-23
13776,2743,2024-09-02,101.0,Due,2024-10-02
13777,8194,2024-11-02,295.0,Overdue,2024-12-02
13778,5111,2024-05-05,280.19,Paid,2024-06-04
13779,765,2025-04-23,417.64,Overdue,2025-05-23
13780,8776,2024-06-09,488.16,Due,2024-07-09
13781,1105,2025-03-11,421.25,Overdue,2025-04-10
13782,1730,2024-05-31,250.75,Paid,2024-06-30
13783,6821,2024-07-29,261.52,Due,2024-08-28
13784,2946,2024-09-21,407.67,Paid,2024-10-21
13785,6726,2025-03-13,191.69,Paid,2025-04-12
13786,5984,2025-01-17,231.47,Due,2025-02-16
13787,297,2024-11-04,178.74,Paid,2024-12-04
13788,4227,2024-10-28,134.56,Paid,2024-11-27
13789,4053,2025-01-27,138.33,Due,2025-02-26
13790,3965,2024-07-20,38.81,Due,2024-08-19
13791,1042,2024-09-08,296.06,Paid,2024-10-08
13792,3997,2024-05-13,328.49,Overdue,2024-06-12
13793,7454,2025-03-29,428.67,Overdue,2025-04-28
13794,9521,2024-11-22,424.29,Due,2024-12-22
13795,9732,2024-06-22,174.49,Overdue,2024-07-22
13796,1213,2024-08-03,451.11,Paid,2024-09-02
13797,8977,2025-04-16,38.33,Overdue,2025-05-16
13798,3282,2024-08-26,273.13,Due,2024-09-25
13799,339,2024-05-27,36.92,Due,2024-06-26
13800,2351,2024-06-23,243.31,Overdue,2024-07-23
13801,3213,2025-04-04,388.92,Due,2025-05-04
13802,8087,2024-12-19,396.34,Due,2025-01-18
13803,8415,2024-09-09,430.8,Overdue,2024-10-09
13804,544,2024-08-15,328.02,Overdue,2024-09-14
13805,1798,2025-04-27,436.35,Due,2025-05-27
13806,566,2025-01-11,353.49,Overdue,2025-02-10
13807,614,2024-10-27,287.59,Overdue,2024-11-26
13808,2613,2024-12-28,415.25,Due,2025-01-27
13809,6778,2024-08-17,38.07,Paid,2024-09-16
13810,1677,2024-12-01,323.89,Due,2024-12-31
13811,3244,2024-10-13,300.07,Paid,2024-11-12
13812,1193,2024-06-10,492.77,Overdue,2024-07-10
13813,9347,2024-10-20,315.3,Overdue,2024-11-19
13814,1112,2024-11-22,213.76,Overdue,2024-12-22
13815,1643,2024-12-03,137.98,Due,2025-01-02
13816,2236,2024-12-26,92.29,Paid,2025-01-25
13817,3613,2024-12-24,493.53,Overdue,2025-01-23
13818,5945,2025-01-16,379.15,Overdue,2025-02-15
13819,7983,2024-12-17,107.92,Paid,2025-01-16
13820,8817,2024-05-05,443.15,Due,2024-06-04
13821,1782,2025-03-30,41.04,Overdue,2025-04-29
13822,5411,2024-06-06,179.77,Due,2024-07-06
13823,7470,2025-03-23,238.16,Overdue,2025-04-22
13824,5332,2024-08-03,202.68,Due,2024-09-02
13825,3502,2025-04-15,310.68,Paid,2025-05-15
13826,2794,2025-02-26,44.92,Due,2025-03-28
13827,4933,2024-05-29,300.42,Due,2024-06-28
13828,540,2024-07-25,333.75,Overdue,2024-08-24
13829,6837,2025-04-20,129.1,Paid,2025-05-20
13830,436,2025-01-08,98.65,Overdue,2025-02-07
13831,8908,2025-04-13,282.95,Due,2025-05-13
13832,6942,2024-11-29,257.81,Paid,2024-12-29
13833,1870,2025-03-27,324.06,Due,2025-04-26
13834,1543,2024-07-13,252.52,Paid,2024-08-12
13835,9030,2024-07-15,162.62,Due,2024-08-14
13836,5031,2025-04-03,15.97,Overdue,2025-05-03
13837,1774,2025-04-25,193.07,Paid,2025-05-25
13838,9420,2024-09-29,161.06,Paid,2024-10-29
13839,9629,2025-02-24,430.95,Paid,2025-03-26
13840,9775,2024-08-28,296.37,Due,2024-09-27
13841,9727,2025-01-22,219.22,Due,2025-02-21
13842,9978,2024-06-15,137.54,Due,2024-07-15
13843,1796,2024-07-05,362.68,Overdue,2024-08-04
13844,8941,2024-09-07,267.74,Paid,2024-10-07
13845,3737,2024-08-28,75.19,Due,2024-09-27
13846,3380,2024-10-27,170.99,Due,2024-11-26
13847,2673,2024-05-24,342.38,Due,2024-06-23
13848,1483,2025-02-25,39.76,Paid,2025-03-27
13849,4624,2024-06-15,222.24,Due,2024-07-15
13850,5053,2025-01-04,410.27,Overdue,2025-02-03
13851,6270,2025-01-08,252.35,Paid,2025-02-07
13852,4827,2025-02-21,490.98,Due,2025-03-23
13853,5093,2025-03-12,354.61,Due,2025-04-11
13854,8155,2024-12-23,132.04,Paid,2025-01-22
13855,8195,2024-12-19,498.27,Paid,2025-01-18
13856,385,2024-06-30,107.37,Paid,2024-07-30
13857,7058,2025-04-18,12.16,Due,2025-05-18
13858,8389,2025-01-06,299.97,Due,2025-02-05
13859,7117,2024-05-27,88.47,Overdue,2024-06-26
13860,1584,2025-04-28,475.48,Due,2025-05-28
13861,6174,2024-08-22,35.74,Paid,2024-09-21
13862,8076,2024-07-02,334.3,Due,2024-08-01
13863,6027,2025-04-19,365.6,Due,2025-05-19
13864,9404,2024-06-30,438.55,Overdue,2024-07-30
13865,3250,2024-07-10,388.87,Paid,2024-08-09
13866,2157,2025-03-28,436.28,Overdue,2025-04-27
13867,599,2024-09-14,179.63,Paid,2024-10-14
13868,8619,2024-08-15,266.97,Due,2024-09-14
13869,6953,2024-08-22,271.12,Overdue,2024-09-21
13870,2992,2025-03-02,160.89,Due,2025-04-01
13871,2298,2024-08-29,96.82,Paid,2024-09-28
13872,2539,2025-01-14,234.94,Paid,2025-02-13
13873,9039,2024-05-04,101.84,Overdue,2024-06-03
13874,647,2024-10-26,412.46,Overdue,2024-11-25
13875,4340,2024-09-07,65.4,Paid,2024-10-07
13876,7618,2024-10-10,359.4,Paid,2024-11-09
13877,1056,2024-06-25,357.89,Paid,2024-07-25
13878,2611,2024-08-25,213.84,Overdue,2024-09-24
13879,9992,2024-11-04,329.04,Paid,2024-12-04
13880,8238,2024-05-29,286.11,Paid,2024-06-28
13881,9833,2024-05-12,357.69,Overdue,2024-06-11
13882,6110,2024-11-03,252.95,Overdue,2024-12-03
13883,5736,2024-07-10,146.78,Overdue,2024-08-09
13884,3644,2025-01-13,103.59,Paid,2025-02-12
13885,7348,2024-07-19,211.83,Paid,2024-08-18
13886,7022,2025-01-31,183.51,Overdue,2025-03-02
13887,4860,2024-09-15,185.47,Due,2024-10-15
13888,6782,2024-10-19,47.08,Paid,2024-11-18
13889,3004,2025-04-16,210.61,Overdue,2025-05-16
13890,7741,2024-07-13,223.16,Paid,2024-08-12
13891,9827,2024-10-15,56.6,Paid,2024-11-14
13892,1884,2024-10-08,397.82,Overdue,2024-11-07
13893,7882,2024-10-14,355.04,Due,2024-11-13
13894,1661,2024-06-12,198.17,Due,2024-07-12
13895,5050,2024-07-14,45.37,Overdue,2024-08-13
13896,8702,2025-01-13,466.87,Due,2025-02-12
13897,9953,2025-01-07,191.11,Overdue,2025-02-06
13898,7496,2025-01-25,53.5,Overdue,2025-02-24
13899,4460,2024-05-08,139.97,Paid,2024-06-07
13900,8746,2024-08-23,15.34,Due,2024-09-22
13901,7914,2025-02-26,238.32,Paid,2025-03-28
13902,5313,2024-05-06,246.48,Overdue,2024-06-05
13903,1869,2024-12-01,359.35,Overdue,2024-12-31
13904,7340,2024-06-28,164.76,Paid,2024-07-28
13905,1586,2025-04-11,434.64,Overdue,2025-05-11
13906,6382,2025-01-02,103.92,Due,2025-02-01
13907,4651,2024-08-10,56.9,Overdue,2024-09-09
13908,7014,2024-12-06,207.29,Overdue,2025-01-05
13909,8879,2024-12-12,65.04,Overdue,2025-01-11
13910,6208,2024-08-15,50.21,Paid,2024-09-14
13911,4836,2024-08-15,470.64,Paid,2024-09-14
13912,9519,2024-05-09,181.8,Due,2024-06-08
13913,8206,2024-10-21,184.85,Overdue,2024-11-20
13914,6407,2024-05-06,75.01,Overdue,2024-06-05
13915,7258,2024-10-17,423.44,Due,2024-11-16
13916,3464,2025-04-06,404.95,Due,2025-05-06
13917,7333,2024-05-20,289.88,Due,2024-06-19
13918,314,2024-12-03,311.01,Overdue,2025-01-02
13919,5054,2024-11-21,184.28,Paid,2024-12-21
13920,2928,2024-12-12,179.99,Overdue,2025-01-11
13921,3556,2024-10-10,62.9,Due,2024-11-09
13922,9738,2024-10-03,182.39,Due,2024-11-02
13923,8312,2024-11-17,258.61,Paid,2024-12-17
13924,3392,2024-11-22,246.31,Overdue,2024-12-22
13925,3232,2024-12-10,209.9,Due,2025-01-09
13926,8590,2024-11-11,50.96,Due,2024-12-11
13927,1651,2024-06-04,12.49,Due,2024-07-04
13928,1257,2024-08-01,490.9,Due,2024-08-31
13929,9570,2025-03-23,203.41,Paid,2025-04-22
13930,4504,2025-01-18,377.21,Paid,2025-02-17
13931,535,2025-01-26,181.1,Overdue,2025-02-25
13932,6887,2025-02-11,452.38,Overdue,2025-03-13
13933,218,2025-01-25,337.91,Paid,2025-02-24
13934,5648,2025-04-04,330.77,Due,2025-05-04
13935,2570,2024-11-16,123.6,Overdue,2024-12-16
13936,3677,2024-05-23,32.93,Overdue,2024-06-22
13937,8365,2024-07-04,319.77,Overdue,2024-08-03
13938,8046,2024-11-01,313.26,Overdue,2024-12-01
13939,8610,2025-02-02,51.18,Overdue,2025-03-04
13940,4122,2024-10-17,384.73,Overdue,2024-11-16
13941,2173,2025-01-19,32.8,Due,2025-02-18
13942,4012,2024-12-15,116.89,Overdue,2025-01-14
13943,7541,2025-04-10,125.16,Paid,2025-05-10
13944,8025,2024-11-07,138.31,Paid,2024-12-07
13945,9134,2024-05-02,392.09,Paid,2024-06-01
13946,889,2024-09-07,179.27,Overdue,2024-10-07
13947,3977,2024-08-07,310.74,Paid,2024-09-06
13948,5602,2024-09-09,499.49,Overdue,2024-10-09
13949,3759,2024-05-11,365.83,Overdue,2024-06-10
13950,4834,2025-01-18,94.26,Due,2025-02-17
13951,167,2024-07-27,17.4,Due,2024-08-26
13952,9159,2024-11-24,14.23,Due,2024-12-24
13953,3766,2024-08-01,400.01,Paid,2024-08-31
13954,7747,2024-05-20,191.05,Paid,2024-06-19
13955,5827,2024-12-01,489.87,Due,2024-12-31
13956,5571,2024-12-19,226.14,Overdue,2025-01-18
13957,9014,2025-01-26,89.32,Due,2025-02-25
13958,7811,2024-10-29,414.65,Overdue,2024-11-28
13959,2537,2024-05-23,74.81,Paid,2024-06-22
13960,4182,2024-11-02,345.0,Overdue,2024-12-02
13961,3178,2024-05-11,330.34,Paid,2024-06-10
13962,434,2024-06-29,79.89,Overdue,2024-07-29
13963,2221,2024-10-08,46.28,Overdue,2024-11-07
13964,4173,2024-11-01,445.35,Overdue,2024-12-01
13965,1584,2024-09-23,134.69,Paid,2024-10-23
13966,4027,2025-01-29,211.26,Due,2025-02-28
13967,9925,2024-12-23,46.7,Due,2025-01-22
13968,755,2024-06-20,324.92,Overdue,2024-07-20
13969,8256,2024-05-25,345.28,Due,2024-06-24
13970,2734,2025-01-30,49.13,Overdue,2025-03-01
13971,5169,2024-11-06,165.22,Due,2024-12-06
13972,2868,2025-01-04,19.28,Due,2025-02-03
13973,6043,2024-07-15,138.81,Paid,2024-08-14
13974,7776,2025-02-26,293.82,Paid,2025-03-28
13975,1709,2024-09-29,332.48,Paid,2024-10-29
13976,5388,2025-01-14,208.77,Overdue,2025-02-13
13977,4169,2025-01-21,300.2,Overdue,2025-02-20
13978,9969,2024-10-22,228.27,Overdue,2024-11-21
13979,1716,2024-06-18,391.04,Paid,2024-07-18
13980,6414,2024-10-05,324.29,Paid,2024-11-04
13981,4583,2025-01-26,67.8,Overdue,2025-02-25
13982,86,2024-08-10,199.41,Overdue,2024-09-09
13983,9977,2025-02-27,313.82,Overdue,2025-03-29
13984,7652,2024-12-24,274.91,Overdue,2025-01-23
13985,8134,2025-01-31,452.26,Due,2025-03-02
13986,5362,2024-12-08,143.3,Overdue,2025-01-07
13987,1701,2024-10-01,469.82,Due,2024-10-31
13988,5228,2025-04-15,52.89,Paid,2025-05-15
13989,1972,2024-06-01,249.42,Overdue,2024-07-01
13990,4880,2024-12-26,218.23,Overdue,2025-01-25
13991,1391,2024-07-23,374.33,Overdue,2024-08-22
13992,4396,2024-12-05,164.45,Overdue,2025-01-04
13993,8951,2024-10-28,63.96,Paid,2024-11-27
13994,73,2024-10-28,94.55,Paid,2024-11-27
13995,3501,2024-05-19,117.69,Paid,2024-06-18
13996,3208,2024-08-06,58.77,Paid,2024-09-05
13997,177,2024-08-15,416.38,Due,2024-09-14
13998,8543,2024-12-07,227.97,Overdue,2025-01-06
13999,1164,2025-04-23,356.58,Overdue,2025-05-23
14000,8528,2025-02-14,169.04,Overdue,2025-03-16
14001,8417,2024-10-16,243.2,Due,2024-11-15
14002,875,2025-01-23,69.47,Paid,2025-02-22
14003,1686,2025-02-06,312.61,Overdue,2025-03-08
14004,8297,2025-03-05,247.44,Paid,2025-04-04
14005,6124,2025-02-21,160.94,Paid,2025-03-23
14006,1246,2025-01-26,294.69,Paid,2025-02-25
14007,2434,2024-11-16,41.62,Paid,2024-12-16
14008,828,2024-12-18,180.24,Overdue,2025-01-17
14009,1947,2024-07-11,153.01,Overdue,2024-08-10
14010,9042,2025-04-24,311.57,Paid,2025-05-24
14011,9052,2024-12-22,169.54,Due,2025-01-21
14012,8433,2024-09-23,411.32,Overdue,2024-10-23
14013,2662,2025-02-03,207.45,Paid,2025-03-05
14014,3834,2024-08-07,188.97,Due,2024-09-06
14015,7821,2024-10-17,284.72,Overdue,2024-11-16
14016,281,2025-01-20,37.77,Paid,2025-02-19
14017,4528,2024-09-17,494.48,Paid,2024-10-17
14018,6280,2025-04-22,428.81,Overdue,2025-05-22
14019,1947,2024-07-19,173.15,Paid,2024-08-18
14020,1923,2025-02-25,237.49,Due,2025-03-27
14021,592,2024-06-06,100.66,Paid,2024-07-06
14022,4156,2025-04-11,80.66,Paid,2025-05-11
14023,9620,2024-06-05,407.2,Due,2024-07-05
14024,5495,2024-08-13,138.23,Overdue,2024-09-12
14025,2121,2024-07-03,293.54,Due,2024-08-02
14026,4416,2024-12-06,163.33,Paid,2025-01-05
14027,5673,2024-07-29,111.69,Due,2024-08-28
14028,4856,2024-05-20,498.7,Due,2024-06-19
14029,5541,2024-07-03,225.73,Overdue,2024-08-02
14030,9439,2025-01-15,292.23,Paid,2025-02-14
14031,116,2025-03-18,427.76,Due,2025-04-17
14032,7264,2024-09-08,348.78,Due,2024-10-08
14033,5074,2024-07-25,455.64,Overdue,2024-08-24
14034,8709,2024-06-03,19.07,Overdue,2024-07-03
14035,2204,2024-06-29,20.51,Paid,2024-07-29
14036,7739,2024-06-03,238.85,Due,2024-07-03
14037,5133,2025-03-26,396.76,Due,2025-04-25
14038,517,2025-03-26,196.47,Paid,2025-04-25
14039,9416,2024-10-05,449.0,Due,2024-11-04
14040,6584,2025-03-13,462.24,Paid,2025-04-12
14041,551,2024-04-30,432.92,Paid,2024-05-30
14042,6908,2025-03-26,198.0,Due,2025-04-25
14043,2165,2025-02-26,337.61,Paid,2025-03-28
14044,9649,2025-03-26,479.29,Overdue,2025-04-25
14045,5607,2024-08-10,274.96,Due,2024-09-09
14046,1180,2024-09-26,134.07,Due,2024-10-26
14047,6866,2024-07-28,117.88,Overdue,2024-08-27
14048,4697,2024-12-31,97.55,Paid,2025-01-30
14049,6648,2025-02-10,138.76,Due,2025-03-12
14050,8276,2024-08-10,408.9,Paid,2024-09-09
14051,1721,2024-06-14,147.34,Overdue,2024-07-14
14052,1745,2024-07-29,393.28,Due,2024-08-28
14053,8934,2025-02-20,244.04,Due,2025-03-22
14054,9985,2024-07-06,212.03,Paid,2024-08-05
14055,6982,2025-03-18,438.5,Paid,2025-04-17
14056,1629,2025-02-27,18.88,Paid,2025-03-29
14057,5488,2025-03-01,214.46,Due,2025-03-31
14058,8412,2024-10-26,261.7,Due,2024-11-25
14059,255,2024-07-18,247.38,Overdue,2024-08-17
14060,8075,2025-01-31,98.1,Due,2025-03-02
14061,1075,2024-05-30,40.4,Due,2024-06-29
14062,1690,2024-11-26,99.44,Due,2024-12-26
14063,8988,2024-11-14,315.74,Paid,2024-12-14
14064,3405,2025-03-07,442.63,Overdue,2025-04-06
14065,8674,2024-07-01,463.27,Due,2024-07-31
14066,3227,2025-04-08,97.42,Paid,2025-05-08
14067,6096,2024-11-06,113.54,Paid,2024-12-06
14068,6742,2024-11-18,285.42,Due,2024-12-18
14069,8349,2024-09-30,374.16,Paid,2024-10-30
14070,4038,2024-09-12,247.11,Paid,2024-10-12
14071,7477,2024-07-10,449.49,Overdue,2024-08-09
14072,3104,2025-02-28,114.29,Overdue,2025-03-30
14073,1218,2024-12-03,99.06,Due,2025-01-02
14074,8941,2025-04-05,288.06,Due,2025-05-05
14075,4726,2024-11-27,31.16,Due,2024-12-27
14076,1071,2025-04-27,100.95,Overdue,2025-05-27
14077,1348,2024-12-17,204.98,Overdue,2025-01-16
14078,6389,2024-09-10,118.59,Paid,2024-10-10
14079,2701,2025-04-14,456.9,Overdue,2025-05-14
14080,2638,2025-04-07,363.84,Overdue,2025-05-07
14081,8432,2024-08-27,412.42,Overdue,2024-09-26
14082,9822,2025-04-04,45.56,Due,2025-05-04
14083,1227,2025-03-01,455.43,Paid,2025-03-31
14084,3605,2024-06-01,73.57,Due,2024-07-01
14085,3873,2025-04-05,436.66,Overdue,2025-05-05
14086,5144,2025-01-05,195.67,Due,2025-02-04
14087,5213,2024-07-12,343.5,Paid,2024-08-11
14088,3674,2025-02-02,344.5,Due,2025-03-04
14089,7340,2024-10-30,152.62,Due,2024-11-29
14090,3880,2024-09-10,422.89,Paid,2024-10-10
14091,7211,2025-04-14,312.62,Overdue,2025-05-14
14092,3039,2024-05-15,239.41,Due,2024-06-14
14093,2730,2024-06-14,139.11,Overdue,2024-07-14
14094,5378,2024-08-30,317.15,Due,2024-09-29
14095,2456,2024-12-09,470.13,Due,2025-01-08
14096,2683,2024-09-16,278.03,Due,2024-10-16
14097,8857,2025-04-21,342.71,Paid,2025-05-21
14098,6106,2024-09-20,31.57,Paid,2024-10-20
14099,5910,2025-02-01,146.81,Paid,2025-03-03
14100,9913,2024-08-16,360.12,Due,2024-09-15
14101,8967,2024-12-12,70.8,Due,2025-01-11
14102,9521,2025-01-07,486.05,Overdue,2025-02-06
14103,8438,2024-11-25,148.04,Paid,2024-12-25
14104,1204,2025-03-31,401.63,Paid,2025-04-30
14105,1093,2025-04-22,41.25,Overdue,2025-05-22
14106,4794,2025-04-04,411.05,Overdue,2025-05-04
14107,7485,2025-02-02,442.97,Overdue,2025-03-04
14108,8637,2024-05-03,433.89,Overdue,2024-06-02
14109,4740,2024-12-05,47.68,Paid,2025-01-04
14110,8680,2024-05-14,110.29,Overdue,2024-06-13
14111,7495,2024-08-08,200.61,Paid,2024-09-07
14112,4667,2024-10-30,495.59,Due,2024-11-29
14113,8908,2024-05-20,225.69,Overdue,2024-06-19
14114,7730,2024-12-11,114.72,Paid,2025-01-10
14115,6318,2025-02-21,249.37,Paid,2025-03-23
14116,2113,2024-06-25,220.57,Due,2024-07-25
14117,3987,2024-09-18,333.46,Paid,2024-10-18
14118,8186,2024-12-20,367.04,Paid,2025-01-19
14119,3045,2024-11-19,200.16,Paid,2024-12-19
14120,6569,2024-10-06,309.0,Due,2024-11-05
14121,7109,2024-11-10,87.71,Paid,2024-12-10
14122,7745,2025-04-07,177.71,Due,2025-05-07
14123,3987,2024-07-17,274.58,Overdue,2024-08-16
14124,1052,2025-03-21,401.52,Due,2025-04-20
14125,2628,2024-07-01,399.04,Due,2024-07-31
14126,2158,2025-03-15,265.02,Overdue,2025-04-14
14127,1907,2025-01-31,214.6,Paid,2025-03-02
14128,9731,2024-07-22,331.34,Overdue,2024-08-21
14129,5862,2024-06-19,88.52,Overdue,2024-07-19
14130,8076,2024-08-20,457.9,Paid,2024-09-19
14131,6005,2024-05-27,137.47,Paid,2024-06-26
14132,8524,2024-12-01,254.97,Due,2024-12-31
14133,6473,2024-09-02,433.86,Paid,2024-10-02
14134,8797,2024-08-23,324.89,Overdue,2024-09-22
14135,1402,2024-05-24,189.2,Overdue,2024-06-23
14136,4378,2024-07-22,163.64,Due,2024-08-21
14137,2659,2024-12-26,367.09,Due,2025-01-25
14138,3623,2024-07-01,390.62,Paid,2024-07-31
14139,2892,2024-11-03,361.1,Paid,2024-12-03
14140,8470,2024-10-22,382.49,Due,2024-11-21
14141,3555,2024-06-07,120.1,Due,2024-07-07
14142,123,2024-06-13,166.87,Overdue,2024-07-13
14143,603,2025-03-11,75.04,Due,2025-04-10
14144,283,2024-12-14,62.41,Paid,2025-01-13
14145,2593,2025-04-07,303.8,Paid,2025-05-07
14146,2475,2024-07-31,97.82,Paid,2024-08-30
14147,5584,2025-01-06,244.47,Overdue,2025-02-05
14148,7616,2024-06-08,330.16,Overdue,2024-07-08
14149,4943,2024-05-01,290.06,Overdue,2024-05-31
14150,4053,2024-10-23,99.31,Paid,2024-11-22
14151,6721,2024-10-06,134.79,Paid,2024-11-05
14152,423,2024-05-02,42.47,Paid,2024-06-01
14153,1617,2024-05-21,327.28,Due,2024-06-20
14154,5333,2025-04-28,337.89,Paid,2025-05-28
14155,5770,2024-11-15,236.79,Paid,2024-12-15
14156,8586,2024-12-18,32.78,Paid,2025-01-17
14157,7769,2025-02-17,189.59,Due,2025-03-19
14158,9235,2024-05-12,354.47,Paid,2024-06-11
14159,3672,2024-10-22,145.69,Overdue,2024-11-21
14160,2236,2024-09-07,357.15,Overdue,2024-10-07
14161,7273,2024-08-06,191.05,Due,2024-09-05
14162,3667,2025-04-14,387.23,Due,2025-05-14
14163,1002,2025-04-17,118.76,Overdue,2025-05-17
14164,9345,2024-05-25,50.67,Paid,2024-06-24
14165,3318,2024-09-03,269.17,Due,2024-10-03
14166,8072,2024-07-25,382.31,Due,2024-08-24
14167,4311,2024-07-22,77.12,Paid,2024-08-21
14168,2173,2024-08-24,94.14,Due,2024-09-23
14169,9526,2024-09-09,392.45,Due,2024-10-09
14170,6189,2025-04-12,60.98,Paid,2025-05-12
14171,9380,2024-07-11,373.9,Overdue,2024-08-10
14172,6774,2024-07-28,254.83,Overdue,2024-08-27
14173,7485,2025-01-04,279.92,Overdue,2025-02-03
14174,2081,2025-03-06,338.16,Paid,2025-04-05
14175,3028,2025-03-01,173.28,Due,2025-03-31
14176,8799,2024-09-12,371.59,Due,2024-10-12
14177,7497,2024-05-10,24.97,Overdue,2024-06-09
14178,4749,2024-12-14,101.15,Paid,2025-01-13
14179,2974,2024-06-28,110.48,Paid,2024-07-28
14180,1115,2024-06-21,271.28,Paid,2024-07-21
14181,9879,2024-07-28,243.28,Due,2024-08-27
14182,8818,2024-06-20,98.72,Overdue,2024-07-20
14183,6421,2024-06-29,389.09,Paid,2024-07-29
14184,1427,2024-08-21,154.88,Overdue,2024-09-20
14185,8753,2025-03-18,209.1,Paid,2025-04-17
14186,9873,2025-03-13,424.35,Overdue,2025-04-12
14187,391,2024-07-04,313.5,Paid,2024-08-03
14188,3796,2024-12-13,143.0,Due,2025-01-12
14189,3756,2024-08-02,150.45,Overdue,2024-09-01
14190,8051,2025-01-29,295.88,Paid,2025-02-28
14191,5591,2025-01-30,159.18,Overdue,2025-03-01
14192,2831,2024-08-04,328.34,Overdue,2024-09-03
14193,7636,2024-07-29,63.5,Overdue,2024-08-28
14194,7601,2024-07-07,467.77,Paid,2024-08-06
14195,121,2024-09-14,32.71,Overdue,2024-10-14
14196,3617,2024-09-04,344.75,Due,2024-10-04
14197,6348,2024-05-05,219.54,Paid,2024-06-04
14198,4465,2024-11-15,292.29,Due,2024-12-15
14199,8604,2024-08-04,248.49,Overdue,2024-09-03
14200,7086,2024-06-03,203.83,Paid,2024-07-03
14201,6918,2025-01-05,46.51,Paid,2025-02-04
14202,5020,2024-07-22,225.65,Paid,2024-08-21
14203,5537,2024-08-19,190.96,Paid,2024-09-18
14204,1200,2024-08-05,472.05,Paid,2024-09-04
14205,6441,2024-06-20,58.23,Overdue,2024-07-20
14206,6820,2025-02-17,410.26,Due,2025-03-19
14207,700,2025-04-14,381.49,Due,2025-05-14
14208,537,2024-08-03,305.09,Overdue,2024-09-02
14209,3209,2024-07-30,97.24,Due,2024-08-29
14210,5751,2024-11-04,268.29,Paid,2024-12-04
14211,2645,2024-05-28,22.95,Overdue,2024-06-27
14212,7549,2024-12-16,89.99,Due,2025-01-15
14213,6389,2024-07-03,443.01,Overdue,2024-08-02
14214,889,2024-05-08,254.0,Due,2024-06-07
14215,5355,2024-12-25,254.68,Due,2025-01-24
14216,7501,2025-03-31,188.09,Due,2025-04-30
14217,5461,2025-04-13,216.04,Paid,2025-05-13
14218,1277,2024-06-07,391.22,Overdue,2024-07-07
14219,7302,2025-02-21,223.95,Due,2025-03-23
14220,4189,2024-08-23,429.64,Paid,2024-09-22
14221,5733,2025-02-17,491.06,Overdue,2025-03-19
14222,2695,2024-11-10,442.84,Paid,2024-12-10
14223,9349,2025-01-09,322.19,Due,2025-02-08
14224,3729,2024-07-09,191.32,Paid,2024-08-08
14225,6835,2024-05-23,40.36,Due,2024-06-22
14226,2302,2024-12-03,206.39,Paid,2025-01-02
14227,8151,2024-07-10,269.09,Overdue,2024-08-09
14228,6705,2024-05-05,470.93,Overdue,2024-06-04
14229,6935,2025-02-03,282.74,Overdue,2025-03-05
14230,1848,2024-07-18,497.01,Paid,2024-08-17
14231,4059,2024-05-12,259.5,Overdue,2024-06-11
14232,903,2024-06-30,334.92,Overdue,2024-07-30
14233,9907,2025-01-20,424.45,Paid,2025-02-19
14234,4764,2024-11-16,20.45,Paid,2024-12-16
14235,1191,2025-03-07,121.94,Due,2025-04-06
14236,8315,2025-02-28,157.1,Overdue,2025-03-30
14237,2989,2024-09-17,272.02,Overdue,2024-10-17
14238,1123,2024-11-17,199.1,Overdue,2024-12-17
14239,6121,2024-05-04,252.7,Overdue,2024-06-03
14240,6789,2024-06-01,464.58,Overdue,2024-07-01
14241,6637,2025-03-13,368.55,Due,2025-04-12
14242,1644,2024-06-08,395.27,Overdue,2024-07-08
14243,2963,2024-07-25,71.08,Due,2024-08-24
14244,6219,2024-12-15,195.67,Paid,2025-01-14
14245,1427,2024-05-25,223.21,Overdue,2024-06-24
14246,8156,2024-08-10,34.32,Due,2024-09-09
14247,5581,2024-10-05,447.3,Paid,2024-11-04
14248,3991,2025-01-13,242.4,Due,2025-02-12
14249,1160,2025-02-14,431.52,Overdue,2025-03-16
14250,8035,2025-02-28,130.33,Paid,2025-03-30
14251,9187,2024-07-21,70.06,Paid,2024-08-20
14252,5061,2024-08-01,465.79,Overdue,2024-08-31
14253,7285,2025-03-23,465.38,Overdue,2025-04-22
14254,6913,2024-12-14,421.33,Due,2025-01-13
14255,3274,2025-03-11,460.85,Paid,2025-04-10
14256,2957,2024-08-18,208.14,Overdue,2024-09-17
14257,6278,2024-09-24,83.84,Overdue,2024-10-24
14258,1985,2024-10-15,447.78,Overdue,2024-11-14
14259,115,2024-10-31,413.24,Paid,2024-11-30
14260,2027,2024-05-05,157.84,Due,2024-06-04
14261,8628,2024-11-13,488.42,Overdue,2024-12-13
14262,9127,2024-05-06,196.62,Overdue,2024-06-05
14263,3578,2024-06-04,168.97,Overdue,2024-07-04
14264,6155,2024-06-17,188.18,Due,2024-07-17
14265,7497,2025-01-23,247.55,Overdue,2025-02-22
14266,962,2024-09-18,43.13,Paid,2024-10-18
14267,2063,2024-12-06,364.93,Overdue,2025-01-05
14268,3069,2024-08-05,397.64,Overdue,2024-09-04
14269,5174,2025-02-10,377.62,Overdue,2025-03-12
14270,3748,2024-05-12,266.24,Due,2024-06-11
14271,9422,2025-02-16,459.13,Overdue,2025-03-18
14272,8461,2025-03-15,77.31,Due,2025-04-14
14273,9808,2025-01-30,213.34,Paid,2025-03-01
14274,7148,2024-09-11,102.53,Due,2024-10-11
14275,5805,2024-10-20,94.91,Overdue,2024-11-19
14276,607,2024-07-17,293.83,Paid,2024-08-16
14277,7606,2025-04-27,228.81,Paid,2025-05-27
14278,7663,2025-02-16,120.98,Due,2025-03-18
14279,3352,2024-06-16,207.29,Due,2024-07-16
14280,4530,2025-03-29,234.24,Paid,2025-04-28
14281,3310,2024-11-03,244.15,Paid,2024-12-03
14282,3748,2024-05-02,446.41,Due,2024-06-01
14283,632,2025-03-05,477.63,Due,2025-04-04
14284,3902,2025-03-11,470.33,Overdue,2025-04-10
14285,6463,2025-02-06,352.26,Overdue,2025-03-08
14286,3366,2024-12-09,312.67,Paid,2025-01-08
14287,2846,2024-09-15,157.38,Paid,2024-10-15
14288,4843,2024-06-23,374.25,Paid,2024-07-23
14289,5275,2025-02-21,62.32,Paid,2025-03-23
14290,2625,2025-01-06,299.72,Overdue,2025-02-05
14291,2503,2025-01-17,25.19,Due,2025-02-16
14292,9742,2025-02-25,457.63,Due,2025-03-27
14293,1172,2024-09-08,346.78,Paid,2024-10-08
14294,8300,2024-08-01,359.77,Due,2024-08-31
14295,941,2024-11-30,110.11,Overdue,2024-12-30
14296,9157,2024-08-18,430.72,Paid,2024-09-17
14297,3632,2025-01-23,59.3,Overdue,2025-02-22
14298,7930,2025-04-19,421.25,Overdue,2025-05-19
14299,8260,2024-08-22,395.14,Paid,2024-09-21
14300,798,2025-03-25,483.37,Overdue,2025-04-24
14301,9612,2024-12-16,262.54,Paid,2025-01-15
14302,5860,2024-05-02,221.65,Paid,2024-06-01
14303,4313,2024-07-22,216.48,Due,2024-08-21
14304,2380,2024-05-15,469.39,Paid,2024-06-14
14305,9114,2024-05-08,190.54,Due,2024-06-07
14306,5129,2025-03-08,199.75,Due,2025-04-07
14307,4173,2024-07-21,449.02,Due,2024-08-20
14308,4226,2024-05-08,315.74,Overdue,2024-06-07
14309,9593,2025-02-08,93.56,Paid,2025-03-10
14310,2069,2024-11-30,323.96,Due,2024-12-30
14311,4017,2024-10-15,31.62,Overdue,2024-11-14
14312,4506,2024-09-21,337.63,Overdue,2024-10-21
14313,9868,2024-09-28,410.25,Due,2024-10-28
14314,9757,2024-06-22,440.44,Due,2024-07-22
14315,3461,2024-11-17,405.31,Paid,2024-12-17
14316,5625,2024-06-30,386.89,Due,2024-07-30
14317,1338,2024-11-23,482.5,Paid,2024-12-23
14318,5725,2024-11-13,498.46,Due,2024-12-13
14319,5750,2024-06-06,23.62,Overdue,2024-07-06
14320,1971,2024-07-11,101.13,Overdue,2024-08-10
14321,6602,2024-08-02,219.85,Due,2024-09-01
14322,7605,2024-06-19,478.51,Paid,2024-07-19
14323,5097,2024-05-05,196.18,Due,2024-06-04
14324,7688,2024-06-14,417.34,Due,2024-07-14
14325,8812,2024-09-14,418.54,Overdue,2024-10-14
14326,1150,2025-02-10,458.0,Overdue,2025-03-12
14327,9869,2025-01-26,231.34,Overdue,2025-02-25
14328,8587,2024-11-26,217.47,Paid,2024-12-26
14329,5587,2024-09-11,288.86,Paid,2024-10-11
14330,925,2024-09-05,102.11,Due,2024-10-05
14331,9301,2024-09-15,126.46,Due,2024-10-15
14332,1513,2024-07-07,306.47,Paid,2024-08-06
14333,7459,2024-06-28,467.83,Due,2024-07-28
14334,1208,2024-08-23,122.26,Overdue,2024-09-22
14335,3187,2024-07-05,480.48,Overdue,2024-08-04
14336,9590,2024-09-22,233.23,Due,2024-10-22
14337,7131,2025-03-05,247.85,Due,2025-04-04
14338,8941,2025-02-11,296.02,Overdue,2025-03-13
14339,5058,2024-07-12,84.16,Due,2024-08-11
14340,9569,2024-08-13,413.98,Due,2024-09-12
14341,3684,2024-06-01,405.88,Due,2024-07-01
14342,6404,2025-01-05,201.88,Due,2025-02-04
14343,4528,2025-01-01,248.72,Overdue,2025-01-31
14344,9991,2025-02-26,432.64,Overdue,2025-03-28
14345,5649,2024-07-31,389.84,Paid,2024-08-30
14346,1142,2025-04-14,83.42,Due,2025-05-14
14347,8268,2025-02-26,378.97,Paid,2025-03-28
14348,1994,2025-02-22,473.41,Overdue,2025-03-24
14349,3332,2024-11-03,184.6,Overdue,2024-12-03
14350,6650,2024-08-30,122.33,Overdue,2024-09-29
14351,6514,2024-11-17,117.94,Due,2024-12-17
14352,8541,2024-10-18,365.94,Overdue,2024-11-17
14353,574,2024-10-22,105.9,Due,2024-11-21
14354,4176,2024-07-09,450.17,Overdue,2024-08-08
14355,8640,2024-07-30,319.26,Due,2024-08-29
14356,1097,2024-10-27,339.07,Paid,2024-11-26
14357,6889,2025-02-12,232.17,Paid,2025-03-14
14358,1155,2025-04-01,351.08,Overdue,2025-05-01
14359,4332,2024-11-20,163.9,Due,2024-12-20
14360,3791,2025-03-19,389.76,Paid,2025-04-18
14361,6129,2025-04-01,129.83,Due,2025-05-01
14362,3270,2024-10-05,262.23,Overdue,2024-11-04
14363,8815,2024-12-26,282.53,Paid,2025-01-25
14364,7072,2024-05-05,33.29,Overdue,2024-06-04
14365,8934,2025-03-19,90.2,Paid,2025-04-18
14366,4493,2025-04-01,154.7,Paid,2025-05-01
14367,1498,2024-07-18,477.21,Due,2024-08-17
14368,4571,2024-12-20,378.71,Paid,2025-01-19
14369,6337,2025-02-15,344.83,Due,2025-03-17
14370,7587,2024-08-10,376.19,Overdue,2024-09-09
14371,4915,2024-10-27,188.53,Overdue,2024-11-26
14372,4477,2024-07-19,480.5,Due,2024-08-18
14373,1314,2025-01-10,449.73,Due,2025-02-09
14374,4103,2024-11-28,408.79,Due,2024-12-28
14375,3936,2024-09-18,292.52,Paid,2024-10-18
14376,5543,2024-05-30,29.3,Paid,2024-06-29
14377,1309,2024-10-29,27.94,Paid,2024-11-28
14378,8673,2024-08-21,309.9,Paid,2024-09-20
14379,4254,2025-03-23,36.79,Overdue,2025-04-22
14380,7884,2024-11-22,156.96,Paid,2024-12-22
14381,5283,2024-11-06,86.66,Paid,2024-12-06
14382,4835,2025-03-16,117.26,Due,2025-04-15
14383,5869,2024-10-18,337.79,Due,2024-11-17
14384,2270,2024-08-16,363.09,Paid,2024-09-15
14385,878,2024-09-07,126.26,Due,2024-10-07
14386,4540,2024-10-23,111.76,Paid,2024-11-22
14387,5436,2025-01-03,448.81,Paid,2025-02-02
14388,1203,2024-08-09,434.05,Due,2024-09-08
14389,8661,2024-06-26,257.97,Due,2024-07-26
14390,4300,2024-09-28,477.93,Paid,2024-10-28
14391,8040,2024-09-26,39.25,Overdue,2024-10-26
14392,9436,2024-12-12,81.01,Overdue,2025-01-11
14393,9243,2024-09-08,456.58,Paid,2024-10-08
14394,8724,2025-04-30,371.04,Paid,2025-05-30
14395,99,2024-11-12,386.1,Overdue,2024-12-12
14396,3930,2024-10-12,474.55,Paid,2024-11-11
14397,7385,2024-07-31,481.86,Due,2024-08-30
14398,4271,2024-11-20,441.47,Paid,2024-12-20
14399,5771,2024-12-19,291.74,Paid,2025-01-18
14400,3372,2024-12-30,426.99,Paid,2025-01-29
14401,7489,2025-04-28,399.39,Overdue,2025-05-28
14402,7008,2025-04-03,268.09,Paid,2025-05-03
14403,2174,2025-03-09,46.9,Due,2025-04-08
14404,8429,2024-07-07,71.07,Paid,2024-08-06
14405,6407,2024-07-08,130.98,Overdue,2024-08-07
14406,4555,2025-02-06,118.33,Paid,2025-03-08
14407,7440,2025-01-12,250.09,Due,2025-02-11
14408,292,2024-10-15,202.17,Overdue,2024-11-14
14409,7082,2024-07-18,117.85,Overdue,2024-08-17
14410,3575,2024-09-15,65.02,Paid,2024-10-15
14411,6374,2025-03-24,376.36,Overdue,2025-04-23
14412,5337,2025-03-18,328.77,Overdue,2025-04-17
14413,914,2024-09-23,233.91,Due,2024-10-23
14414,6446,2024-09-03,384.8,Paid,2024-10-03
14415,210,2024-10-21,146.47,Overdue,2024-11-20
14416,5718,2024-12-20,457.45,Paid,2025-01-19
14417,9630,2024-10-29,107.02,Due,2024-11-28
14418,8898,2024-10-28,238.38,Paid,2024-11-27
14419,9955,2024-05-30,256.38,Overdue,2024-06-29
14420,1278,2024-08-28,270.6,Due,2024-09-27
14421,9114,2025-02-18,201.92,Due,2025-03-20
14422,8811,2024-11-16,242.21,Due,2024-12-16
14423,2957,2025-01-06,497.41,Paid,2025-02-05
14424,2656,2024-12-24,437.38,Paid,2025-01-23
14425,4182,2024-09-24,188.09,Due,2024-10-24
14426,7175,2024-11-12,187.11,Due,2024-12-12
14427,3431,2024-05-24,348.44,Overdue,2024-06-23
14428,5934,2025-01-06,285.63,Paid,2025-02-05
14429,3383,2025-03-02,173.78,Paid,2025-04-01
14430,9298,2024-05-28,87.69,Overdue,2024-06-27
14431,1853,2024-12-01,470.01,Paid,2024-12-31
14432,1082,2025-04-30,260.88,Due,2025-05-30
14433,5006,2024-10-04,87.18,Paid,2024-11-03
14434,5408,2025-01-02,478.51,Overdue,2025-02-01
14435,5030,2024-08-12,359.58,Paid,2024-09-11
14436,4529,2024-07-22,180.08,Paid,2024-08-21
14437,9178,2024-10-13,294.94,Due,2024-11-12
14438,3337,2025-02-13,167.54,Due,2025-03-15
14439,7946,2024-08-13,196.55,Paid,2024-09-12
14440,1491,2024-12-10,311.69,Paid,2025-01-09
14441,3729,2025-02-22,404.46,Overdue,2025-03-24
14442,3082,2024-09-29,425.24,Due,2024-10-29
14443,9735,2024-12-24,171.73,Paid,2025-01-23
14444,8687,2024-08-08,43.56,Due,2024-09-07
14445,3491,2025-01-25,200.31,Paid,2025-02-24
14446,9561,2024-06-06,41.29,Due,2024-07-06
14447,4575,2025-02-01,29.77,Due,2025-03-03
14448,1246,2024-08-18,456.08,Paid,2024-09-17
14449,8321,2025-02-05,465.73,Due,2025-03-07
14450,4545,2025-03-18,434.7,Due,2025-04-17
14451,1472,2024-05-06,32.54,Paid,2024-06-05
14452,3780,2024-12-31,215.51,Paid,2025-01-30
14453,6621,2024-09-01,59.15,Due,2024-10-01
14454,6137,2024-12-03,262.42,Paid,2025-01-02
14455,2650,2024-07-28,51.52,Due,2024-08-27
14456,1293,2025-04-27,291.12,Due,2025-05-27
14457,3763,2024-09-05,291.34,Overdue,2024-10-05
14458,9949,2024-10-04,122.43,Overdue,2024-11-03
14459,5121,2024-05-19,320.69,Due,2024-06-18
14460,525,2024-07-25,333.89,Due,2024-08-24
14461,7657,2025-02-16,383.03,Due,2025-03-18
14462,5845,2024-05-18,210.94,Paid,2024-06-17
14463,5854,2024-09-09,25.56,Due,2024-10-09
14464,5315,2024-06-01,319.5,Due,2024-07-01
14465,1780,2024-12-02,24.31,Paid,2025-01-01
14466,6186,2025-03-12,391.16,Paid,2025-04-11
14467,6800,2025-01-27,400.68,Due,2025-02-26
14468,1263,2025-02-12,178.81,Due,2025-03-14
14469,662,2024-07-13,263.19,Due,2024-08-12
14470,803,2024-10-01,45.61,Due,2024-10-31
14471,8787,2025-04-05,474.18,Due,2025-05-05
14472,2074,2024-10-29,208.5,Due,2024-11-28
14473,1480,2024-12-15,398.03,Overdue,2025-01-14
14474,2529,2025-01-21,211.93,Paid,2025-02-20
14475,6810,2024-10-05,362.37,Paid,2024-11-04
14476,1944,2024-11-02,370.73,Overdue,2024-12-02
14477,8050,2025-01-31,11.04,Paid,2025-03-02
14478,9536,2025-04-25,173.27,Overdue,2025-05-25
14479,3396,2024-06-09,63.36,Paid,2024-07-09
14480,3653,2025-02-14,49.81,Due,2025-03-16
14481,2762,2025-01-26,275.39,Paid,2025-02-25
14482,2467,2025-01-20,315.62,Paid,2025-02-19
14483,1919,2024-05-23,486.92,Paid,2024-06-22
14484,7243,2024-08-13,87.44,Due,2024-09-12
14485,1510,2024-12-23,268.79,Due,2025-01-22
14486,6171,2025-02-12,321.16,Paid,2025-03-14
14487,4692,2025-04-05,365.9,Overdue,2025-05-05
14488,6388,2024-11-08,374.28,Due,2024-12-08
14489,3339,2024-09-17,345.28,Due,2024-10-17
14490,8920,2024-05-02,130.85,Due,2024-06-01
14491,820,2024-12-14,190.7,Paid,2025-01-13
14492,335,2024-05-01,105.93,Due,2024-05-31
14493,356,2024-09-08,383.1,Paid,2024-10-08
14494,3522,2024-12-22,81.31,Due,2025-01-21
14495,2613,2025-04-30,289.6,Due,2025-05-30
14496,9638,2025-01-19,448.21,Overdue,2025-02-18
14497,8917,2024-11-02,121.64,Due,2024-12-02
14498,8869,2024-08-11,110.17,Due,2024-09-10
14499,9491,2024-12-07,274.74,Paid,2025-01-06
14500,8337,2025-02-20,31.99,Paid,2025-03-22
14501,1933,2025-04-09,61.62,Paid,2025-05-09
14502,1396,2024-05-24,314.0,Paid,2024-06-23
14503,8067,2025-01-13,375.82,Overdue,2025-02-12
14504,3384,2024-05-21,166.68,Overdue,2024-06-20
14505,9395,2024-06-25,97.31,Overdue,2024-07-25
14506,5472,2024-10-09,20.5,Due,2024-11-08
14507,4835,2024-08-28,266.95,Due,2024-09-27
14508,5601,2024-09-11,21.55,Overdue,2024-10-11
14509,9573,2024-12-16,64.93,Overdue,2025-01-15
14510,7643,2024-05-12,486.58,Due,2024-06-11
14511,6295,2024-12-22,257.85,Paid,2025-01-21
14512,3396,2025-02-19,257.62,Overdue,2025-03-21
14513,5325,2024-07-12,101.7,Paid,2024-08-11
14514,9421,2025-03-23,93.98,Due,2025-04-22
14515,4946,2025-02-17,326.31,Due,2025-03-19
14516,4911,2024-12-28,357.52,Paid,2025-01-27
14517,2502,2024-09-07,469.96,Due,2024-10-07
14518,586,2024-10-29,358.01,Paid,2024-11-28
14519,4919,2025-01-08,453.05,Overdue,2025-02-07
14520,182,2024-11-03,158.0,Due,2024-12-03
14521,1602,2024-12-18,160.33,Due,2025-01-17
14522,2833,2025-01-30,221.31,Due,2025-03-01
14523,8162,2025-04-22,227.12,Due,2025-05-22
14524,531,2025-01-27,439.28,Overdue,2025-02-26
14525,6586,2024-05-21,323.77,Paid,2024-06-20
14526,2660,2024-05-23,449.27,Overdue,2024-06-22
14527,7515,2024-10-02,491.51,Due,2024-11-01
14528,1224,2024-09-16,119.28,Paid,2024-10-16
14529,203,2024-07-22,140.26,Overdue,2024-08-21
14530,628,2024-10-22,128.39,Paid,2024-11-21
14531,2731,2024-11-10,207.07,Overdue,2024-12-10
14532,609,2024-12-21,345.97,Paid,2025-01-20
14533,6083,2024-09-27,245.09,Overdue,2024-10-27
14534,9423,2025-01-03,422.01,Overdue,2025-02-02
14535,8828,2025-01-21,74.79,Due,2025-02-20
14536,4866,2025-02-24,477.32,Paid,2025-03-26
14537,4284,2024-05-03,316.21,Overdue,2024-06-02
14538,1648,2025-01-03,113.85,Due,2025-02-02
14539,9826,2024-09-07,115.39,Paid,2024-10-07
14540,5959,2025-01-09,142.06,Due,2025-02-08
14541,5984,2025-03-28,123.5,Paid,2025-04-27
14542,787,2024-06-22,371.92,Due,2024-07-22
14543,945,2024-05-24,281.1,Paid,2024-06-23
14544,9962,2024-10-22,469.68,Overdue,2024-11-21
14545,7677,2025-02-28,464.72,Overdue,2025-03-30
14546,4922,2024-10-09,249.22,Overdue,2024-11-08
14547,723,2025-02-01,171.19,Paid,2025-03-03
14548,4863,2024-11-04,55.02,Overdue,2024-12-04
14549,7807,2025-04-14,434.8,Due,2025-05-14
14550,4941,2024-10-12,201.54,Paid,2024-11-11
14551,1769,2024-09-03,365.84,Due,2024-10-03
14552,4446,2024-07-05,445.96,Overdue,2024-08-04
14553,1879,2025-01-17,258.9,Paid,2025-02-16
14554,4041,2025-01-19,338.97,Paid,2025-02-18
14555,5274,2025-01-16,123.83,Due,2025-02-15
14556,2042,2024-06-17,296.04,Overdue,2024-07-17
14557,7222,2025-01-10,73.23,Overdue,2025-02-09
14558,7038,2024-09-10,163.55,Overdue,2024-10-10
14559,1040,2024-07-31,256.81,Paid,2024-08-30
14560,4373,2024-08-08,404.41,Paid,2024-09-07
14561,7998,2025-04-22,211.93,Overdue,2025-05-22
14562,9955,2024-06-19,497.27,Overdue,2024-07-19
14563,7895,2024-10-15,340.5,Paid,2024-11-14
14564,2434,2024-08-31,201.79,Paid,2024-09-30
14565,4736,2025-01-26,115.73,Paid,2025-02-25
14566,4632,2024-05-02,45.41,Due,2024-06-01
14567,5766,2024-05-25,413.25,Paid,2024-06-24
14568,1965,2024-11-16,182.69,Due,2024-12-16
14569,4174,2025-02-22,174.92,Paid,2025-03-24
14570,8285,2024-11-03,84.18,Due,2024-12-03
14571,3303,2025-04-18,167.8,Due,2025-05-18
14572,7553,2024-12-04,440.38,Overdue,2025-01-03
14573,1030,2024-11-04,334.94,Due,2024-12-04
14574,811,2024-07-28,376.66,Due,2024-08-27
14575,1420,2024-05-09,381.11,Overdue,2024-06-08
14576,4722,2024-06-01,262.43,Overdue,2024-07-01
14577,1513,2025-01-20,148.54,Paid,2025-02-19
14578,9658,2024-07-14,390.62,Due,2024-08-13
14579,1767,2024-05-10,445.03,Overdue,2024-06-09
14580,622,2025-03-31,79.67,Overdue,2025-04-30
14581,3876,2025-01-14,491.61,Due,2025-02-13
14582,2948,2025-03-10,153.6,Overdue,2025-04-09
14583,389,2024-10-15,139.45,Due,2024-11-14
14584,6333,2024-12-13,282.99,Overdue,2025-01-12
14585,6739,2025-01-10,266.08,Overdue,2025-02-09
14586,1905,2024-06-05,421.37,Overdue,2024-07-05
14587,6668,2025-03-22,265.74,Due,2025-04-21
14588,1373,2025-01-03,418.2,Due,2025-02-02
14589,2143,2024-09-08,444.49,Paid,2024-10-08
14590,5196,2025-03-05,72.64,Paid,2025-04-04
14591,9109,2024-06-07,34.14,Paid,2024-07-07
14592,8826,2025-01-14,405.68,Overdue,2025-02-13
14593,5519,2025-01-25,48.81,Overdue,2025-02-24
14594,6193,2025-04-29,45.55,Due,2025-05-29
14595,2747,2024-05-04,21.92,Due,2024-06-03
14596,5529,2024-06-22,343.0,Paid,2024-07-22
14597,4399,2024-09-08,198.05,Overdue,2024-10-08
14598,1454,2024-11-01,437.2,Overdue,2024-12-01
14599,1799,2024-06-03,86.96,Paid,2024-07-03
14600,8740,2024-09-03,229.49,Paid,2024-10-03
14601,6045,2025-02-01,207.16,Due,2025-03-03
14602,2220,2024-06-20,228.05,Due,2024-07-20
14603,403,2025-01-23,250.32,Paid,2025-02-22
14604,353,2024-12-31,65.78,Due,2025-01-30
14605,4439,2024-10-30,295.01,Overdue,2024-11-29
14606,8444,2024-11-15,10.81,Paid,2024-12-15
14607,1695,2025-01-30,410.1,Due,2025-03-01
14608,1423,2025-02-22,333.32,Paid,2025-03-24
14609,3614,2025-01-06,248.34,Due,2025-02-05
14610,7001,2025-03-28,433.66,Overdue,2025-04-27
14611,1793,2024-12-30,452.36,Overdue,2025-01-29
14612,6153,2024-12-20,496.95,Overdue,2025-01-19
14613,7361,2025-04-20,471.13,Overdue,2025-05-20
14614,2970,2024-11-05,11.64,Paid,2024-12-05
14615,962,2024-06-12,365.15,Overdue,2024-07-12
14616,7345,2024-11-22,66.25,Paid,2024-12-22
14617,6355,2024-10-13,232.57,Paid,2024-11-12
14618,1895,2025-02-04,344.29,Paid,2025-03-06
14619,6512,2025-04-16,305.46,Overdue,2025-05-16
14620,9884,2024-12-02,316.46,Paid,2025-01-01
14621,8260,2024-08-28,246.89,Overdue,2024-09-27
14622,8595,2025-01-29,287.53,Due,2025-02-28
14623,3857,2025-03-05,67.41,Paid,2025-04-04
14624,5491,2024-11-04,284.46,Overdue,2024-12-04
14625,6879,2024-10-07,38.88,Due,2024-11-06
14626,3076,2024-10-27,353.64,Paid,2024-11-26
14627,7156,2024-05-27,155.47,Overdue,2024-06-26
14628,2167,2025-04-13,381.55,Overdue,2025-05-13
14629,8697,2024-10-11,175.83,Overdue,2024-11-10
14630,5872,2025-02-25,237.35,Overdue,2025-03-27
14631,7460,2025-01-16,324.14,Overdue,2025-02-15
14632,6810,2024-10-14,405.7,Due,2024-11-13
14633,3896,2024-09-25,387.41,Overdue,2024-10-25
14634,9168,2024-09-10,326.22,Due,2024-10-10
14635,8178,2025-03-22,81.13,Due,2025-04-21
14636,5458,2024-07-15,451.53,Due,2024-08-14
14637,6222,2025-02-03,12.92,Overdue,2025-03-05
14638,9507,2024-10-09,360.94,Due,2024-11-08
14639,7873,2024-08-11,349.65,Overdue,2024-09-10
14640,849,2024-10-25,433.76,Paid,2024-11-24
14641,701,2024-10-23,98.85,Paid,2024-11-22
14642,7854,2024-07-31,316.76,Due,2024-08-30
14643,9829,2024-06-24,443.63,Paid,2024-07-24
14644,437,2024-11-18,20.55,Overdue,2024-12-18
14645,9848,2024-11-04,296.05,Paid,2024-12-04
14646,4759,2024-07-25,76.52,Paid,2024-08-24
14647,1592,2025-04-06,478.31,Paid,2025-05-06
14648,9911,2025-01-10,18.87,Overdue,2025-02-09
14649,5996,2024-11-20,430.2,Paid,2024-12-20
14650,2453,2024-08-31,205.36,Due,2024-09-30
14651,9871,2024-12-25,157.65,Due,2025-01-24
14652,9851,2024-06-28,491.88,Due,2024-07-28
14653,8077,2024-10-18,332.76,Overdue,2024-11-17
14654,5455,2024-10-22,198.83,Paid,2024-11-21
14655,3190,2024-05-15,205.66,Paid,2024-06-14
14656,3550,2024-10-02,338.4,Overdue,2024-11-01
14657,6786,2024-09-29,361.26,Overdue,2024-10-29
14658,5003,2024-12-08,71.25,Paid,2025-01-07
14659,9781,2024-08-14,448.64,Due,2024-09-13
14660,1943,2024-08-20,252.68,Due,2024-09-19
14661,5305,2024-11-12,437.04,Overdue,2024-12-12
14662,6679,2024-12-12,237.76,Overdue,2025-01-11
14663,2376,2025-01-16,222.01,Overdue,2025-02-15
14664,1444,2024-10-21,304.0,Due,2024-11-20
14665,3426,2024-10-16,316.3,Paid,2024-11-15
14666,2582,2025-04-30,116.37,Overdue,2025-05-30
14667,2337,2024-12-07,144.03,Paid,2025-01-06
14668,4575,2024-08-01,141.33,Overdue,2024-08-31
14669,8141,2024-12-10,303.72,Overdue,2025-01-09
14670,3612,2025-03-28,349.97,Due,2025-04-27
14671,7522,2024-12-03,346.87,Overdue,2025-01-02
14672,5130,2024-08-11,358.57,Paid,2024-09-10
14673,3570,2024-08-06,44.64,Due,2024-09-05
14674,8497,2025-02-01,413.29,Paid,2025-03-03
14675,5143,2024-09-20,285.85,Overdue,2024-10-20
14676,4259,2025-01-06,32.35,Paid,2025-02-05
14677,1455,2024-07-28,479.66,Paid,2024-08-27
14678,3541,2025-03-29,372.74,Paid,2025-04-28
14679,3122,2024-09-03,369.9,Overdue,2024-10-03
14680,1110,2025-04-17,27.97,Overdue,2025-05-17
14681,5555,2024-08-13,107.26,Paid,2024-09-12
14682,3984,2025-03-31,29.91,Paid,2025-04-30
14683,2158,2025-04-06,373.76,Paid,2025-05-06
14684,736,2024-11-27,300.18,Overdue,2024-12-27
14685,6038,2025-02-01,362.11,Overdue,2025-03-03
14686,2004,2024-11-09,123.7,Due,2024-12-09
14687,5412,2024-08-19,491.34,Overdue,2024-09-18
14688,3393,2025-02-06,99.02,Due,2025-03-08
14689,9203,2024-11-15,166.73,Due,2024-12-15
14690,9798,2024-07-28,159.33,Paid,2024-08-27
14691,3435,2024-12-02,460.97,Paid,2025-01-01
14692,7041,2024-09-13,136.29,Overdue,2024-10-13
14693,3207,2025-03-14,65.8,Due,2025-04-13
14694,5204,2024-06-26,426.4,Due,2024-07-26
14695,1149,2025-04-18,106.05,Paid,2025-05-18
14696,7913,2024-11-20,239.36,Due,2024-12-20
14697,6865,2025-01-17,429.8,Overdue,2025-02-16
14698,1572,2024-06-09,165.5,Due,2024-07-09
14699,8967,2025-01-19,257.35,Paid,2025-02-18
14700,325,2024-12-03,467.35,Due,2025-01-02
14701,2521,2024-12-10,292.17,Due,2025-01-09
14702,8554,2024-06-19,123.1,Overdue,2024-07-19
14703,992,2024-09-24,75.21,Overdue,2024-10-24
14704,8548,2025-01-14,34.56,Overdue,2025-02-13
14705,2559,2024-11-09,278.74,Due,2024-12-09
14706,1727,2024-07-23,441.59,Paid,2024-08-22
14707,341,2024-08-15,85.61,Paid,2024-09-14
14708,3339,2025-02-04,439.96,Due,2025-03-06
14709,1726,2024-11-10,62.95,Paid,2024-12-10
14710,4346,2025-04-21,105.92,Due,2025-05-21
14711,1744,2024-10-14,15.26,Due,2024-11-13
14712,5612,2025-02-05,466.36,Paid,2025-03-07
14713,3198,2024-10-15,474.94,Due,2024-11-14
14714,1861,2025-01-28,334.74,Due,2025-02-27
14715,4026,2024-11-18,309.93,Due,2024-12-18
14716,8456,2024-08-20,421.61,Overdue,2024-09-19
14717,9545,2024-07-06,401.61,Paid,2024-08-05
14718,8113,2024-11-27,36.39,Overdue,2024-12-27
14719,1417,2025-01-27,43.19,Paid,2025-02-26
14720,394,2024-10-28,344.51,Paid,2024-11-27
14721,9570,2024-06-30,423.0,Overdue,2024-07-30
14722,4966,2024-12-30,337.61,Paid,2025-01-29
14723,7399,2024-08-06,199.84,Overdue,2024-09-05
14724,1147,2024-11-10,447.61,Overdue,2024-12-10
14725,4780,2024-05-15,218.14,Due,2024-06-14
14726,852,2025-02-13,487.56,Due,2025-03-15
14727,6987,2024-05-13,268.95,Due,2024-06-12
14728,3096,2025-03-08,233.72,Overdue,2025-04-07
14729,9082,2024-09-11,218.98,Paid,2024-10-11
14730,7714,2024-09-12,431.65,Paid,2024-10-12
14731,3431,2024-10-17,375.92,Paid,2024-11-16
14732,7136,2025-01-26,197.69,Overdue,2025-02-25
14733,723,2024-11-18,417.7,Due,2024-12-18
14734,4170,2024-06-05,14.43,Due,2024-07-05
14735,8655,2024-09-08,288.79,Overdue,2024-10-08
14736,5620,2024-10-05,215.12,Overdue,2024-11-04
14737,4431,2024-06-07,34.98,Overdue,2024-07-07
14738,8407,2025-04-16,345.82,Paid,2025-05-16
14739,6959,2025-02-21,252.44,Due,2025-03-23
14740,3970,2024-09-25,219.01,Overdue,2024-10-25
14741,3724,2024-05-05,50.38,Due,2024-06-04
14742,7659,2024-12-29,200.32,Overdue,2025-01-28
14743,457,2024-12-16,259.19,Due,2025-01-15
14744,9031,2024-06-02,234.73,Due,2024-07-02
14745,1702,2025-02-15,480.14,Due,2025-03-17
14746,7443,2024-05-11,94.67,Due,2024-06-10
14747,6846,2024-10-13,375.8,Due,2024-11-12
14748,1315,2024-10-03,109.47,Paid,2024-11-02
14749,2210,2024-07-05,258.28,Paid,2024-08-04
14750,1983,2025-04-06,134.37,Paid,2025-05-06
14751,2009,2025-03-01,211.02,Due,2025-03-31
14752,1916,2024-06-27,219.03,Due,2024-07-27
14753,3081,2024-10-05,264.12,Paid,2024-11-04
14754,4426,2024-11-22,486.44,Due,2024-12-22
14755,7529,2025-02-25,322.48,Overdue,2025-03-27
14756,4704,2025-01-02,118.11,Paid,2025-02-01
14757,7091,2025-02-11,462.83,Paid,2025-03-13
14758,5286,2025-01-24,336.41,Paid,2025-02-23
14759,2442,2024-08-09,359.42,Paid,2024-09-08
14760,5007,2024-10-24,222.31,Paid,2024-11-23
14761,7473,2024-07-01,423.46,Due,2024-07-31
14762,3844,2024-12-17,499.25,Paid,2025-01-16
14763,5057,2024-05-28,456.24,Overdue,2024-06-27
14764,3815,2025-04-07,250.9,Paid,2025-05-07
14765,772,2024-10-16,188.54,Overdue,2024-11-15
14766,1604,2024-10-23,170.37,Paid,2024-11-22
14767,4592,2024-09-22,45.76,Paid,2024-10-22
14768,9934,2024-09-21,378.07,Due,2024-10-21
14769,3119,2025-02-08,249.75,Due,2025-03-10
14770,1212,2024-12-21,265.57,Paid,2025-01-20
14771,4694,2024-10-04,274.13,Due,2024-11-03
14772,1033,2025-03-21,39.87,Due,2025-04-20
14773,9233,2024-12-16,61.27,Overdue,2025-01-15
14774,5826,2024-11-16,406.37,Paid,2024-12-16
14775,8408,2024-09-22,121.62,Due,2024-10-22
14776,4579,2025-03-08,50.45,Paid,2025-04-07
14777,2519,2024-10-02,273.39,Paid,2024-11-01
14778,4579,2024-08-27,54.38,Paid,2024-09-26
14779,8871,2025-03-13,84.68,Overdue,2025-04-12
14780,7689,2024-05-03,138.27,Due,2024-06-02
14781,8748,2024-08-11,456.29,Due,2024-09-10
14782,6983,2024-12-11,72.04,Overdue,2025-01-10
14783,7702,2024-09-26,435.69,Overdue,2024-10-26
14784,4149,2024-08-16,284.7,Paid,2024-09-15
14785,6165,2025-01-31,492.82,Overdue,2025-03-02
14786,6296,2025-01-14,201.03,Due,2025-02-13
14787,3336,2024-10-19,117.13,Overdue,2024-11-18
14788,2565,2024-06-12,423.16,Overdue,2024-07-12
14789,9390,2024-10-05,334.65,Paid,2024-11-04
14790,7745,2025-04-08,309.55,Overdue,2025-05-08
14791,9342,2025-04-02,146.93,Due,2025-05-02
14792,7615,2025-04-22,370.04,Due,2025-05-22
14793,5937,2024-06-15,93.49,Paid,2024-07-15
14794,9220,2024-12-22,315.61,Overdue,2025-01-21
14795,9834,2025-01-26,352.98,Due,2025-02-25
14796,9433,2025-03-30,20.18,Paid,2025-04-29
14797,8450,2024-05-09,118.53,Due,2024-06-08
14798,5115,2024-07-01,32.55,Due,2024-07-31
14799,5647,2025-04-16,376.04,Overdue,2025-05-16
14800,7009,2025-04-10,51.79,Due,2025-05-10
14801,7364,2024-07-26,25.04,Due,2024-08-25
14802,7631,2024-06-01,222.27,Paid,2024-07-01
14803,9132,2024-11-18,352.29,Paid,2024-12-18
14804,8323,2024-12-17,176.65,Paid,2025-01-16
14805,9047,2024-10-21,313.19,Paid,2024-11-20
14806,4129,2025-04-03,404.27,Paid,2025-05-03
14807,6007,2024-05-26,239.6,Due,2024-06-25
14808,7528,2024-05-11,301.67,Paid,2024-06-10
14809,115,2024-09-29,308.73,Paid,2024-10-29
14810,8645,2024-07-17,31.97,Overdue,2024-08-16
14811,9459,2024-11-24,473.09,Paid,2024-12-24
14812,4585,2025-01-05,83.85,Paid,2025-02-04
14813,6586,2024-12-09,439.51,Paid,2025-01-08
14814,1661,2024-08-27,130.21,Paid,2024-09-26
14815,7597,2024-10-29,143.61,Due,2024-11-28
14816,2866,2025-03-22,256.66,Overdue,2025-04-21
14817,5901,2024-06-16,237.13,Overdue,2024-07-16
14818,8,2025-02-11,346.85,Overdue,2025-03-13
14819,4140,2024-11-29,319.68,Overdue,2024-12-29
14820,217,2024-06-06,414.72,Paid,2024-07-06
14821,2049,2025-04-09,38.34,Due,2025-05-09
14822,4848,2025-01-22,95.19,Due,2025-02-21
14823,776,2024-10-06,217.82,Paid,2024-11-05
14824,8388,2024-09-06,437.38,Paid,2024-10-06
14825,640,2024-12-23,32.91,Due,2025-01-22
14826,834,2024-06-25,334.54,Paid,2024-07-25
14827,9624,2024-06-23,391.67,Due,2024-07-23
14828,8998,2025-03-28,216.19,Paid,2025-04-27
14829,2736,2024-12-02,422.91,Due,2025-01-01
14830,71,2024-11-30,207.33,Overdue,2024-12-30
14831,1737,2024-08-24,287.13,Paid,2024-09-23
14832,1704,2025-01-20,91.27,Due,2025-02-19
14833,5447,2024-12-13,190.79,Overdue,2025-01-12
14834,5278,2024-08-31,270.22,Due,2024-09-30
14835,5552,2025-03-31,277.22,Overdue,2025-04-30
14836,988,2025-01-05,391.57,Overdue,2025-02-04
14837,5481,2024-07-25,148.78,Due,2024-08-24
14838,5762,2024-08-13,85.77,Due,2024-09-12
14839,9339,2024-10-26,84.64,Paid,2024-11-25
14840,451,2024-08-30,88.72,Paid,2024-09-29
14841,9261,2024-05-16,478.44,Due,2024-06-15
14842,6257,2025-03-21,188.27,Due,2025-04-20
14843,1702,2024-11-26,138.39,Overdue,2024-12-26
14844,840,2025-03-27,493.76,Overdue,2025-04-26
14845,9109,2024-06-21,160.3,Paid,2024-07-21
14846,5214,2024-12-31,65.8,Due,2025-01-30
14847,2292,2024-10-28,484.96,Paid,2024-11-27
14848,3410,2024-08-02,118.53,Due,2024-09-01
14849,7789,2025-02-22,303.72,Due,2025-03-24
14850,2102,2024-10-21,283.55,Overdue,2024-11-20
14851,6627,2024-06-07,111.27,Paid,2024-07-07
14852,5898,2025-03-15,260.45,Due,2025-04-14
14853,4623,2025-02-19,452.91,Due,2025-03-21
14854,9600,2024-06-29,307.09,Paid,2024-07-29
14855,9395,2024-05-25,227.42,Due,2024-06-24
14856,9803,2025-03-04,297.94,Overdue,2025-04-03
14857,7708,2025-04-02,242.64,Due,2025-05-02
14858,3403,2024-09-13,51.69,Overdue,2024-10-13
14859,7631,2024-11-09,140.64,Overdue,2024-12-09
14860,375,2024-07-06,483.1,Paid,2024-08-05
14861,2887,2025-04-25,477.88,Due,2025-05-25
14862,368,2025-01-23,185.02,Overdue,2025-02-22
14863,3572,2025-02-12,423.38,Overdue,2025-03-14
14864,9236,2025-04-29,280.56,Paid,2025-05-29
14865,9298,2025-04-24,191.46,Paid,2025-05-24
14866,10,2025-03-04,497.16,Due,2025-04-03
14867,5028,2024-07-29,152.98,Paid,2024-08-28
14868,3396,2025-04-12,221.02,Overdue,2025-05-12
14869,2145,2025-02-22,35.77,Paid,2025-03-24
14870,6057,2025-01-17,447.7,Overdue,2025-02-16
14871,9853,2024-11-18,174.95,Paid,2024-12-18
14872,2396,2024-08-15,101.01,Overdue,2024-09-14
14873,778,2025-01-30,243.02,Due,2025-03-01
14874,17,2024-12-25,41.96,Paid,2025-01-24
14875,2922,2024-11-03,393.94,Paid,2024-12-03
14876,5606,2025-02-16,380.97,Paid,2025-03-18
14877,8898,2024-08-24,334.89,Due,2024-09-23
14878,8955,2025-02-11,83.43,Due,2025-03-13
14879,393,2024-08-20,187.77,Due,2024-09-19
14880,1430,2025-04-29,480.38,Due,2025-05-29
14881,4577,2024-06-03,13.6,Due,2024-07-03
14882,3972,2024-09-18,150.96,Paid,2024-10-18
14883,8977,2024-05-14,65.35,Overdue,2024-06-13
14884,696,2025-02-20,100.7,Due,2025-03-22
14885,8389,2024-11-10,112.54,Paid,2024-12-10
14886,8862,2024-09-19,489.28,Overdue,2024-10-19
14887,877,2025-03-15,181.03,Overdue,2025-04-14
14888,1082,2024-10-06,413.45,Paid,2024-11-05
14889,8105,2024-12-29,227.4,Due,2025-01-28
14890,2162,2024-05-19,373.92,Paid,2024-06-18
14891,6823,2024-07-08,336.81,Overdue,2024-08-07
14892,9617,2025-04-22,453.14,Overdue,2025-05-22
14893,4751,2024-09-29,245.3,Overdue,2024-10-29
14894,2320,2024-09-04,37.88,Paid,2024-10-04
14895,3532,2025-03-17,163.1,Due,2025-04-16
14896,331,2024-08-11,468.27,Overdue,2024-09-10
14897,6965,2024-09-29,229.52,Paid,2024-10-29
14898,4888,2024-09-22,209.42,Overdue,2024-10-22
14899,5538,2024-11-27,485.11,Due,2024-12-27
14900,637,2025-04-19,328.53,Paid,2025-05-19
14901,8903,2024-10-07,103.72,Paid,2024-11-06
14902,2742,2025-03-26,409.98,Paid,2025-04-25
14903,610,2025-01-29,228.06,Overdue,2025-02-28
14904,7923,2024-08-30,139.55,Overdue,2024-09-29
14905,2828,2024-12-30,183.4,Due,2025-01-29
14906,9039,2024-05-21,396.62,Due,2024-06-20
14907,373,2024-06-13,156.1,Due,2024-07-13
14908,8587,2024-05-08,481.31,Overdue,2024-06-07
14909,3896,2024-10-10,121.25,Paid,2024-11-09
14910,2432,2025-03-02,337.9,Paid,2025-04-01
14911,4627,2024-05-07,337.26,Due,2024-06-06
14912,4501,2024-12-14,412.14,Due,2025-01-13
14913,3366,2024-07-09,495.03,Due,2024-08-08
14914,2982,2024-09-04,150.76,Overdue,2024-10-04
14915,7015,2024-07-17,491.3,Due,2024-08-16
14916,8719,2024-06-07,140.43,Paid,2024-07-07
14917,9243,2025-01-01,65.88,Due,2025-01-31
14918,7708,2024-07-17,18.22,Due,2024-08-16
14919,7330,2024-07-25,285.99,Paid,2024-08-24
14920,1362,2025-04-30,132.54,Overdue,2025-05-30
14921,3353,2024-11-20,255.42,Overdue,2024-12-20
14922,8198,2025-03-25,270.88,Due,2025-04-24
14923,7501,2025-02-19,362.96,Due,2025-03-21
14924,2757,2024-06-20,418.28,Paid,2024-07-20
14925,4166,2024-10-03,485.11,Overdue,2024-11-02
14926,6538,2025-04-15,136.52,Due,2025-05-15
14927,6001,2024-12-19,373.56,Due,2025-01-18
14928,7251,2024-08-22,374.82,Due,2024-09-21
14929,9254,2025-03-16,311.39,Due,2025-04-15
14930,3927,2024-11-25,144.48,Due,2024-12-25
14931,9407,2024-08-30,358.26,Overdue,2024-09-29
14932,2384,2024-10-08,438.85,Due,2024-11-07
14933,7299,2024-12-10,77.06,Due,2025-01-09
14934,125,2025-02-15,201.79,Overdue,2025-03-17
14935,373,2024-11-04,468.37,Overdue,2024-12-04
14936,9366,2024-07-24,112.95,Due,2024-08-23
14937,3461,2025-03-13,15.85,Paid,2025-04-12
14938,7519,2024-11-02,374.25,Overdue,2024-12-02
14939,1493,2024-12-02,105.0,Paid,2025-01-01
14940,1287,2025-03-06,262.64,Due,2025-04-05
14941,2722,2024-10-19,377.41,Paid,2024-11-18
14942,7933,2025-02-27,491.98,Overdue,2025-03-29
14943,1692,2024-12-16,164.47,Due,2025-01-15
14944,7432,2024-08-26,451.88,Due,2024-09-25
14945,9296,2024-05-18,54.65,Paid,2024-06-17
14946,4345,2024-07-16,174.16,Due,2024-08-15
14947,2760,2024-12-08,264.5,Due,2025-01-07
14948,5793,2025-01-01,227.87,Paid,2025-01-31
14949,6319,2024-07-25,303.47,Overdue,2024-08-24
14950,6363,2024-08-05,90.55,Due,2024-09-04
14951,5539,2024-06-07,185.93,Due,2024-07-07
14952,8554,2025-04-29,380.37,Overdue,2025-05-29
14953,2857,2024-10-16,379.5,Paid,2024-11-15
14954,3235,2025-01-09,343.52,Overdue,2025-02-08
14955,6286,2025-04-05,341.71,Due,2025-05-05
14956,1935,2024-05-13,437.05,Overdue,2024-06-12
14957,6899,2025-01-01,148.53,Paid,2025-01-31
14958,8033,2024-10-10,83.74,Overdue,2024-11-09
14959,9805,2024-08-01,176.24,Overdue,2024-08-31
14960,1578,2024-09-09,311.32,Overdue,2024-10-09
14961,2801,2024-10-03,300.03,Overdue,2024-11-02
14962,6109,2024-11-02,324.51,Paid,2024-12-02
14963,8830,2024-09-04,107.86,Paid,2024-10-04
14964,2396,2024-10-28,366.72,Paid,2024-11-27
14965,6612,2024-09-13,221.79,Due,2024-10-13
14966,135,2024-10-15,55.74,Paid,2024-11-14
14967,3194,2024-12-16,288.81,Due,2025-01-15
14968,3353,2024-05-29,307.1,Overdue,2024-06-28
14969,9475,2024-07-15,20.6,Overdue,2024-08-14
14970,2616,2025-03-18,103.43,Paid,2025-04-17
14971,9962,2024-10-20,122.13,Due,2024-11-19
14972,8343,2024-10-23,466.39,Due,2024-11-22
14973,7313,2024-05-16,425.9,Paid,2024-06-15
14974,6447,2024-06-08,362.03,Paid,2024-07-08
14975,429,2024-11-30,472.71,Paid,2024-12-30
14976,2482,2025-01-14,193.99,Due,2025-02-13
14977,7293,2024-07-29,242.5,Due,2024-08-28
14978,975,2024-05-22,400.14,Paid,2024-06-21
14979,9603,2024-07-26,369.2,Due,2024-08-25
14980,6547,2024-07-26,358.59,Overdue,2024-08-25
14981,3977,2024-12-07,78.48,Overdue,2025-01-06
14982,480,2024-08-02,241.18,Paid,2024-09-01
14983,4126,2024-06-11,126.5,Due,2024-07-11
14984,3593,2024-09-19,267.13,Paid,2024-10-19
14985,9113,2024-05-27,85.2,Overdue,2024-06-26
14986,9418,2024-11-25,282.77,Due,2024-12-25
14987,9209,2025-02-24,115.37,Overdue,2025-03-26
14988,5154,2024-06-18,232.57,Paid,2024-07-18
14989,4282,2024-06-06,199.56,Overdue,2024-07-06
14990,4667,2024-09-06,348.72,Overdue,2024-10-06
14991,8908,2025-02-25,270.26,Overdue,2025-03-27
14992,5058,2024-12-11,452.93,Paid,2025-01-10
14993,6315,2024-11-18,181.54,Paid,2024-12-18
14994,4628,2024-07-06,65.59,Paid,2024-08-05
14995,3463,2025-03-09,283.39,Paid,2025-04-08
14996,7967,2024-05-21,285.45,Overdue,2024-06-20
14997,6710,2024-06-10,475.63,Overdue,2024-07-10
14998,6741,2025-02-05,31.53,Due,2025-03-07
14999,600,2024-10-28,386.65,Overdue,2024-11-27
15000,429,2024-09-09,184.08,Due,2024-10-09
15001,2261,2025-03-15,307.67,Overdue,2025-04-14
15002,2647,2025-04-01,237.78,Due,2025-05-01
15003,5003,2024-09-07,104.46,Overdue,2024-10-07
15004,1734,2024-12-26,410.5,Paid,2025-01-25
15005,7234,2024-09-10,187.52,Overdue,2024-10-10
15006,7191,2024-06-11,484.82,Overdue,2024-07-11
15007,5907,2024-09-10,480.56,Due,2024-10-10
15008,7191,2025-03-22,376.43,Paid,2025-04-21
15009,6894,2025-02-12,294.96,Due,2025-03-14
15010,3269,2024-05-26,18.87,Paid,2024-06-25
15011,8263,2024-11-25,407.61,Due,2024-12-25
15012,7109,2025-04-11,346.06,Overdue,2025-05-11
15013,3612,2024-08-25,350.86,Due,2024-09-24
15014,7479,2025-01-16,238.34,Overdue,2025-02-15
15015,1756,2024-08-27,298.6,Overdue,2024-09-26
15016,6728,2025-01-26,34.15,Overdue,2025-02-25
15017,3552,2024-07-19,118.35,Paid,2024-08-18
15018,9297,2024-10-06,323.55,Due,2024-11-05
15019,8023,2024-05-17,271.32,Paid,2024-06-16
15020,2048,2025-01-14,153.97,Overdue,2025-02-13
15021,6984,2025-03-07,292.74,Due,2025-04-06
15022,71,2024-12-20,445.43,Overdue,2025-01-19
15023,666,2024-10-10,496.87,Overdue,2024-11-09
15024,5477,2025-01-15,334.17,Overdue,2025-02-14
15025,3309,2024-12-12,188.1,Paid,2025-01-11
15026,2114,2025-01-10,208.33,Paid,2025-02-09
15027,9013,2025-02-23,200.61,Paid,2025-03-25
15028,2584,2024-10-11,171.55,Paid,2024-11-10
15029,421,2025-04-29,494.75,Due,2025-05-29
15030,6687,2025-03-11,223.39,Paid,2025-04-10
15031,5614,2024-11-27,427.74,Overdue,2024-12-27
15032,6792,2025-01-05,390.97,Overdue,2025-02-04
15033,5734,2024-05-08,50.13,Paid,2024-06-07
15034,421,2025-04-17,449.04,Overdue,2025-05-17
15035,2555,2024-05-26,270.81,Paid,2024-06-25
15036,329,2024-10-10,349.47,Paid,2024-11-09
15037,2320,2024-10-22,377.76,Paid,2024-11-21
15038,7922,2024-06-03,237.01,Due,2024-07-03
15039,2668,2025-01-24,161.21,Overdue,2025-02-23
15040,8713,2024-06-09,270.9,Due,2024-07-09
15041,2090,2025-01-22,103.65,Due,2025-02-21
15042,5205,2025-02-08,150.5,Due,2025-03-10
15043,954,2024-07-15,91.88,Due,2024-08-14
15044,859,2024-07-11,495.33,Overdue,2024-08-10
15045,5946,2024-10-28,307.52,Due,2024-11-27
15046,7948,2024-07-16,177.68,Paid,2024-08-15
15047,9157,2024-12-31,441.86,Due,2025-01-30
15048,8370,2025-03-27,20.08,Overdue,2025-04-26
15049,2870,2024-05-04,447.31,Paid,2024-06-03
15050,6408,2025-04-21,43.72,Due,2025-05-21
15051,6213,2024-11-30,297.73,Due,2024-12-30
15052,4048,2024-12-22,20.99,Due,2025-01-21
15053,4417,2025-02-02,13.42,Due,2025-03-04
15054,3621,2024-07-11,230.86,Overdue,2024-08-10
15055,3129,2024-12-19,140.99,Overdue,2025-01-18
15056,4599,2024-07-20,17.91,Due,2024-08-19
15057,3378,2025-02-27,159.92,Overdue,2025-03-29
15058,1613,2024-08-17,261.72,Overdue,2024-09-16
15059,9197,2024-07-17,185.71,Paid,2024-08-16
15060,3524,2024-07-15,385.13,Overdue,2024-08-14
15061,3888,2025-01-02,300.0,Overdue,2025-02-01
15062,279,2024-09-01,484.21,Due,2024-10-01
15063,3119,2025-01-07,320.52,Overdue,2025-02-06
15064,6099,2024-06-20,446.72,Overdue,2024-07-20
15065,6457,2025-04-15,189.95,Overdue,2025-05-15
15066,8417,2024-09-20,395.72,Due,2024-10-20
15067,9848,2024-08-31,54.52,Due,2024-09-30
15068,5006,2024-12-12,11.16,Overdue,2025-01-11
15069,5638,2024-06-07,314.96,Overdue,2024-07-07
15070,1520,2024-10-02,195.66,Paid,2024-11-01
15071,1705,2024-05-22,341.28,Paid,2024-06-21
15072,6050,2024-08-27,146.06,Paid,2024-09-26
15073,1653,2025-03-08,145.09,Paid,2025-04-07
15074,9049,2025-01-20,484.38,Paid,2025-02-19
15075,8363,2024-05-31,358.31,Overdue,2024-06-30
15076,7935,2024-11-23,368.39,Due,2024-12-23
15077,1230,2024-11-27,448.62,Overdue,2024-12-27
15078,4149,2024-12-12,340.02,Due,2025-01-11
15079,9178,2024-05-17,320.48,Due,2024-06-16
15080,7397,2024-05-02,434.53,Paid,2024-06-01
15081,4985,2024-06-18,123.65,Due,2024-07-18
15082,2816,2025-04-20,68.87,Overdue,2025-05-20
15083,1691,2024-10-04,287.91,Due,2024-11-03
15084,2248,2025-03-09,395.89,Due,2025-04-08
15085,9703,2024-05-27,421.9,Paid,2024-06-26
15086,8044,2025-03-23,198.98,Due,2025-04-22
15087,8794,2025-04-08,305.96,Due,2025-05-08
15088,9441,2024-09-09,232.65,Due,2024-10-09
15089,5250,2024-08-18,444.37,Paid,2024-09-17
15090,9626,2024-06-30,119.8,Due,2024-07-30
15091,2264,2024-06-13,74.26,Due,2024-07-13
15092,3805,2024-07-20,157.96,Due,2024-08-19
15093,3988,2025-01-08,44.49,Due,2025-02-07
15094,2685,2024-11-29,70.53,Due,2024-12-29
15095,1389,2024-10-05,381.13,Overdue,2024-11-04
15096,4657,2024-05-20,402.78,Due,2024-06-19
15097,7007,2024-07-18,452.4,Due,2024-08-17
15098,4315,2025-02-13,467.54,Paid,2025-03-15
15099,7738,2024-07-18,148.1,Paid,2024-08-17
15100,2513,2024-10-20,222.2,Overdue,2024-11-19
15101,6088,2024-05-28,395.63,Paid,2024-06-27
15102,7719,2024-10-09,376.27,Paid,2024-11-08
15103,8971,2024-09-14,67.45,Overdue,2024-10-14
15104,3979,2025-04-08,437.97,Overdue,2025-05-08
15105,1277,2024-05-07,71.63,Paid,2024-06-06
15106,4035,2024-09-25,303.93,Due,2024-10-25
15107,2284,2024-10-07,136.56,Paid,2024-11-06
15108,7938,2024-12-09,438.65,Paid,2025-01-08
15109,1868,2025-02-14,495.1,Overdue,2025-03-16
15110,3441,2024-12-03,362.62,Due,2025-01-02
15111,4614,2025-04-05,456.0,Overdue,2025-05-05
15112,3273,2025-02-27,331.62,Due,2025-03-29
15113,3408,2024-08-09,70.68,Paid,2024-09-08
15114,5177,2024-12-09,203.57,Overdue,2025-01-08
15115,7238,2024-07-14,401.31,Overdue,2024-08-13
15116,9687,2024-06-09,307.72,Paid,2024-07-09
15117,9984,2024-11-29,111.31,Overdue,2024-12-29
15118,4618,2025-01-30,208.75,Paid,2025-03-01
15119,9607,2025-03-01,260.55,Due,2025-03-31
15120,1464,2024-11-24,202.65,Overdue,2024-12-24
15121,6274,2024-12-10,136.18,Overdue,2025-01-09
15122,3485,2024-09-05,87.85,Paid,2024-10-05
15123,1633,2025-01-15,495.96,Overdue,2025-02-14
15124,7611,2024-05-07,77.13,Paid,2024-06-06
15125,9830,2024-09-21,146.32,Paid,2024-10-21
15126,5797,2024-09-22,94.41,Overdue,2024-10-22
15127,3816,2024-12-04,142.31,Overdue,2025-01-03
15128,2264,2024-06-19,110.68,Overdue,2024-07-19
15129,3189,2024-07-03,279.32,Overdue,2024-08-02
15130,1505,2024-07-31,49.23,Paid,2024-08-30
15131,7398,2025-04-16,339.7,Due,2025-05-16
15132,6809,2024-08-09,161.44,Paid,2024-09-08
15133,2450,2024-05-07,247.14,Due,2024-06-06
15134,195,2024-11-26,325.52,Overdue,2024-12-26
15135,5051,2024-09-19,17.06,Paid,2024-10-19
15136,3376,2024-10-15,378.95,Due,2024-11-14
15137,4289,2025-03-06,28.69,Due,2025-04-05
15138,969,2025-04-02,337.99,Paid,2025-05-02
15139,5474,2024-09-25,77.89,Due,2024-10-25
15140,2276,2025-01-29,273.56,Paid,2025-02-28
15141,3031,2024-09-26,310.13,Overdue,2024-10-26
15142,3408,2024-07-14,37.58,Paid,2024-08-13
15143,9224,2024-08-11,393.55,Paid,2024-09-10
15144,8815,2024-05-08,24.25,Overdue,2024-06-07
15145,6065,2024-05-03,289.75,Due,2024-06-02
15146,3527,2024-12-23,366.25,Due,2025-01-22
15147,848,2024-12-18,313.04,Paid,2025-01-17
15148,6109,2024-12-05,331.94,Overdue,2025-01-04
15149,8555,2025-04-21,222.4,Due,2025-05-21
15150,3344,2025-03-04,154.56,Paid,2025-04-03
15151,3745,2025-04-10,92.63,Due,2025-05-10
15152,5619,2025-03-17,405.53,Due,2025-04-16
15153,6504,2025-01-26,59.85,Due,2025-02-25
15154,8952,2024-08-13,185.02,Overdue,2024-09-12
15155,9739,2025-01-22,340.97,Overdue,2025-02-21
15156,805,2024-06-22,270.42,Overdue,2024-07-22
15157,35,2024-07-09,469.46,Overdue,2024-08-08
15158,3233,2024-10-02,56.39,Paid,2024-11-01
15159,9223,2024-05-20,451.76,Overdue,2024-06-19
15160,234,2024-07-04,269.49,Paid,2024-08-03
15161,8499,2024-11-08,208.37,Due,2024-12-08
15162,6920,2024-08-26,237.74,Paid,2024-09-25
15163,4224,2025-02-17,193.8,Overdue,2025-03-19
15164,958,2024-11-08,164.14,Paid,2024-12-08
15165,4194,2025-02-06,321.69,Due,2025-03-08
15166,4925,2024-09-11,324.5,Due,2024-10-11
15167,8994,2025-04-29,355.03,Overdue,2025-05-29
15168,5013,2025-04-10,462.96,Overdue,2025-05-10
15169,4814,2024-10-08,395.08,Due,2024-11-07
15170,9114,2024-12-13,79.57,Overdue,2025-01-12
15171,3449,2024-07-18,86.78,Due,2024-08-17
15172,3207,2025-03-23,302.1,Overdue,2025-04-22
15173,1882,2025-02-20,184.23,Due,2025-03-22
15174,1932,2024-11-15,452.64,Paid,2024-12-15
15175,5951,2024-10-22,439.4,Paid,2024-11-21
15176,3234,2025-03-02,135.75,Overdue,2025-04-01
15177,1280,2024-05-23,186.34,Overdue,2024-06-22
15178,7592,2024-08-04,239.24,Paid,2024-09-03
15179,8822,2024-07-11,306.93,Overdue,2024-08-10
15180,8374,2024-07-30,460.97,Overdue,2024-08-29
15181,8610,2024-08-27,85.51,Overdue,2024-09-26
15182,6093,2024-12-11,165.39,Overdue,2025-01-10
15183,8633,2025-04-23,118.22,Due,2025-05-23
15184,1531,2024-05-22,371.29,Overdue,2024-06-21
15185,2793,2024-10-11,412.55,Due,2024-11-10
15186,9628,2024-11-05,488.31,Due,2024-12-05
15187,1461,2024-08-08,87.25,Due,2024-09-07
15188,4884,2024-05-25,425.08,Paid,2024-06-24
15189,1719,2024-09-22,461.81,Overdue,2024-10-22
15190,4224,2024-08-15,134.97,Due,2024-09-14
15191,6889,2024-06-27,489.26,Overdue,2024-07-27
15192,4633,2024-08-30,263.09,Due,2024-09-29
15193,333,2024-06-29,159.24,Overdue,2024-07-29
15194,2868,2025-02-24,310.39,Due,2025-03-26
15195,7845,2024-06-02,143.73,Due,2024-07-02
15196,3214,2024-09-08,256.72,Due,2024-10-08
15197,7504,2025-03-15,423.9,Paid,2025-04-14
15198,1778,2025-03-21,45.46,Paid,2025-04-20
15199,8925,2024-05-19,259.94,Due,2024-06-18
15200,2099,2024-11-02,325.63,Paid,2024-12-02
15201,5157,2024-05-24,73.05,Paid,2024-06-23
15202,4982,2024-09-02,266.87,Paid,2024-10-02
15203,5799,2024-05-03,52.76,Due,2024-06-02
15204,961,2024-08-22,464.59,Overdue,2024-09-21
15205,7845,2025-02-24,60.16,Due,2025-03-26
15206,8140,2024-08-17,250.35,Paid,2024-09-16
15207,2898,2025-02-28,391.74,Due,2025-03-30
15208,8216,2025-01-15,233.27,Due,2025-02-14
15209,5280,2024-12-07,238.88,Paid,2025-01-06
15210,811,2024-10-15,294.98,Due,2024-11-14
15211,1535,2024-07-29,126.03,Due,2024-08-28
15212,8866,2024-11-16,468.53,Due,2024-12-16
15213,8350,2025-04-22,192.48,Overdue,2025-05-22
15214,234,2024-05-01,405.1,Due,2024-05-31
15215,3833,2024-05-07,185.4,Due,2024-06-06
15216,7190,2025-03-26,227.66,Due,2025-04-25
15217,1320,2025-01-11,222.27,Paid,2025-02-10
15218,8691,2025-04-05,216.34,Overdue,2025-05-05
15219,6163,2024-11-21,36.37,Paid,2024-12-21
15220,3488,2025-02-02,279.39,Due,2025-03-04
15221,8898,2024-07-06,233.4,Due,2024-08-05
15222,5087,2024-09-30,201.86,Paid,2024-10-30
15223,7456,2024-06-10,378.51,Due,2024-07-10
15224,8991,2024-11-16,368.74,Overdue,2024-12-16
15225,7559,2025-04-19,347.94,Paid,2025-05-19
15226,4258,2024-06-30,122.9,Overdue,2024-07-30
15227,4704,2024-07-09,376.93,Overdue,2024-08-08
15228,7179,2024-12-26,130.28,Due,2025-01-25
15229,8613,2024-05-24,106.62,Overdue,2024-06-23
15230,8116,2025-02-08,40.96,Overdue,2025-03-10
15231,5346,2024-07-31,369.97,Paid,2024-08-30
15232,9085,2025-01-16,472.08,Due,2025-02-15
15233,8906,2024-09-29,266.1,Paid,2024-10-29
15234,3896,2024-05-03,192.7,Due,2024-06-02
15235,8950,2025-04-11,240.39,Paid,2025-05-11
15236,9103,2025-04-25,223.51,Paid,2025-05-25
15237,479,2024-11-28,190.42,Paid,2024-12-28
15238,3646,2024-09-26,277.41,Paid,2024-10-26
15239,210,2024-12-12,265.04,Due,2025-01-11
15240,8729,2024-09-14,497.56,Overdue,2024-10-14
15241,1656,2024-12-20,264.64,Due,2025-01-19
15242,1357,2025-04-04,219.95,Overdue,2025-05-04
15243,2028,2024-06-16,132.08,Due,2024-07-16
15244,6321,2025-04-25,147.73,Due,2025-05-25
15245,6822,2024-08-25,497.94,Overdue,2024-09-24
15246,8223,2024-12-11,262.59,Paid,2025-01-10
15247,2319,2025-03-26,127.58,Paid,2025-04-25
15248,2029,2025-03-22,491.12,Overdue,2025-04-21
15249,1559,2024-07-21,162.4,Due,2024-08-20
15250,6046,2024-08-03,260.96,Due,2024-09-02
15251,7136,2025-03-16,184.76,Paid,2025-04-15
15252,1423,2025-02-24,13.39,Paid,2025-03-26
15253,4117,2024-09-29,82.5,Overdue,2024-10-29
15254,6280,2024-05-18,282.08,Due,2024-06-17
15255,5630,2024-08-02,393.9,Overdue,2024-09-01
15256,8424,2024-10-13,98.9,Overdue,2024-11-12
15257,1291,2025-03-08,344.4,Overdue,2025-04-07
15258,2914,2025-02-18,381.53,Due,2025-03-20
15259,1673,2024-08-12,201.49,Due,2024-09-11
15260,1689,2024-10-16,259.07,Due,2024-11-15
15261,5952,2025-01-16,236.8,Paid,2025-02-15
15262,6701,2025-04-26,263.91,Paid,2025-05-26
15263,8163,2024-09-25,249.42,Due,2024-10-25
15264,3222,2025-02-22,407.3,Overdue,2025-03-24
15265,7644,2025-01-22,90.68,Due,2025-02-21
15266,5902,2024-11-07,13.45,Overdue,2024-12-07
15267,5659,2024-07-05,125.95,Paid,2024-08-04
15268,5719,2024-07-10,291.74,Due,2024-08-09
15269,2229,2025-04-04,187.37,Overdue,2025-05-04
15270,4019,2024-12-19,157.48,Paid,2025-01-18
15271,5517,2025-01-13,353.79,Overdue,2025-02-12
15272,7128,2024-08-27,164.43,Due,2024-09-26
15273,445,2024-10-20,210.54,Paid,2024-11-19
15274,351,2025-03-29,70.4,Due,2025-04-28
15275,2067,2025-02-08,261.46,Paid,2025-03-10
15276,6380,2024-10-08,151.78,Paid,2024-11-07
15277,305,2024-06-16,150.2,Overdue,2024-07-16
15278,628,2025-04-03,476.33,Paid,2025-05-03
15279,9293,2025-01-03,41.1,Paid,2025-02-02
15280,214,2025-02-18,487.54,Overdue,2025-03-20
15281,2039,2024-10-30,65.75,Due,2024-11-29
15282,4727,2024-10-01,103.09,Overdue,2024-10-31
15283,6728,2025-02-03,180.26,Paid,2025-03-05
15284,9127,2024-12-12,388.67,Paid,2025-01-11
15285,3140,2024-11-07,146.71,Overdue,2024-12-07
15286,9967,2024-07-10,134.51,Overdue,2024-08-09
15287,7131,2024-05-31,164.46,Paid,2024-06-30
15288,3785,2025-03-03,138.15,Paid,2025-04-02
15289,1180,2024-06-24,174.74,Paid,2024-07-24
15290,3584,2024-10-11,200.66,Due,2024-11-10
15291,6086,2025-01-03,412.68,Due,2025-02-02
15292,3080,2025-01-04,34.53,Paid,2025-02-03
15293,9595,2025-01-19,298.72,Due,2025-02-18
15294,6574,2024-10-08,164.6,Due,2024-11-07
15295,8907,2024-11-16,327.07,Overdue,2024-12-16
15296,6136,2024-07-13,184.64,Overdue,2024-08-12
15297,2749,2024-10-01,20.31,Due,2024-10-31
15298,129,2024-10-31,465.89,Due,2024-11-30
15299,8161,2025-01-29,265.35,Due,2025-02-28
15300,8200,2024-05-23,14.12,Paid,2024-06-22
15301,8985,2024-07-16,40.98,Paid,2024-08-15
15302,7241,2024-05-12,109.98,Paid,2024-06-11
15303,1440,2024-05-03,390.04,Overdue,2024-06-02
15304,5260,2025-01-11,259.27,Paid,2025-02-10
15305,9050,2024-05-27,161.91,Overdue,2024-06-26
15306,3360,2024-10-13,384.13,Due,2024-11-12
15307,4277,2025-03-09,246.88,Paid,2025-04-08
15308,7371,2024-09-07,88.46,Due,2024-10-07
15309,4156,2025-04-08,247.92,Due,2025-05-08
15310,6066,2025-04-08,418.95,Paid,2025-05-08
15311,2786,2024-05-09,33.48,Paid,2024-06-08
15312,1556,2024-07-18,134.12,Paid,2024-08-17
15313,3372,2025-01-11,127.8,Paid,2025-02-10
15314,7404,2024-10-02,11.08,Due,2024-11-01
15315,5976,2024-08-26,29.93,Paid,2024-09-25
15316,9088,2024-10-27,398.12,Overdue,2024-11-26
15317,9834,2024-10-16,83.42,Paid,2024-11-15
15318,3538,2024-12-09,461.3,Paid,2025-01-08
15319,9233,2024-08-14,458.01,Overdue,2024-09-13
15320,8027,2025-03-16,481.49,Paid,2025-04-15
15321,5631,2024-09-05,110.62,Paid,2024-10-05
15322,2968,2025-02-15,492.18,Due,2025-03-17
15323,3832,2024-12-05,45.31,Overdue,2025-01-04
15324,6849,2024-10-26,367.17,Due,2024-11-25
15325,5558,2025-02-19,136.5,Paid,2025-03-21
15326,6857,2024-11-01,107.88,Overdue,2024-12-01
15327,6684,2024-09-30,71.6,Due,2024-10-30
15328,9902,2025-01-18,267.92,Paid,2025-02-17
15329,996,2024-09-09,476.7,Due,2024-10-09
15330,9463,2025-04-15,291.24,Overdue,2025-05-15
15331,7126,2024-12-29,274.07,Overdue,2025-01-28
15332,3856,2024-07-19,121.48,Overdue,2024-08-18
15333,9559,2024-05-28,157.39,Paid,2024-06-27
15334,1491,2024-09-29,368.33,Overdue,2024-10-29
15335,3929,2025-01-15,126.57,Due,2025-02-14
15336,7623,2025-04-09,247.72,Paid,2025-05-09
15337,132,2024-06-16,62.58,Overdue,2024-07-16
15338,8101,2024-08-08,492.68,Due,2024-09-07
15339,3854,2024-08-17,296.53,Overdue,2024-09-16
15340,2720,2025-03-16,448.73,Due,2025-04-15
15341,7252,2024-12-19,465.78,Due,2025-01-18
15342,5872,2025-03-19,237.31,Paid,2025-04-18
15343,3261,2024-12-25,494.16,Overdue,2025-01-24
15344,1874,2025-01-31,398.07,Overdue,2025-03-02
15345,997,2024-09-30,186.58,Paid,2024-10-30
15346,1926,2024-11-07,204.09,Overdue,2024-12-07
15347,652,2025-01-28,119.14,Due,2025-02-27
15348,5962,2024-06-17,220.42,Overdue,2024-07-17
15349,3797,2024-08-23,408.34,Paid,2024-09-22
15350,4714,2024-07-23,490.68,Overdue,2024-08-22
15351,5087,2024-11-23,399.33,Due,2024-12-23
15352,4230,2025-02-07,436.1,Overdue,2025-03-09
15353,4049,2025-01-29,281.35,Due,2025-02-28
15354,6757,2024-12-29,366.48,Overdue,2025-01-28
15355,1259,2025-01-21,495.54,Due,2025-02-20
15356,2579,2025-01-04,141.49,Overdue,2025-02-03
15357,9740,2024-10-25,167.69,Due,2024-11-24
15358,6435,2025-04-21,64.1,Paid,2025-05-21
15359,9745,2024-11-12,190.52,Due,2024-12-12
15360,7979,2025-04-05,277.71,Due,2025-05-05
15361,7996,2024-06-11,171.38,Paid,2024-07-11
15362,164,2025-03-21,424.97,Due,2025-04-20
15363,8630,2024-12-31,321.51,Due,2025-01-30
15364,6990,2024-05-11,330.98,Paid,2024-06-10
15365,6317,2024-09-29,44.79,Due,2024-10-29
15366,8884,2025-02-07,296.85,Due,2025-03-09
15367,7066,2024-11-08,157.98,Due,2024-12-08
15368,9937,2025-04-26,227.91,Paid,2025-05-26
15369,7306,2025-04-23,72.97,Overdue,2025-05-23
15370,9319,2024-05-01,499.02,Overdue,2024-05-31
15371,1732,2024-07-22,181.91,Due,2024-08-21
15372,3112,2024-12-26,455.57,Paid,2025-01-25
15373,4553,2024-05-22,178.01,Overdue,2024-06-21
15374,5188,2024-05-31,453.67,Paid,2024-06-30
15375,9492,2024-08-13,155.95,Paid,2024-09-12
15376,4106,2024-12-11,90.82,Paid,2025-01-10
15377,426,2025-01-27,447.15,Due,2025-02-26
15378,5211,2024-11-26,17.03,Due,2024-12-26
15379,4018,2024-07-26,76.6,Due,2024-08-25
15380,3132,2024-11-09,356.65,Paid,2024-12-09
15381,6990,2025-01-10,152.19,Due,2025-02-09
15382,4568,2025-02-02,125.06,Paid,2025-03-04
15383,7884,2025-01-23,413.99,Due,2025-02-22
15384,3175,2024-05-01,150.95,Overdue,2024-05-31
15385,309,2024-07-22,490.65,Overdue,2024-08-21
15386,3532,2024-06-14,446.41,Overdue,2024-07-14
15387,2914,2024-07-25,39.42,Paid,2024-08-24
15388,8737,2024-11-02,246.54,Paid,2024-12-02
15389,9877,2025-01-08,482.82,Due,2025-02-07
15390,6034,2025-02-23,54.72,Overdue,2025-03-25
15391,5397,2025-01-30,495.52,Due,2025-03-01
15392,8787,2025-03-14,85.81,Overdue,2025-04-13
15393,1864,2024-06-08,69.67,Due,2024-07-08
15394,989,2025-02-21,221.15,Due,2025-03-23
15395,3584,2025-04-04,414.3,Paid,2025-05-04
15396,6034,2024-08-10,91.86,Overdue,2024-09-09
15397,3524,2024-09-12,314.35,Due,2024-10-12
15398,571,2025-03-03,440.14,Paid,2025-04-02
15399,3245,2024-07-03,195.26,Due,2024-08-02
15400,1090,2024-05-21,413.17,Paid,2024-06-20
15401,616,2025-04-16,426.69,Overdue,2025-05-16
15402,9654,2024-05-26,452.28,Overdue,2024-06-25
15403,8359,2024-08-14,69.5,Overdue,2024-09-13
15404,3907,2024-06-17,385.79,Overdue,2024-07-17
15405,4010,2025-01-01,281.0,Overdue,2025-01-31
15406,189,2025-04-29,198.92,Due,2025-05-29
15407,5902,2024-09-30,168.17,Due,2024-10-30
15408,1222,2025-03-20,302.77,Paid,2025-04-19
15409,2431,2025-01-20,110.3,Overdue,2025-02-19
15410,7095,2024-06-20,342.6,Overdue,2024-07-20
15411,4433,2024-12-19,282.06,Overdue,2025-01-18
15412,8981,2025-02-21,431.76,Overdue,2025-03-23
15413,1972,2024-07-18,490.93,Overdue,2024-08-17
15414,9823,2024-06-13,428.03,Due,2024-07-13
15415,9930,2024-08-13,83.81,Due,2024-09-12
15416,8961,2024-06-15,300.82,Overdue,2024-07-15
15417,4994,2024-10-25,363.77,Due,2024-11-24
15418,8192,2024-05-06,89.33,Due,2024-06-05
15419,2509,2025-02-18,154.31,Overdue,2025-03-20
15420,1893,2024-05-28,81.0,Overdue,2024-06-27
15421,6730,2024-12-07,279.63,Overdue,2025-01-06
15422,8405,2024-12-16,31.81,Due,2025-01-15
15423,6512,2025-01-30,145.79,Paid,2025-03-01
15424,8766,2024-07-30,52.74,Paid,2024-08-29
15425,3291,2025-01-06,72.68,Due,2025-02-05
15426,7144,2025-01-13,116.85,Paid,2025-02-12
15427,1828,2024-06-23,303.58,Due,2024-07-23
15428,9545,2025-02-20,370.88,Overdue,2025-03-22
15429,6052,2024-06-15,160.29,Overdue,2024-07-15
15430,3312,2025-01-30,444.18,Paid,2025-03-01
15431,7850,2024-06-20,171.54,Overdue,2024-07-20
15432,2196,2024-08-17,489.66,Due,2024-09-16
15433,9384,2025-02-19,450.01,Paid,2025-03-21
15434,1135,2024-09-05,471.17,Paid,2024-10-05
15435,4061,2025-04-12,224.02,Paid,2025-05-12
15436,6140,2024-07-20,381.38,Due,2024-08-19
15437,413,2024-06-22,292.56,Paid,2024-07-22
15438,362,2024-05-09,81.01,Due,2024-06-08
15439,3134,2025-01-16,269.72,Overdue,2025-02-15
15440,4182,2024-07-16,197.99,Due,2024-08-15
15441,6911,2024-06-20,101.57,Paid,2024-07-20
15442,2308,2025-01-11,77.04,Overdue,2025-02-10
15443,6438,2024-09-11,455.91,Due,2024-10-11
15444,6740,2024-09-10,396.21,Due,2024-10-10
15445,2473,2024-10-12,368.59,Overdue,2024-11-11
15446,1989,2024-12-01,479.04,Due,2024-12-31
15447,1437,2025-03-29,408.93,Overdue,2025-04-28
15448,8035,2025-03-13,426.74,Paid,2025-04-12
15449,6154,2025-01-06,94.24,Overdue,2025-02-05
15450,8965,2024-08-01,117.71,Due,2024-08-31
15451,2607,2024-12-28,215.06,Due,2025-01-27
15452,331,2024-09-04,112.24,Due,2024-10-04
15453,3358,2024-07-04,452.45,Due,2024-08-03
15454,7486,2025-01-10,345.05,Due,2025-02-09
15455,4445,2024-06-27,189.17,Paid,2024-07-27
15456,3123,2024-06-12,288.19,Due,2024-07-12
15457,1060,2025-04-01,75.39,Due,2025-05-01
15458,8626,2024-06-29,380.48,Due,2024-07-29
15459,2806,2025-04-19,318.51,Paid,2025-05-19
15460,2137,2024-12-25,379.29,Due,2025-01-24
15461,8361,2024-05-03,496.02,Due,2024-06-02
15462,428,2025-01-14,172.95,Due,2025-02-13
15463,7632,2024-08-08,53.77,Paid,2024-09-07
15464,4256,2024-05-03,321.33,Due,2024-06-02
15465,4980,2024-07-13,397.46,Overdue,2024-08-12
15466,6699,2024-06-11,293.54,Overdue,2024-07-11
15467,3612,2024-11-29,306.14,Paid,2024-12-29
15468,5808,2024-12-25,322.35,Due,2025-01-24
15469,8360,2025-01-15,430.12,Paid,2025-02-14
15470,4120,2024-10-13,409.38,Paid,2024-11-12
15471,5728,2024-05-12,100.57,Paid,2024-06-11
15472,4552,2024-05-22,440.58,Paid,2024-06-21
15473,2998,2025-03-18,273.79,Due,2025-04-17
15474,4931,2024-05-03,438.19,Overdue,2024-06-02
15475,8493,2024-10-17,373.41,Due,2024-11-16
15476,6929,2025-01-18,201.11,Paid,2025-02-17
15477,854,2025-01-09,186.15,Overdue,2025-02-08
15478,6895,2024-05-24,91.4,Paid,2024-06-23
15479,3646,2025-03-26,204.15,Paid,2025-04-25
15480,3306,2024-11-09,231.39,Paid,2024-12-09
15481,5623,2024-10-15,485.44,Due,2024-11-14
15482,2582,2024-07-22,256.12,Paid,2024-08-21
15483,7751,2024-11-12,250.19,Due,2024-12-12
15484,4713,2024-07-01,288.89,Paid,2024-07-31
15485,3199,2025-02-25,305.74,Overdue,2025-03-27
15486,8400,2024-05-16,82.43,Paid,2024-06-15
15487,766,2024-05-16,338.41,Due,2024-06-15
15488,5431,2025-03-23,477.23,Paid,2025-04-22
15489,5379,2025-04-17,458.74,Overdue,2025-05-17
15490,6652,2024-05-21,378.88,Paid,2024-06-20
15491,7936,2025-01-07,116.14,Overdue,2025-02-06
15492,546,2025-01-30,12.04,Due,2025-03-01
15493,2233,2025-03-25,172.64,Overdue,2025-04-24
15494,378,2024-10-10,260.65,Paid,2024-11-09
15495,9567,2024-09-28,273.82,Due,2024-10-28
15496,5194,2024-07-04,78.11,Due,2024-08-03
15497,633,2024-10-28,265.26,Paid,2024-11-27
15498,7562,2024-05-15,277.64,Due,2024-06-14
15499,4878,2025-02-07,143.02,Overdue,2025-03-09
15500,4831,2025-03-06,374.05,Paid,2025-04-05
15501,3196,2025-03-16,303.68,Paid,2025-04-15
15502,5553,2025-02-16,112.6,Overdue,2025-03-18
15503,9900,2024-12-11,133.55,Overdue,2025-01-10
15504,3681,2024-11-13,220.02,Due,2024-12-13
15505,6048,2024-06-23,282.81,Due,2024-07-23
15506,4507,2024-09-19,172.97,Paid,2024-10-19
15507,5987,2025-01-12,126.32,Due,2025-02-11
15508,4769,2024-09-30,170.06,Due,2024-10-30
15509,4976,2024-11-17,243.72,Paid,2024-12-17
15510,8607,2024-05-03,372.63,Overdue,2024-06-02
15511,7538,2024-12-13,42.5,Overdue,2025-01-12
15512,8971,2025-02-13,286.01,Overdue,2025-03-15
15513,5193,2024-10-17,386.21,Paid,2024-11-16
15514,559,2024-09-16,56.42,Overdue,2024-10-16
15515,5303,2025-03-03,301.99,Due,2025-04-02
15516,6961,2025-02-06,398.27,Paid,2025-03-08
15517,8545,2024-11-22,387.02,Overdue,2024-12-22
15518,9879,2025-04-27,52.46,Due,2025-05-27
15519,1659,2024-10-17,257.74,Due,2024-11-16
15520,8252,2024-09-01,467.18,Overdue,2024-10-01
15521,1169,2024-06-12,246.95,Due,2024-07-12
15522,9978,2024-05-10,30.55,Overdue,2024-06-09
15523,9594,2024-12-01,282.09,Due,2024-12-31
15524,3959,2025-04-26,378.96,Due,2025-05-26
15525,5044,2025-02-16,368.89,Paid,2025-03-18
15526,5088,2024-12-23,169.96,Due,2025-01-22
15527,9648,2024-10-01,113.15,Overdue,2024-10-31
15528,4790,2024-10-16,283.73,Overdue,2024-11-15
15529,9255,2025-03-02,352.23,Overdue,2025-04-01
15530,7185,2025-02-19,495.94,Overdue,2025-03-21
15531,3771,2025-04-06,444.26,Due,2025-05-06
15532,1473,2025-01-18,383.13,Due,2025-02-17
15533,5952,2024-07-18,342.79,Due,2024-08-17
15534,5765,2025-04-10,135.86,Due,2025-05-10
15535,9894,2025-04-25,23.59,Due,2025-05-25
15536,4336,2025-03-18,33.64,Due,2025-04-17
15537,9839,2024-12-12,290.0,Due,2025-01-11
15538,7571,2024-11-03,429.83,Due,2024-12-03
15539,2893,2024-11-17,402.13,Paid,2024-12-17
15540,1621,2025-04-22,258.43,Overdue,2025-05-22
15541,3637,2024-10-10,386.49,Due,2024-11-09
15542,1579,2025-02-15,141.53,Overdue,2025-03-17
15543,1719,2025-01-18,284.18,Overdue,2025-02-17
15544,4027,2025-01-08,69.55,Due,2025-02-07
15545,780,2025-03-19,450.18,Paid,2025-04-18
15546,7770,2025-01-19,169.74,Due,2025-02-18
15547,9838,2024-12-12,84.18,Paid,2025-01-11
15548,2070,2025-04-12,361.54,Overdue,2025-05-12
15549,1616,2025-01-20,364.94,Overdue,2025-02-19
15550,742,2024-11-26,358.08,Paid,2024-12-26
15551,9884,2024-05-13,118.58,Due,2024-06-12
15552,1351,2024-10-30,236.24,Paid,2024-11-29
15553,5740,2024-07-21,315.44,Due,2024-08-20
15554,6148,2025-04-06,224.07,Paid,2025-05-06
15555,9428,2024-08-17,53.61,Overdue,2024-09-16
15556,1607,2025-01-18,91.9,Overdue,2025-02-17
15557,1320,2024-07-23,273.31,Paid,2024-08-22
15558,8778,2024-06-20,254.29,Due,2024-07-20
15559,7715,2025-04-04,180.08,Paid,2025-05-04
15560,833,2024-07-27,171.82,Overdue,2024-08-26
15561,7724,2025-03-21,273.29,Due,2025-04-20
15562,3757,2024-10-21,322.2,Due,2024-11-20
15563,3022,2025-01-19,412.29,Due,2025-02-18
15564,8409,2025-02-04,141.07,Paid,2025-03-06
15565,2257,2024-12-04,456.97,Overdue,2025-01-03
15566,3946,2024-12-30,90.61,Paid,2025-01-29
15567,2833,2024-09-17,59.27,Due,2024-10-17
15568,7595,2025-03-11,257.85,Due,2025-04-10
15569,6023,2025-03-08,50.78,Overdue,2025-04-07
15570,738,2025-04-01,18.12,Paid,2025-05-01
15571,3840,2025-03-16,446.62,Paid,2025-04-15
15572,8089,2024-09-09,147.44,Paid,2024-10-09
15573,5418,2024-05-13,477.02,Paid,2024-06-12
15574,3691,2025-02-13,170.25,Due,2025-03-15
15575,4915,2024-07-23,25.03,Due,2024-08-22
15576,3441,2024-10-30,220.87,Paid,2024-11-29
15577,5777,2024-12-11,247.76,Paid,2025-01-10
15578,7146,2024-08-13,465.23,Overdue,2024-09-12
15579,9200,2025-04-03,154.98,Overdue,2025-05-03
15580,6004,2025-01-31,210.45,Paid,2025-03-02
15581,5354,2024-09-08,400.93,Paid,2024-10-08
15582,9516,2025-01-07,228.81,Due,2025-02-06
15583,4182,2024-10-27,349.7,Due,2024-11-26
15584,3219,2024-09-21,13.02,Overdue,2024-10-21
15585,993,2024-06-05,159.71,Due,2024-07-05
15586,3239,2024-10-24,140.07,Paid,2024-11-23
15587,568,2024-08-01,19.97,Due,2024-08-31
15588,8617,2025-03-20,311.49,Paid,2025-04-19
15589,4993,2024-10-09,79.47,Due,2024-11-08
15590,6091,2024-12-21,254.78,Due,2025-01-20
15591,2490,2024-10-19,410.87,Overdue,2024-11-18
15592,4081,2024-11-06,471.45,Due,2024-12-06
15593,4409,2024-11-20,208.2,Due,2024-12-20
15594,8430,2025-01-14,154.38,Overdue,2025-02-13
15595,6610,2024-06-23,315.77,Overdue,2024-07-23
15596,3001,2024-12-28,165.77,Overdue,2025-01-27
15597,4205,2025-03-11,294.58,Due,2025-04-10
15598,7776,2024-08-03,194.52,Overdue,2024-09-02
15599,8847,2024-09-21,126.81,Overdue,2024-10-21
15600,7421,2025-02-13,373.67,Due,2025-03-15
15601,9853,2024-09-08,14.65,Overdue,2024-10-08
15602,52,2024-09-07,460.96,Overdue,2024-10-07
15603,5424,2024-09-30,226.42,Due,2024-10-30
15604,357,2025-02-23,66.75,Due,2025-03-25
15605,1812,2024-09-07,119.03,Paid,2024-10-07
15606,5881,2024-09-11,169.33,Overdue,2024-10-11
15607,7448,2025-03-25,375.6,Due,2025-04-24
15608,5875,2024-11-22,47.19,Due,2024-12-22
15609,4992,2025-04-18,388.88,Overdue,2025-05-18
15610,4539,2024-08-03,146.6,Overdue,2024-09-02
15611,3383,2024-06-27,50.15,Due,2024-07-27
15612,2433,2024-08-22,165.59,Overdue,2024-09-21
15613,7533,2024-07-10,55.86,Paid,2024-08-09
15614,8634,2024-09-05,339.7,Overdue,2024-10-05
15615,9759,2024-09-05,178.52,Due,2024-10-05
15616,2866,2025-04-25,207.96,Due,2025-05-25
15617,267,2024-11-28,199.59,Paid,2024-12-28
15618,6799,2024-11-01,317.63,Due,2024-12-01
15619,9057,2024-05-17,87.96,Due,2024-06-16
15620,1843,2025-01-04,309.32,Paid,2025-02-03
15621,152,2024-12-14,39.42,Due,2025-01-13
15622,6389,2024-05-04,153.97,Paid,2024-06-03
15623,5929,2025-02-08,109.08,Due,2025-03-10
15624,8448,2024-08-24,60.15,Overdue,2024-09-23
15625,2474,2024-08-30,93.12,Paid,2024-09-29
15626,4832,2024-11-09,183.51,Overdue,2024-12-09
15627,1521,2024-06-28,136.24,Paid,2024-07-28
15628,3703,2024-06-05,103.14,Paid,2024-07-05
15629,1006,2024-09-17,86.68,Due,2024-10-17
15630,1143,2024-08-28,207.23,Paid,2024-09-27
15631,6066,2024-06-13,19.22,Overdue,2024-07-13
15632,1195,2024-07-13,447.87,Due,2024-08-12
15633,3735,2024-11-12,92.47,Overdue,2024-12-12
15634,4391,2025-01-28,43.22,Paid,2025-02-27
15635,9790,2024-05-10,218.46,Due,2024-06-09
15636,5844,2025-03-30,354.02,Overdue,2025-04-29
15637,1861,2024-07-07,264.86,Paid,2024-08-06
15638,7692,2024-08-22,158.85,Paid,2024-09-21
15639,7291,2024-10-12,318.56,Paid,2024-11-11
15640,851,2024-07-31,263.2,Due,2024-08-30
15641,2270,2025-04-27,165.38,Due,2025-05-27
15642,6313,2025-01-19,490.26,Due,2025-02-18
15643,1514,2025-01-01,322.34,Due,2025-01-31
15644,5355,2024-09-28,116.6,Paid,2024-10-28
15645,9270,2024-11-07,313.13,Paid,2024-12-07
15646,4030,2025-02-02,303.86,Overdue,2025-03-04
15647,6907,2025-01-18,62.95,Due,2025-02-17
15648,7985,2025-02-05,109.37,Overdue,2025-03-07
15649,9111,2025-04-28,206.45,Paid,2025-05-28
15650,1866,2024-09-05,92.38,Paid,2024-10-05
15651,8583,2024-06-18,400.52,Overdue,2024-07-18
15652,1444,2024-08-13,473.26,Overdue,2024-09-12
15653,7038,2024-08-26,256.52,Paid,2024-09-25
15654,994,2024-10-13,491.11,Due,2024-11-12
15655,3401,2024-10-05,409.01,Paid,2024-11-04
15656,3053,2025-03-08,299.22,Paid,2025-04-07
15657,2435,2025-01-08,34.07,Overdue,2025-02-07
15658,8203,2024-08-25,476.04,Overdue,2024-09-24
15659,8723,2025-02-20,15.42,Overdue,2025-03-22
15660,2540,2025-04-24,405.26,Overdue,2025-05-24
15661,8289,2024-07-19,132.91,Paid,2024-08-18
15662,7,2024-12-15,122.51,Paid,2025-01-14
15663,7429,2025-01-06,357.01,Paid,2025-02-05
15664,8188,2025-04-24,137.1,Paid,2025-05-24
15665,1604,2025-03-17,209.38,Overdue,2025-04-16
15666,1960,2024-10-20,158.22,Overdue,2024-11-19
15667,7315,2025-02-10,140.66,Overdue,2025-03-12
15668,7989,2024-08-17,102.05,Paid,2024-09-16
15669,9793,2025-03-17,364.48,Overdue,2025-04-16
15670,3763,2024-09-23,455.13,Due,2024-10-23
15671,3390,2025-03-05,264.58,Paid,2025-04-04
15672,6736,2024-06-21,421.15,Overdue,2024-07-21
15673,4077,2024-05-17,304.97,Paid,2024-06-16
15674,1848,2024-11-30,302.38,Overdue,2024-12-30
15675,1916,2024-05-28,354.27,Paid,2024-06-27
15676,1541,2024-12-08,113.97,Paid,2025-01-07
15677,5234,2025-04-19,61.07,Paid,2025-05-19
15678,6757,2024-10-13,151.7,Overdue,2024-11-12
15679,5746,2024-05-27,330.06,Overdue,2024-06-26
15680,5223,2024-07-21,420.85,Paid,2024-08-20
15681,5394,2024-11-10,268.81,Due,2024-12-10
15682,5116,2024-12-21,172.7,Due,2025-01-20
15683,8601,2024-11-23,162.08,Paid,2024-12-23
15684,4399,2025-04-06,226.37,Due,2025-05-06
15685,3926,2024-09-13,465.24,Overdue,2024-10-13
15686,8372,2024-12-04,423.65,Paid,2025-01-03
15687,7446,2024-05-12,186.05,Paid,2024-06-11
15688,3257,2024-05-15,290.04,Paid,2024-06-14
15689,4595,2024-07-31,262.61,Paid,2024-08-30
15690,682,2025-03-26,391.66,Paid,2025-04-25
15691,1581,2024-06-02,70.36,Overdue,2024-07-02
15692,7430,2025-03-29,193.93,Due,2025-04-28
15693,9339,2024-05-04,488.47,Paid,2024-06-03
15694,4397,2024-06-22,401.77,Due,2024-07-22
15695,1776,2024-07-05,408.69,Overdue,2024-08-04
15696,113,2025-04-14,358.55,Overdue,2025-05-14
15697,8623,2024-12-21,326.22,Due,2025-01-20
15698,1812,2024-12-15,160.46,Paid,2025-01-14
15699,5124,2025-04-06,410.98,Overdue,2025-05-06
15700,4753,2024-09-14,464.12,Paid,2024-10-14
15701,2940,2024-06-25,139.91,Overdue,2024-07-25
15702,7932,2025-02-19,134.08,Overdue,2025-03-21
15703,3275,2024-05-10,286.91,Paid,2024-06-09
15704,5228,2024-08-28,61.01,Overdue,2024-09-27
15705,595,2024-06-21,248.2,Due,2024-07-21
15706,33,2024-07-17,437.69,Due,2024-08-16
15707,7067,2024-07-12,54.46,Due,2024-08-11
15708,4250,2025-02-23,170.94,Overdue,2025-03-25
15709,7810,2024-11-29,78.31,Paid,2024-12-29
15710,7214,2024-09-15,44.5,Overdue,2024-10-15
15711,4766,2024-10-28,427.49,Paid,2024-11-27
15712,7503,2025-03-24,75.55,Paid,2025-04-23
15713,2550,2024-07-06,400.03,Paid,2024-08-05
15714,403,2024-11-16,250.79,Due,2024-12-16
15715,1176,2025-03-31,208.74,Overdue,2025-04-30
15716,536,2024-10-23,383.06,Overdue,2024-11-22
15717,6098,2024-09-29,35.31,Overdue,2024-10-29
15718,6852,2024-05-26,170.9,Paid,2024-06-25
15719,4474,2024-05-24,68.57,Due,2024-06-23
15720,3502,2024-08-17,128.38,Paid,2024-09-16
15721,5162,2024-11-24,474.19,Due,2024-12-24
15722,4505,2025-04-18,372.47,Due,2025-05-18
15723,372,2025-02-28,492.43,Overdue,2025-03-30
15724,3243,2024-12-08,171.31,Overdue,2025-01-07
15725,7816,2024-12-13,383.46,Overdue,2025-01-12
15726,4795,2025-03-15,113.18,Paid,2025-04-14
15727,3800,2024-10-13,447.96,Overdue,2024-11-12
15728,6220,2025-02-12,167.61,Overdue,2025-03-14
15729,7567,2024-09-28,142.55,Due,2024-10-28
15730,7142,2025-02-01,102.19,Paid,2025-03-03
15731,996,2024-05-18,246.89,Due,2024-06-17
15732,9126,2024-07-29,485.24,Due,2024-08-28
15733,2570,2024-10-23,96.1,Overdue,2024-11-22
15734,1917,2025-02-17,443.96,Due,2025-03-19
15735,7737,2024-05-10,76.8,Paid,2024-06-09
15736,4345,2024-10-16,369.03,Paid,2024-11-15
15737,2777,2024-07-14,151.81,Paid,2024-08-13
15738,8992,2024-10-04,118.59,Due,2024-11-03
15739,6379,2024-10-26,390.16,Due,2024-11-25
15740,8121,2024-08-29,72.91,Due,2024-09-28
15741,6674,2024-11-10,43.85,Due,2024-12-10
15742,6840,2024-06-25,213.83,Due,2024-07-25
15743,7835,2024-05-16,285.73,Overdue,2024-06-15
15744,5477,2024-05-09,428.64,Due,2024-06-08
15745,2997,2025-01-04,316.14,Paid,2025-02-03
15746,4617,2025-03-10,51.99,Due,2025-04-09
15747,582,2024-06-02,201.01,Paid,2024-07-02
15748,9976,2025-04-15,409.5,Overdue,2025-05-15
15749,9038,2024-06-28,436.77,Paid,2024-07-28
15750,8398,2024-07-24,256.28,Paid,2024-08-23
15751,1658,2024-11-12,207.89,Due,2024-12-12
15752,1756,2024-08-19,193.88,Overdue,2024-09-18
15753,9479,2024-11-26,152.15,Due,2024-12-26
15754,5016,2024-09-07,173.98,Paid,2024-10-07
15755,3906,2024-07-07,33.72,Paid,2024-08-06
15756,1416,2024-08-28,181.84,Due,2024-09-27
15757,2767,2024-05-08,273.35,Overdue,2024-06-07
15758,2754,2024-10-28,304.67,Overdue,2024-11-27
15759,44,2025-02-21,28.98,Due,2025-03-23
15760,4431,2025-01-20,204.14,Overdue,2025-02-19
15761,4255,2024-09-06,425.76,Paid,2024-10-06
15762,4131,2024-07-24,238.5,Due,2024-08-23
15763,4860,2024-10-11,150.19,Due,2024-11-10
15764,7674,2024-08-16,235.98,Due,2024-09-15
15765,5650,2025-03-18,295.04,Due,2025-04-17
15766,1894,2025-04-26,290.86,Due,2025-05-26
15767,480,2024-12-25,494.76,Overdue,2025-01-24
15768,6381,2024-05-18,71.04,Due,2024-06-17
15769,9857,2025-03-19,115.64,Overdue,2025-04-18
15770,1840,2025-01-16,162.68,Due,2025-02-15
15771,6823,2025-04-17,447.38,Overdue,2025-05-17
15772,6691,2024-08-23,231.67,Due,2024-09-22
15773,2069,2024-12-11,194.07,Overdue,2025-01-10
15774,4503,2024-11-01,125.02,Paid,2024-12-01
15775,4540,2024-06-20,81.26,Paid,2024-07-20
15776,7987,2025-01-01,188.21,Overdue,2025-01-31
15777,779,2024-10-19,240.14,Due,2024-11-18
15778,6000,2024-12-06,333.65,Paid,2025-01-05
15779,2376,2025-02-07,38.72,Due,2025-03-09
15780,110,2025-03-13,80.07,Due,2025-04-12
15781,5959,2024-07-01,95.75,Overdue,2024-07-31
15782,2086,2024-12-04,91.64,Paid,2025-01-03
15783,3370,2024-06-05,267.76,Overdue,2024-07-05
15784,109,2024-12-18,274.36,Due,2025-01-17
15785,7084,2025-04-13,108.92,Overdue,2025-05-13
15786,3317,2024-05-13,107.99,Overdue,2024-06-12
15787,1867,2025-01-31,362.83,Overdue,2025-03-02
15788,4391,2024-08-12,446.28,Overdue,2024-09-11
15789,8599,2024-06-16,397.15,Overdue,2024-07-16
15790,1021,2025-03-17,35.23,Due,2025-04-16
15791,8968,2025-02-19,476.27,Due,2025-03-21
15792,5474,2025-04-08,196.02,Overdue,2025-05-08
15793,2709,2024-06-14,227.31,Due,2024-07-14
15794,5042,2024-08-12,332.72,Overdue,2024-09-11
15795,1293,2025-04-23,44.0,Paid,2025-05-23
15796,8719,2024-10-29,392.15,Due,2024-11-28
15797,315,2025-04-01,171.21,Paid,2025-05-01
15798,9149,2025-03-31,11.11,Overdue,2025-04-30
15799,7181,2025-02-15,328.86,Due,2025-03-17
15800,6180,2025-01-26,122.44,Overdue,2025-02-25
15801,2947,2024-08-16,293.26,Paid,2024-09-15
15802,62,2024-08-01,162.63,Due,2024-08-31
15803,3939,2024-09-29,198.78,Due,2024-10-29
15804,2542,2024-12-28,229.61,Paid,2025-01-27
15805,3638,2024-06-14,29.26,Overdue,2024-07-14
15806,8612,2024-12-11,141.79,Overdue,2025-01-10
15807,312,2024-12-17,321.39,Paid,2025-01-16
15808,2185,2024-07-03,420.56,Paid,2024-08-02
15809,7928,2024-10-14,73.68,Paid,2024-11-13
15810,4114,2024-08-05,267.19,Overdue,2024-09-04
15811,8091,2024-07-03,444.75,Paid,2024-08-02
15812,2479,2025-02-10,290.36,Overdue,2025-03-12
15813,2491,2024-11-07,344.08,Paid,2024-12-07
15814,8460,2024-12-19,198.77,Overdue,2025-01-18
15815,9747,2025-04-01,128.87,Due,2025-05-01
15816,6518,2024-12-23,83.68,Due,2025-01-22
15817,989,2024-12-04,362.17,Due,2025-01-03
15818,3622,2025-03-29,267.73,Paid,2025-04-28
15819,7529,2024-12-25,361.1,Overdue,2025-01-24
15820,4414,2024-10-05,330.67,Paid,2024-11-04
15821,7782,2025-02-06,89.64,Paid,2025-03-08
15822,5630,2024-09-09,191.6,Due,2024-10-09
15823,4328,2025-04-26,262.39,Overdue,2025-05-26
15824,6481,2024-11-14,394.47,Due,2024-12-14
15825,4404,2024-05-17,404.29,Paid,2024-06-16
15826,805,2025-01-17,268.23,Paid,2025-02-16
15827,62,2025-03-22,472.93,Due,2025-04-21
15828,5699,2024-12-05,136.12,Overdue,2025-01-04
15829,5657,2024-11-19,370.11,Overdue,2024-12-19
15830,1533,2024-09-04,446.22,Paid,2024-10-04
15831,9000,2024-07-18,328.64,Paid,2024-08-17
15832,961,2025-04-18,343.57,Due,2025-05-18
15833,9938,2024-11-29,483.99,Overdue,2024-12-29
15834,2606,2025-04-23,385.18,Paid,2025-05-23
15835,1415,2025-02-07,297.48,Due,2025-03-09
15836,4337,2024-08-23,86.04,Paid,2024-09-22
15837,4142,2024-07-01,80.55,Paid,2024-07-31
15838,9440,2025-04-04,205.51,Paid,2025-05-04
15839,8259,2024-08-03,47.47,Paid,2024-09-02
15840,549,2024-05-17,383.69,Overdue,2024-06-16
15841,8305,2024-10-15,242.77,Paid,2024-11-14
15842,9270,2024-11-12,371.67,Overdue,2024-12-12
15843,1100,2024-12-18,174.33,Overdue,2025-01-17
15844,7449,2025-03-05,117.3,Overdue,2025-04-04
15845,7949,2024-05-05,388.42,Due,2024-06-04
15846,5660,2024-06-08,349.51,Due,2024-07-08
15847,7654,2024-10-05,136.96,Overdue,2024-11-04
15848,2292,2025-01-12,242.49,Overdue,2025-02-11
15849,2354,2024-09-26,381.55,Paid,2024-10-26
15850,2725,2024-09-23,307.19,Overdue,2024-10-23
15851,4670,2024-11-21,22.62,Overdue,2024-12-21
15852,7076,2024-07-12,89.25,Paid,2024-08-11
15853,7087,2024-11-30,337.94,Due,2024-12-30
15854,1044,2024-05-15,434.78,Due,2024-06-14
15855,5629,2024-11-23,38.01,Due,2024-12-23
15856,1615,2024-05-23,260.4,Due,2024-06-22
15857,519,2024-09-22,385.61,Due,2024-10-22
15858,1292,2025-04-26,409.21,Due,2025-05-26
15859,9810,2025-01-20,497.25,Overdue,2025-02-19
15860,5274,2024-07-26,403.74,Overdue,2024-08-25
15861,3019,2025-03-13,235.14,Due,2025-04-12
15862,3890,2024-12-22,131.1,Overdue,2025-01-21
15863,5321,2024-07-28,202.68,Paid,2024-08-27
15864,6914,2024-05-09,145.9,Overdue,2024-06-08
15865,9043,2024-10-28,469.63,Overdue,2024-11-27
15866,9814,2024-12-18,490.73,Paid,2025-01-17
15867,5920,2024-05-12,35.23,Due,2024-06-11
15868,9876,2025-02-18,262.68,Overdue,2025-03-20
15869,8802,2024-08-24,23.1,Paid,2024-09-23
15870,4564,2024-12-27,297.3,Due,2025-01-26
15871,565,2024-06-30,134.27,Paid,2024-07-30
15872,2901,2024-12-24,129.29,Paid,2025-01-23
15873,3144,2024-05-08,420.1,Overdue,2024-06-07
15874,8104,2024-05-14,48.98,Overdue,2024-06-13
15875,4834,2024-10-18,215.45,Overdue,2024-11-17
15876,5639,2024-05-31,16.37,Overdue,2024-06-30
15877,3877,2025-03-09,260.19,Overdue,2025-04-08
15878,3381,2024-09-28,254.04,Paid,2024-10-28
15879,8881,2024-10-07,293.13,Overdue,2024-11-06
15880,1341,2025-01-30,465.48,Paid,2025-03-01
15881,437,2024-08-08,309.93,Due,2024-09-07
15882,754,2024-12-11,283.26,Due,2025-01-10
15883,8770,2024-05-27,384.43,Paid,2024-06-26
15884,6560,2025-02-09,144.87,Paid,2025-03-11
15885,6642,2024-11-06,46.15,Paid,2024-12-06
15886,7846,2024-10-20,455.94,Due,2024-11-19
15887,5313,2024-09-07,168.84,Paid,2024-10-07
15888,3403,2025-03-31,427.42,Overdue,2025-04-30
15889,1429,2024-12-13,159.88,Paid,2025-01-12
15890,2937,2024-07-16,16.84,Paid,2024-08-15
15891,4378,2025-03-13,178.99,Overdue,2025-04-12
15892,6266,2024-06-28,23.15,Overdue,2024-07-28
15893,4065,2024-09-08,422.98,Paid,2024-10-08
15894,6492,2024-05-18,421.03,Paid,2024-06-17
15895,1832,2024-10-03,80.72,Overdue,2024-11-02
15896,3783,2024-12-30,368.9,Overdue,2025-01-29
15897,2228,2025-01-02,221.39,Due,2025-02-01
15898,9266,2024-11-08,182.61,Overdue,2024-12-08
15899,1904,2024-05-20,95.37,Overdue,2024-06-19
15900,3465,2024-12-12,293.42,Overdue,2025-01-11
15901,906,2025-02-18,298.67,Paid,2025-03-20
15902,215,2024-07-20,468.48,Due,2024-08-19
15903,6590,2025-03-11,42.79,Due,2025-04-10
15904,8610,2024-08-09,279.37,Due,2024-09-08
15905,9434,2025-02-04,266.24,Due,2025-03-06
15906,3665,2024-09-27,454.52,Paid,2024-10-27
15907,5291,2025-04-04,293.34,Due,2025-05-04
15908,1942,2025-01-17,432.74,Overdue,2025-02-16
15909,9514,2024-08-12,27.05,Paid,2024-09-11
15910,6863,2025-03-18,453.14,Overdue,2025-04-17
15911,8432,2024-12-09,139.42,Overdue,2025-01-08
15912,3694,2025-02-15,160.94,Due,2025-03-17
15913,605,2024-12-29,46.78,Paid,2025-01-28
15914,6449,2024-12-29,43.79,Due,2025-01-28
15915,1818,2024-06-10,212.9,Due,2024-07-10
15916,3875,2024-05-07,194.22,Due,2024-06-06
15917,5990,2024-09-26,125.4,Paid,2024-10-26
15918,2334,2024-07-08,446.98,Overdue,2024-08-07
15919,4847,2024-11-23,296.03,Paid,2024-12-23
15920,6376,2024-05-03,18.23,Paid,2024-06-02
15921,3470,2025-03-25,86.33,Due,2025-04-24
15922,4544,2025-03-16,226.95,Paid,2025-04-15
15923,1638,2024-06-14,475.69,Overdue,2024-07-14
15924,8619,2024-12-27,312.31,Overdue,2025-01-26
15925,4240,2024-07-13,472.28,Due,2024-08-12
15926,8846,2024-12-10,489.9,Paid,2025-01-09
15927,9971,2024-05-28,418.43,Paid,2024-06-27
15928,8192,2025-01-21,245.48,Due,2025-02-20
15929,857,2024-11-24,430.51,Overdue,2024-12-24
15930,1575,2025-02-28,317.73,Paid,2025-03-30
15931,7772,2025-04-16,450.84,Overdue,2025-05-16
15932,6460,2024-05-08,476.35,Paid,2024-06-07
15933,9011,2025-04-05,481.93,Paid,2025-05-05
15934,6206,2024-05-17,164.02,Due,2024-06-16
15935,8749,2024-06-05,122.78,Paid,2024-07-05
15936,3990,2025-01-13,471.05,Overdue,2025-02-12
15937,6823,2024-08-26,244.6,Paid,2024-09-25
15938,9306,2024-12-06,266.82,Paid,2025-01-05
15939,7118,2024-12-27,402.68,Due,2025-01-26
15940,1522,2024-06-13,190.22,Overdue,2024-07-13
15941,9945,2024-12-12,348.75,Due,2025-01-11
15942,4071,2024-12-21,196.51,Overdue,2025-01-20
15943,4035,2024-09-05,384.11,Paid,2024-10-05
15944,3053,2024-08-22,291.22,Paid,2024-09-21
15945,6312,2024-10-06,50.83,Paid,2024-11-05
15946,8648,2025-01-06,440.31,Overdue,2025-02-05
15947,172,2025-01-16,211.55,Due,2025-02-15
15948,9161,2024-09-24,173.88,Paid,2024-10-24
15949,3241,2024-12-17,384.75,Due,2025-01-16
15950,7698,2025-04-13,431.07,Overdue,2025-05-13
15951,8088,2024-12-04,214.8,Overdue,2025-01-03
15952,4094,2024-06-19,394.54,Overdue,2024-07-19
15953,8110,2024-09-02,248.49,Due,2024-10-02
15954,5334,2024-10-18,466.09,Overdue,2024-11-17
15955,3112,2024-09-03,365.85,Paid,2024-10-03
15956,5777,2025-04-19,340.06,Paid,2025-05-19
15957,8087,2024-05-27,97.55,Paid,2024-06-26
15958,588,2024-08-15,390.38,Overdue,2024-09-14
15959,1039,2024-12-06,63.87,Overdue,2025-01-05
15960,293,2024-07-12,494.4,Overdue,2024-08-11
15961,1217,2024-09-15,494.25,Overdue,2024-10-15
15962,2693,2024-10-24,472.79,Overdue,2024-11-23
15963,1332,2024-05-13,462.38,Paid,2024-06-12
15964,775,2024-08-29,222.18,Due,2024-09-28
15965,132,2024-12-22,328.2,Due,2025-01-21
15966,946,2024-11-26,254.66,Overdue,2024-12-26
15967,112,2024-06-15,108.52,Overdue,2024-07-15
15968,1631,2024-10-14,37.68,Overdue,2024-11-13
15969,4278,2024-07-05,57.08,Due,2024-08-04
15970,9864,2024-06-19,86.75,Overdue,2024-07-19
15971,1920,2024-06-16,361.85,Paid,2024-07-16
15972,5536,2024-06-10,457.28,Due,2024-07-10
15973,9989,2025-03-07,392.49,Overdue,2025-04-06
15974,1296,2024-11-10,279.83,Overdue,2024-12-10
15975,4995,2025-02-10,168.18,Paid,2025-03-12
15976,5370,2024-08-29,268.58,Overdue,2024-09-28
15977,2177,2025-04-27,361.57,Paid,2025-05-27
15978,1246,2024-07-19,354.19,Overdue,2024-08-18
15979,231,2024-09-20,274.22,Paid,2024-10-20
15980,5214,2025-03-14,163.83,Overdue,2025-04-13
15981,1935,2025-02-16,383.46,Overdue,2025-03-18
15982,8821,2024-12-27,26.79,Overdue,2025-01-26
15983,1940,2025-01-04,406.86,Due,2025-02-03
15984,6822,2025-03-12,163.98,Overdue,2025-04-11
15985,9369,2024-10-21,431.35,Overdue,2024-11-20
15986,7216,2024-07-06,470.78,Overdue,2024-08-05
15987,7483,2024-10-27,406.05,Overdue,2024-11-26
15988,2014,2024-12-24,222.67,Due,2025-01-23
15989,3428,2024-09-29,196.1,Due,2024-10-29
15990,1924,2024-11-15,347.18,Due,2024-12-15
15991,8055,2025-04-13,24.7,Overdue,2025-05-13
15992,7482,2024-09-15,498.37,Paid,2024-10-15
15993,5019,2025-01-09,91.0,Overdue,2025-02-08
15994,6345,2024-10-15,295.23,Overdue,2024-11-14
15995,2130,2025-02-01,21.84,Paid,2025-03-03
15996,2220,2025-01-02,106.67,Paid,2025-02-01
15997,2691,2025-03-20,165.45,Due,2025-04-19
15998,7726,2025-01-16,388.04,Paid,2025-02-15
15999,5503,2025-01-21,313.39,Overdue,2025-02-20
16000,8032,2024-11-11,270.21,Due,2024-12-11
16001,9435,2024-12-03,261.08,Paid,2025-01-02
16002,3346,2024-07-07,76.58,Due,2024-08-06
16003,609,2025-01-18,214.5,Paid,2025-02-17
16004,3137,2024-07-29,22.32,Paid,2024-08-28
16005,6322,2025-04-27,223.57,Paid,2025-05-27
16006,4076,2024-05-27,326.31,Due,2024-06-26
16007,2682,2024-05-11,436.0,Due,2024-06-10
16008,5346,2024-05-27,174.8,Paid,2024-06-26
16009,3515,2024-06-11,368.35,Overdue,2024-07-11
16010,4153,2024-06-01,75.56,Overdue,2024-07-01
16011,1905,2024-07-09,432.65,Paid,2024-08-08
16012,7253,2024-09-21,296.85,Due,2024-10-21
16013,4358,2024-10-10,71.12,Due,2024-11-09
16014,6163,2025-02-18,32.91,Due,2025-03-20
16015,4254,2024-07-01,224.48,Due,2024-07-31
16016,4807,2024-12-08,349.87,Paid,2025-01-07
16017,5492,2024-08-29,242.49,Due,2024-09-28
16018,7609,2024-09-25,399.74,Overdue,2024-10-25
16019,2751,2025-02-26,384.67,Due,2025-03-28
16020,3500,2025-01-09,347.85,Paid,2025-02-08
16021,7826,2024-05-30,290.2,Overdue,2024-06-29
16022,5973,2024-06-23,404.44,Paid,2024-07-23
16023,558,2024-09-30,329.78,Due,2024-10-30
16024,1495,2025-04-02,423.54,Overdue,2025-05-02
16025,2037,2024-09-22,252.84,Due,2024-10-22
16026,753,2024-11-15,269.06,Paid,2024-12-15
16027,811,2025-04-17,78.68,Due,2025-05-17
16028,4809,2025-04-27,92.9,Due,2025-05-27
16029,8557,2025-04-12,206.7,Due,2025-05-12
16030,2888,2025-01-20,371.58,Paid,2025-02-19
16031,9456,2024-07-12,101.98,Overdue,2024-08-11
16032,8946,2024-06-04,79.84,Paid,2024-07-04
16033,3943,2024-09-13,163.45,Overdue,2024-10-13
16034,6063,2024-12-26,182.2,Due,2025-01-25
16035,6136,2024-11-07,84.67,Due,2024-12-07
16036,9945,2025-04-11,377.28,Overdue,2025-05-11
16037,3096,2025-02-09,413.4,Paid,2025-03-11
16038,4795,2025-01-04,478.58,Paid,2025-02-03
16039,6545,2024-05-30,228.07,Overdue,2024-06-29
16040,5270,2024-12-14,244.84,Due,2025-01-13
16041,469,2024-12-15,401.12,Paid,2025-01-14
16042,2760,2024-06-19,427.02,Due,2024-07-19
16043,1516,2024-12-12,191.18,Due,2025-01-11
16044,1757,2024-07-11,55.56,Paid,2024-08-10
16045,4127,2024-12-27,142.62,Paid,2025-01-26
16046,1287,2024-11-29,163.46,Paid,2024-12-29
16047,3494,2024-12-30,485.92,Overdue,2025-01-29
16048,8184,2024-10-27,304.19,Overdue,2024-11-26
16049,3358,2024-08-13,297.71,Due,2024-09-12
16050,2908,2025-04-02,222.83,Due,2025-05-02
16051,9563,2024-09-21,274.62,Due,2024-10-21
16052,2353,2024-10-17,437.15,Overdue,2024-11-16
16053,6787,2025-04-08,36.82,Overdue,2025-05-08
16054,1300,2024-07-16,216.16,Paid,2024-08-15
16055,6127,2024-10-13,389.61,Paid,2024-11-12
16056,8130,2024-07-12,97.58,Paid,2024-08-11
16057,1311,2024-10-29,47.92,Overdue,2024-11-28
16058,3227,2025-02-20,20.67,Due,2025-03-22
16059,4484,2024-08-09,292.17,Overdue,2024-09-08
16060,4548,2024-11-25,343.52,Paid,2024-12-25
16061,6546,2024-11-03,446.72,Overdue,2024-12-03
16062,3694,2024-05-29,191.62,Paid,2024-06-28
16063,1734,2024-08-04,489.49,Paid,2024-09-03
16064,7214,2024-10-13,74.59,Overdue,2024-11-12
16065,2030,2024-08-22,498.83,Paid,2024-09-21
16066,1056,2024-11-09,458.92,Due,2024-12-09
16067,2155,2024-12-03,496.72,Paid,2025-01-02
16068,5328,2024-11-27,375.71,Paid,2024-12-27
16069,1459,2024-09-13,258.7,Paid,2024-10-13
16070,300,2025-01-14,64.46,Due,2025-02-13
16071,6345,2024-08-20,179.59,Overdue,2024-09-19
16072,8472,2024-06-18,66.39,Paid,2024-07-18
16073,482,2024-11-07,473.27,Overdue,2024-12-07
16074,6144,2024-09-08,208.43,Due,2024-10-08
16075,8825,2024-10-02,237.29,Due,2024-11-01
16076,921,2025-04-27,100.1,Overdue,2025-05-27
16077,2178,2024-05-10,443.65,Overdue,2024-06-09
16078,9122,2024-07-25,145.24,Paid,2024-08-24
16079,8946,2024-09-21,52.31,Paid,2024-10-21
16080,7563,2024-07-10,392.34,Overdue,2024-08-09
16081,6151,2024-08-13,246.52,Paid,2024-09-12
16082,7574,2024-10-25,236.04,Overdue,2024-11-24
16083,2063,2024-12-20,308.97,Paid,2025-01-19
16084,8710,2025-04-05,281.04,Overdue,2025-05-05
16085,3662,2025-01-08,456.37,Overdue,2025-02-07
16086,2023,2024-10-25,225.57,Due,2024-11-24
16087,1142,2024-07-04,307.64,Due,2024-08-03
16088,9324,2025-04-02,78.16,Overdue,2025-05-02
16089,7485,2025-03-22,450.56,Overdue,2025-04-21
16090,2110,2024-11-22,59.28,Paid,2024-12-22
16091,8002,2025-04-03,488.32,Due,2025-05-03
16092,7257,2025-02-02,204.18,Overdue,2025-03-04
16093,7972,2024-12-01,370.62,Paid,2024-12-31
16094,3497,2024-05-28,113.64,Paid,2024-06-27
16095,4166,2025-03-13,341.77,Paid,2025-04-12
16096,1155,2024-08-04,287.75,Overdue,2024-09-03
16097,6518,2025-03-14,461.03,Paid,2025-04-13
16098,9147,2024-11-22,452.66,Due,2024-12-22
16099,7037,2024-10-26,337.77,Paid,2024-11-25
16100,8748,2025-02-16,123.51,Due,2025-03-18
16101,4644,2024-10-01,274.2,Paid,2024-10-31
16102,3595,2024-07-04,245.2,Due,2024-08-03
16103,8540,2025-04-10,124.33,Paid,2025-05-10
16104,3895,2024-11-06,204.19,Overdue,2024-12-06
16105,1452,2024-12-17,201.92,Due,2025-01-16
16106,7927,2024-06-06,43.82,Paid,2024-07-06
16107,3795,2025-02-02,262.49,Due,2025-03-04
16108,7732,2024-05-13,249.44,Due,2024-06-12
16109,4109,2024-12-13,211.73,Overdue,2025-01-12
16110,8598,2024-07-02,303.51,Overdue,2024-08-01
16111,1198,2024-09-02,410.13,Due,2024-10-02
16112,5980,2024-12-13,239.09,Overdue,2025-01-12
16113,7282,2024-05-16,485.63,Overdue,2024-06-15
16114,5464,2024-08-28,216.13,Due,2024-09-27
16115,5739,2025-04-07,77.65,Due,2025-05-07
16116,747,2024-05-10,25.62,Paid,2024-06-09
16117,7297,2025-02-05,241.97,Paid,2025-03-07
16118,1537,2024-10-21,287.15,Paid,2024-11-20
16119,114,2024-10-18,153.75,Overdue,2024-11-17
16120,6992,2024-10-02,76.12,Paid,2024-11-01
16121,5097,2024-12-14,215.86,Overdue,2025-01-13
16122,9401,2024-07-31,222.53,Due,2024-08-30
16123,322,2024-09-26,341.44,Paid,2024-10-26
16124,622,2024-11-26,77.25,Overdue,2024-12-26
16125,3057,2024-10-20,347.83,Paid,2024-11-19
16126,2229,2024-07-08,99.6,Due,2024-08-07
16127,9079,2025-01-02,196.93,Due,2025-02-01
16128,4323,2024-12-21,413.06,Due,2025-01-20
16129,3775,2024-12-12,99.9,Paid,2025-01-11
16130,6578,2024-07-15,129.43,Overdue,2024-08-14
16131,6106,2025-03-06,211.21,Paid,2025-04-05
16132,9125,2024-08-12,330.77,Overdue,2024-09-11
16133,8273,2025-01-28,433.67,Overdue,2025-02-27
16134,2557,2024-12-27,46.81,Due,2025-01-26
16135,9847,2025-03-24,388.6,Paid,2025-04-23
16136,5256,2025-04-22,381.11,Paid,2025-05-22
16137,6166,2025-01-29,190.4,Due,2025-02-28
16138,3531,2025-02-14,244.5,Paid,2025-03-16
16139,1304,2025-04-07,49.55,Overdue,2025-05-07
16140,6758,2025-03-13,258.44,Due,2025-04-12
16141,9413,2025-02-25,336.07,Paid,2025-03-27
16142,4207,2024-06-17,196.13,Overdue,2024-07-17
16143,9303,2024-08-22,81.07,Due,2024-09-21
16144,538,2024-05-30,450.83,Overdue,2024-06-29
16145,437,2024-05-16,198.49,Paid,2024-06-15
16146,5421,2024-12-10,112.91,Overdue,2025-01-09
16147,8237,2025-01-04,92.0,Due,2025-02-03
16148,3784,2024-06-07,360.87,Due,2024-07-07
16149,3484,2025-01-25,121.79,Due,2025-02-24
16150,9186,2024-06-26,450.79,Due,2024-07-26
16151,7524,2024-05-09,370.53,Paid,2024-06-08
16152,2353,2024-06-09,361.2,Overdue,2024-07-09
16153,2447,2024-06-15,73.05,Overdue,2024-07-15
16154,1645,2024-10-14,37.66,Due,2024-11-13
16155,3281,2024-09-12,257.96,Due,2024-10-12
16156,8786,2024-07-02,277.16,Due,2024-08-01
16157,2059,2024-12-11,204.44,Overdue,2025-01-10
16158,9955,2025-03-25,369.35,Overdue,2025-04-24
16159,1383,2025-04-11,69.49,Overdue,2025-05-11
16160,7296,2025-04-22,112.01,Overdue,2025-05-22
16161,5222,2024-11-02,122.01,Paid,2024-12-02
16162,1348,2024-10-27,309.11,Paid,2024-11-26
16163,4168,2025-03-07,222.49,Due,2025-04-06
16164,9709,2025-03-04,398.83,Paid,2025-04-03
16165,1769,2024-06-08,188.2,Due,2024-07-08
16166,7334,2024-10-13,200.97,Overdue,2024-11-12
16167,9699,2025-04-12,113.68,Due,2025-05-12
16168,267,2025-04-16,44.36,Paid,2025-05-16
16169,6215,2025-02-05,292.33,Paid,2025-03-07
16170,5742,2024-09-22,382.24,Paid,2024-10-22
16171,7752,2025-01-04,453.35,Paid,2025-02-03
16172,5260,2024-12-22,253.25,Due,2025-01-21
16173,7812,2024-10-24,219.52,Paid,2024-11-23
16174,5136,2024-12-10,177.32,Paid,2025-01-09
16175,1812,2025-01-17,23.39,Overdue,2025-02-16
16176,4121,2024-06-16,493.62,Overdue,2024-07-16
16177,8970,2024-10-13,172.9,Due,2024-11-12
16178,689,2024-05-15,291.97,Paid,2024-06-14
16179,3152,2024-06-08,441.62,Overdue,2024-07-08
16180,2328,2024-05-13,439.82,Due,2024-06-12
16181,1496,2025-04-15,263.39,Due,2025-05-15
16182,1608,2024-07-26,59.22,Overdue,2024-08-25
16183,1754,2025-04-20,235.23,Paid,2025-05-20
16184,4172,2025-04-12,392.77,Overdue,2025-05-12
16185,2141,2024-05-25,39.01,Due,2024-06-24
16186,6019,2024-06-02,29.72,Due,2024-07-02
16187,9598,2024-11-01,238.02,Overdue,2024-12-01
16188,6175,2024-05-07,211.08,Paid,2024-06-06
16189,8047,2024-07-21,339.13,Overdue,2024-08-20
16190,9991,2024-11-19,283.49,Overdue,2024-12-19
16191,19,2025-01-13,482.86,Due,2025-02-12
16192,700,2024-05-18,40.79,Paid,2024-06-17
16193,27,2024-07-08,79.52,Paid,2024-08-07
16194,7767,2025-01-26,497.89,Overdue,2025-02-25
16195,9800,2024-05-07,423.3,Paid,2024-06-06
16196,3982,2024-12-11,293.17,Overdue,2025-01-10
16197,2007,2024-05-29,255.23,Due,2024-06-28
16198,8935,2025-03-20,416.5,Due,2025-04-19
16199,3939,2024-11-27,96.36,Overdue,2024-12-27
16200,3506,2024-08-10,29.85,Due,2024-09-09
16201,7936,2024-07-01,227.72,Paid,2024-07-31
16202,569,2024-12-07,271.65,Paid,2025-01-06
16203,8240,2024-05-03,477.14,Overdue,2024-06-02
16204,4216,2024-11-27,137.87,Overdue,2024-12-27
16205,2953,2024-07-27,393.16,Overdue,2024-08-26
16206,4217,2024-11-24,233.13,Overdue,2024-12-24
16207,5784,2024-10-13,238.06,Overdue,2024-11-12
16208,4872,2025-01-25,355.02,Paid,2025-02-24
16209,9806,2025-01-12,158.96,Overdue,2025-02-11
16210,4410,2024-06-01,469.33,Due,2024-07-01
16211,6573,2025-04-12,390.76,Paid,2025-05-12
16212,6883,2024-09-10,387.19,Due,2024-10-10
16213,9849,2024-07-03,244.76,Overdue,2024-08-02
16214,6963,2025-01-18,425.12,Overdue,2025-02-17
16215,6699,2024-06-07,379.85,Overdue,2024-07-07
16216,7203,2024-07-29,396.58,Due,2024-08-28
16217,5015,2025-01-22,187.12,Due,2025-02-21
16218,9106,2024-08-02,407.8,Due,2024-09-01
16219,3267,2025-03-24,186.64,Overdue,2025-04-23
16220,228,2024-09-25,428.65,Paid,2024-10-25
16221,5712,2024-11-04,248.47,Due,2024-12-04
16222,2770,2024-11-06,336.57,Due,2024-12-06
16223,9777,2025-04-21,99.23,Due,2025-05-21
16224,4517,2024-12-31,273.6,Due,2025-01-30
16225,6737,2025-03-24,426.8,Overdue,2025-04-23
16226,1284,2024-07-23,411.54,Overdue,2024-08-22
16227,1093,2025-04-18,490.12,Due,2025-05-18
16228,4967,2025-02-14,124.12,Due,2025-03-16
16229,4264,2024-09-27,304.21,Paid,2024-10-27
16230,7456,2024-07-02,246.88,Paid,2024-08-01
16231,7913,2024-10-26,97.73,Paid,2024-11-25
16232,6280,2024-10-28,299.94,Due,2024-11-27
16233,2372,2024-05-17,143.52,Due,2024-06-16
16234,2557,2024-10-15,337.16,Paid,2024-11-14
16235,3517,2025-04-18,81.79,Paid,2025-05-18
16236,1094,2025-01-25,233.85,Due,2025-02-24
16237,194,2024-11-24,410.01,Due,2024-12-24
16238,9356,2024-06-07,271.21,Overdue,2024-07-07
16239,2792,2024-06-18,41.11,Overdue,2024-07-18
16240,3116,2024-05-18,204.4,Paid,2024-06-17
16241,4151,2025-02-07,250.41,Overdue,2025-03-09
16242,722,2024-11-21,252.93,Due,2024-12-21
16243,1728,2025-04-05,52.89,Overdue,2025-05-05
16244,9439,2025-04-20,379.38,Overdue,2025-05-20
16245,8875,2024-11-22,357.02,Due,2024-12-22
16246,532,2025-01-07,30.68,Paid,2025-02-06
16247,7823,2024-07-14,164.0,Paid,2024-08-13
16248,7289,2024-08-21,271.07,Due,2024-09-20
16249,4907,2024-05-16,360.03,Overdue,2024-06-15
16250,9528,2025-03-05,169.37,Due,2025-04-04
16251,9646,2025-02-17,32.25,Paid,2025-03-19
16252,6796,2025-02-22,52.26,Overdue,2025-03-24
16253,8832,2025-01-11,457.14,Paid,2025-02-10
16254,1811,2025-04-07,454.91,Due,2025-05-07
16255,544,2024-05-06,241.55,Due,2024-06-05
16256,3136,2025-03-02,206.18,Overdue,2025-04-01
16257,2831,2024-09-01,294.11,Due,2024-10-01
16258,3643,2024-11-23,328.7,Overdue,2024-12-23
16259,6291,2025-01-01,411.13,Due,2025-01-31
16260,3566,2025-03-03,296.63,Paid,2025-04-02
16261,3086,2024-08-27,179.64,Due,2024-09-26
16262,4998,2025-02-16,356.89,Overdue,2025-03-18
16263,2262,2024-10-30,240.39,Due,2024-11-29
16264,3302,2024-06-12,215.96,Overdue,2024-07-12
16265,7225,2024-05-21,333.51,Paid,2024-06-20
16266,936,2025-04-14,377.54,Due,2025-05-14
16267,494,2024-07-10,462.67,Due,2024-08-09
16268,7579,2025-04-22,369.8,Paid,2025-05-22
16269,684,2024-04-30,82.78,Overdue,2024-05-30
16270,7191,2024-12-09,144.09,Paid,2025-01-08
16271,266,2025-01-26,355.64,Paid,2025-02-25
16272,3435,2025-01-18,148.7,Due,2025-02-17
16273,24,2025-02-27,130.28,Due,2025-03-29
16274,4675,2024-10-03,155.37,Due,2024-11-02
16275,4197,2025-02-28,459.66,Overdue,2025-03-30
16276,9579,2025-01-29,163.13,Paid,2025-02-28
16277,5327,2024-11-26,29.83,Due,2024-12-26
16278,4565,2025-04-19,375.29,Due,2025-05-19
16279,6709,2025-02-18,196.97,Overdue,2025-03-20
16280,8124,2024-06-12,141.89,Due,2024-07-12
16281,1114,2024-08-08,323.48,Due,2024-09-07
16282,7771,2024-12-22,478.61,Due,2025-01-21
16283,3635,2025-01-14,200.64,Due,2025-02-13
16284,8507,2024-08-20,217.37,Overdue,2024-09-19
16285,7240,2024-06-21,115.06,Due,2024-07-21
16286,3644,2025-04-24,39.92,Overdue,2025-05-24
16287,1552,2025-04-11,187.62,Overdue,2025-05-11
16288,336,2025-04-09,421.8,Paid,2025-05-09
16289,5179,2025-01-05,74.98,Overdue,2025-02-04
16290,78,2024-12-04,81.14,Overdue,2025-01-03
16291,5575,2024-05-26,161.0,Due,2024-06-25
16292,8595,2024-09-30,351.49,Due,2024-10-30
16293,6970,2024-10-03,48.44,Overdue,2024-11-02
16294,7883,2025-01-11,420.91,Paid,2025-02-10
16295,9812,2024-06-04,143.02,Overdue,2024-07-04
16296,2756,2024-06-01,330.77,Paid,2024-07-01
16297,5265,2024-11-03,119.28,Overdue,2024-12-03
16298,9453,2024-05-11,459.95,Overdue,2024-06-10
16299,2123,2024-07-28,469.34,Overdue,2024-08-27
16300,2263,2024-06-22,43.26,Due,2024-07-22
16301,8667,2024-10-25,200.38,Due,2024-11-24
16302,839,2024-06-24,308.96,Overdue,2024-07-24
16303,2431,2025-02-25,375.56,Due,2025-03-27
16304,253,2024-09-12,398.95,Overdue,2024-10-12
16305,1992,2025-04-19,495.12,Overdue,2025-05-19
16306,2882,2024-07-11,435.41,Due,2024-08-10
16307,354,2024-08-16,404.33,Overdue,2024-09-15
16308,705,2025-01-17,192.79,Paid,2025-02-16
16309,3153,2024-10-30,37.62,Due,2024-11-29
16310,102,2024-09-11,200.12,Due,2024-10-11
16311,3131,2024-09-18,403.4,Overdue,2024-10-18
16312,8429,2025-02-01,483.66,Overdue,2025-03-03
16313,5376,2024-08-16,229.96,Overdue,2024-09-15
16314,594,2024-05-25,190.96,Paid,2024-06-24
16315,9666,2024-10-03,269.74,Paid,2024-11-02
16316,1509,2025-01-09,308.61,Paid,2025-02-08
16317,9385,2024-07-05,289.75,Due,2024-08-04
16318,124,2025-03-09,489.98,Paid,2025-04-08
16319,9299,2025-02-21,486.61,Paid,2025-03-23
16320,8576,2024-10-05,346.12,Overdue,2024-11-04
16321,3413,2024-06-04,236.01,Overdue,2024-07-04
16322,3370,2024-12-09,38.79,Paid,2025-01-08
16323,206,2024-08-05,499.19,Paid,2024-09-04
16324,7239,2025-02-18,156.04,Due,2025-03-20
16325,531,2024-11-16,400.63,Due,2024-12-16
16326,2536,2024-10-29,367.85,Due,2024-11-28
16327,6432,2024-12-12,139.72,Overdue,2025-01-11
16328,7170,2025-01-29,116.43,Paid,2025-02-28
16329,6773,2025-03-28,272.01,Overdue,2025-04-27
16330,4058,2024-09-05,261.6,Overdue,2024-10-05
16331,417,2024-08-22,203.32,Paid,2024-09-21
16332,157,2024-05-22,167.25,Overdue,2024-06-21
16333,158,2025-03-22,476.19,Overdue,2025-04-21
16334,1080,2024-09-25,267.33,Overdue,2024-10-25
16335,6286,2024-09-21,137.23,Overdue,2024-10-21
16336,5813,2024-05-21,199.52,Overdue,2024-06-20
16337,6161,2025-03-18,220.1,Due,2025-04-17
16338,6888,2025-01-12,152.8,Overdue,2025-02-11
16339,4769,2024-07-17,11.14,Due,2024-08-16
16340,2991,2024-12-03,188.38,Overdue,2025-01-02
16341,6889,2024-08-27,271.29,Overdue,2024-09-26
16342,4296,2024-10-29,172.17,Due,2024-11-28
16343,7812,2024-12-24,374.11,Paid,2025-01-23
16344,1898,2024-07-11,366.92,Overdue,2024-08-10
16345,52,2024-09-14,302.61,Overdue,2024-10-14
16346,7794,2024-09-14,26.43,Paid,2024-10-14
16347,7559,2025-02-12,476.35,Overdue,2025-03-14
16348,1114,2025-03-09,208.06,Overdue,2025-04-08
16349,4238,2025-01-24,149.1,Paid,2025-02-23
16350,8834,2024-05-12,285.9,Paid,2024-06-11
16351,3724,2025-01-13,209.85,Paid,2025-02-12
16352,565,2024-07-27,393.01,Overdue,2024-08-26
16353,8905,2024-05-05,356.97,Paid,2024-06-04
16354,1926,2024-10-17,478.95,Due,2024-11-16
16355,4200,2024-07-28,148.65,Overdue,2024-08-27
16356,678,2025-01-19,423.5,Paid,2025-02-18
16357,4370,2024-12-04,129.08,Overdue,2025-01-03
16358,5493,2025-02-04,223.78,Due,2025-03-06
16359,7011,2024-11-15,13.83,Overdue,2024-12-15
16360,994,2024-05-23,148.81,Due,2024-06-22
16361,4029,2025-04-22,354.24,Due,2025-05-22
16362,7870,2024-05-02,490.29,Overdue,2024-06-01
16363,6813,2024-06-13,86.64,Paid,2024-07-13
16364,7736,2024-05-22,228.97,Overdue,2024-06-21
16365,6852,2024-08-03,131.93,Overdue,2024-09-02
16366,9620,2024-07-24,229.34,Paid,2024-08-23
16367,2501,2024-11-15,303.96,Paid,2024-12-15
16368,9377,2024-12-23,337.28,Paid,2025-01-22
16369,8717,2024-10-01,383.8,Paid,2024-10-31
16370,3561,2024-05-13,269.95,Paid,2024-06-12
16371,486,2025-03-11,272.89,Paid,2025-04-10
16372,8605,2024-11-07,313.26,Overdue,2024-12-07
16373,1159,2024-09-16,439.88,Paid,2024-10-16
16374,203,2025-01-20,333.11,Overdue,2025-02-19
16375,1874,2024-09-26,114.46,Paid,2024-10-26
16376,3460,2024-12-29,228.4,Overdue,2025-01-28
16377,1216,2025-03-07,11.65,Paid,2025-04-06
16378,1408,2024-06-30,443.46,Due,2024-07-30
16379,2914,2025-04-19,365.88,Due,2025-05-19
16380,7627,2024-12-27,328.51,Paid,2025-01-26
16381,196,2025-01-08,495.33,Overdue,2025-02-07
16382,5934,2025-02-16,291.36,Overdue,2025-03-18
16383,6955,2025-04-25,219.49,Overdue,2025-05-25
16384,9666,2024-06-13,418.77,Overdue,2024-07-13
16385,1846,2024-06-09,85.98,Paid,2024-07-09
16386,9187,2024-05-07,468.29,Paid,2024-06-06
16387,6392,2024-12-06,378.36,Due,2025-01-05
16388,5805,2024-07-22,398.4,Overdue,2024-08-21
16389,3261,2025-02-18,157.04,Paid,2025-03-20
16390,487,2024-12-31,333.3,Due,2025-01-30
16391,1925,2025-01-03,445.38,Due,2025-02-02
16392,8669,2024-10-04,350.47,Paid,2024-11-03
16393,8646,2024-12-12,354.18,Overdue,2025-01-11
16394,7223,2025-03-08,121.65,Paid,2025-04-07
16395,2182,2024-05-24,125.54,Overdue,2024-06-23
16396,4774,2025-04-01,138.0,Due,2025-05-01
16397,1227,2025-03-10,358.22,Overdue,2025-04-09
16398,5391,2024-09-05,75.53,Paid,2024-10-05
16399,5880,2024-10-24,491.26,Paid,2024-11-23
16400,2205,2024-11-03,68.6,Due,2024-12-03
16401,3592,2025-04-19,239.56,Due,2025-05-19
16402,3084,2025-03-04,313.05,Paid,2025-04-03
16403,5533,2024-11-07,465.18,Overdue,2024-12-07
16404,882,2024-06-04,73.44,Due,2024-07-04
16405,447,2024-05-08,488.76,Due,2024-06-07
16406,652,2024-07-30,104.57,Due,2024-08-29
16407,4293,2025-01-12,352.48,Due,2025-02-11
16408,9952,2024-08-12,137.46,Overdue,2024-09-11
16409,5659,2025-03-14,294.86,Due,2025-04-13
16410,8961,2025-03-03,171.77,Paid,2025-04-02
16411,7413,2024-06-27,168.33,Overdue,2024-07-27
16412,9138,2024-05-06,223.3,Paid,2024-06-05
16413,6491,2024-08-26,73.02,Overdue,2024-09-25
16414,9771,2024-06-27,284.49,Due,2024-07-27
16415,1567,2024-09-21,450.42,Overdue,2024-10-21
16416,890,2025-02-03,93.33,Overdue,2025-03-05
16417,5606,2024-07-17,79.76,Due,2024-08-16
16418,8818,2024-09-10,321.37,Due,2024-10-10
16419,5102,2024-11-19,411.37,Overdue,2024-12-19
16420,4352,2025-03-23,398.51,Due,2025-04-22
16421,7003,2024-09-25,259.71,Overdue,2024-10-25
16422,2695,2024-11-19,415.86,Paid,2024-12-19
16423,2216,2024-11-09,463.6,Paid,2024-12-09
16424,8278,2025-04-19,110.45,Paid,2025-05-19
16425,1428,2024-12-22,378.84,Overdue,2025-01-21
16426,1868,2024-11-02,155.4,Due,2024-12-02
16427,8265,2024-06-15,236.9,Paid,2024-07-15
16428,2409,2025-04-02,416.29,Overdue,2025-05-02
16429,3162,2024-05-29,476.36,Paid,2024-06-28
16430,4276,2025-04-05,267.59,Paid,2025-05-05
16431,8314,2024-11-03,25.85,Due,2024-12-03
16432,9199,2024-06-01,48.25,Overdue,2024-07-01
16433,3665,2025-04-03,425.84,Due,2025-05-03
16434,6565,2024-06-16,206.78,Paid,2024-07-16
16435,1696,2024-06-14,349.13,Overdue,2024-07-14
16436,510,2025-04-18,483.86,Due,2025-05-18
16437,3685,2025-01-17,404.63,Due,2025-02-16
16438,8863,2024-10-23,10.17,Paid,2024-11-22
16439,7050,2024-12-29,291.41,Due,2025-01-28
16440,7966,2024-05-16,72.64,Due,2024-06-15
16441,930,2024-05-10,373.84,Overdue,2024-06-09
16442,8464,2024-07-15,373.71,Paid,2024-08-14
16443,8600,2024-06-14,83.75,Due,2024-07-14
16444,5433,2025-01-19,275.07,Due,2025-02-18
16445,669,2024-08-31,138.9,Due,2024-09-30
16446,5161,2025-03-24,488.72,Due,2025-04-23
16447,6467,2025-02-05,352.36,Paid,2025-03-07
16448,223,2025-03-11,452.28,Paid,2025-04-10
16449,7327,2024-10-15,166.2,Overdue,2024-11-14
16450,6461,2024-10-26,395.77,Paid,2024-11-25
16451,6977,2024-09-23,333.44,Overdue,2024-10-23
16452,2265,2024-10-31,325.93,Due,2024-11-30
16453,1092,2024-12-13,331.54,Overdue,2025-01-12
16454,4558,2024-07-28,395.89,Paid,2024-08-27
16455,691,2024-05-27,221.23,Paid,2024-06-26
16456,8166,2024-06-17,435.72,Paid,2024-07-17
16457,2360,2025-04-26,99.95,Paid,2025-05-26
16458,7127,2024-09-04,297.92,Paid,2024-10-04
16459,9028,2025-01-12,165.0,Due,2025-02-11
16460,8777,2024-11-10,231.2,Due,2024-12-10
16461,6294,2024-05-18,270.13,Overdue,2024-06-17
16462,6074,2024-06-15,84.42,Overdue,2024-07-15
16463,9559,2024-12-15,330.27,Paid,2025-01-14
16464,996,2024-05-02,91.36,Paid,2024-06-01
16465,6082,2024-05-09,383.85,Due,2024-06-08
16466,6656,2025-01-03,293.02,Overdue,2025-02-02
16467,4773,2024-07-09,265.09,Paid,2024-08-08
16468,1880,2025-02-03,196.96,Paid,2025-03-05
16469,8809,2024-10-13,213.09,Paid,2024-11-12
16470,9777,2024-07-27,445.18,Paid,2024-08-26
16471,4130,2024-08-24,459.89,Due,2024-09-23
16472,3857,2025-03-18,72.84,Due,2025-04-17
16473,32,2024-10-28,251.27,Due,2024-11-27
16474,6132,2025-03-06,20.89,Paid,2025-04-05
16475,8199,2024-05-14,46.01,Due,2024-06-13
16476,2231,2025-02-17,13.18,Paid,2025-03-19
16477,7840,2025-02-14,261.26,Overdue,2025-03-16
16478,4265,2025-04-17,427.5,Paid,2025-05-17
16479,7374,2025-01-24,313.36,Overdue,2025-02-23
16480,9916,2024-12-24,395.49,Paid,2025-01-23
16481,7176,2024-06-11,196.01,Due,2024-07-11
16482,2902,2024-08-10,385.68,Overdue,2024-09-09
16483,6419,2024-06-26,277.46,Paid,2024-07-26
16484,1775,2025-01-22,337.28,Overdue,2025-02-21
16485,6613,2024-11-08,96.35,Paid,2024-12-08
16486,8442,2025-03-18,180.25,Paid,2025-04-17
16487,8053,2024-10-01,193.29,Paid,2024-10-31
16488,9500,2025-01-14,394.2,Due,2025-02-13
16489,780,2024-11-22,35.58,Overdue,2024-12-22
16490,2106,2024-05-22,279.43,Paid,2024-06-21
16491,5521,2025-01-21,89.99,Overdue,2025-02-20
16492,7422,2024-08-06,241.81,Overdue,2024-09-05
16493,9847,2025-03-18,220.95,Paid,2025-04-17
16494,7658,2025-04-02,449.24,Paid,2025-05-02
16495,4417,2024-07-11,446.5,Overdue,2024-08-10
16496,9245,2025-01-30,300.98,Paid,2025-03-01
16497,3864,2025-03-31,321.12,Paid,2025-04-30
16498,6973,2024-11-06,207.24,Due,2024-12-06
16499,6170,2025-04-19,475.78,Paid,2025-05-19
16500,7164,2024-08-27,342.03,Overdue,2024-09-26
16501,6960,2024-06-29,110.94,Overdue,2024-07-29
16502,842,2024-11-06,117.23,Overdue,2024-12-06
16503,2184,2025-04-03,299.09,Overdue,2025-05-03
16504,2615,2024-08-19,245.89,Paid,2024-09-18
16505,8884,2024-10-04,190.84,Due,2024-11-03
16506,8778,2024-06-04,25.23,Due,2024-07-04
16507,5960,2025-04-29,445.08,Paid,2025-05-29
16508,956,2024-07-04,313.02,Due,2024-08-03
16509,8604,2024-07-01,166.04,Overdue,2024-07-31
16510,1693,2025-01-28,459.24,Paid,2025-02-27
16511,8510,2025-02-07,27.1,Paid,2025-03-09
16512,3206,2025-03-05,393.08,Overdue,2025-04-04
16513,110,2024-10-03,298.86,Due,2024-11-02
16514,5362,2025-04-20,233.35,Overdue,2025-05-20
16515,4961,2024-09-25,433.87,Due,2024-10-25
16516,3367,2025-02-16,406.29,Due,2025-03-18
16517,2920,2025-04-29,25.45,Overdue,2025-05-29
16518,1988,2024-10-26,155.05,Overdue,2024-11-25
16519,6783,2024-11-07,432.41,Paid,2024-12-07
16520,4646,2024-06-10,418.01,Due,2024-07-10
16521,979,2024-12-25,111.22,Due,2025-01-24
16522,2048,2025-01-05,454.49,Paid,2025-02-04
16523,6299,2025-01-21,241.59,Overdue,2025-02-20
16524,6725,2024-08-28,376.75,Overdue,2024-09-27
16525,5248,2025-04-24,462.23,Paid,2025-05-24
16526,5255,2024-09-09,209.09,Paid,2024-10-09
16527,2179,2024-09-15,197.11,Overdue,2024-10-15
16528,1847,2024-06-28,88.18,Due,2024-07-28
16529,5597,2025-02-01,422.89,Due,2025-03-03
16530,220,2024-06-02,245.56,Overdue,2024-07-02
16531,6144,2024-10-22,395.21,Overdue,2024-11-21
16532,2693,2024-08-10,101.98,Due,2024-09-09
16533,2058,2024-10-03,398.81,Due,2024-11-02
16534,5768,2025-02-23,107.45,Paid,2025-03-25
16535,7682,2025-01-10,178.78,Paid,2025-02-09
16536,2994,2025-01-03,309.6,Overdue,2025-02-02
16537,7084,2025-02-09,329.63,Due,2025-03-11
16538,3484,2024-09-30,252.18,Paid,2024-10-30
16539,1177,2025-04-18,310.53,Due,2025-05-18
16540,5116,2024-08-06,148.56,Due,2024-09-05
16541,5377,2025-02-12,381.56,Overdue,2025-03-14
16542,4289,2024-08-15,466.59,Overdue,2024-09-14
16543,9989,2024-06-17,429.06,Due,2024-07-17
16544,6778,2024-10-02,187.44,Paid,2024-11-01
16545,6515,2024-11-24,175.19,Overdue,2024-12-24
16546,5765,2024-06-06,342.81,Overdue,2024-07-06
16547,1475,2025-01-05,42.99,Overdue,2025-02-04
16548,7948,2025-03-24,60.5,Overdue,2025-04-23
16549,8842,2024-07-19,110.17,Overdue,2024-08-18
16550,5569,2024-05-12,342.59,Overdue,2024-06-11
16551,6876,2025-04-17,206.56,Overdue,2025-05-17
16552,6042,2025-04-23,336.78,Overdue,2025-05-23
16553,9556,2024-09-01,145.0,Due,2024-10-01
16554,5029,2024-06-11,221.52,Overdue,2024-07-11
16555,1162,2025-04-11,358.48,Overdue,2025-05-11
16556,6175,2024-05-29,364.77,Overdue,2024-06-28
16557,4269,2024-10-26,98.49,Overdue,2024-11-25
16558,6424,2025-03-09,111.97,Overdue,2025-04-08
16559,3677,2024-05-04,104.49,Paid,2024-06-03
16560,2675,2024-07-27,239.92,Paid,2024-08-26
16561,4576,2024-09-28,424.29,Overdue,2024-10-28
16562,7213,2025-04-14,434.33,Overdue,2025-05-14
16563,643,2024-09-16,161.41,Due,2024-10-16
16564,2252,2024-11-21,234.39,Paid,2024-12-21
16565,9524,2024-10-27,272.39,Overdue,2024-11-26
16566,937,2024-09-18,488.81,Overdue,2024-10-18
16567,7633,2024-12-09,150.52,Paid,2025-01-08
16568,9386,2024-06-06,84.68,Overdue,2024-07-06
16569,8568,2024-09-29,192.0,Due,2024-10-29
16570,1631,2025-03-24,443.14,Due,2025-04-23
16571,537,2024-10-30,48.44,Overdue,2024-11-29
16572,3484,2025-01-29,223.2,Overdue,2025-02-28
16573,7192,2024-05-30,168.51,Overdue,2024-06-29
16574,2465,2025-04-21,178.78,Due,2025-05-21
16575,4534,2024-12-07,136.31,Due,2025-01-06
16576,3826,2025-04-20,134.8,Paid,2025-05-20
16577,3998,2024-11-27,423.77,Paid,2024-12-27
16578,4851,2024-07-24,297.44,Paid,2024-08-23
16579,7390,2025-02-11,449.64,Paid,2025-03-13
16580,4845,2024-06-23,352.03,Due,2024-07-23
16581,6899,2024-11-11,475.3,Due,2024-12-11
16582,7425,2025-01-09,26.99,Due,2025-02-08
16583,8121,2024-12-10,254.01,Overdue,2025-01-09
16584,9565,2025-04-19,130.99,Due,2025-05-19
16585,9887,2025-03-24,449.38,Due,2025-04-23
16586,1358,2025-03-14,470.65,Due,2025-04-13
16587,4562,2025-02-18,127.69,Overdue,2025-03-20
16588,3402,2024-09-25,423.47,Paid,2024-10-25
16589,4794,2024-07-19,402.24,Due,2024-08-18
16590,251,2025-03-26,179.52,Due,2025-04-25
16591,5132,2024-11-04,215.32,Paid,2024-12-04
16592,1318,2024-11-13,371.62,Overdue,2024-12-13
16593,8822,2024-11-16,348.1,Paid,2024-12-16
16594,2689,2024-06-06,420.65,Due,2024-07-06
16595,8771,2024-12-06,400.51,Overdue,2025-01-05
16596,3671,2024-10-05,124.77,Paid,2024-11-04
16597,8812,2024-06-25,483.76,Overdue,2024-07-25
16598,5797,2025-01-20,274.02,Paid,2025-02-19
16599,3740,2024-05-10,360.19,Paid,2024-06-09
16600,2790,2025-02-19,137.37,Paid,2025-03-21
16601,7372,2024-09-02,185.95,Paid,2024-10-02
16602,5066,2025-02-18,138.68,Overdue,2025-03-20
16603,9669,2025-03-28,121.9,Overdue,2025-04-27
16604,8568,2024-06-01,482.65,Due,2024-07-01
16605,2186,2024-12-13,437.61,Due,2025-01-12
16606,9348,2024-09-10,248.98,Overdue,2024-10-10
16607,8013,2024-11-01,17.14,Due,2024-12-01
16608,5877,2024-08-02,66.13,Due,2024-09-01
16609,5307,2024-05-01,243.82,Paid,2024-05-31
16610,6269,2024-07-12,276.41,Due,2024-08-11
16611,984,2024-06-28,320.62,Overdue,2024-07-28
16612,3903,2024-11-08,181.97,Overdue,2024-12-08
16613,6654,2024-12-02,400.38,Overdue,2025-01-01
16614,8022,2025-04-24,58.95,Paid,2025-05-24
16615,4406,2025-03-05,345.8,Due,2025-04-04
16616,4441,2024-07-13,371.91,Due,2024-08-12
16617,674,2025-01-26,309.22,Overdue,2025-02-25
16618,2922,2025-01-17,217.77,Due,2025-02-16
16619,7864,2024-11-13,280.88,Overdue,2024-12-13
16620,8045,2024-08-16,218.82,Due,2024-09-15
16621,4448,2024-05-10,39.94,Due,2024-06-09
16622,2392,2025-04-09,437.54,Due,2025-05-09
16623,9105,2024-12-07,333.19,Overdue,2025-01-06
16624,2,2024-05-01,75.82,Overdue,2024-05-31
16625,2017,2024-07-09,203.91,Paid,2024-08-08
16626,6999,2024-09-13,330.02,Paid,2024-10-13
16627,9658,2024-10-14,474.49,Overdue,2024-11-13
16628,8795,2025-03-02,148.54,Overdue,2025-04-01
16629,8356,2024-05-19,299.92,Paid,2024-06-18
16630,4797,2025-01-29,151.9,Paid,2025-02-28
16631,3714,2024-11-19,461.94,Paid,2024-12-19
16632,7966,2025-02-24,46.2,Overdue,2025-03-26
16633,713,2024-07-01,188.84,Paid,2024-07-31
16634,9178,2024-06-06,461.78,Due,2024-07-06
16635,9902,2025-02-24,182.89,Overdue,2025-03-26
16636,979,2024-09-04,445.18,Paid,2024-10-04
16637,1422,2024-11-26,410.72,Paid,2024-12-26
16638,2345,2024-07-22,89.82,Due,2024-08-21
16639,4911,2024-05-04,321.69,Overdue,2024-06-03
16640,5033,2024-12-31,272.33,Overdue,2025-01-30
16641,7022,2025-02-10,202.86,Overdue,2025-03-12
16642,1680,2024-08-05,160.52,Overdue,2024-09-04
16643,1405,2025-04-08,223.28,Overdue,2025-05-08
16644,8611,2024-06-13,424.81,Paid,2024-07-13
16645,3657,2024-12-07,397.25,Overdue,2025-01-06
16646,5278,2024-09-29,273.01,Paid,2024-10-29
16647,946,2025-04-16,32.23,Overdue,2025-05-16
16648,4633,2025-04-13,452.7,Overdue,2025-05-13
16649,8029,2024-08-12,189.24,Overdue,2024-09-11
16650,6599,2024-08-10,329.29,Overdue,2024-09-09
16651,2508,2024-05-06,383.0,Due,2024-06-05
16652,3443,2025-01-11,416.33,Paid,2025-02-10
16653,7321,2024-11-24,311.25,Paid,2024-12-24
16654,7109,2024-08-29,87.25,Due,2024-09-28
16655,8652,2025-03-21,209.73,Paid,2025-04-20
16656,4934,2024-06-12,143.29,Due,2024-07-12
16657,5214,2024-09-30,453.85,Due,2024-10-30
16658,9141,2024-10-29,149.61,Paid,2024-11-28
16659,6499,2024-05-04,313.14,Due,2024-06-03
16660,4922,2025-04-05,387.05,Paid,2025-05-05
16661,4177,2025-04-04,283.31,Due,2025-05-04
16662,3262,2024-12-27,125.91,Paid,2025-01-26
16663,993,2025-02-12,465.67,Due,2025-03-14
16664,6302,2024-05-11,104.1,Due,2024-06-10
16665,8352,2024-05-13,79.49,Paid,2024-06-12
16666,4132,2025-01-05,34.64,Due,2025-02-04
16667,1257,2024-11-12,97.72,Due,2024-12-12
16668,7786,2024-12-25,156.08,Due,2025-01-24
16669,76,2024-12-28,27.72,Overdue,2025-01-27
16670,1916,2025-04-10,349.21,Overdue,2025-05-10
16671,3269,2024-06-24,484.02,Paid,2024-07-24
16672,4384,2024-06-08,430.55,Overdue,2024-07-08
16673,3387,2024-11-02,83.19,Overdue,2024-12-02
16674,9239,2025-04-03,261.01,Paid,2025-05-03
16675,5235,2024-08-05,46.73,Overdue,2024-09-04
16676,8464,2024-11-01,382.13,Overdue,2024-12-01
16677,8965,2025-03-01,474.25,Paid,2025-03-31
16678,996,2025-02-11,427.86,Paid,2025-03-13
16679,2282,2024-11-21,238.61,Due,2024-12-21
16680,8554,2025-02-06,254.66,Paid,2025-03-08
16681,9605,2025-03-01,351.13,Paid,2025-03-31
16682,7147,2025-02-24,325.46,Overdue,2025-03-26
16683,6641,2024-09-03,483.57,Overdue,2024-10-03
16684,7478,2025-03-18,268.75,Paid,2025-04-17
16685,2648,2024-07-19,282.78,Overdue,2024-08-18
16686,5078,2024-10-15,85.94,Paid,2024-11-14
16687,9230,2025-04-14,205.95,Due,2025-05-14
16688,6913,2024-09-29,21.46,Overdue,2024-10-29
16689,7177,2025-02-13,221.64,Overdue,2025-03-15
16690,8069,2024-09-20,470.43,Overdue,2024-10-20
16691,814,2025-03-08,37.59,Overdue,2025-04-07
16692,3325,2024-06-03,262.47,Overdue,2024-07-03
16693,6592,2024-12-21,365.02,Paid,2025-01-20
16694,3030,2025-02-07,326.73,Overdue,2025-03-09
16695,8400,2024-08-16,92.32,Overdue,2024-09-15
16696,1502,2024-09-17,305.14,Overdue,2024-10-17
16697,5907,2024-12-30,131.07,Overdue,2025-01-29
16698,1047,2024-10-24,249.87,Due,2024-11-23
16699,9399,2024-05-20,151.8,Overdue,2024-06-19
16700,815,2024-05-31,137.85,Overdue,2024-06-30
16701,404,2025-02-01,314.55,Due,2025-03-03
16702,9972,2024-05-21,267.43,Paid,2024-06-20
16703,8181,2024-07-06,107.49,Overdue,2024-08-05
16704,2315,2024-06-03,99.35,Paid,2024-07-03
16705,8471,2024-11-01,310.87,Overdue,2024-12-01
16706,7136,2024-12-19,465.16,Overdue,2025-01-18
16707,3139,2024-06-09,381.39,Overdue,2024-07-09
16708,3834,2024-05-09,279.16,Overdue,2024-06-08
16709,9164,2024-05-25,180.44,Paid,2024-06-24
16710,1004,2025-02-10,261.72,Overdue,2025-03-12
16711,3969,2025-01-28,370.79,Paid,2025-02-27
16712,2858,2024-09-05,85.44,Overdue,2024-10-05
16713,7516,2024-11-02,80.17,Paid,2024-12-02
16714,7376,2025-02-24,378.47,Paid,2025-03-26
16715,9209,2024-12-04,182.92,Due,2025-01-03
16716,7899,2025-01-30,463.99,Paid,2025-03-01
16717,6485,2024-10-13,133.69,Paid,2024-11-12
16718,2563,2024-07-01,45.29,Overdue,2024-07-31
16719,2183,2024-05-22,225.12,Overdue,2024-06-21
16720,4090,2024-07-01,212.93,Due,2024-07-31
16721,5798,2024-09-19,78.27,Due,2024-10-19
16722,3328,2024-11-28,441.6,Due,2024-12-28
16723,7377,2024-10-10,389.49,Due,2024-11-09
16724,4268,2025-03-29,17.33,Overdue,2025-04-28
16725,7578,2024-07-14,26.84,Overdue,2024-08-13
16726,4457,2024-05-11,319.64,Paid,2024-06-10
16727,9427,2025-01-23,461.08,Due,2025-02-22
16728,9516,2024-12-18,392.69,Due,2025-01-17
16729,9107,2025-03-21,368.69,Overdue,2025-04-20
16730,509,2024-10-31,29.01,Due,2024-11-30
16731,603,2025-04-09,207.54,Paid,2025-05-09
16732,787,2024-11-06,52.89,Overdue,2024-12-06
16733,4561,2024-06-01,14.4,Paid,2024-07-01
16734,322,2025-04-24,302.5,Due,2025-05-24
16735,1451,2025-04-17,65.53,Due,2025-05-17
16736,7128,2024-06-17,192.75,Due,2024-07-17
16737,3010,2025-03-04,194.61,Overdue,2025-04-03
16738,4852,2025-03-16,407.51,Paid,2025-04-15
16739,3167,2025-01-11,145.15,Paid,2025-02-10
16740,7893,2025-04-22,29.96,Overdue,2025-05-22
16741,3918,2024-10-18,376.62,Overdue,2024-11-17
16742,5368,2025-03-13,310.67,Paid,2025-04-12
16743,5741,2024-10-11,499.13,Overdue,2024-11-10
16744,9964,2025-03-23,357.64,Due,2025-04-22
16745,161,2024-06-23,199.41,Paid,2024-07-23
16746,6657,2025-03-28,56.27,Due,2025-04-27
16747,7161,2024-08-17,469.45,Overdue,2024-09-16
16748,5474,2025-01-14,298.81,Overdue,2025-02-13
16749,6463,2024-08-10,376.67,Paid,2024-09-09
16750,4656,2024-06-25,241.96,Overdue,2024-07-25
16751,7918,2024-05-30,145.08,Paid,2024-06-29
16752,8157,2024-05-04,417.97,Paid,2024-06-03
16753,440,2024-05-01,446.78,Paid,2024-05-31
16754,2225,2025-01-23,486.85,Overdue,2025-02-22
16755,9991,2024-05-28,437.39,Due,2024-06-27
16756,674,2025-01-20,182.52,Paid,2025-02-19
16757,8591,2024-12-18,263.9,Overdue,2025-01-17
16758,300,2024-05-14,16.87,Overdue,2024-06-13
16759,2887,2024-12-15,371.0,Overdue,2025-01-14
16760,3094,2024-12-20,418.65,Overdue,2025-01-19
16761,5330,2024-07-01,450.64,Paid,2024-07-31
16762,2275,2024-11-28,188.87,Due,2024-12-28
16763,6625,2024-07-20,209.57,Due,2024-08-19
16764,4360,2024-08-12,243.35,Due,2024-09-11
16765,8326,2024-10-08,171.89,Due,2024-11-07
16766,1746,2024-11-30,199.88,Overdue,2024-12-30
16767,1925,2024-05-05,239.43,Overdue,2024-06-04
16768,3092,2024-11-01,111.0,Paid,2024-12-01
16769,762,2024-11-07,487.32,Paid,2024-12-07
16770,5219,2025-03-02,259.25,Due,2025-04-01
16771,5746,2024-07-03,11.26,Paid,2024-08-02
16772,4312,2025-02-14,467.16,Due,2025-03-16
16773,295,2025-04-04,287.6,Overdue,2025-05-04
16774,7093,2024-12-11,261.14,Paid,2025-01-10
16775,3915,2025-02-21,211.8,Due,2025-03-23
16776,7034,2024-07-11,395.21,Paid,2024-08-10
16777,8877,2025-01-22,245.52,Overdue,2025-02-21
16778,551,2024-10-05,294.75,Due,2024-11-04
16779,5070,2025-04-13,213.99,Overdue,2025-05-13
16780,9217,2024-08-31,183.66,Overdue,2024-09-30
16781,5141,2024-11-03,261.58,Overdue,2024-12-03
16782,3050,2024-05-10,457.51,Due,2024-06-09
16783,502,2025-03-15,429.76,Due,2025-04-14
16784,6066,2024-09-10,98.27,Paid,2024-10-10
16785,4054,2024-10-21,111.23,Paid,2024-11-20
16786,6699,2024-11-02,263.41,Due,2024-12-02
16787,1871,2024-11-24,224.1,Overdue,2024-12-24
16788,8280,2025-03-02,36.19,Overdue,2025-04-01
16789,1225,2024-11-16,152.28,Due,2024-12-16
16790,2707,2024-09-24,100.93,Due,2024-10-24
16791,805,2024-05-30,233.24,Overdue,2024-06-29
16792,1711,2024-09-23,144.12,Due,2024-10-23
16793,7047,2024-10-22,227.58,Overdue,2024-11-21
16794,3152,2024-05-07,242.78,Due,2024-06-06
16795,9270,2024-08-11,64.17,Paid,2024-09-10
16796,7328,2025-04-16,70.54,Overdue,2025-05-16
16797,8943,2025-02-04,372.56,Overdue,2025-03-06
16798,1144,2025-03-31,167.42,Paid,2025-04-30
16799,7190,2024-08-29,456.31,Due,2024-09-28
16800,8894,2025-04-13,414.19,Due,2025-05-13
16801,150,2024-08-21,161.75,Due,2024-09-20
16802,9820,2024-09-22,174.52,Due,2024-10-22
16803,4875,2024-10-25,265.24,Due,2024-11-24
16804,7864,2024-12-16,25.44,Paid,2025-01-15
16805,1760,2024-06-27,289.72,Paid,2024-07-27
16806,8253,2024-07-10,152.43,Due,2024-08-09
16807,5347,2024-10-04,461.19,Due,2024-11-03
16808,7339,2024-09-21,60.43,Due,2024-10-21
16809,9378,2024-08-18,395.81,Paid,2024-09-17
16810,376,2024-08-26,473.59,Due,2024-09-25
16811,2364,2025-01-27,192.08,Paid,2025-02-26
16812,3770,2024-06-22,251.07,Overdue,2024-07-22
16813,5372,2024-08-16,236.4,Paid,2024-09-15
16814,935,2024-12-17,428.44,Paid,2025-01-16
16815,4327,2025-01-07,434.4,Overdue,2025-02-06
16816,4199,2025-03-16,415.44,Overdue,2025-04-15
16817,6191,2025-01-29,430.88,Overdue,2025-02-28
16818,1362,2025-01-12,379.94,Paid,2025-02-11
16819,1003,2024-10-24,433.34,Overdue,2024-11-23
16820,4400,2025-04-23,438.95,Overdue,2025-05-23
16821,2844,2024-07-28,147.05,Due,2024-08-27
16822,9160,2024-10-12,459.3,Due,2024-11-11
16823,1433,2025-01-17,423.84,Overdue,2025-02-16
16824,4363,2025-04-01,270.28,Overdue,2025-05-01
16825,2705,2025-04-10,401.09,Paid,2025-05-10
16826,3917,2024-07-23,164.64,Paid,2024-08-22
16827,8617,2025-04-12,222.01,Paid,2025-05-12
16828,5147,2025-01-05,309.37,Paid,2025-02-04
16829,9766,2024-06-25,108.07,Overdue,2024-07-25
16830,9845,2024-12-06,51.48,Due,2025-01-05
16831,2077,2024-05-14,477.84,Due,2024-06-13
16832,7820,2024-08-02,419.58,Paid,2024-09-01
16833,4410,2024-10-24,456.74,Paid,2024-11-23
16834,1829,2024-11-14,270.42,Due,2024-12-14
16835,8708,2024-07-14,17.01,Paid,2024-08-13
16836,7801,2024-08-11,405.21,Paid,2024-09-10
16837,1232,2024-06-02,302.86,Overdue,2024-07-02
16838,9923,2024-09-20,84.23,Due,2024-10-20
16839,1453,2024-05-30,419.32,Overdue,2024-06-29
16840,630,2024-07-01,363.7,Overdue,2024-07-31
16841,4942,2024-10-22,470.88,Overdue,2024-11-21
16842,2607,2025-01-23,231.25,Due,2025-02-22
16843,9018,2024-11-14,163.61,Paid,2024-12-14
16844,8984,2024-09-19,94.58,Paid,2024-10-19
16845,9726,2025-02-06,61.7,Paid,2025-03-08
16846,4328,2024-06-07,283.9,Overdue,2024-07-07
16847,6518,2025-04-06,382.86,Overdue,2025-05-06
16848,241,2025-02-04,366.58,Overdue,2025-03-06
16849,4389,2025-03-07,90.66,Overdue,2025-04-06
16850,4206,2024-05-27,473.45,Paid,2024-06-26
16851,3876,2025-02-09,249.86,Overdue,2025-03-11
16852,292,2024-10-21,309.59,Due,2024-11-20
16853,4191,2025-03-13,70.91,Due,2025-04-12
16854,1070,2025-01-23,75.89,Paid,2025-02-22
16855,2469,2025-01-07,469.51,Paid,2025-02-06
16856,3724,2025-03-23,370.77,Paid,2025-04-22
16857,5885,2025-01-17,180.5,Paid,2025-02-16
16858,9512,2024-12-29,277.01,Paid,2025-01-28
16859,9453,2025-02-20,109.27,Due,2025-03-22
16860,6831,2025-03-06,110.29,Paid,2025-04-05
16861,2177,2024-07-19,383.87,Due,2024-08-18
16862,1576,2025-02-03,453.54,Overdue,2025-03-05
16863,2712,2024-12-20,120.71,Due,2025-01-19
16864,2594,2024-07-22,388.67,Due,2024-08-21
16865,7119,2025-02-22,498.67,Overdue,2025-03-24
16866,8524,2025-02-14,64.82,Paid,2025-03-16
16867,362,2024-10-24,214.84,Due,2024-11-23
16868,659,2025-03-04,192.62,Paid,2025-04-03
16869,6844,2025-02-18,100.79,Paid,2025-03-20
16870,1142,2024-10-13,381.32,Paid,2024-11-12
16871,48,2024-08-09,162.58,Due,2024-09-08
16872,6750,2024-11-02,90.39,Overdue,2024-12-02
16873,6405,2024-11-25,60.84,Due,2024-12-25
16874,7655,2025-01-27,302.99,Paid,2025-02-26
16875,1142,2024-12-10,217.98,Overdue,2025-01-09
16876,5508,2024-06-02,15.59,Due,2024-07-02
16877,1680,2025-02-22,375.17,Paid,2025-03-24
16878,6701,2025-01-26,194.94,Overdue,2025-02-25
16879,764,2025-04-23,343.51,Due,2025-05-23
16880,4543,2024-10-04,162.91,Paid,2024-11-03
16881,1848,2024-06-30,442.57,Paid,2024-07-30
16882,4624,2024-12-21,392.33,Due,2025-01-20
16883,8295,2024-05-24,92.74,Overdue,2024-06-23
16884,4103,2025-03-15,213.96,Due,2025-04-14
16885,6659,2024-07-18,261.77,Due,2024-08-17
16886,3053,2024-09-18,228.12,Paid,2024-10-18
16887,5784,2025-03-30,350.49,Paid,2025-04-29
16888,7220,2025-01-06,447.92,Due,2025-02-05
16889,1721,2024-12-13,312.98,Overdue,2025-01-12
16890,3020,2024-12-19,43.94,Due,2025-01-18
16891,2367,2025-02-02,293.8,Paid,2025-03-04
16892,7803,2025-01-23,118.62,Overdue,2025-02-22
16893,738,2024-08-18,449.87,Overdue,2024-09-17
16894,5337,2024-06-23,21.31,Paid,2024-07-23
16895,4993,2024-06-12,65.86,Paid,2024-07-12
16896,5168,2025-04-08,459.44,Due,2025-05-08
16897,2961,2025-03-10,247.4,Due,2025-04-09
16898,8660,2024-08-11,19.12,Paid,2024-09-10
16899,6898,2024-06-25,54.85,Due,2024-07-25
16900,9137,2024-06-21,85.31,Due,2024-07-21
16901,1563,2024-07-28,153.42,Overdue,2024-08-27
16902,2602,2024-08-13,193.32,Paid,2024-09-12
16903,3685,2024-06-21,112.26,Due,2024-07-21
16904,6235,2024-07-11,454.31,Paid,2024-08-10
16905,8731,2024-08-17,243.55,Paid,2024-09-16
16906,2716,2024-07-13,300.33,Due,2024-08-12
16907,5094,2024-09-02,478.51,Due,2024-10-02
16908,3558,2024-11-29,379.82,Paid,2024-12-29
16909,3601,2025-02-25,207.8,Paid,2025-03-27
16910,5647,2024-05-02,433.6,Overdue,2024-06-01
16911,6852,2024-09-10,443.08,Overdue,2024-10-10
16912,5122,2025-02-07,63.52,Paid,2025-03-09
16913,7761,2024-11-19,164.95,Due,2024-12-19
16914,180,2024-11-25,91.76,Overdue,2024-12-25
16915,2925,2024-08-23,356.19,Due,2024-09-22
16916,429,2024-06-22,114.33,Paid,2024-07-22
16917,3937,2024-08-15,436.38,Overdue,2024-09-14
16918,4636,2025-03-10,69.71,Overdue,2025-04-09
16919,9115,2024-08-12,112.26,Paid,2024-09-11
16920,1259,2024-10-05,160.28,Overdue,2024-11-04
16921,3097,2024-08-28,454.81,Overdue,2024-09-27
16922,3208,2025-04-04,85.01,Due,2025-05-04
16923,3093,2024-08-01,199.56,Due,2024-08-31
16924,971,2025-03-26,198.96,Paid,2025-04-25
16925,4592,2024-10-08,117.93,Paid,2024-11-07
16926,5521,2025-04-12,129.21,Paid,2025-05-12
16927,4063,2025-02-17,133.59,Overdue,2025-03-19
16928,1060,2024-05-19,488.8,Due,2024-06-18
16929,8657,2024-07-21,343.18,Overdue,2024-08-20
16930,5141,2025-04-14,181.59,Due,2025-05-14
16931,1655,2025-02-06,383.67,Overdue,2025-03-08
16932,1496,2024-06-29,483.79,Paid,2024-07-29
16933,3720,2024-11-20,187.77,Overdue,2024-12-20
16934,6585,2025-03-26,340.73,Overdue,2025-04-25
16935,5146,2024-07-20,67.75,Paid,2024-08-19
16936,8732,2024-06-15,247.25,Due,2024-07-15
16937,2754,2025-01-15,495.75,Paid,2025-02-14
16938,7945,2024-12-06,145.71,Due,2025-01-05
16939,1833,2024-06-27,53.57,Overdue,2024-07-27
16940,5286,2024-10-11,288.31,Paid,2024-11-10
16941,7758,2025-02-18,397.51,Overdue,2025-03-20
16942,128,2024-08-22,171.85,Overdue,2024-09-21
16943,3872,2024-09-25,272.8,Overdue,2024-10-25
16944,899,2024-11-25,152.73,Paid,2024-12-25
16945,4454,2025-03-16,251.61,Due,2025-04-15
16946,7151,2024-12-19,376.52,Overdue,2025-01-18
16947,6052,2024-12-21,76.43,Due,2025-01-20
16948,3018,2024-06-16,123.75,Due,2024-07-16
16949,500,2024-07-08,295.76,Paid,2024-08-07
16950,1474,2024-05-25,217.27,Overdue,2024-06-24
16951,5755,2024-08-11,57.36,Due,2024-09-10
16952,9651,2024-06-16,362.89,Paid,2024-07-16
16953,2029,2025-02-22,486.34,Overdue,2025-03-24
16954,2996,2025-01-07,107.18,Overdue,2025-02-06
16955,2848,2025-01-28,52.24,Due,2025-02-27
16956,8923,2025-01-13,306.48,Paid,2025-02-12
16957,4323,2024-12-16,201.96,Paid,2025-01-15
16958,5290,2024-12-26,59.74,Due,2025-01-25
16959,418,2024-07-14,493.41,Overdue,2024-08-13
16960,6913,2024-06-21,439.95,Overdue,2024-07-21
16961,8612,2025-03-29,362.1,Due,2025-04-28
16962,4186,2024-06-13,51.91,Overdue,2024-07-13
16963,7534,2025-04-30,185.41,Paid,2025-05-30
16964,8067,2025-01-30,287.05,Overdue,2025-03-01
16965,7673,2024-06-03,194.84,Overdue,2024-07-03
16966,8667,2025-01-18,239.29,Overdue,2025-02-17
16967,256,2024-05-02,124.9,Due,2024-06-01
16968,1339,2024-11-10,42.63,Due,2024-12-10
16969,212,2024-05-16,188.67,Overdue,2024-06-15
16970,3121,2024-07-21,198.63,Paid,2024-08-20
16971,3668,2024-05-24,51.81,Paid,2024-06-23
16972,1964,2024-06-05,175.4,Overdue,2024-07-05
16973,3204,2024-09-20,239.91,Paid,2024-10-20
16974,2482,2024-06-07,431.35,Paid,2024-07-07
16975,1066,2025-04-11,242.68,Overdue,2025-05-11
16976,8609,2024-11-18,336.09,Overdue,2024-12-18
16977,7236,2025-01-02,128.23,Overdue,2025-02-01
16978,8307,2024-12-25,25.87,Paid,2025-01-24
16979,1249,2024-08-21,499.41,Overdue,2024-09-20
16980,8712,2024-11-15,265.76,Overdue,2024-12-15
16981,7416,2025-03-17,58.89,Paid,2025-04-16
16982,5885,2024-07-04,181.04,Overdue,2024-08-03
16983,5806,2024-07-04,404.45,Overdue,2024-08-03
16984,6023,2024-09-29,170.51,Due,2024-10-29
16985,9454,2024-08-13,195.74,Overdue,2024-09-12
16986,421,2025-02-23,221.41,Overdue,2025-03-25
16987,9624,2024-08-10,56.84,Overdue,2024-09-09
16988,5819,2024-05-18,425.24,Due,2024-06-17
16989,4718,2025-01-14,115.17,Overdue,2025-02-13
16990,6342,2024-05-23,168.35,Paid,2024-06-22
16991,1436,2025-01-02,168.67,Due,2025-02-01
16992,8597,2024-11-30,320.53,Overdue,2024-12-30
16993,4561,2024-07-07,36.59,Due,2024-08-06
16994,8579,2024-12-23,330.82,Paid,2025-01-22
16995,5523,2025-01-17,316.75,Due,2025-02-16
16996,7744,2025-03-19,419.14,Overdue,2025-04-18
16997,976,2025-02-20,152.33,Paid,2025-03-22
16998,3274,2025-02-27,375.43,Due,2025-03-29
16999,3142,2024-07-14,105.75,Due,2024-08-13
17000,8931,2024-12-28,350.25,Paid,2025-01-27
17001,2479,2024-05-11,36.5,Paid,2024-06-10
17002,1388,2024-06-30,349.42,Due,2024-07-30
17003,9672,2024-05-24,80.98,Due,2024-06-23
17004,5397,2024-07-07,382.92,Overdue,2024-08-06
17005,1523,2025-02-01,415.92,Overdue,2025-03-03
17006,5715,2024-11-06,412.69,Paid,2024-12-06
17007,4527,2024-10-02,177.84,Due,2024-11-01
17008,375,2024-08-18,479.37,Overdue,2024-09-17
17009,7388,2024-12-12,474.73,Overdue,2025-01-11
17010,122,2024-05-11,177.68,Overdue,2024-06-10
17011,5054,2025-03-07,320.7,Overdue,2025-04-06
17012,6470,2024-08-01,218.71,Paid,2024-08-31
17013,1976,2025-01-08,186.81,Due,2025-02-07
17014,9905,2025-01-23,172.76,Overdue,2025-02-22
17015,9161,2025-03-26,441.73,Paid,2025-04-25
17016,2863,2024-05-04,273.39,Due,2024-06-03
17017,7349,2024-09-30,197.63,Due,2024-10-30
17018,3074,2024-07-18,417.99,Paid,2024-08-17
17019,1809,2025-01-14,258.86,Paid,2025-02-13
17020,9029,2024-11-04,466.69,Overdue,2024-12-04
17021,6749,2025-04-07,22.89,Due,2025-05-07
17022,2010,2024-05-21,96.02,Paid,2024-06-20
17023,1448,2024-07-29,47.02,Paid,2024-08-28
17024,8785,2024-11-06,143.93,Paid,2024-12-06
17025,4480,2024-07-03,319.13,Overdue,2024-08-02
17026,7945,2025-03-31,93.09,Due,2025-04-30
17027,2710,2025-03-12,257.43,Paid,2025-04-11
17028,7037,2024-05-16,223.03,Paid,2024-06-15
17029,24,2024-08-29,324.1,Paid,2024-09-28
17030,7970,2025-02-12,228.08,Overdue,2025-03-14
17031,9733,2024-11-11,169.42,Paid,2024-12-11
17032,4740,2025-01-13,105.49,Paid,2025-02-12
17033,3517,2024-09-30,159.12,Due,2024-10-30
17034,7389,2024-05-27,497.34,Overdue,2024-06-26
17035,8220,2024-08-20,150.27,Due,2024-09-19
17036,1744,2025-03-12,179.31,Overdue,2025-04-11
17037,4241,2024-07-04,145.14,Due,2024-08-03
17038,7974,2024-11-06,136.88,Paid,2024-12-06
17039,1895,2024-08-11,466.44,Overdue,2024-09-10
17040,4990,2024-11-24,351.23,Overdue,2024-12-24
17041,514,2024-10-03,112.01,Overdue,2024-11-02
17042,9690,2024-08-10,289.51,Paid,2024-09-09
17043,9098,2024-07-31,480.77,Paid,2024-08-30
17044,347,2024-07-25,307.7,Due,2024-08-24
17045,6018,2024-09-30,482.4,Overdue,2024-10-30
17046,8182,2024-09-15,350.23,Paid,2024-10-15
17047,7119,2025-02-10,455.86,Due,2025-03-12
17048,1482,2024-08-25,28.91,Due,2024-09-24
17049,8104,2024-06-20,93.44,Paid,2024-07-20
17050,46,2024-09-18,425.51,Due,2024-10-18
17051,32,2025-03-31,341.03,Due,2025-04-30
17052,7216,2024-07-21,387.69,Paid,2024-08-20
17053,2536,2024-07-04,262.49,Due,2024-08-03
17054,2432,2024-07-09,100.56,Due,2024-08-08
17055,8537,2025-03-25,393.81,Overdue,2025-04-24
17056,937,2024-07-06,133.12,Overdue,2024-08-05
17057,8003,2025-04-18,322.39,Overdue,2025-05-18
17058,9563,2025-03-15,25.07,Due,2025-04-14
17059,6280,2025-02-23,222.75,Due,2025-03-25
17060,5301,2025-03-09,452.46,Paid,2025-04-08
17061,4297,2024-05-01,96.13,Due,2024-05-31
17062,7668,2024-09-11,260.94,Due,2024-10-11
17063,7222,2024-05-17,299.79,Overdue,2024-06-16
17064,7243,2024-10-31,463.14,Due,2024-11-30
17065,5250,2025-02-15,264.72,Paid,2025-03-17
17066,6905,2024-05-08,399.93,Paid,2024-06-07
17067,3667,2025-04-13,205.96,Due,2025-05-13
17068,1455,2024-12-27,443.95,Overdue,2025-01-26
17069,566,2024-12-05,453.86,Due,2025-01-04
17070,5482,2024-05-25,354.18,Paid,2024-06-24
17071,1378,2024-05-26,207.83,Paid,2024-06-25
17072,4852,2025-02-26,367.64,Overdue,2025-03-28
17073,9186,2024-12-10,319.8,Overdue,2025-01-09
17074,6388,2024-07-15,93.14,Paid,2024-08-14
17075,4645,2024-06-20,243.04,Due,2024-07-20
17076,7523,2024-09-02,68.88,Due,2024-10-02
17077,7794,2025-04-27,439.26,Paid,2025-05-27
17078,9399,2024-10-17,462.94,Due,2024-11-16
17079,491,2025-01-14,150.17,Overdue,2025-02-13
17080,9397,2025-01-19,243.06,Overdue,2025-02-18
17081,482,2024-06-20,472.32,Paid,2024-07-20
17082,1868,2024-06-10,343.19,Due,2024-07-10
17083,602,2025-03-07,311.94,Due,2025-04-06
17084,707,2025-03-27,88.05,Overdue,2025-04-26
17085,5262,2024-08-02,241.31,Paid,2024-09-01
17086,5501,2024-11-14,63.22,Due,2024-12-14
17087,4846,2024-10-19,57.97,Paid,2024-11-18
17088,2788,2024-06-29,294.36,Due,2024-07-29
17089,1540,2024-10-14,352.73,Due,2024-11-13
17090,4027,2024-11-10,381.1,Paid,2024-12-10
17091,8717,2024-05-07,499.76,Overdue,2024-06-06
17092,2634,2024-07-26,189.9,Overdue,2024-08-25
17093,3318,2025-01-17,323.03,Paid,2025-02-16
17094,1889,2025-03-17,498.42,Overdue,2025-04-16
17095,3932,2025-04-03,267.11,Overdue,2025-05-03
17096,5866,2025-03-17,409.1,Paid,2025-04-16
17097,5219,2025-02-10,215.51,Paid,2025-03-12
17098,3939,2024-12-15,36.0,Overdue,2025-01-14
17099,3157,2024-09-16,172.62,Due,2024-10-16
17100,1,2024-06-05,347.89,Overdue,2024-07-05
17101,4359,2024-07-01,95.41,Overdue,2024-07-31
17102,6728,2024-12-01,468.54,Overdue,2024-12-31
17103,9228,2024-11-27,298.35,Due,2024-12-27
17104,8048,2025-01-23,444.82,Due,2025-02-22
17105,962,2024-10-30,71.82,Overdue,2024-11-29
17106,3815,2024-08-03,170.8,Paid,2024-09-02
17107,4631,2025-03-10,444.93,Overdue,2025-04-09
17108,167,2024-12-12,126.0,Overdue,2025-01-11
17109,3677,2025-04-30,179.52,Paid,2025-05-30
17110,1519,2025-02-14,423.39,Paid,2025-03-16
17111,2778,2024-12-16,392.44,Due,2025-01-15
17112,4655,2024-09-14,301.52,Paid,2024-10-14
17113,5049,2024-12-25,494.74,Overdue,2025-01-24
17114,8251,2024-05-06,453.82,Due,2024-06-05
17115,3602,2024-12-20,452.7,Paid,2025-01-19
17116,971,2025-03-15,265.24,Overdue,2025-04-14
17117,6324,2025-04-05,276.56,Paid,2025-05-05
17118,4219,2025-03-04,262.75,Overdue,2025-04-03
17119,2841,2025-01-06,49.05,Overdue,2025-02-05
17120,857,2024-09-25,165.61,Due,2024-10-25
17121,3347,2024-11-07,422.22,Overdue,2024-12-07
17122,8293,2025-04-20,364.52,Paid,2025-05-20
17123,7938,2025-02-18,467.83,Due,2025-03-20
17124,7308,2024-10-11,324.59,Overdue,2024-11-10
17125,3257,2025-04-15,196.19,Overdue,2025-05-15
17126,9907,2024-10-17,60.15,Overdue,2024-11-16
17127,3190,2024-10-29,472.19,Paid,2024-11-28
17128,1703,2024-08-24,350.83,Paid,2024-09-23
17129,8059,2025-03-09,108.14,Due,2025-04-08
17130,561,2024-05-19,382.98,Paid,2024-06-18
17131,1449,2025-02-27,360.23,Overdue,2025-03-29
17132,665,2024-06-18,368.83,Due,2024-07-18
17133,9238,2024-08-16,455.27,Overdue,2024-09-15
17134,4567,2024-05-15,158.0,Due,2024-06-14
17135,2963,2024-12-23,478.83,Due,2025-01-22
17136,6375,2024-09-26,89.43,Overdue,2024-10-26
17137,9906,2025-04-20,50.27,Paid,2025-05-20
17138,8276,2024-08-01,114.36,Due,2024-08-31
17139,834,2024-06-20,66.84,Due,2024-07-20
17140,8105,2024-12-09,320.2,Due,2025-01-08
17141,1422,2024-07-12,389.05,Paid,2024-08-11
17142,7058,2024-12-08,87.35,Overdue,2025-01-07
17143,1230,2024-11-18,86.26,Overdue,2024-12-18
17144,3954,2024-07-16,140.17,Overdue,2024-08-15
17145,6862,2025-01-22,398.21,Overdue,2025-02-21
17146,8489,2024-06-02,364.56,Due,2024-07-02
17147,3125,2025-03-15,206.36,Overdue,2025-04-14
17148,3491,2024-08-28,398.92,Due,2024-09-27
17149,4,2025-03-12,213.44,Overdue,2025-04-11
17150,8948,2024-09-09,173.19,Due,2024-10-09
17151,2559,2024-05-05,329.93,Overdue,2024-06-04
17152,3900,2024-07-06,461.24,Overdue,2024-08-05
17153,5748,2025-02-11,125.82,Paid,2025-03-13
17154,10,2025-04-10,213.36,Overdue,2025-05-10
17155,7417,2025-01-12,99.38,Paid,2025-02-11
17156,2502,2024-07-20,372.81,Due,2024-08-19
17157,4515,2024-09-18,169.35,Due,2024-10-18
17158,5222,2025-04-01,244.81,Paid,2025-05-01
17159,1421,2024-08-09,103.45,Due,2024-09-08
17160,9759,2024-09-04,363.86,Due,2024-10-04
17161,6526,2024-12-29,220.01,Due,2025-01-28
17162,9693,2025-02-24,428.34,Due,2025-03-26
17163,3771,2024-09-18,23.67,Overdue,2024-10-18
17164,1461,2024-08-13,251.08,Due,2024-09-12
17165,7233,2025-03-10,208.08,Due,2025-04-09
17166,2538,2024-06-16,94.13,Due,2024-07-16
17167,8718,2024-11-13,328.61,Paid,2024-12-13
17168,7373,2024-05-15,360.64,Overdue,2024-06-14
17169,1017,2024-07-18,253.47,Due,2024-08-17
17170,6629,2024-07-08,258.95,Overdue,2024-08-07
17171,9174,2024-06-19,254.64,Overdue,2024-07-19
17172,1251,2024-08-10,476.39,Paid,2024-09-09
17173,2561,2024-10-05,152.04,Overdue,2024-11-04
17174,4413,2024-08-19,210.56,Overdue,2024-09-18
17175,9620,2025-03-02,18.76,Overdue,2025-04-01
17176,1192,2025-02-27,265.11,Due,2025-03-29
17177,8094,2024-10-12,74.23,Overdue,2024-11-11
17178,5981,2024-07-18,443.95,Overdue,2024-08-17
17179,8723,2024-10-14,404.63,Due,2024-11-13
17180,4277,2024-12-12,79.69,Due,2025-01-11
17181,9008,2024-09-16,41.33,Due,2024-10-16
17182,8643,2024-11-10,413.66,Due,2024-12-10
17183,8318,2025-02-15,473.39,Overdue,2025-03-17
17184,4427,2024-08-15,290.82,Paid,2024-09-14
17185,3131,2024-06-26,425.0,Overdue,2024-07-26
17186,8855,2024-12-30,221.82,Due,2025-01-29
17187,8301,2024-09-25,51.23,Due,2024-10-25
17188,7219,2024-09-03,67.46,Paid,2024-10-03
17189,5269,2025-01-25,469.79,Paid,2025-02-24
17190,3076,2025-04-18,106.32,Overdue,2025-05-18
17191,2988,2024-06-14,29.89,Overdue,2024-07-14
17192,5382,2024-08-04,488.56,Paid,2024-09-03
17193,640,2024-09-25,277.62,Overdue,2024-10-25
17194,4952,2024-09-02,304.5,Paid,2024-10-02
17195,5457,2024-05-09,473.04,Overdue,2024-06-08
17196,2019,2025-02-19,57.34,Overdue,2025-03-21
17197,9554,2024-11-11,287.92,Overdue,2024-12-11
17198,4906,2025-03-26,393.54,Paid,2025-04-25
17199,9895,2024-10-27,229.18,Due,2024-11-26
17200,4997,2024-06-08,377.01,Paid,2024-07-08
17201,9658,2024-09-15,378.87,Paid,2024-10-15
17202,3052,2025-03-25,234.22,Due,2025-04-24
17203,7741,2024-10-04,498.15,Overdue,2024-11-03
17204,2727,2024-06-12,228.95,Overdue,2024-07-12
17205,5218,2024-05-10,269.59,Overdue,2024-06-09
17206,3861,2024-07-07,279.76,Paid,2024-08-06
17207,9376,2025-04-23,34.73,Paid,2025-05-23
17208,8712,2024-09-08,131.38,Due,2024-10-08
17209,6786,2025-01-21,100.68,Overdue,2025-02-20
17210,4710,2025-04-22,415.01,Due,2025-05-22
17211,6466,2024-12-07,221.55,Overdue,2025-01-06
17212,7169,2024-11-26,294.36,Overdue,2024-12-26
17213,2305,2024-12-21,130.55,Overdue,2025-01-20
17214,1063,2024-08-05,228.18,Paid,2024-09-04
17215,4800,2024-10-29,381.96,Overdue,2024-11-28
17216,813,2024-08-24,12.45,Paid,2024-09-23
17217,1034,2024-08-04,163.24,Overdue,2024-09-03
17218,5808,2024-05-11,403.36,Overdue,2024-06-10
17219,1351,2024-12-09,168.87,Due,2025-01-08
17220,6805,2024-06-22,261.24,Overdue,2024-07-22
17221,9343,2024-07-12,416.47,Due,2024-08-11
17222,1856,2024-09-07,77.18,Overdue,2024-10-07
17223,7757,2025-02-03,69.63,Paid,2025-03-05
17224,9810,2025-03-17,169.36,Overdue,2025-04-16
17225,3976,2025-03-22,45.35,Paid,2025-04-21
17226,7795,2025-01-05,345.12,Paid,2025-02-04
17227,7909,2024-12-23,354.5,Due,2025-01-22
17228,6009,2024-05-05,156.73,Overdue,2024-06-04
17229,5801,2024-10-31,81.52,Overdue,2024-11-30
17230,5235,2024-07-01,469.46,Overdue,2024-07-31
17231,4462,2025-02-23,367.75,Paid,2025-03-25
17232,706,2024-08-09,346.93,Paid,2024-09-08
17233,1025,2024-06-05,364.86,Overdue,2024-07-05
17234,6130,2024-08-29,447.49,Paid,2024-09-28
17235,9452,2024-12-24,255.65,Overdue,2025-01-23
17236,4233,2024-05-11,319.25,Overdue,2024-06-10
17237,8192,2024-09-09,334.17,Due,2024-10-09
17238,3048,2025-01-31,222.35,Due,2025-03-02
17239,4505,2025-01-11,21.3,Paid,2025-02-10
17240,8170,2025-04-17,324.97,Paid,2025-05-17
17241,151,2025-03-07,448.93,Due,2025-04-06
17242,768,2024-09-27,204.7,Overdue,2024-10-27
17243,6981,2025-03-03,95.18,Paid,2025-04-02
17244,8549,2025-03-01,26.24,Overdue,2025-03-31
17245,761,2024-06-14,57.79,Paid,2024-07-14
17246,7535,2025-04-28,206.11,Overdue,2025-05-28
17247,4096,2025-03-20,260.83,Overdue,2025-04-19
17248,8020,2024-12-04,65.02,Overdue,2025-01-03
17249,9974,2024-12-23,30.09,Overdue,2025-01-22
17250,8387,2025-02-19,102.87,Overdue,2025-03-21
17251,2171,2024-08-30,246.47,Due,2024-09-29
17252,361,2024-12-04,194.63,Paid,2025-01-03
17253,8338,2024-10-27,258.39,Due,2024-11-26
17254,1614,2024-07-21,169.74,Overdue,2024-08-20
17255,463,2024-07-05,403.53,Paid,2024-08-04
17256,758,2024-12-15,73.57,Overdue,2025-01-14
17257,8566,2024-09-08,207.72,Due,2024-10-08
17258,8015,2025-04-22,130.68,Overdue,2025-05-22
17259,9285,2024-08-26,327.89,Due,2024-09-25
17260,6877,2025-03-05,373.87,Paid,2025-04-04
17261,7735,2025-04-25,317.53,Paid,2025-05-25
17262,6849,2024-08-01,388.34,Due,2024-08-31
17263,7531,2024-08-18,244.56,Overdue,2024-09-17
17264,3494,2024-12-05,359.49,Overdue,2025-01-04
17265,4832,2024-11-04,25.08,Paid,2024-12-04
17266,9799,2024-11-10,305.34,Paid,2024-12-10
17267,785,2024-05-27,316.15,Paid,2024-06-26
17268,2205,2025-01-20,135.08,Paid,2025-02-19
17269,4062,2024-11-10,63.36,Due,2024-12-10
17270,5470,2025-04-01,139.25,Due,2025-05-01
17271,1735,2024-05-02,420.78,Paid,2024-06-01
17272,3370,2024-07-30,17.89,Overdue,2024-08-29
17273,6157,2024-06-05,317.57,Paid,2024-07-05
17274,4856,2024-06-21,171.68,Paid,2024-07-21
17275,3362,2024-07-18,464.13,Overdue,2024-08-17
17276,1647,2024-06-23,69.27,Due,2024-07-23
17277,7547,2024-06-26,378.37,Overdue,2024-07-26
17278,5720,2024-05-23,434.89,Overdue,2024-06-22
17279,4607,2024-07-17,146.74,Overdue,2024-08-16
17280,7929,2024-10-14,48.91,Overdue,2024-11-13
17281,4024,2025-04-29,427.15,Paid,2025-05-29
17282,1666,2024-05-25,296.07,Due,2024-06-24
17283,1518,2024-05-17,265.88,Due,2024-06-16
17284,1983,2024-05-02,245.88,Due,2024-06-01
17285,727,2024-08-25,303.46,Paid,2024-09-24
17286,2205,2024-11-02,493.87,Due,2024-12-02
17287,81,2025-01-27,481.95,Overdue,2025-02-26
17288,8745,2025-03-04,494.67,Overdue,2025-04-03
17289,8053,2024-11-28,425.47,Due,2024-12-28
17290,4426,2024-08-10,109.92,Overdue,2024-09-09
17291,1339,2025-01-16,215.9,Due,2025-02-15
17292,5364,2024-05-08,335.78,Due,2024-06-07
17293,3433,2025-04-10,251.59,Paid,2025-05-10
17294,503,2025-03-15,440.41,Due,2025-04-14
17295,8264,2024-12-11,71.09,Paid,2025-01-10
17296,1618,2025-04-03,83.95,Due,2025-05-03
17297,5973,2025-04-08,32.95,Overdue,2025-05-08
17298,1692,2025-02-13,300.5,Paid,2025-03-15
17299,3281,2024-11-20,372.55,Paid,2024-12-20
17300,7235,2024-12-02,80.86,Paid,2025-01-01
17301,1016,2024-12-17,497.22,Overdue,2025-01-16
17302,6594,2024-08-24,67.13,Paid,2024-09-23
17303,9843,2025-03-26,334.75,Overdue,2025-04-25
17304,2333,2024-12-29,308.37,Due,2025-01-28
17305,3403,2024-09-18,365.93,Overdue,2024-10-18
17306,7474,2025-03-06,464.53,Due,2025-04-05
17307,1191,2024-08-21,429.39,Overdue,2024-09-20
17308,967,2025-03-14,21.46,Due,2025-04-13
17309,4728,2024-07-16,280.11,Due,2024-08-15
17310,4980,2024-09-24,256.27,Overdue,2024-10-24
17311,3820,2025-03-20,345.7,Due,2025-04-19
17312,5209,2024-10-02,181.45,Paid,2024-11-01
17313,6120,2024-06-27,369.74,Paid,2024-07-27
17314,7258,2025-02-23,418.57,Overdue,2025-03-25
17315,1302,2024-10-02,45.99,Due,2024-11-01
17316,2402,2024-05-15,368.87,Overdue,2024-06-14
17317,823,2024-07-18,114.33,Due,2024-08-17
17318,7297,2024-12-13,489.6,Overdue,2025-01-12
17319,1118,2024-06-20,446.92,Due,2024-07-20
17320,4794,2025-02-02,54.93,Due,2025-03-04
17321,2693,2024-11-06,397.28,Due,2024-12-06
17322,3487,2025-03-01,260.8,Due,2025-03-31
17323,7711,2025-01-04,439.92,Due,2025-02-03
17324,643,2025-04-25,491.06,Overdue,2025-05-25
17325,2687,2024-08-06,398.96,Overdue,2024-09-05
17326,3720,2024-05-22,318.72,Paid,2024-06-21
17327,6798,2025-04-21,375.21,Overdue,2025-05-21
17328,4653,2024-07-30,468.07,Due,2024-08-29
17329,5223,2024-12-26,317.32,Due,2025-01-25
17330,4935,2024-05-20,327.35,Paid,2024-06-19
17331,1933,2025-03-10,31.77,Due,2025-04-09
17332,9007,2025-01-02,27.26,Paid,2025-02-01
17333,332,2025-01-17,398.79,Overdue,2025-02-16
17334,3435,2024-09-07,92.4,Overdue,2024-10-07
17335,4830,2024-08-02,144.8,Due,2024-09-01
17336,2248,2025-02-01,395.24,Overdue,2025-03-03
17337,4881,2024-09-22,39.41,Overdue,2024-10-22
17338,8080,2024-05-31,485.46,Due,2024-06-30
17339,8712,2024-05-28,93.81,Due,2024-06-27
17340,6342,2024-12-27,284.24,Due,2025-01-26
17341,218,2025-03-10,421.84,Due,2025-04-09
17342,2273,2024-09-16,75.23,Due,2024-10-16
17343,8040,2024-12-02,257.71,Overdue,2025-01-01
17344,3163,2024-06-16,115.05,Overdue,2024-07-16
17345,8900,2025-03-25,410.1,Paid,2025-04-24
17346,9366,2025-03-16,18.5,Paid,2025-04-15
17347,481,2024-07-19,433.84,Overdue,2024-08-18
17348,553,2025-01-28,252.18,Overdue,2025-02-27
17349,9389,2024-10-11,171.24,Due,2024-11-10
17350,8658,2024-11-23,62.83,Due,2024-12-23
17351,5352,2024-05-01,175.89,Overdue,2024-05-31
17352,3391,2024-10-18,319.26,Due,2024-11-17
17353,1646,2025-04-06,464.26,Overdue,2025-05-06
17354,5129,2024-12-15,348.87,Paid,2025-01-14
17355,1675,2024-05-04,297.29,Overdue,2024-06-03
17356,3100,2025-03-02,101.72,Overdue,2025-04-01
17357,799,2025-03-29,70.06,Overdue,2025-04-28
17358,7552,2024-12-29,298.84,Due,2025-01-28
17359,3223,2024-12-29,381.56,Paid,2025-01-28
17360,1780,2024-12-22,414.36,Overdue,2025-01-21
17361,9001,2025-03-05,57.08,Due,2025-04-04
17362,3125,2025-01-01,324.79,Overdue,2025-01-31
17363,4848,2024-09-29,153.37,Overdue,2024-10-29
17364,9863,2024-09-14,149.78,Due,2024-10-14
17365,3424,2024-09-16,377.35,Overdue,2024-10-16
17366,7481,2024-09-11,374.79,Due,2024-10-11
17367,8034,2024-06-28,197.85,Due,2024-07-28
17368,3462,2024-08-21,201.24,Overdue,2024-09-20
17369,9241,2024-08-17,251.98,Due,2024-09-16
17370,7355,2024-06-26,388.45,Due,2024-07-26
17371,3162,2025-04-02,488.25,Due,2025-05-02
17372,4796,2025-04-21,95.75,Paid,2025-05-21
17373,3871,2024-11-08,276.27,Due,2024-12-08
17374,2535,2024-11-10,136.85,Due,2024-12-10
17375,1893,2025-04-23,361.66,Paid,2025-05-23
17376,5263,2025-03-22,495.4,Due,2025-04-21
17377,9753,2024-06-03,337.16,Due,2024-07-03
17378,3513,2024-10-30,152.26,Paid,2024-11-29
17379,3921,2024-11-09,198.03,Paid,2024-12-09
17380,6923,2024-10-05,166.42,Due,2024-11-04
17381,1708,2025-04-30,136.7,Paid,2025-05-30
17382,3790,2025-04-01,315.66,Due,2025-05-01
17383,9029,2024-09-18,467.86,Paid,2024-10-18
17384,2465,2025-02-27,475.39,Paid,2025-03-29
17385,1952,2024-09-14,352.34,Due,2024-10-14
17386,5975,2025-04-19,65.68,Due,2025-05-19
17387,7838,2024-06-27,282.33,Paid,2024-07-27
17388,1109,2024-07-06,101.09,Overdue,2024-08-05
17389,457,2024-08-29,302.4,Paid,2024-09-28
17390,1262,2024-07-07,162.11,Due,2024-08-06
17391,2840,2025-03-30,160.17,Overdue,2025-04-29
17392,6674,2024-05-25,331.97,Due,2024-06-24
17393,8049,2025-03-15,342.57,Paid,2025-04-14
17394,100,2024-12-06,410.59,Due,2025-01-05
17395,2937,2024-08-27,190.49,Due,2024-09-26
17396,2926,2025-03-11,190.51,Due,2025-04-10
17397,7475,2024-06-28,223.39,Overdue,2024-07-28
17398,2900,2024-07-28,115.08,Overdue,2024-08-27
17399,1980,2025-04-08,372.26,Due,2025-05-08
17400,4588,2024-08-10,356.41,Paid,2024-09-09
17401,3172,2024-10-19,446.49,Due,2024-11-18
17402,5202,2024-08-03,486.06,Overdue,2024-09-02
17403,942,2024-09-22,16.04,Due,2024-10-22
17404,1230,2024-12-27,406.68,Paid,2025-01-26
17405,607,2025-02-27,389.49,Overdue,2025-03-29
17406,1456,2024-12-28,179.78,Paid,2025-01-27
17407,7227,2024-10-31,330.47,Due,2024-11-30
17408,7010,2024-07-11,54.86,Overdue,2024-08-10
17409,5941,2025-03-21,158.1,Due,2025-04-20
17410,3477,2024-11-11,51.81,Paid,2024-12-11
17411,1881,2024-05-02,168.89,Paid,2024-06-01
17412,2600,2024-08-01,196.24,Paid,2024-08-31
17413,270,2025-01-29,77.76,Overdue,2025-02-28
17414,651,2024-11-13,16.08,Overdue,2024-12-13
17415,2720,2025-04-13,377.41,Overdue,2025-05-13
17416,3786,2024-08-21,234.66,Paid,2024-09-20
17417,3749,2024-06-09,236.28,Paid,2024-07-09
17418,3761,2024-06-09,433.56,Overdue,2024-07-09
17419,9508,2025-02-28,383.84,Due,2025-03-30
17420,8736,2024-12-05,75.57,Overdue,2025-01-04
17421,2056,2025-04-21,103.75,Paid,2025-05-21
17422,5860,2024-06-08,349.88,Paid,2024-07-08
17423,6960,2025-03-12,377.49,Overdue,2025-04-11
17424,8288,2025-02-09,37.38,Overdue,2025-03-11
17425,1088,2025-01-17,101.1,Overdue,2025-02-16
17426,5119,2025-04-18,120.12,Due,2025-05-18
17427,4626,2025-03-19,168.89,Paid,2025-04-18
17428,5805,2024-06-23,241.86,Paid,2024-07-23
17429,6824,2025-02-27,394.71,Due,2025-03-29
17430,8465,2025-03-24,324.45,Overdue,2025-04-23
17431,6487,2024-10-04,347.22,Overdue,2024-11-03
17432,2362,2025-01-21,281.52,Paid,2025-02-20
17433,1096,2025-03-10,385.02,Overdue,2025-04-09
17434,9497,2024-05-24,350.87,Due,2024-06-23
17435,9239,2025-04-13,410.27,Paid,2025-05-13
17436,9046,2024-05-04,489.92,Overdue,2024-06-03
17437,4277,2024-05-13,481.31,Paid,2024-06-12
17438,2590,2025-04-19,308.16,Due,2025-05-19
17439,2904,2024-10-27,323.81,Paid,2024-11-26
17440,2795,2024-11-16,130.82,Due,2024-12-16
17441,4894,2024-12-04,106.32,Due,2025-01-03
17442,4787,2025-02-16,360.63,Overdue,2025-03-18
17443,6432,2025-02-18,129.91,Paid,2025-03-20
17444,6123,2024-05-26,431.03,Paid,2024-06-25
17445,132,2024-06-29,140.73,Paid,2024-07-29
17446,8061,2024-05-18,484.88,Paid,2024-06-17
17447,5791,2024-11-18,306.16,Paid,2024-12-18
17448,5490,2024-09-15,487.92,Paid,2024-10-15
17449,320,2025-02-02,201.52,Paid,2025-03-04
17450,3787,2024-08-17,423.59,Due,2024-09-16
17451,3965,2025-01-08,286.3,Paid,2025-02-07
17452,9481,2025-02-11,244.36,Paid,2025-03-13
17453,5280,2025-04-12,151.92,Paid,2025-05-12
17454,1272,2024-09-21,149.75,Paid,2024-10-21
17455,5898,2025-02-07,99.96,Paid,2025-03-09
17456,381,2024-11-22,299.62,Paid,2024-12-22
17457,5822,2024-12-18,384.77,Paid,2025-01-17
17458,2845,2025-02-17,382.67,Paid,2025-03-19
17459,9789,2024-07-01,36.66,Paid,2024-07-31
17460,215,2025-01-08,118.89,Due,2025-02-07
17461,5728,2024-08-05,111.73,Overdue,2024-09-04
17462,3931,2024-10-29,434.75,Overdue,2024-11-28
17463,396,2024-10-04,95.05,Due,2024-11-03
17464,5340,2024-08-11,363.65,Paid,2024-09-10
17465,7115,2024-09-28,160.92,Paid,2024-10-28
17466,2283,2025-01-13,474.87,Overdue,2025-02-12
17467,1240,2024-12-17,375.7,Paid,2025-01-16
17468,4949,2024-11-07,431.03,Due,2024-12-07
17469,6231,2024-12-01,64.64,Due,2024-12-31
17470,8145,2025-03-25,172.58,Due,2025-04-24
17471,8900,2024-07-24,410.73,Overdue,2024-08-23
17472,2995,2025-01-19,134.89,Overdue,2025-02-18
17473,6729,2024-10-20,137.59,Overdue,2024-11-19
17474,4653,2025-03-03,241.58,Overdue,2025-04-02
17475,3393,2025-02-20,136.5,Due,2025-03-22
17476,6063,2025-02-06,221.1,Paid,2025-03-08
17477,7819,2024-08-18,134.79,Overdue,2024-09-17
17478,9804,2024-09-29,354.09,Paid,2024-10-29
17479,9570,2024-08-14,89.22,Overdue,2024-09-13
17480,8151,2024-12-26,445.85,Paid,2025-01-25
17481,9483,2024-06-25,463.41,Paid,2024-07-25
17482,4912,2025-04-25,403.96,Due,2025-05-25
17483,8871,2024-09-06,152.19,Paid,2024-10-06
17484,7347,2024-11-02,455.58,Due,2024-12-02
17485,9818,2024-05-16,354.6,Overdue,2024-06-15
17486,2502,2024-08-16,442.79,Paid,2024-09-15
17487,3378,2025-03-15,59.48,Due,2025-04-14
17488,4461,2025-04-04,13.26,Paid,2025-05-04
17489,4379,2024-11-26,131.73,Due,2024-12-26
17490,5358,2025-03-11,272.49,Due,2025-04-10
17491,2587,2024-08-16,197.59,Paid,2024-09-15
17492,5447,2025-01-29,146.74,Overdue,2025-02-28
17493,8560,2024-11-01,238.11,Overdue,2024-12-01
17494,2158,2025-02-06,388.12,Due,2025-03-08
17495,2289,2025-01-17,252.25,Paid,2025-02-16
17496,1794,2024-10-24,409.93,Paid,2024-11-23
17497,240,2024-05-20,458.94,Due,2024-06-19
17498,5587,2024-12-04,480.97,Due,2025-01-03
17499,9522,2024-09-12,486.51,Overdue,2024-10-12
17500,4298,2024-11-06,319.43,Due,2024-12-06
17501,2598,2024-10-04,387.62,Overdue,2024-11-03
17502,8430,2024-12-31,312.91,Overdue,2025-01-30
17503,7387,2024-06-25,447.5,Due,2024-07-25
17504,1319,2025-01-08,382.41,Paid,2025-02-07
17505,182,2025-04-28,45.31,Paid,2025-05-28
17506,591,2024-10-04,350.54,Paid,2024-11-03
17507,308,2025-02-06,159.51,Paid,2025-03-08
17508,2549,2024-05-03,126.98,Overdue,2024-06-02
17509,6703,2025-01-30,178.23,Overdue,2025-03-01
17510,1550,2025-01-29,22.64,Due,2025-02-28
17511,7680,2025-04-20,201.58,Overdue,2025-05-20
17512,4514,2025-03-18,372.37,Due,2025-04-17
17513,9706,2025-02-16,232.87,Paid,2025-03-18
17514,449,2024-07-09,253.6,Overdue,2024-08-08
17515,2977,2024-12-05,336.28,Due,2025-01-04
17516,8618,2024-11-27,254.88,Overdue,2024-12-27
17517,983,2024-10-09,340.77,Paid,2024-11-08
17518,9901,2024-11-26,17.17,Due,2024-12-26
17519,1438,2024-09-02,266.59,Overdue,2024-10-02
17520,6744,2025-01-20,345.28,Due,2025-02-19
17521,2547,2024-08-14,345.04,Paid,2024-09-13
17522,2512,2024-08-13,158.91,Due,2024-09-12
17523,8289,2024-05-13,200.28,Due,2024-06-12
17524,4289,2024-07-15,316.75,Paid,2024-08-14
17525,4230,2024-07-20,94.64,Overdue,2024-08-19
17526,9574,2024-09-24,29.36,Overdue,2024-10-24
17527,4255,2024-05-14,369.52,Paid,2024-06-13
17528,7570,2024-04-30,466.62,Paid,2024-05-30
17529,1410,2024-07-18,50.23,Overdue,2024-08-17
17530,3008,2024-10-24,344.07,Paid,2024-11-23
17531,9743,2025-01-25,434.14,Due,2025-02-24
17532,4363,2025-01-01,275.42,Paid,2025-01-31
17533,7138,2024-11-02,91.46,Paid,2024-12-02
17534,7799,2024-09-26,30.61,Paid,2024-10-26
17535,211,2024-06-28,124.1,Paid,2024-07-28
17536,1621,2025-01-15,179.94,Due,2025-02-14
17537,4515,2024-06-07,485.79,Due,2024-07-07
17538,8954,2024-10-07,189.52,Overdue,2024-11-06
17539,3344,2025-03-26,210.35,Due,2025-04-25
17540,719,2025-03-27,20.12,Paid,2025-04-26
17541,3903,2025-01-16,113.57,Paid,2025-02-15
17542,369,2024-06-01,83.55,Due,2024-07-01
17543,8626,2024-07-07,455.41,Overdue,2024-08-06
17544,2802,2024-12-07,406.63,Overdue,2025-01-06
17545,7576,2024-07-09,52.55,Overdue,2024-08-08
17546,8491,2024-05-26,410.85,Overdue,2024-06-25
17547,3323,2024-08-13,241.44,Due,2024-09-12
17548,179,2024-08-16,483.2,Overdue,2024-09-15
17549,6279,2025-02-02,205.67,Due,2025-03-04
17550,5588,2024-05-25,253.72,Due,2024-06-24
17551,2866,2024-05-09,125.28,Overdue,2024-06-08
17552,865,2025-02-02,336.12,Paid,2025-03-04
17553,6628,2025-04-30,266.9,Paid,2025-05-30
17554,2907,2025-04-18,182.47,Overdue,2025-05-18
17555,3770,2024-05-08,248.28,Paid,2024-06-07
17556,3747,2025-01-11,448.53,Paid,2025-02-10
17557,7708,2024-11-15,184.46,Overdue,2024-12-15
17558,8186,2025-02-01,220.72,Paid,2025-03-03
17559,9358,2025-04-18,295.85,Due,2025-05-18
17560,4592,2024-06-04,285.6,Overdue,2024-07-04
17561,5349,2025-01-16,470.61,Paid,2025-02-15
17562,2919,2025-02-07,196.57,Paid,2025-03-09
17563,3443,2024-06-17,498.4,Overdue,2024-07-17
17564,6659,2024-06-22,455.56,Due,2024-07-22
17565,4607,2025-01-28,82.55,Paid,2025-02-27
17566,2459,2024-05-07,282.34,Paid,2024-06-06
17567,4072,2025-03-25,223.59,Paid,2025-04-24
17568,8003,2024-08-30,151.72,Paid,2024-09-29
17569,3266,2025-04-08,359.8,Overdue,2025-05-08
17570,9738,2025-01-17,102.66,Paid,2025-02-16
17571,2979,2024-08-03,325.87,Paid,2024-09-02
17572,6122,2024-09-20,292.81,Overdue,2024-10-20
17573,5481,2024-07-26,477.79,Paid,2024-08-25
17574,7184,2024-05-24,176.39,Overdue,2024-06-23
17575,4336,2024-07-06,119.95,Due,2024-08-05
17576,9330,2024-05-28,136.79,Paid,2024-06-27
17577,3758,2024-11-23,412.64,Overdue,2024-12-23
17578,2090,2025-02-10,426.61,Paid,2025-03-12
17579,5913,2024-08-09,179.09,Overdue,2024-09-08
17580,3193,2024-07-29,392.52,Paid,2024-08-28
17581,3409,2024-08-31,284.75,Overdue,2024-09-30
17582,256,2024-11-30,330.91,Paid,2024-12-30
17583,3735,2024-06-06,83.05,Due,2024-07-06
17584,9130,2024-05-30,341.49,Paid,2024-06-29
17585,9791,2025-02-16,77.49,Paid,2025-03-18
17586,5666,2025-01-31,179.94,Overdue,2025-03-02
17587,5955,2024-09-19,322.77,Paid,2024-10-19
17588,4989,2024-09-18,350.87,Due,2024-10-18
17589,7926,2024-08-28,17.15,Paid,2024-09-27
17590,5226,2025-01-25,331.39,Overdue,2025-02-24
17591,8703,2024-06-14,181.87,Paid,2024-07-14
17592,8071,2024-08-07,168.22,Overdue,2024-09-06
17593,3362,2024-10-08,300.18,Overdue,2024-11-07
17594,9555,2025-02-15,51.35,Paid,2025-03-17
17595,5723,2024-12-30,39.84,Overdue,2025-01-29
17596,5718,2024-08-23,52.87,Paid,2024-09-22
17597,8276,2025-02-20,75.23,Overdue,2025-03-22
17598,7021,2024-06-23,356.96,Overdue,2024-07-23
17599,225,2025-04-11,368.04,Paid,2025-05-11
17600,1406,2024-08-19,112.9,Paid,2024-09-18
17601,6356,2024-06-28,477.85,Overdue,2024-07-28
17602,5760,2024-06-30,114.22,Due,2024-07-30
17603,1254,2025-04-15,71.1,Due,2025-05-15
17604,3654,2025-04-15,121.03,Paid,2025-05-15
17605,9321,2025-01-12,230.55,Due,2025-02-11
17606,2743,2024-11-05,481.79,Overdue,2024-12-05
17607,2709,2025-02-07,157.49,Paid,2025-03-09
17608,5147,2024-06-23,276.16,Paid,2024-07-23
17609,2786,2024-12-19,94.48,Due,2025-01-18
17610,619,2024-11-10,484.48,Due,2024-12-10
17611,2377,2024-08-12,267.1,Due,2024-09-11
17612,424,2024-08-03,310.44,Overdue,2024-09-02
17613,3269,2024-10-16,306.39,Due,2024-11-15
17614,1849,2024-05-31,194.34,Paid,2024-06-30
17615,4497,2024-08-08,322.75,Due,2024-09-07
17616,5031,2025-04-15,188.65,Due,2025-05-15
17617,1877,2024-11-29,86.45,Due,2024-12-29
17618,1318,2024-08-17,121.26,Overdue,2024-09-16
17619,5009,2024-07-05,11.23,Due,2024-08-04
17620,4861,2025-04-28,378.85,Overdue,2025-05-28
17621,8745,2025-03-29,167.4,Due,2025-04-28
17622,519,2025-03-01,325.73,Paid,2025-03-31
17623,2117,2024-12-01,194.77,Overdue,2024-12-31
17624,7823,2024-08-04,495.29,Paid,2024-09-03
17625,5726,2024-12-31,81.45,Paid,2025-01-30
17626,7227,2024-09-30,215.9,Overdue,2024-10-30
17627,1682,2024-11-17,194.64,Due,2024-12-17
17628,4523,2025-02-05,30.4,Due,2025-03-07
17629,1133,2024-08-01,491.66,Paid,2024-08-31
17630,393,2024-05-15,235.68,Due,2024-06-14
17631,3237,2024-12-01,349.97,Due,2024-12-31
17632,4512,2024-10-03,166.89,Paid,2024-11-02
17633,2339,2024-05-07,211.85,Paid,2024-06-06
17634,8716,2024-12-30,210.01,Due,2025-01-29
17635,4105,2024-05-27,417.23,Due,2024-06-26
17636,9630,2024-09-15,258.97,Overdue,2024-10-15
17637,8720,2025-03-23,211.96,Paid,2025-04-22
17638,3374,2024-08-03,278.82,Paid,2024-09-02
17639,1496,2025-03-29,209.06,Due,2025-04-28
17640,1492,2024-11-01,306.9,Overdue,2024-12-01
17641,1709,2025-01-18,421.25,Paid,2025-02-17
17642,6996,2024-08-31,37.02,Paid,2024-09-30
17643,5342,2024-08-30,178.62,Due,2024-09-29
17644,5903,2025-02-11,101.81,Overdue,2025-03-13
17645,8496,2025-04-09,270.76,Paid,2025-05-09
17646,5173,2025-02-13,343.56,Due,2025-03-15
17647,5559,2024-07-07,18.97,Overdue,2024-08-06
17648,342,2024-08-09,472.3,Overdue,2024-09-08
17649,2155,2024-12-26,216.23,Due,2025-01-25
17650,3919,2025-01-19,155.09,Due,2025-02-18
17651,3232,2025-04-04,446.39,Paid,2025-05-04
17652,3824,2024-12-27,343.29,Due,2025-01-26
17653,1336,2024-08-24,51.97,Due,2024-09-23
17654,314,2025-04-25,434.03,Due,2025-05-25
17655,9597,2024-12-03,438.94,Overdue,2025-01-02
17656,8845,2024-11-09,29.96,Overdue,2024-12-09
17657,7468,2025-02-03,131.81,Due,2025-03-05
17658,6413,2025-02-14,465.94,Due,2025-03-16
17659,8215,2024-08-05,392.73,Overdue,2024-09-04
17660,3217,2025-01-22,382.02,Paid,2025-02-21
17661,8254,2025-03-07,397.78,Overdue,2025-04-06
17662,116,2024-08-29,223.34,Due,2024-09-28
17663,2204,2024-08-05,476.19,Paid,2024-09-04
17664,2072,2024-10-17,427.27,Due,2024-11-16
17665,5496,2024-09-09,62.65,Paid,2024-10-09
17666,4876,2024-08-17,443.87,Overdue,2024-09-16
17667,3437,2024-08-13,345.28,Overdue,2024-09-12
17668,3781,2024-09-03,139.24,Paid,2024-10-03
17669,2770,2025-02-23,37.96,Due,2025-03-25
17670,7981,2025-04-26,352.74,Overdue,2025-05-26
17671,6531,2024-09-09,257.73,Paid,2024-10-09
17672,4745,2025-04-10,209.58,Due,2025-05-10
17673,266,2025-04-07,484.65,Overdue,2025-05-07
17674,4026,2025-04-05,175.11,Paid,2025-05-05
17675,2503,2024-08-18,402.03,Overdue,2024-09-17
17676,54,2024-05-18,402.83,Due,2024-06-17
17677,5913,2024-08-07,101.79,Overdue,2024-09-06
17678,9075,2024-06-13,437.29,Overdue,2024-07-13
17679,626,2024-12-16,82.69,Paid,2025-01-15
17680,9206,2025-04-12,374.88,Paid,2025-05-12
17681,557,2025-02-09,98.43,Overdue,2025-03-11
17682,6828,2025-01-09,173.6,Overdue,2025-02-08
17683,2284,2024-12-03,158.46,Paid,2025-01-02
17684,5683,2024-07-25,473.47,Due,2024-08-24
17685,552,2025-02-27,150.93,Due,2025-03-29
17686,6671,2024-12-31,273.41,Due,2025-01-30
17687,2096,2024-12-31,44.15,Paid,2025-01-30
17688,7328,2024-08-11,368.56,Overdue,2024-09-10
17689,228,2024-09-03,217.93,Paid,2024-10-03
17690,4878,2025-02-25,463.74,Due,2025-03-27
17691,8122,2024-11-11,330.67,Overdue,2024-12-11
17692,9275,2024-07-14,36.85,Paid,2024-08-13
17693,7238,2025-03-08,406.43,Paid,2025-04-07
17694,132,2024-10-08,309.29,Paid,2024-11-07
17695,1877,2024-10-18,114.81,Overdue,2024-11-17
17696,9798,2024-09-09,419.27,Paid,2024-10-09
17697,5804,2024-11-27,183.84,Due,2024-12-27
17698,8916,2024-08-11,422.8,Paid,2024-09-10
17699,6357,2025-04-21,463.76,Paid,2025-05-21
17700,1458,2025-02-11,26.73,Overdue,2025-03-13
17701,2942,2025-04-26,107.47,Paid,2025-05-26
17702,2034,2025-04-19,392.14,Due,2025-05-19
17703,7586,2025-02-06,275.04,Paid,2025-03-08
17704,1851,2025-03-28,308.73,Overdue,2025-04-27
17705,9784,2024-12-09,71.32,Overdue,2025-01-08
17706,9855,2024-06-01,382.56,Due,2024-07-01
17707,1562,2024-06-20,162.9,Paid,2024-07-20
17708,1021,2024-10-10,336.16,Paid,2024-11-09
17709,9944,2024-08-03,447.76,Overdue,2024-09-02
17710,3416,2025-03-19,253.6,Due,2025-04-18
17711,3390,2025-01-15,166.92,Due,2025-02-14
17712,9643,2024-08-14,157.8,Overdue,2024-09-13
17713,8498,2024-11-13,208.75,Overdue,2024-12-13
17714,2297,2025-02-03,83.58,Due,2025-03-05
17715,3856,2025-04-22,196.03,Due,2025-05-22
17716,215,2024-05-11,420.47,Overdue,2024-06-10
17717,7210,2025-03-27,456.04,Due,2025-04-26
17718,9967,2024-07-03,472.7,Overdue,2024-08-02
17719,7954,2024-09-25,256.33,Paid,2024-10-25
17720,9932,2025-03-04,328.8,Paid,2025-04-03
17721,5590,2024-11-29,275.81,Overdue,2024-12-29
17722,3110,2025-04-20,302.35,Overdue,2025-05-20
17723,4397,2024-06-03,71.78,Due,2024-07-03
17724,1999,2024-05-09,289.5,Overdue,2024-06-08
17725,9517,2024-08-09,82.7,Paid,2024-09-08
17726,1513,2024-08-06,143.49,Due,2024-09-05
17727,7281,2025-01-29,450.55,Overdue,2025-02-28
17728,4327,2025-02-22,11.24,Paid,2025-03-24
17729,7821,2024-09-01,40.29,Paid,2024-10-01
17730,4681,2024-10-15,208.63,Overdue,2024-11-14
17731,7815,2024-07-25,25.2,Overdue,2024-08-24
17732,9710,2024-09-23,148.79,Paid,2024-10-23
17733,1043,2025-01-17,217.16,Due,2025-02-16
17734,6116,2024-11-16,450.34,Paid,2024-12-16
17735,8327,2024-07-09,200.09,Due,2024-08-08
17736,2421,2024-12-31,354.52,Due,2025-01-30
17737,7103,2025-02-22,192.36,Paid,2025-03-24
17738,9788,2025-03-22,274.12,Overdue,2025-04-21
17739,2358,2024-10-15,203.84,Due,2024-11-14
17740,7179,2024-12-17,66.8,Paid,2025-01-16
17741,6112,2024-09-20,304.0,Paid,2024-10-20
17742,4737,2024-08-31,302.54,Paid,2024-09-30
17743,6616,2024-05-26,42.88,Overdue,2024-06-25
17744,4752,2024-07-06,458.49,Due,2024-08-05
17745,5210,2024-12-28,411.22,Due,2025-01-27
17746,8133,2024-10-08,440.37,Due,2024-11-07
17747,3657,2024-11-28,158.09,Paid,2024-12-28
17748,2082,2025-02-27,423.69,Overdue,2025-03-29
17749,8889,2024-08-03,442.79,Paid,2024-09-02
17750,6004,2024-07-23,190.73,Overdue,2024-08-22
17751,9955,2025-01-26,53.75,Due,2025-02-25
17752,6573,2024-11-18,51.17,Overdue,2024-12-18
17753,1736,2025-02-24,253.23,Due,2025-03-26
17754,6371,2024-12-08,455.13,Due,2025-01-07
17755,972,2024-06-06,237.72,Overdue,2024-07-06
17756,798,2024-12-29,394.49,Due,2025-01-28
17757,5383,2024-11-11,287.32,Overdue,2024-12-11
17758,2518,2024-07-24,433.15,Overdue,2024-08-23
17759,4477,2024-12-27,213.43,Paid,2025-01-26
17760,9947,2024-12-18,242.34,Overdue,2025-01-17
17761,2409,2024-07-24,387.31,Overdue,2024-08-23
17762,8509,2024-07-01,112.86,Paid,2024-07-31
17763,7169,2025-02-07,373.66,Overdue,2025-03-09
17764,2279,2025-03-09,265.14,Paid,2025-04-08
17765,5379,2024-11-04,407.55,Overdue,2024-12-04
17766,2142,2024-06-20,114.74,Due,2024-07-20
17767,9108,2024-07-06,119.39,Overdue,2024-08-05
17768,8148,2024-11-22,424.33,Overdue,2024-12-22
17769,8884,2025-03-13,306.47,Due,2025-04-12
17770,8114,2025-04-07,399.49,Overdue,2025-05-07
17771,4873,2024-10-14,323.55,Overdue,2024-11-13
17772,7272,2024-05-16,333.74,Overdue,2024-06-15
17773,6729,2024-07-21,239.81,Due,2024-08-20
17774,6541,2024-09-07,456.84,Due,2024-10-07
17775,683,2024-12-29,163.63,Due,2025-01-28
17776,6712,2024-12-07,148.64,Paid,2025-01-06
17777,9788,2024-12-16,388.43,Overdue,2025-01-15
17778,2644,2025-01-07,267.43,Paid,2025-02-06
17779,8090,2025-03-02,186.66,Overdue,2025-04-01
17780,177,2025-02-03,313.03,Paid,2025-03-05
17781,9351,2025-02-05,240.24,Paid,2025-03-07
17782,8399,2024-11-04,322.76,Due,2024-12-04
17783,5760,2025-02-06,94.8,Overdue,2025-03-08
17784,4232,2025-01-11,328.37,Due,2025-02-10
17785,7391,2024-05-14,478.59,Overdue,2024-06-13
17786,1472,2024-09-30,96.83,Overdue,2024-10-30
17787,5256,2024-10-11,200.73,Overdue,2024-11-10
17788,1436,2025-02-08,10.72,Overdue,2025-03-10
17789,2187,2024-07-30,487.1,Paid,2024-08-29
17790,6127,2025-04-29,486.72,Paid,2025-05-29
17791,8943,2024-11-24,347.47,Overdue,2024-12-24
17792,5269,2025-02-01,159.29,Overdue,2025-03-03
17793,9759,2024-09-13,417.7,Paid,2024-10-13
17794,9021,2025-01-14,71.05,Due,2025-02-13
17795,9305,2024-05-05,280.26,Overdue,2024-06-04
17796,7250,2024-08-12,154.92,Overdue,2024-09-11
17797,6405,2024-06-19,33.09,Due,2024-07-19
17798,622,2025-02-14,401.96,Due,2025-03-16
17799,6438,2024-08-31,341.64,Paid,2024-09-30
17800,7916,2025-02-08,135.93,Due,2025-03-10
17801,9817,2025-03-14,99.26,Overdue,2025-04-13
17802,8479,2025-01-22,222.36,Due,2025-02-21
17803,6204,2024-06-26,62.33,Due,2024-07-26
17804,8753,2025-04-13,308.62,Paid,2025-05-13
17805,7038,2024-06-05,141.61,Due,2024-07-05
17806,5462,2024-12-25,161.07,Due,2025-01-24
17807,215,2024-10-03,243.5,Overdue,2024-11-02
17808,8741,2024-11-24,250.1,Overdue,2024-12-24
17809,4120,2024-05-13,244.62,Paid,2024-06-12
17810,9717,2024-09-28,303.31,Overdue,2024-10-28
17811,3535,2024-08-16,347.69,Overdue,2024-09-15
17812,1434,2024-11-22,369.48,Paid,2024-12-22
17813,825,2025-03-23,68.78,Due,2025-04-22
17814,5172,2025-03-13,315.7,Paid,2025-04-12
17815,8747,2024-11-06,441.31,Overdue,2024-12-06
17816,1983,2024-12-16,198.36,Overdue,2025-01-15
17817,2097,2024-10-03,251.32,Paid,2024-11-02
17818,2027,2024-08-19,70.1,Due,2024-09-18
17819,4702,2024-06-11,149.8,Due,2024-07-11
17820,1664,2025-04-27,64.59,Due,2025-05-27
17821,8120,2024-09-15,213.12,Due,2024-10-15
17822,147,2024-10-13,173.62,Due,2024-11-12
17823,9743,2025-01-25,324.71,Paid,2025-02-24
17824,3089,2024-05-17,251.47,Overdue,2024-06-16
17825,439,2025-03-09,57.47,Due,2025-04-08
17826,7253,2024-12-18,253.95,Due,2025-01-17
17827,4355,2025-03-14,13.32,Overdue,2025-04-13
17828,3442,2024-10-18,201.42,Overdue,2024-11-17
17829,4591,2025-02-13,66.49,Due,2025-03-15
17830,4773,2025-02-23,43.97,Due,2025-03-25
17831,6471,2024-11-15,434.07,Overdue,2024-12-15
17832,9156,2025-02-18,351.75,Due,2025-03-20
17833,1921,2024-07-07,496.24,Due,2024-08-06
17834,2505,2024-06-19,17.88,Overdue,2024-07-19
17835,663,2025-01-23,87.34,Due,2025-02-22
17836,3490,2024-10-16,274.89,Paid,2024-11-15
17837,1207,2025-02-10,193.05,Overdue,2025-03-12
17838,8946,2025-03-02,426.47,Paid,2025-04-01
17839,8147,2024-05-06,258.89,Overdue,2024-06-05
17840,991,2024-07-12,421.4,Due,2024-08-11
17841,8970,2024-05-13,282.35,Paid,2024-06-12
17842,623,2025-03-31,421.56,Overdue,2025-04-30
17843,430,2024-09-28,302.91,Overdue,2024-10-28
17844,4800,2025-04-20,123.3,Overdue,2025-05-20
17845,814,2024-08-01,473.52,Paid,2024-08-31
17846,9330,2024-12-01,13.23,Due,2024-12-31
17847,8816,2024-08-08,202.19,Due,2024-09-07
17848,6552,2024-10-10,450.39,Due,2024-11-09
17849,2815,2024-10-24,90.17,Overdue,2024-11-23
17850,9468,2024-10-07,322.99,Due,2024-11-06
17851,4911,2024-10-15,368.33,Overdue,2024-11-14
17852,7323,2024-08-20,122.73,Paid,2024-09-19
17853,1255,2024-12-30,300.11,Due,2025-01-29
17854,3087,2025-04-23,63.34,Due,2025-05-23
17855,9236,2024-05-04,480.62,Paid,2024-06-03
17856,3482,2024-07-25,244.89,Due,2024-08-24
17857,3859,2025-03-28,114.4,Overdue,2025-04-27
17858,1080,2025-02-10,329.39,Due,2025-03-12
17859,896,2024-07-26,383.12,Paid,2024-08-25
17860,4265,2024-06-14,269.88,Due,2024-07-14
17861,6482,2024-09-28,159.93,Paid,2024-10-28
17862,9104,2025-02-22,345.94,Overdue,2025-03-24
17863,2325,2024-09-28,47.06,Overdue,2024-10-28
17864,4931,2024-08-31,68.98,Due,2024-09-30
17865,9228,2024-08-15,380.07,Paid,2024-09-14
17866,1602,2024-12-18,484.87,Overdue,2025-01-17
17867,7507,2025-04-18,495.77,Due,2025-05-18
17868,1432,2024-10-03,56.91,Paid,2024-11-02
17869,4062,2025-01-01,250.74,Overdue,2025-01-31
17870,2253,2025-04-22,296.69,Due,2025-05-22
17871,5561,2024-12-11,143.03,Overdue,2025-01-10
17872,3424,2024-12-08,340.43,Paid,2025-01-07
17873,3418,2024-11-13,484.1,Overdue,2024-12-13
17874,315,2024-09-30,270.53,Due,2024-10-30
17875,5766,2025-03-03,367.17,Paid,2025-04-02
17876,1445,2024-05-22,304.23,Overdue,2024-06-21
17877,5040,2024-06-12,13.29,Overdue,2024-07-12
17878,1197,2024-05-10,496.47,Due,2024-06-09
17879,7263,2024-10-26,310.53,Overdue,2024-11-25
17880,120,2024-05-13,92.56,Overdue,2024-06-12
17881,4431,2024-12-31,343.86,Paid,2025-01-30
17882,6776,2025-03-23,167.97,Paid,2025-04-22
17883,705,2024-07-20,81.38,Paid,2024-08-19
17884,99,2024-09-14,130.34,Due,2024-10-14
17885,3650,2025-03-09,98.81,Due,2025-04-08
17886,6131,2025-01-07,17.68,Paid,2025-02-06
17887,1376,2025-03-04,27.07,Due,2025-04-03
17888,4777,2025-02-09,96.78,Due,2025-03-11
17889,6914,2024-05-07,250.58,Paid,2024-06-06
17890,5594,2024-07-02,218.3,Overdue,2024-08-01
17891,5243,2025-03-07,302.8,Due,2025-04-06
17892,9016,2024-12-26,182.58,Due,2025-01-25
17893,7639,2024-12-16,313.76,Paid,2025-01-15
17894,9949,2025-01-16,36.22,Paid,2025-02-15
17895,9190,2024-06-23,301.81,Due,2024-07-23
17896,7211,2024-06-16,132.19,Overdue,2024-07-16
17897,1581,2024-09-10,86.31,Overdue,2024-10-10
17898,7089,2024-12-19,144.96,Paid,2025-01-18
17899,9153,2024-06-07,101.21,Overdue,2024-07-07
17900,5733,2025-04-23,103.3,Paid,2025-05-23
17901,1261,2025-04-25,177.45,Paid,2025-05-25
17902,6012,2025-02-10,385.98,Overdue,2025-03-12
17903,5786,2025-04-04,128.91,Due,2025-05-04
17904,5471,2025-01-23,479.43,Due,2025-02-22
17905,6338,2024-08-31,395.06,Overdue,2024-09-30
17906,2276,2025-03-15,227.62,Due,2025-04-14
17907,4616,2024-12-14,166.0,Due,2025-01-13
17908,3704,2024-10-15,213.04,Overdue,2024-11-14
17909,4668,2025-02-11,100.91,Overdue,2025-03-13
17910,1218,2025-03-31,344.23,Overdue,2025-04-30
17911,856,2025-01-13,105.1,Overdue,2025-02-12
17912,5231,2024-12-27,161.53,Overdue,2025-01-26
17913,1906,2025-03-04,64.71,Overdue,2025-04-03
17914,4595,2024-12-31,144.48,Due,2025-01-30
17915,1311,2024-06-26,290.42,Due,2024-07-26
17916,322,2024-05-04,259.31,Paid,2024-06-03
17917,2748,2024-10-03,157.92,Overdue,2024-11-02
17918,3580,2025-04-01,178.41,Overdue,2025-05-01
17919,4584,2024-09-29,36.15,Paid,2024-10-29
17920,3511,2024-08-29,302.51,Paid,2024-09-28
17921,7788,2024-09-22,288.44,Paid,2024-10-22
17922,2900,2024-06-18,473.55,Overdue,2024-07-18
17923,1306,2025-01-01,201.99,Paid,2025-01-31
17924,4818,2024-07-14,320.1,Paid,2024-08-13
17925,182,2025-04-01,20.75,Overdue,2025-05-01
17926,4510,2025-01-04,337.79,Overdue,2025-02-03
17927,62,2024-11-20,499.36,Paid,2024-12-20
17928,1777,2024-12-09,382.27,Paid,2025-01-08
17929,5443,2025-03-10,66.1,Paid,2025-04-09
17930,3929,2024-09-09,153.0,Overdue,2024-10-09
17931,3592,2025-04-01,345.3,Due,2025-05-01
17932,9510,2024-11-18,312.88,Due,2024-12-18
17933,159,2024-10-29,190.69,Paid,2024-11-28
17934,2718,2024-11-27,425.07,Paid,2024-12-27
17935,239,2024-07-10,26.43,Due,2024-08-09
17936,7561,2025-03-26,160.55,Due,2025-04-25
17937,9089,2024-09-06,216.09,Overdue,2024-10-06
17938,9320,2024-11-04,332.3,Paid,2024-12-04
17939,9571,2024-10-11,339.42,Overdue,2024-11-10
17940,80,2024-06-04,433.7,Overdue,2024-07-04
17941,5327,2024-09-06,113.73,Due,2024-10-06
17942,5065,2024-09-07,498.03,Paid,2024-10-07
17943,6241,2024-12-15,131.29,Overdue,2025-01-14
17944,9005,2025-03-12,35.01,Paid,2025-04-11
17945,7716,2024-12-04,395.82,Overdue,2025-01-03
17946,3724,2024-10-03,484.73,Overdue,2024-11-02
17947,3918,2024-05-07,53.38,Paid,2024-06-06
17948,8039,2025-01-06,131.04,Due,2025-02-05
17949,8739,2025-01-15,72.51,Due,2025-02-14
17950,4558,2024-10-04,368.17,Overdue,2024-11-03
17951,2336,2025-04-03,13.94,Due,2025-05-03
17952,5442,2024-05-01,232.09,Due,2024-05-31
17953,8737,2025-02-24,84.05,Due,2025-03-26
17954,3018,2024-05-20,292.49,Overdue,2024-06-19
17955,4832,2024-09-18,462.46,Paid,2024-10-18
17956,9001,2024-11-06,253.23,Paid,2024-12-06
17957,8020,2024-09-11,421.4,Due,2024-10-11
17958,6785,2024-09-13,96.48,Due,2024-10-13
17959,7387,2024-07-13,207.77,Due,2024-08-12
17960,3328,2024-11-01,317.95,Due,2024-12-01
17961,8274,2025-02-24,280.35,Overdue,2025-03-26
17962,8803,2024-11-29,30.96,Due,2024-12-29
17963,5126,2025-02-18,126.72,Paid,2025-03-20
17964,3113,2025-03-22,121.71,Paid,2025-04-21
17965,2762,2024-06-15,329.51,Overdue,2024-07-15
17966,4385,2024-09-04,148.93,Overdue,2024-10-04
17967,1000,2025-03-16,94.89,Overdue,2025-04-15
17968,6761,2025-03-10,277.77,Overdue,2025-04-09
17969,7877,2024-12-24,186.96,Paid,2025-01-23
17970,8447,2024-05-31,249.15,Paid,2024-06-30
17971,573,2024-05-22,99.17,Overdue,2024-06-21
17972,857,2024-08-23,63.62,Due,2024-09-22
17973,2195,2024-08-07,28.41,Due,2024-09-06
17974,3464,2025-01-19,189.98,Paid,2025-02-18
17975,2528,2025-02-03,191.09,Paid,2025-03-05
17976,8878,2024-05-26,117.76,Due,2024-06-25
17977,3176,2025-01-12,495.7,Due,2025-02-11
17978,7424,2025-04-08,335.62,Paid,2025-05-08
17979,8878,2024-12-17,251.52,Due,2025-01-16
17980,6633,2025-04-23,102.76,Overdue,2025-05-23
17981,7299,2024-07-02,219.05,Overdue,2024-08-01
17982,3986,2024-06-13,170.1,Paid,2024-07-13
17983,6303,2024-11-28,84.41,Paid,2024-12-28
17984,5175,2024-10-11,178.13,Paid,2024-11-10
17985,4108,2024-09-15,410.09,Overdue,2024-10-15
17986,8109,2024-12-27,427.82,Paid,2025-01-26
17987,5308,2024-05-22,116.51,Paid,2024-06-21
17988,4328,2024-08-18,68.31,Overdue,2024-09-17
17989,9125,2024-11-04,82.31,Due,2024-12-04
17990,6187,2025-03-01,285.14,Paid,2025-03-31
17991,3757,2024-10-24,19.04,Overdue,2024-11-23
17992,498,2025-02-10,481.69,Due,2025-03-12
17993,3207,2024-05-24,345.8,Paid,2024-06-23
17994,2720,2024-11-30,318.46,Paid,2024-12-30
17995,3838,2024-12-01,491.79,Overdue,2024-12-31
17996,2295,2024-12-13,131.13,Paid,2025-01-12
17997,6613,2024-08-10,427.16,Due,2024-09-09
17998,3792,2024-06-06,491.97,Overdue,2024-07-06
17999,5430,2024-06-22,416.01,Paid,2024-07-22
18000,434,2025-03-11,45.5,Due,2025-04-10
18001,7318,2025-01-15,368.32,Paid,2025-02-14
18002,4058,2024-07-09,453.27,Paid,2024-08-08
18003,1592,2024-11-29,74.73,Overdue,2024-12-29
18004,8536,2025-01-20,321.34,Overdue,2025-02-19
18005,9345,2024-07-14,291.85,Overdue,2024-08-13
18006,4364,2025-01-25,405.16,Paid,2025-02-24
18007,1782,2025-03-08,467.33,Paid,2025-04-07
18008,2788,2024-09-06,406.4,Paid,2024-10-06
18009,3421,2024-07-16,486.69,Overdue,2024-08-15
18010,3969,2024-09-26,455.96,Paid,2024-10-26
18011,3321,2025-01-22,91.37,Overdue,2025-02-21
18012,8979,2025-01-22,445.9,Due,2025-02-21
18013,2792,2024-05-16,330.94,Overdue,2024-06-15
18014,5722,2025-03-14,258.93,Due,2025-04-13
18015,3545,2025-02-13,329.45,Due,2025-03-15
18016,6656,2024-10-18,259.45,Due,2024-11-17
18017,5679,2024-12-02,428.69,Overdue,2025-01-01
18018,2870,2025-04-24,48.6,Overdue,2025-05-24
18019,1943,2024-08-08,336.85,Paid,2024-09-07
18020,8559,2024-10-22,462.97,Paid,2024-11-21
18021,1003,2024-09-17,238.07,Paid,2024-10-17
18022,6910,2024-12-06,152.05,Paid,2025-01-05
18023,2716,2025-02-16,483.29,Overdue,2025-03-18
18024,1281,2024-11-18,443.24,Overdue,2024-12-18
18025,8885,2024-10-13,212.92,Overdue,2024-11-12
18026,8800,2024-09-10,290.33,Overdue,2024-10-10
18027,1192,2025-04-14,365.6,Paid,2025-05-14
18028,5459,2024-12-30,276.29,Paid,2025-01-29
18029,8980,2024-12-29,308.22,Paid,2025-01-28
18030,4984,2025-01-23,100.15,Paid,2025-02-22
18031,8421,2024-06-08,91.49,Due,2024-07-08
18032,7374,2024-11-13,361.47,Due,2024-12-13
18033,3938,2024-09-23,348.53,Paid,2024-10-23
18034,6817,2024-07-06,487.6,Overdue,2024-08-05
18035,2065,2024-11-22,488.53,Overdue,2024-12-22
18036,8102,2025-02-07,224.93,Overdue,2025-03-09
18037,1767,2024-11-05,339.01,Due,2024-12-05
18038,5920,2025-02-04,254.95,Paid,2025-03-06
18039,9373,2024-11-16,293.07,Due,2024-12-16
18040,7026,2024-05-17,164.3,Overdue,2024-06-16
18041,8981,2024-10-09,325.75,Overdue,2024-11-08
18042,5217,2024-09-17,497.07,Paid,2024-10-17
18043,6589,2025-02-19,275.18,Due,2025-03-21
18044,8121,2025-04-06,214.64,Overdue,2025-05-06
18045,4753,2025-03-25,223.19,Overdue,2025-04-24
18046,535,2024-06-25,261.77,Paid,2024-07-25
18047,5110,2025-01-03,339.86,Paid,2025-02-02
18048,2792,2024-08-10,93.04,Due,2024-09-09
18049,7637,2024-09-02,325.66,Paid,2024-10-02
18050,9560,2025-03-17,173.1,Overdue,2025-04-16
18051,661,2024-12-09,335.06,Overdue,2025-01-08
18052,7719,2025-02-13,432.84,Overdue,2025-03-15
18053,7586,2024-06-25,206.36,Due,2024-07-25
18054,4928,2024-07-10,393.12,Due,2024-08-09
18055,514,2024-08-30,120.53,Overdue,2024-09-29
18056,4843,2025-01-21,48.34,Overdue,2025-02-20
18057,4293,2024-05-24,178.71,Overdue,2024-06-23
18058,3244,2025-01-01,358.38,Overdue,2025-01-31
18059,2019,2024-09-21,481.44,Due,2024-10-21
18060,8831,2024-11-30,214.09,Due,2024-12-30
18061,9200,2025-01-17,222.4,Paid,2025-02-16
18062,2095,2024-06-21,338.91,Paid,2024-07-21
18063,55,2024-11-30,427.17,Paid,2024-12-30
18064,6705,2024-11-20,42.35,Due,2024-12-20
18065,1853,2024-10-04,141.93,Paid,2024-11-03
18066,8156,2025-04-21,124.66,Due,2025-05-21
18067,1330,2024-05-10,257.6,Paid,2024-06-09
18068,6003,2025-01-21,156.92,Paid,2025-02-20
18069,717,2024-11-25,226.92,Overdue,2024-12-25
18070,3255,2024-05-19,198.38,Overdue,2024-06-18
18071,1642,2024-08-26,271.02,Paid,2024-09-25
18072,9667,2025-04-27,159.17,Overdue,2025-05-27
18073,7749,2024-09-28,152.51,Due,2024-10-28
18074,4086,2024-06-08,100.22,Overdue,2024-07-08
18075,8078,2025-01-27,276.46,Overdue,2025-02-26
18076,5003,2024-08-08,476.63,Due,2024-09-07
18077,7934,2024-08-19,133.94,Paid,2024-09-18
18078,2252,2024-10-09,226.57,Overdue,2024-11-08
18079,1332,2024-09-26,207.37,Due,2024-10-26
18080,181,2024-10-06,366.01,Paid,2024-11-05
18081,2217,2024-06-16,68.74,Paid,2024-07-16
18082,8934,2024-11-16,232.31,Overdue,2024-12-16
18083,8606,2024-11-08,442.68,Overdue,2024-12-08
18084,5981,2025-03-04,182.52,Due,2025-04-03
18085,7744,2025-02-16,385.19,Paid,2025-03-18
18086,4537,2024-05-30,37.38,Overdue,2024-06-29
18087,4391,2024-07-04,258.04,Due,2024-08-03
18088,8660,2024-12-23,20.6,Paid,2025-01-22
18089,2312,2024-10-01,358.87,Paid,2024-10-31
18090,5817,2024-07-09,174.93,Overdue,2024-08-08
18091,6164,2024-10-02,35.32,Overdue,2024-11-01
18092,143,2024-07-22,98.7,Paid,2024-08-21
18093,2152,2024-11-17,245.61,Paid,2024-12-17
18094,9132,2025-03-07,68.35,Paid,2025-04-06
18095,9374,2025-03-08,122.6,Paid,2025-04-07
18096,1093,2024-12-11,193.15,Due,2025-01-10
18097,2078,2024-07-10,230.59,Paid,2024-08-09
18098,3739,2024-10-10,256.25,Due,2024-11-09
18099,4479,2025-04-16,496.79,Paid,2025-05-16
18100,3121,2025-04-22,295.69,Due,2025-05-22
18101,2019,2024-07-31,164.81,Due,2024-08-30
18102,4689,2024-06-06,276.61,Due,2024-07-06
18103,1398,2024-06-22,464.58,Paid,2024-07-22
18104,798,2024-05-22,401.46,Overdue,2024-06-21
18105,7462,2025-02-23,110.59,Due,2025-03-25
18106,7083,2025-03-07,451.3,Paid,2025-04-06
18107,4412,2024-07-10,168.56,Overdue,2024-08-09
18108,3362,2024-07-15,211.94,Due,2024-08-14
18109,1707,2024-12-07,199.92,Due,2025-01-06
18110,2232,2024-10-28,207.99,Overdue,2024-11-27
18111,4788,2024-08-24,261.94,Overdue,2024-09-23
18112,6823,2024-12-14,266.82,Overdue,2025-01-13
18113,6318,2024-06-16,158.25,Overdue,2024-07-16
18114,9445,2025-04-19,127.94,Paid,2025-05-19
18115,3727,2025-02-15,447.34,Due,2025-03-17
18116,6430,2024-10-15,381.42,Overdue,2024-11-14
18117,5546,2024-08-02,145.41,Overdue,2024-09-01
18118,3197,2024-06-22,242.6,Paid,2024-07-22
18119,5552,2024-08-07,456.24,Due,2024-09-06
18120,9093,2024-12-03,48.7,Paid,2025-01-02
18121,4507,2024-09-19,433.15,Paid,2024-10-19
18122,7680,2024-10-08,312.91,Paid,2024-11-07
18123,3510,2025-01-31,478.32,Paid,2025-03-02
18124,3690,2024-09-23,468.71,Paid,2024-10-23
18125,416,2024-12-01,304.74,Due,2024-12-31
18126,8067,2024-12-02,222.1,Overdue,2025-01-01
18127,2396,2024-04-30,122.84,Overdue,2024-05-30
18128,2895,2024-09-14,418.61,Paid,2024-10-14
18129,2932,2024-05-12,494.0,Overdue,2024-06-11
18130,5419,2025-02-28,127.04,Paid,2025-03-30
18131,6252,2024-11-18,498.58,Paid,2024-12-18
18132,9016,2024-09-27,289.12,Due,2024-10-27
18133,8019,2025-03-23,223.38,Due,2025-04-22
18134,7550,2025-02-06,443.36,Due,2025-03-08
18135,7210,2024-05-14,336.38,Paid,2024-06-13
18136,7880,2025-04-25,469.27,Paid,2025-05-25
18137,1469,2024-06-03,21.66,Paid,2024-07-03
18138,9966,2025-01-14,20.15,Paid,2025-02-13
18139,1753,2024-07-06,109.06,Due,2024-08-05
18140,7252,2024-10-11,318.23,Due,2024-11-10
18141,4273,2024-07-08,78.85,Due,2024-08-07
18142,5644,2024-05-27,463.62,Overdue,2024-06-26
18143,5000,2025-01-05,449.7,Paid,2025-02-04
18144,589,2024-08-20,337.04,Due,2024-09-19
18145,629,2024-12-27,99.76,Paid,2025-01-26
18146,5063,2024-06-15,120.23,Overdue,2024-07-15
18147,992,2024-12-28,152.61,Paid,2025-01-27
18148,2716,2024-06-28,303.32,Due,2024-07-28
18149,2205,2024-09-25,74.22,Due,2024-10-25
18150,9094,2024-12-14,110.63,Due,2025-01-13
18151,649,2025-02-26,40.69,Overdue,2025-03-28
18152,7641,2025-02-13,128.55,Due,2025-03-15
18153,7338,2024-11-27,155.78,Paid,2024-12-27
18154,4006,2024-12-31,11.65,Due,2025-01-30
18155,5592,2024-07-10,416.55,Overdue,2024-08-09
18156,2916,2024-11-20,476.69,Due,2024-12-20
18157,3768,2024-12-14,24.0,Overdue,2025-01-13
18158,56,2024-07-24,268.39,Due,2024-08-23
18159,3584,2024-07-12,185.66,Due,2024-08-11
18160,7072,2025-03-17,265.44,Overdue,2025-04-16
18161,2406,2024-11-22,147.55,Paid,2024-12-22
18162,9079,2024-08-28,250.32,Paid,2024-09-27
18163,3104,2024-09-19,457.31,Overdue,2024-10-19
18164,8723,2024-07-03,215.56,Due,2024-08-02
18165,2616,2024-06-03,426.58,Due,2024-07-03
18166,2708,2024-07-11,72.73,Overdue,2024-08-10
18167,3307,2024-12-22,76.27,Overdue,2025-01-21
18168,8312,2024-05-08,413.32,Paid,2024-06-07
18169,9057,2025-02-10,304.06,Overdue,2025-03-12
18170,2593,2024-11-24,32.69,Paid,2024-12-24
18171,6524,2025-02-13,482.72,Due,2025-03-15
18172,5642,2024-09-14,234.95,Overdue,2024-10-14
18173,7389,2025-02-06,151.1,Overdue,2025-03-08
18174,5463,2024-08-24,336.72,Due,2024-09-23
18175,7946,2025-01-25,340.98,Paid,2025-02-24
18176,9859,2024-11-01,470.57,Due,2024-12-01
18177,1160,2025-04-02,222.84,Due,2025-05-02
18178,3609,2024-09-19,231.28,Paid,2024-10-19
18179,9338,2024-08-08,329.0,Overdue,2024-09-07
18180,8602,2025-03-06,340.99,Due,2025-04-05
18181,82,2024-10-31,378.92,Paid,2024-11-30
18182,777,2024-12-08,293.07,Overdue,2025-01-07
18183,7374,2024-07-04,24.11,Paid,2024-08-03
18184,7474,2024-11-19,325.98,Overdue,2024-12-19
18185,6266,2024-11-22,192.66,Due,2024-12-22
18186,3212,2025-01-01,403.97,Due,2025-01-31
18187,6082,2025-02-10,479.34,Overdue,2025-03-12
18188,8124,2025-03-12,401.5,Due,2025-04-11
18189,2435,2025-02-27,184.81,Due,2025-03-29
18190,1865,2024-11-19,471.93,Overdue,2024-12-19
18191,9368,2025-03-11,78.62,Overdue,2025-04-10
18192,7502,2025-01-03,251.65,Overdue,2025-02-02
18193,6253,2024-11-15,173.55,Overdue,2024-12-15
18194,2990,2024-08-19,159.95,Paid,2024-09-18
18195,6146,2024-10-01,49.26,Paid,2024-10-31
18196,2572,2025-01-24,469.2,Paid,2025-02-23
18197,737,2024-07-03,107.44,Paid,2024-08-02
18198,9741,2024-05-15,431.27,Overdue,2024-06-14
18199,1765,2024-07-11,123.0,Due,2024-08-10
18200,7203,2025-03-10,113.48,Paid,2025-04-09
18201,3911,2024-07-18,307.34,Overdue,2024-08-17
18202,8831,2025-03-19,447.56,Paid,2025-04-18
18203,9318,2024-05-15,313.39,Overdue,2024-06-14
18204,5053,2024-12-14,381.69,Paid,2025-01-13
18205,8481,2025-02-25,418.42,Paid,2025-03-27
18206,9032,2024-09-23,386.34,Paid,2024-10-23
18207,5523,2024-07-13,183.34,Due,2024-08-12
18208,8160,2025-03-03,130.14,Due,2025-04-02
18209,720,2024-11-30,262.25,Paid,2024-12-30
18210,3496,2025-01-10,148.24,Paid,2025-02-09
18211,8544,2025-02-18,219.97,Due,2025-03-20
18212,7719,2024-11-29,240.14,Due,2024-12-29
18213,704,2024-06-28,187.19,Overdue,2024-07-28
18214,1612,2025-03-21,157.54,Overdue,2025-04-20
18215,1782,2025-03-26,162.82,Overdue,2025-04-25
18216,8179,2025-03-16,173.38,Due,2025-04-15
18217,7178,2024-11-29,409.7,Due,2024-12-29
18218,5895,2024-09-08,190.37,Paid,2024-10-08
18219,2469,2024-09-02,101.95,Paid,2024-10-02
18220,181,2024-12-06,286.81,Paid,2025-01-05
18221,1109,2024-05-19,60.37,Paid,2024-06-18
18222,3706,2025-02-10,48.21,Due,2025-03-12
18223,4090,2024-08-13,135.14,Overdue,2024-09-12
18224,8759,2024-06-19,131.17,Due,2024-07-19
18225,3596,2025-01-04,12.9,Due,2025-02-03
18226,936,2024-05-23,243.06,Paid,2024-06-22
18227,7102,2024-06-06,410.44,Due,2024-07-06
18228,6570,2024-12-02,191.74,Due,2025-01-01
18229,9496,2024-09-09,33.3,Due,2024-10-09
18230,9744,2024-05-15,350.32,Due,2024-06-14
18231,1372,2024-12-18,77.49,Overdue,2025-01-17
18232,5477,2025-02-27,106.98,Due,2025-03-29
18233,8450,2024-06-25,219.99,Due,2024-07-25
18234,6623,2025-01-02,317.93,Overdue,2025-02-01
18235,275,2024-10-16,216.01,Due,2024-11-15
18236,1928,2025-01-14,178.53,Due,2025-02-13
18237,7109,2024-06-02,20.49,Paid,2024-07-02
18238,9512,2025-03-19,69.68,Paid,2025-04-18
18239,3951,2024-06-11,399.29,Due,2024-07-11
18240,9130,2024-06-28,425.99,Paid,2024-07-28
18241,1006,2024-08-01,64.24,Overdue,2024-08-31
18242,3018,2025-01-25,427.92,Overdue,2025-02-24
18243,5277,2024-09-20,103.38,Paid,2024-10-20
18244,5373,2024-11-20,85.03,Paid,2024-12-20
18245,8652,2024-05-15,465.43,Paid,2024-06-14
18246,6953,2025-02-23,74.04,Overdue,2025-03-25
18247,8009,2025-04-06,412.23,Overdue,2025-05-06
18248,7205,2024-07-14,439.88,Overdue,2024-08-13
18249,8880,2025-04-16,290.81,Due,2025-05-16
18250,4880,2024-08-06,294.75,Overdue,2024-09-05
18251,6447,2024-05-28,232.66,Paid,2024-06-27
18252,1792,2025-04-16,168.08,Paid,2025-05-16
18253,4450,2024-08-31,492.77,Overdue,2024-09-30
18254,5340,2025-03-02,350.53,Overdue,2025-04-01
18255,130,2024-12-08,415.04,Due,2025-01-07
18256,607,2024-08-17,16.0,Overdue,2024-09-16
18257,9791,2025-02-05,467.59,Due,2025-03-07
18258,6833,2024-09-27,49.69,Overdue,2024-10-27
18259,698,2024-06-03,240.71,Paid,2024-07-03
18260,6984,2025-03-12,300.12,Paid,2025-04-11
18261,9116,2024-07-27,405.42,Due,2024-08-26
18262,4851,2024-09-19,242.62,Overdue,2024-10-19
18263,385,2024-11-18,425.13,Paid,2024-12-18
18264,3837,2025-02-06,158.37,Overdue,2025-03-08
18265,265,2024-05-27,76.32,Overdue,2024-06-26
18266,6384,2024-09-29,58.57,Due,2024-10-29
18267,1871,2024-12-29,38.33,Overdue,2025-01-28
18268,7548,2024-05-04,143.24,Paid,2024-06-03
18269,1911,2024-09-30,122.32,Paid,2024-10-30
18270,4747,2024-08-17,117.79,Overdue,2024-09-16
18271,8487,2024-07-12,333.11,Overdue,2024-08-11
18272,6350,2024-12-22,165.45,Paid,2025-01-21
18273,5150,2024-07-07,417.07,Due,2024-08-06
18274,4649,2024-06-15,371.48,Paid,2024-07-15
18275,6980,2025-04-03,324.73,Overdue,2025-05-03
18276,137,2024-08-01,215.71,Due,2024-08-31
18277,8101,2025-03-22,177.75,Overdue,2025-04-21
18278,3941,2025-02-14,87.98,Due,2025-03-16
18279,7752,2024-11-12,442.46,Paid,2024-12-12
18280,214,2025-04-17,413.15,Due,2025-05-17
18281,7433,2025-04-28,18.79,Paid,2025-05-28
18282,90,2025-01-20,305.56,Overdue,2025-02-19
18283,2059,2024-11-15,45.18,Paid,2024-12-15
18284,5404,2024-06-03,116.7,Overdue,2024-07-03
18285,1456,2024-11-11,187.47,Overdue,2024-12-11
18286,4052,2024-05-07,306.86,Due,2024-06-06
18287,8215,2025-02-03,476.05,Overdue,2025-03-05
18288,7523,2024-05-25,461.65,Paid,2024-06-24
18289,3906,2025-04-16,317.72,Due,2025-05-16
18290,610,2024-06-19,258.35,Overdue,2024-07-19
18291,5439,2025-01-19,61.34,Due,2025-02-18
18292,704,2024-11-21,357.16,Due,2024-12-21
18293,3272,2024-08-01,82.97,Paid,2024-08-31
18294,1318,2024-07-10,331.94,Due,2024-08-09
18295,9418,2025-01-29,398.75,Paid,2025-02-28
18296,2555,2025-02-01,378.45,Overdue,2025-03-03
18297,5661,2025-02-13,385.68,Due,2025-03-15
18298,2152,2024-09-15,76.81,Overdue,2024-10-15
18299,9173,2025-03-31,239.0,Overdue,2025-04-30
18300,1365,2025-01-22,162.9,Paid,2025-02-21
18301,6062,2025-01-08,497.74,Overdue,2025-02-07
18302,7544,2025-02-21,438.28,Paid,2025-03-23
18303,7933,2024-05-19,204.84,Paid,2024-06-18
18304,6032,2024-09-02,141.84,Due,2024-10-02
18305,3393,2024-10-14,16.51,Due,2024-11-13
18306,4642,2024-12-28,351.98,Overdue,2025-01-27
18307,9800,2024-07-20,157.5,Due,2024-08-19
18308,9060,2024-09-02,206.47,Paid,2024-10-02
18309,6115,2025-03-06,376.38,Due,2025-04-05
18310,3940,2024-06-29,461.76,Due,2024-07-29
18311,9323,2025-04-05,141.61,Due,2025-05-05
18312,3306,2025-01-16,132.77,Paid,2025-02-15
18313,3879,2024-06-19,335.61,Paid,2024-07-19
18314,2823,2025-04-26,91.18,Due,2025-05-26
18315,6011,2024-09-12,115.86,Due,2024-10-12
18316,1327,2024-09-29,129.06,Due,2024-10-29
18317,4634,2024-06-11,442.82,Overdue,2024-07-11
18318,4550,2024-06-21,476.94,Due,2024-07-21
18319,3002,2025-02-27,322.35,Due,2025-03-29
18320,943,2024-05-19,366.28,Paid,2024-06-18
18321,7270,2025-01-22,191.91,Overdue,2025-02-21
18322,4652,2024-11-14,132.23,Overdue,2024-12-14
18323,9623,2025-04-27,325.76,Due,2025-05-27
18324,9437,2025-02-11,79.45,Due,2025-03-13
18325,4856,2024-10-20,453.92,Overdue,2024-11-19
18326,3083,2024-09-14,414.83,Due,2024-10-14
18327,826,2024-05-21,409.18,Paid,2024-06-20
18328,5867,2024-12-29,451.66,Due,2025-01-28
18329,1652,2024-07-24,88.4,Paid,2024-08-23
18330,1963,2025-03-11,479.52,Due,2025-04-10
18331,2724,2024-09-14,38.45,Overdue,2024-10-14
18332,7152,2025-01-14,189.45,Overdue,2025-02-13
18333,8581,2024-06-13,220.05,Due,2024-07-13
18334,4393,2025-03-11,220.64,Due,2025-04-10
18335,5060,2024-06-20,183.74,Due,2024-07-20
18336,1337,2024-12-10,356.36,Overdue,2025-01-09
18337,7826,2024-10-15,87.28,Paid,2024-11-14
18338,3461,2024-05-28,226.23,Overdue,2024-06-27
18339,7040,2025-01-05,345.86,Due,2025-02-04
18340,955,2024-07-01,466.92,Overdue,2024-07-31
18341,8729,2024-11-20,372.44,Due,2024-12-20
18342,1997,2025-02-28,344.51,Paid,2025-03-30
18343,9314,2025-01-01,277.49,Due,2025-01-31
18344,1614,2024-08-24,434.92,Paid,2024-09-23
18345,3727,2024-09-10,419.94,Paid,2024-10-10
18346,3137,2024-07-10,255.93,Paid,2024-08-09
18347,9964,2025-04-05,199.44,Paid,2025-05-05
18348,4073,2024-06-16,221.75,Overdue,2024-07-16
18349,8181,2024-12-22,495.85,Overdue,2025-01-21
18350,7884,2024-05-04,302.24,Due,2024-06-03
18351,7635,2024-06-19,311.46,Overdue,2024-07-19
18352,7916,2024-12-19,454.12,Paid,2025-01-18
18353,1038,2025-03-02,187.66,Overdue,2025-04-01
18354,7848,2024-09-11,225.22,Overdue,2024-10-11
18355,1276,2025-03-17,330.93,Overdue,2025-04-16
18356,9179,2024-07-30,87.03,Due,2024-08-29
18357,7081,2024-07-11,429.25,Paid,2024-08-10
18358,5758,2024-08-19,126.82,Overdue,2024-09-18
18359,1187,2025-04-14,131.18,Due,2025-05-14
18360,4994,2024-06-16,367.3,Overdue,2024-07-16
18361,4672,2025-04-19,489.75,Paid,2025-05-19
18362,6895,2024-11-30,148.54,Paid,2024-12-30
18363,8467,2025-04-06,354.99,Due,2025-05-06
18364,712,2024-05-27,185.55,Overdue,2024-06-26
18365,6893,2024-12-06,33.16,Overdue,2025-01-05
18366,8411,2024-12-19,303.53,Due,2025-01-18
18367,6759,2024-09-12,163.12,Paid,2024-10-12
18368,4211,2024-11-17,28.08,Due,2024-12-17
18369,3922,2025-02-14,226.03,Overdue,2025-03-16
18370,5117,2025-03-21,154.44,Due,2025-04-20
18371,4909,2024-07-20,233.18,Overdue,2024-08-19
18372,8073,2024-06-13,103.29,Due,2024-07-13
18373,892,2024-09-19,198.08,Paid,2024-10-19
18374,9123,2024-11-18,323.17,Overdue,2024-12-18
18375,8850,2024-06-13,72.1,Due,2024-07-13
18376,2873,2024-08-12,58.97,Due,2024-09-11
18377,3632,2024-05-18,190.54,Paid,2024-06-17
18378,3900,2025-04-16,273.67,Due,2025-05-16
18379,2379,2024-09-16,67.41,Overdue,2024-10-16
18380,1967,2024-12-13,453.36,Overdue,2025-01-12
18381,416,2025-02-08,379.37,Paid,2025-03-10
18382,3401,2025-03-02,199.21,Paid,2025-04-01
18383,3301,2024-08-30,478.17,Due,2024-09-29
18384,4397,2025-04-14,463.45,Paid,2025-05-14
18385,6951,2024-11-24,461.8,Due,2024-12-24
18386,3609,2024-12-29,190.06,Overdue,2025-01-28
18387,130,2024-05-20,442.38,Overdue,2024-06-19
18388,1117,2024-07-17,58.8,Due,2024-08-16
18389,7365,2024-09-27,258.89,Overdue,2024-10-27
18390,4083,2025-02-03,133.97,Paid,2025-03-05
18391,1791,2024-09-26,170.34,Paid,2024-10-26
18392,9295,2024-10-30,12.92,Due,2024-11-29
18393,7188,2025-04-10,41.32,Due,2025-05-10
18394,2547,2024-07-16,122.16,Overdue,2024-08-15
18395,8604,2025-01-27,423.81,Overdue,2025-02-26
18396,9448,2024-07-21,353.45,Paid,2024-08-20
18397,8993,2024-12-13,473.72,Overdue,2025-01-12
18398,2824,2024-10-22,422.77,Paid,2024-11-21
18399,3999,2024-10-21,440.49,Due,2024-11-20
18400,1662,2025-01-12,77.92,Paid,2025-02-11
18401,3430,2024-08-18,177.46,Paid,2024-09-17
18402,8958,2025-02-01,40.93,Paid,2025-03-03
18403,3639,2024-09-07,493.17,Due,2024-10-07
18404,3593,2024-11-09,316.23,Overdue,2024-12-09
18405,5343,2024-06-04,94.36,Paid,2024-07-04
18406,1821,2024-07-26,222.25,Paid,2024-08-25
18407,2618,2025-01-12,486.62,Due,2025-02-11
18408,605,2024-11-13,301.27,Overdue,2024-12-13
18409,9224,2025-04-10,126.72,Due,2025-05-10
18410,3453,2024-10-27,324.48,Due,2024-11-26
18411,6216,2024-08-21,245.72,Overdue,2024-09-20
18412,6110,2024-06-26,304.14,Due,2024-07-26
18413,4891,2024-08-15,466.41,Overdue,2024-09-14
18414,8169,2024-09-01,184.39,Paid,2024-10-01
18415,7550,2025-04-01,127.33,Overdue,2025-05-01
18416,5968,2025-01-18,254.91,Due,2025-02-17
18417,8921,2024-08-11,327.2,Paid,2024-09-10
18418,8821,2024-08-05,190.16,Due,2024-09-04
18419,1333,2024-12-25,138.54,Due,2025-01-24
18420,4495,2024-10-14,444.14,Paid,2024-11-13
18421,8047,2024-07-04,370.42,Paid,2024-08-03
18422,2355,2024-04-30,18.08,Due,2024-05-30
18423,295,2024-06-29,400.86,Paid,2024-07-29
18424,8628,2025-01-23,479.48,Due,2025-02-22
18425,8329,2025-03-03,72.45,Due,2025-04-02
18426,2761,2024-06-15,18.13,Paid,2024-07-15
18427,5981,2024-06-08,435.9,Paid,2024-07-08
18428,7795,2025-04-22,297.25,Due,2025-05-22
18429,2477,2024-06-20,267.52,Paid,2024-07-20
18430,5009,2025-01-29,146.15,Paid,2025-02-28
18431,8797,2025-02-10,209.91,Overdue,2025-03-12
18432,3562,2024-12-07,91.43,Due,2025-01-06
18433,5039,2024-06-28,133.16,Overdue,2024-07-28
18434,4342,2024-06-04,460.6,Paid,2024-07-04
18435,1292,2024-11-16,187.15,Due,2024-12-16
18436,9025,2024-10-11,184.61,Due,2024-11-10
18437,136,2024-12-10,363.91,Due,2025-01-09
18438,3545,2025-03-14,254.83,Paid,2025-04-13
18439,8215,2024-06-01,135.96,Overdue,2024-07-01
18440,5187,2024-06-09,332.52,Paid,2024-07-09
18441,5146,2024-06-06,236.71,Paid,2024-07-06
18442,2923,2025-02-20,50.34,Overdue,2025-03-22
18443,5158,2024-05-19,161.52,Paid,2024-06-18
18444,5324,2025-01-06,342.53,Overdue,2025-02-05
18445,6475,2024-10-08,39.15,Overdue,2024-11-07
18446,8830,2024-05-31,348.05,Paid,2024-06-30
18447,6285,2024-10-26,261.56,Overdue,2024-11-25
18448,9575,2025-03-19,72.45,Due,2025-04-18
18449,4044,2024-07-19,103.27,Due,2024-08-18
18450,3066,2024-08-07,377.05,Overdue,2024-09-06
18451,9786,2024-05-11,236.78,Due,2024-06-10
18452,9701,2024-09-17,41.64,Overdue,2024-10-17
18453,7570,2024-08-19,97.05,Overdue,2024-09-18
18454,1070,2025-03-05,191.84,Due,2025-04-04
18455,6608,2024-11-09,496.12,Overdue,2024-12-09
18456,2276,2025-02-08,203.95,Due,2025-03-10
18457,203,2024-05-27,73.34,Due,2024-06-26
18458,3188,2025-02-22,137.51,Overdue,2025-03-24
18459,1831,2024-08-04,391.8,Due,2024-09-03
18460,2999,2024-11-21,42.85,Due,2024-12-21
18461,9112,2025-03-10,17.31,Overdue,2025-04-09
18462,3765,2024-07-06,351.77,Overdue,2024-08-05
18463,3752,2024-12-04,93.01,Due,2025-01-03
18464,5183,2025-04-29,220.21,Paid,2025-05-29
18465,6511,2024-08-26,298.45,Overdue,2024-09-25
18466,6329,2024-08-30,78.6,Overdue,2024-09-29
18467,9126,2024-06-23,266.86,Due,2024-07-23
18468,3933,2024-08-27,415.55,Overdue,2024-09-26
18469,1046,2024-05-01,236.23,Due,2024-05-31
18470,602,2024-08-26,152.33,Overdue,2024-09-25
18471,9984,2025-01-24,328.47,Overdue,2025-02-23
18472,7178,2024-11-26,86.35,Paid,2024-12-26
18473,6329,2024-06-16,283.84,Paid,2024-07-16
18474,4384,2024-12-14,267.03,Paid,2025-01-13
18475,6983,2025-02-25,179.55,Due,2025-03-27
18476,9960,2024-09-29,59.33,Paid,2024-10-29
18477,5267,2024-05-04,375.76,Due,2024-06-03
18478,1421,2024-08-01,369.52,Overdue,2024-08-31
18479,170,2024-11-16,499.35,Due,2024-12-16
18480,8249,2025-02-04,374.9,Paid,2025-03-06
18481,5217,2024-08-25,236.16,Paid,2024-09-24
18482,2529,2024-11-18,188.48,Overdue,2024-12-18
18483,7969,2025-03-25,295.91,Paid,2025-04-24
18484,2173,2024-08-09,444.2,Due,2024-09-08
18485,4991,2024-05-31,461.5,Paid,2024-06-30
18486,2670,2024-12-21,411.59,Overdue,2025-01-20
18487,1263,2024-05-20,13.38,Due,2024-06-19
18488,1889,2025-02-15,496.77,Overdue,2025-03-17
18489,1082,2025-03-12,319.92,Overdue,2025-04-11
18490,9956,2024-06-12,443.56,Paid,2024-07-12
18491,3163,2025-03-16,92.45,Overdue,2025-04-15
18492,2469,2024-12-09,230.96,Overdue,2025-01-08
18493,2389,2024-06-15,71.67,Paid,2024-07-15
18494,1118,2024-12-30,73.59,Overdue,2025-01-29
18495,8471,2024-10-24,330.91,Due,2024-11-23
18496,6707,2025-02-09,241.3,Paid,2025-03-11
18497,4301,2024-10-23,153.06,Due,2024-11-22
18498,3760,2024-10-12,260.69,Due,2024-11-11
18499,8042,2025-04-09,185.36,Due,2025-05-09
18500,272,2024-09-06,356.93,Overdue,2024-10-06
18501,139,2024-09-07,141.45,Due,2024-10-07
18502,9405,2024-12-11,107.92,Due,2025-01-10
18503,4619,2024-05-22,232.61,Overdue,2024-06-21
18504,5978,2025-01-24,433.82,Paid,2025-02-23
18505,3379,2025-03-11,63.71,Paid,2025-04-10
18506,1296,2025-02-22,330.65,Paid,2025-03-24
18507,2658,2024-06-10,323.19,Paid,2024-07-10
18508,4550,2024-08-05,246.91,Overdue,2024-09-04
18509,3081,2024-08-14,341.41,Overdue,2024-09-13
18510,5711,2024-12-04,499.72,Overdue,2025-01-03
18511,5635,2024-10-01,402.25,Due,2024-10-31
18512,8894,2024-09-06,253.56,Due,2024-10-06
18513,9044,2024-10-13,62.97,Due,2024-11-12
18514,3763,2024-11-26,88.34,Overdue,2024-12-26
18515,3172,2024-08-17,332.86,Overdue,2024-09-16
18516,1325,2025-02-08,201.82,Due,2025-03-10
18517,6532,2025-02-20,437.38,Overdue,2025-03-22
18518,1030,2024-11-26,262.72,Overdue,2024-12-26
18519,8807,2024-11-28,379.16,Overdue,2024-12-28
18520,3391,2025-03-31,127.15,Due,2025-04-30
18521,9336,2024-08-02,47.83,Paid,2024-09-01
18522,4240,2024-07-09,385.82,Paid,2024-08-08
18523,5756,2024-06-13,74.15,Paid,2024-07-13
18524,5558,2024-05-03,444.1,Paid,2024-06-02
18525,7581,2024-11-15,102.0,Due,2024-12-15
18526,4451,2025-02-12,358.74,Paid,2025-03-14
18527,9901,2024-12-21,142.37,Overdue,2025-01-20
18528,4679,2024-07-16,256.78,Due,2024-08-15
18529,2441,2025-02-12,357.3,Overdue,2025-03-14
18530,2656,2025-04-16,126.56,Overdue,2025-05-16
18531,863,2025-01-06,422.81,Due,2025-02-05
18532,3599,2025-04-30,189.74,Paid,2025-05-30
18533,6203,2024-12-25,329.58,Paid,2025-01-24
18534,1609,2024-08-13,69.05,Due,2024-09-12
18535,897,2024-12-03,98.86,Due,2025-01-02
18536,9349,2024-06-18,467.98,Due,2024-07-18
18537,6468,2024-11-05,128.55,Overdue,2024-12-05
18538,6915,2024-06-23,78.5,Due,2024-07-23
18539,4655,2024-07-05,340.17,Paid,2024-08-04
18540,6006,2025-01-10,259.19,Paid,2025-02-09
18541,4466,2024-10-06,426.3,Paid,2024-11-05
18542,5148,2024-11-02,81.91,Overdue,2024-12-02
18543,2458,2025-03-09,173.95,Overdue,2025-04-08
18544,9673,2025-01-27,61.29,Overdue,2025-02-26
18545,1866,2025-02-20,227.34,Due,2025-03-22
18546,9584,2024-09-07,427.15,Due,2024-10-07
18547,5931,2024-05-13,318.39,Paid,2024-06-12
18548,4308,2024-08-27,436.79,Paid,2024-09-26
18549,7083,2024-07-25,348.72,Due,2024-08-24
18550,8847,2024-11-03,368.14,Paid,2024-12-03
18551,5046,2024-08-09,194.79,Overdue,2024-09-08
18552,3570,2025-02-20,338.2,Due,2025-03-22
18553,9871,2024-06-22,140.08,Due,2024-07-22
18554,699,2025-03-23,253.73,Due,2025-04-22
18555,9336,2024-05-23,314.97,Overdue,2024-06-22
18556,6495,2024-07-23,128.55,Overdue,2024-08-22
18557,4731,2024-07-29,179.33,Overdue,2024-08-28
18558,2247,2024-08-07,222.06,Overdue,2024-09-06
18559,9694,2024-09-11,461.01,Due,2024-10-11
18560,8484,2024-05-09,345.55,Overdue,2024-06-08
18561,2528,2024-12-22,38.2,Paid,2025-01-21
18562,1165,2025-04-01,104.69,Overdue,2025-05-01
18563,8095,2024-06-25,285.67,Overdue,2024-07-25
18564,8761,2024-08-25,186.54,Overdue,2024-09-24
18565,4376,2024-12-27,358.14,Overdue,2025-01-26
18566,5477,2024-09-26,466.59,Paid,2024-10-26
18567,391,2024-06-01,348.69,Overdue,2024-07-01
18568,3134,2025-02-04,135.91,Overdue,2025-03-06
18569,6221,2025-01-15,427.51,Paid,2025-02-14
18570,9415,2024-11-02,85.27,Overdue,2024-12-02
18571,7155,2025-02-22,479.44,Due,2025-03-24
18572,3027,2024-11-27,423.91,Paid,2024-12-27
18573,6236,2024-06-26,365.62,Due,2024-07-26
18574,4872,2024-05-26,406.89,Due,2024-06-25
18575,4971,2024-06-10,185.32,Paid,2024-07-10
18576,2014,2024-10-04,467.21,Overdue,2024-11-03
18577,7636,2024-11-30,167.07,Due,2024-12-30
18578,8346,2024-08-19,396.69,Due,2024-09-18
18579,8698,2025-02-14,40.42,Overdue,2025-03-16
18580,2359,2025-02-03,56.62,Paid,2025-03-05
18581,8091,2024-12-27,488.2,Overdue,2025-01-26
18582,7563,2024-07-23,369.32,Overdue,2024-08-22
18583,4850,2025-02-11,130.12,Due,2025-03-13
18584,6051,2024-06-13,316.65,Overdue,2024-07-13
18585,5005,2025-04-03,344.1,Due,2025-05-03
18586,9578,2025-01-01,174.31,Paid,2025-01-31
18587,852,2024-06-18,75.07,Paid,2024-07-18
18588,567,2024-05-25,263.59,Overdue,2024-06-24
18589,5288,2025-02-21,406.47,Paid,2025-03-23
18590,901,2025-02-18,471.27,Overdue,2025-03-20
18591,575,2025-04-17,423.65,Paid,2025-05-17
18592,3163,2024-12-01,249.04,Overdue,2024-12-31
18593,7086,2024-07-04,133.65,Overdue,2024-08-03
18594,7055,2025-02-20,284.96,Due,2025-03-22
18595,9929,2025-04-15,275.14,Due,2025-05-15
18596,7722,2025-01-19,75.49,Paid,2025-02-18
18597,8830,2024-12-19,259.41,Due,2025-01-18
18598,7314,2024-10-27,81.17,Due,2024-11-26
18599,5673,2025-03-31,252.42,Due,2025-04-30
18600,2804,2024-05-28,308.78,Paid,2024-06-27
18601,9239,2024-12-05,221.52,Overdue,2025-01-04
18602,5108,2024-12-13,191.62,Due,2025-01-12
18603,4189,2024-12-06,52.57,Overdue,2025-01-05
18604,7588,2025-02-07,370.27,Paid,2025-03-09
18605,8374,2025-03-08,468.88,Overdue,2025-04-07
18606,9645,2024-08-27,45.59,Due,2024-09-26
18607,3509,2025-03-05,33.97,Due,2025-04-04
18608,9694,2024-08-28,418.74,Due,2024-09-27
18609,4570,2024-10-14,247.7,Paid,2024-11-13
18610,9368,2024-06-08,454.56,Due,2024-07-08
18611,8644,2025-04-09,419.43,Paid,2025-05-09
18612,7847,2024-09-16,396.51,Overdue,2024-10-16
18613,7370,2025-03-08,183.64,Overdue,2025-04-07
18614,5712,2025-02-12,171.46,Paid,2025-03-14
18615,613,2024-11-26,386.63,Paid,2024-12-26
18616,9087,2025-01-31,390.26,Due,2025-03-02
18617,7650,2025-03-17,492.44,Overdue,2025-04-16
18618,2589,2024-10-11,407.83,Due,2024-11-10
18619,2161,2024-11-19,474.32,Overdue,2024-12-19
18620,367,2025-04-30,384.65,Overdue,2025-05-30
18621,6955,2024-11-25,345.43,Overdue,2024-12-25
18622,4540,2024-08-17,195.34,Overdue,2024-09-16
18623,1720,2025-02-13,63.65,Overdue,2025-03-15
18624,1919,2024-10-30,140.83,Due,2024-11-29
18625,9932,2025-01-30,424.79,Paid,2025-03-01
18626,3468,2024-10-08,411.03,Paid,2024-11-07
18627,6155,2024-05-12,334.08,Due,2024-06-11
18628,6829,2024-05-12,384.42,Due,2024-06-11
18629,1514,2024-08-23,499.22,Overdue,2024-09-22
18630,8442,2024-06-05,148.96,Due,2024-07-05
18631,5848,2024-05-03,163.61,Overdue,2024-06-02
18632,8135,2025-03-19,354.11,Overdue,2025-04-18
18633,248,2024-09-04,74.65,Paid,2024-10-04
18634,1165,2024-05-24,193.56,Due,2024-06-23
18635,5836,2025-01-06,493.08,Due,2025-02-05
18636,2494,2024-09-05,357.5,Due,2024-10-05
18637,8699,2024-12-05,10.53,Overdue,2025-01-04
18638,7569,2025-02-24,338.03,Due,2025-03-26
18639,329,2025-01-22,118.28,Due,2025-02-21
18640,891,2024-08-07,494.62,Overdue,2024-09-06
18641,6648,2025-04-28,201.3,Overdue,2025-05-28
18642,8214,2024-07-02,432.36,Overdue,2024-08-01
18643,8279,2025-02-20,326.69,Due,2025-03-22
18644,5395,2025-04-16,212.21,Paid,2025-05-16
18645,8892,2024-09-24,112.03,Paid,2024-10-24
18646,1369,2025-02-22,372.12,Overdue,2025-03-24
18647,4777,2024-12-11,169.53,Due,2025-01-10
18648,5508,2025-03-25,337.46,Paid,2025-04-24
18649,682,2024-06-30,117.17,Overdue,2024-07-30
18650,9311,2024-10-18,218.01,Overdue,2024-11-17
18651,3735,2024-05-29,236.48,Paid,2024-06-28
18652,9706,2025-03-01,109.61,Overdue,2025-03-31
18653,5567,2024-08-13,293.26,Paid,2024-09-12
18654,9603,2024-12-15,470.4,Due,2025-01-14
18655,133,2024-09-09,361.39,Overdue,2024-10-09
18656,9849,2024-08-14,331.42,Due,2024-09-13
18657,6809,2024-12-21,81.37,Overdue,2025-01-20
18658,4391,2024-10-11,313.2,Due,2024-11-10
18659,8451,2025-04-28,335.64,Due,2025-05-28
18660,890,2024-07-30,113.09,Overdue,2024-08-29
18661,9289,2024-07-04,156.13,Overdue,2024-08-03
18662,5162,2024-09-11,364.31,Overdue,2024-10-11
18663,9749,2024-08-11,181.71,Due,2024-09-10
18664,963,2024-05-17,427.74,Paid,2024-06-16
18665,8597,2025-01-05,397.69,Due,2025-02-04
18666,9743,2025-03-28,25.96,Overdue,2025-04-27
18667,9406,2024-10-31,243.46,Overdue,2024-11-30
18668,9536,2025-01-13,354.7,Due,2025-02-12
18669,3532,2025-02-05,23.65,Paid,2025-03-07
18670,4065,2024-05-09,421.43,Overdue,2024-06-08
18671,8492,2025-04-19,122.15,Paid,2025-05-19
18672,5124,2024-07-22,184.01,Due,2024-08-21
18673,1006,2024-10-19,423.3,Due,2024-11-18
18674,1104,2025-03-16,272.42,Overdue,2025-04-15
18675,7799,2024-09-29,282.46,Paid,2024-10-29
18676,6387,2025-04-23,151.01,Due,2025-05-23
18677,5294,2024-09-13,262.85,Overdue,2024-10-13
18678,4482,2025-01-18,125.41,Paid,2025-02-17
18679,4428,2024-09-03,23.98,Paid,2024-10-03
18680,2303,2024-06-10,44.83,Paid,2024-07-10
18681,9866,2024-12-14,262.28,Overdue,2025-01-13
18682,7428,2024-07-11,484.0,Due,2024-08-10
18683,8784,2025-03-14,157.27,Paid,2025-04-13
18684,6800,2024-09-23,134.59,Due,2024-10-23
18685,9313,2024-12-28,493.32,Overdue,2025-01-27
18686,5431,2024-08-29,458.43,Overdue,2024-09-28
18687,8017,2024-10-10,359.73,Due,2024-11-09
18688,9073,2024-07-10,256.15,Due,2024-08-09
18689,6827,2024-08-18,374.16,Due,2024-09-17
18690,3504,2024-05-16,98.85,Due,2024-06-15
18691,5256,2024-11-30,463.68,Paid,2024-12-30
18692,8504,2025-01-30,228.84,Overdue,2025-03-01
18693,2913,2024-07-03,280.24,Paid,2024-08-02
18694,1575,2025-01-21,244.78,Due,2025-02-20
18695,5026,2024-05-13,324.33,Due,2024-06-12
18696,6347,2024-05-27,266.84,Overdue,2024-06-26
18697,3482,2025-04-21,87.91,Paid,2025-05-21
18698,1049,2025-04-07,454.51,Due,2025-05-07
18699,873,2025-02-19,136.26,Overdue,2025-03-21
18700,9423,2024-05-21,313.3,Due,2024-06-20
18701,6859,2025-02-19,372.48,Overdue,2025-03-21
18702,2487,2024-10-19,154.16,Overdue,2024-11-18
18703,7862,2024-12-24,284.12,Paid,2025-01-23
18704,3948,2024-08-24,32.75,Overdue,2024-09-23
18705,350,2025-03-12,418.37,Paid,2025-04-11
18706,8626,2025-04-06,118.48,Paid,2025-05-06
18707,8176,2024-11-01,464.69,Overdue,2024-12-01
18708,8227,2025-04-21,388.4,Paid,2025-05-21
18709,1162,2024-07-03,283.16,Due,2024-08-02
18710,7920,2025-04-01,130.08,Due,2025-05-01
18711,3420,2025-01-14,365.98,Overdue,2025-02-13
18712,7324,2025-01-11,209.93,Overdue,2025-02-10
18713,5223,2024-08-30,399.95,Due,2024-09-29
18714,1693,2025-01-24,384.14,Due,2025-02-23
18715,1376,2025-02-22,236.47,Overdue,2025-03-24
18716,8052,2025-01-27,383.66,Paid,2025-02-26
18717,9748,2025-04-11,225.08,Overdue,2025-05-11
18718,2552,2024-12-18,353.8,Due,2025-01-17
18719,2615,2025-01-12,396.43,Overdue,2025-02-11
18720,144,2025-01-04,341.15,Paid,2025-02-03
18721,375,2024-07-12,173.98,Due,2024-08-11
18722,5840,2024-09-09,256.65,Paid,2024-10-09
18723,7983,2024-09-29,306.93,Due,2024-10-29
18724,9595,2024-09-12,147.54,Due,2024-10-12
18725,3083,2024-09-29,203.21,Paid,2024-10-29
18726,3580,2025-04-18,463.91,Paid,2025-05-18
18727,5380,2025-03-20,66.81,Paid,2025-04-19
18728,3626,2025-03-30,308.8,Overdue,2025-04-29
18729,8833,2024-07-14,420.44,Due,2024-08-13
18730,8703,2025-04-29,74.91,Paid,2025-05-29
18731,6377,2025-01-04,126.26,Paid,2025-02-03
18732,2815,2024-11-19,404.13,Overdue,2024-12-19
18733,9846,2025-04-16,437.61,Overdue,2025-05-16
18734,8957,2024-10-11,340.72,Overdue,2024-11-10
18735,4559,2024-10-03,101.49,Paid,2024-11-02
18736,4843,2024-10-16,455.97,Paid,2024-11-15
18737,7128,2024-07-15,103.85,Paid,2024-08-14
18738,6076,2025-03-29,483.33,Paid,2025-04-28
18739,2541,2025-01-26,120.32,Paid,2025-02-25
18740,6475,2024-07-26,331.08,Overdue,2024-08-25
18741,1013,2024-09-25,416.01,Due,2024-10-25
18742,5564,2024-09-12,32.77,Paid,2024-10-12
18743,6378,2024-07-05,454.57,Due,2024-08-04
18744,7853,2024-09-29,479.95,Overdue,2024-10-29
18745,453,2024-06-10,155.71,Paid,2024-07-10
18746,967,2024-05-10,65.98,Overdue,2024-06-09
18747,3614,2025-03-08,359.74,Paid,2025-04-07
18748,8490,2025-03-13,78.55,Due,2025-04-12
18749,9987,2024-05-30,448.35,Overdue,2024-06-29
18750,2744,2025-02-15,484.87,Paid,2025-03-17
18751,1146,2024-08-19,199.74,Paid,2024-09-18
18752,3777,2025-02-03,435.39,Due,2025-03-05
18753,5812,2024-12-29,312.02,Overdue,2025-01-28
18754,7985,2024-12-06,297.36,Due,2025-01-05
18755,8848,2024-09-30,476.15,Due,2024-10-30
18756,3719,2024-06-28,353.8,Paid,2024-07-28
18757,2483,2024-06-06,167.16,Due,2024-07-06
18758,9288,2024-10-10,258.81,Overdue,2024-11-09
18759,6095,2024-10-28,395.3,Due,2024-11-27
18760,2907,2025-02-08,286.47,Overdue,2025-03-10
18761,930,2025-04-09,468.86,Due,2025-05-09
18762,7109,2024-09-17,103.48,Due,2024-10-17
18763,1660,2024-09-19,203.37,Due,2024-10-19
18764,4335,2025-02-02,365.32,Paid,2025-03-04
18765,9907,2024-08-08,330.42,Due,2024-09-07
18766,6042,2025-02-04,241.51,Paid,2025-03-06
18767,4139,2025-01-01,221.75,Due,2025-01-31
18768,9640,2025-01-18,175.22,Paid,2025-02-17
18769,3302,2024-05-24,350.01,Paid,2024-06-23
18770,8772,2024-06-23,63.69,Paid,2024-07-23
18771,8119,2024-09-28,382.42,Paid,2024-10-28
18772,5441,2024-09-09,250.16,Paid,2024-10-09
18773,7272,2025-02-14,184.49,Overdue,2025-03-16
18774,9621,2025-01-22,391.1,Paid,2025-02-21
18775,9382,2024-10-17,55.34,Overdue,2024-11-16
18776,6591,2024-08-07,321.23,Due,2024-09-06
18777,826,2025-01-08,156.63,Due,2025-02-07
18778,3169,2024-09-27,283.64,Paid,2024-10-27
18779,3269,2025-03-11,69.78,Due,2025-04-10
18780,296,2024-12-25,162.69,Paid,2025-01-24
18781,5540,2024-08-24,358.68,Overdue,2024-09-23
18782,1153,2024-06-22,423.07,Due,2024-07-22
18783,3579,2024-05-03,133.63,Paid,2024-06-02
18784,672,2025-04-05,133.34,Due,2025-05-05
18785,7342,2025-01-10,76.15,Paid,2025-02-09
18786,2056,2024-08-31,129.46,Paid,2024-09-30
18787,4028,2024-07-06,331.57,Due,2024-08-05
18788,6116,2024-05-31,431.4,Due,2024-06-30
18789,4521,2024-09-16,364.54,Overdue,2024-10-16
18790,666,2025-02-23,352.08,Paid,2025-03-25
18791,9903,2024-09-19,45.65,Due,2024-10-19
18792,4991,2024-09-13,405.37,Paid,2024-10-13
18793,9626,2025-04-12,254.38,Paid,2025-05-12
18794,3317,2024-10-10,194.78,Due,2024-11-09
18795,5496,2024-10-30,207.4,Paid,2024-11-29
18796,4606,2025-04-15,63.47,Overdue,2025-05-15
18797,3313,2024-11-26,108.59,Due,2024-12-26
18798,2717,2025-03-29,489.24,Paid,2025-04-28
18799,394,2024-05-04,409.93,Overdue,2024-06-03
18800,2262,2024-12-08,288.84,Overdue,2025-01-07
18801,7421,2025-03-08,55.49,Due,2025-04-07
18802,9362,2025-04-30,230.39,Paid,2025-05-30
18803,2760,2025-02-08,251.2,Paid,2025-03-10
18804,3725,2025-04-11,98.75,Paid,2025-05-11
18805,3682,2024-12-11,398.99,Overdue,2025-01-10
18806,5106,2024-05-26,325.96,Due,2024-06-25
18807,912,2024-09-17,265.09,Paid,2024-10-17
18808,8055,2024-08-07,256.22,Paid,2024-09-06
18809,2443,2024-08-02,358.93,Paid,2024-09-01
18810,3828,2025-03-22,96.97,Due,2025-04-21
18811,6726,2024-11-24,243.3,Overdue,2024-12-24
18812,4189,2024-10-18,81.2,Paid,2024-11-17
18813,771,2025-01-03,256.8,Due,2025-02-02
18814,3018,2025-01-24,355.62,Due,2025-02-23
18815,2113,2024-05-06,246.69,Overdue,2024-06-05
18816,9607,2024-09-15,437.06,Overdue,2024-10-15
18817,2434,2025-01-16,455.51,Due,2025-02-15
18818,8997,2024-08-01,191.81,Due,2024-08-31
18819,1550,2024-07-01,55.88,Overdue,2024-07-31
18820,9853,2024-07-30,340.32,Paid,2024-08-29
18821,1099,2024-12-06,183.21,Due,2025-01-05
18822,4684,2024-11-11,175.68,Due,2024-12-11
18823,9557,2025-03-26,421.14,Due,2025-04-25
18824,1253,2025-03-08,135.91,Overdue,2025-04-07
18825,1378,2025-01-08,271.93,Due,2025-02-07
18826,5417,2024-06-12,271.16,Paid,2024-07-12
18827,4437,2024-05-29,257.47,Due,2024-06-28
18828,2158,2025-01-21,64.37,Paid,2025-02-20
18829,6196,2024-11-18,167.42,Overdue,2024-12-18
18830,6133,2025-02-16,241.53,Overdue,2025-03-18
18831,3341,2024-05-15,230.63,Due,2024-06-14
18832,5180,2024-05-19,243.14,Overdue,2024-06-18
18833,3948,2024-06-08,380.58,Due,2024-07-08
18834,4089,2024-10-05,111.93,Paid,2024-11-04
18835,261,2024-12-18,186.64,Overdue,2025-01-17
18836,3786,2025-01-26,211.49,Overdue,2025-02-25
18837,2100,2025-04-09,288.5,Due,2025-05-09
18838,9730,2024-11-06,337.69,Paid,2024-12-06
18839,4956,2024-08-08,476.25,Paid,2024-09-07
18840,7652,2024-05-22,483.0,Paid,2024-06-21
18841,3111,2025-04-14,175.12,Due,2025-05-14
18842,9482,2025-01-24,242.57,Due,2025-02-23
18843,9208,2024-07-20,410.65,Overdue,2024-08-19
18844,665,2024-12-25,382.16,Due,2025-01-24
18845,1220,2024-07-30,182.99,Paid,2024-08-29
18846,2006,2024-05-11,90.11,Overdue,2024-06-10
18847,8831,2025-02-02,404.13,Due,2025-03-04
18848,6656,2024-07-17,161.31,Paid,2024-08-16
18849,9445,2024-10-24,168.67,Due,2024-11-23
18850,8330,2025-02-24,499.8,Due,2025-03-26
18851,476,2024-07-30,40.18,Paid,2024-08-29
18852,5773,2024-11-28,268.52,Paid,2024-12-28
18853,6382,2024-12-20,413.23,Paid,2025-01-19
18854,2664,2024-08-04,343.31,Overdue,2024-09-03
18855,1124,2025-02-08,86.45,Overdue,2025-03-10
18856,5695,2024-09-14,466.99,Due,2024-10-14
18857,6275,2024-05-30,248.08,Paid,2024-06-29
18858,2015,2024-12-18,426.31,Due,2025-01-17
18859,3221,2024-10-15,282.04,Due,2024-11-14
18860,8064,2024-05-23,36.45,Overdue,2024-06-22
18861,4847,2024-10-14,102.75,Overdue,2024-11-13
18862,3878,2024-05-16,222.1,Due,2024-06-15
18863,6806,2024-08-27,373.22,Paid,2024-09-26
18864,4248,2025-02-11,254.29,Overdue,2025-03-13
18865,8308,2025-02-07,473.28,Overdue,2025-03-09
18866,4546,2024-12-14,433.34,Paid,2025-01-13
18867,2759,2024-12-25,313.0,Overdue,2025-01-24
18868,9342,2024-11-21,294.24,Overdue,2024-12-21
18869,5781,2024-10-16,139.48,Paid,2024-11-15
18870,2276,2025-04-27,38.53,Paid,2025-05-27
18871,3421,2025-03-09,371.31,Overdue,2025-04-08
18872,7917,2025-01-25,384.96,Due,2025-02-24
18873,4048,2025-02-20,10.44,Overdue,2025-03-22
18874,3976,2025-04-14,257.86,Due,2025-05-14
18875,3055,2024-05-30,21.68,Due,2024-06-29
18876,5049,2025-03-17,389.39,Paid,2025-04-16
18877,7916,2024-11-12,394.21,Overdue,2024-12-12
18878,2144,2024-09-15,385.88,Paid,2024-10-15
18879,3518,2024-06-06,332.51,Due,2024-07-06
18880,1106,2024-07-01,263.19,Due,2024-07-31
18881,5486,2025-04-12,25.36,Paid,2025-05-12
18882,9614,2024-07-20,144.26,Overdue,2024-08-19
18883,971,2025-02-18,35.33,Due,2025-03-20
18884,8246,2025-04-08,169.04,Due,2025-05-08
18885,1072,2024-10-10,185.8,Overdue,2024-11-09
18886,2189,2025-04-13,249.26,Due,2025-05-13
18887,6941,2024-09-03,302.22,Due,2024-10-03
18888,9834,2025-02-10,156.95,Paid,2025-03-12
18889,3770,2024-09-11,462.2,Due,2024-10-11
18890,930,2024-07-01,337.29,Overdue,2024-07-31
18891,7916,2024-06-03,24.39,Paid,2024-07-03
18892,209,2024-08-24,187.12,Overdue,2024-09-23
18893,9697,2024-12-24,23.16,Due,2025-01-23
18894,8290,2024-09-18,28.46,Paid,2024-10-18
18895,627,2024-08-01,251.44,Overdue,2024-08-31
18896,44,2024-09-05,333.99,Overdue,2024-10-05
18897,5471,2025-01-18,82.62,Overdue,2025-02-17
18898,4404,2025-04-24,288.2,Overdue,2025-05-24
18899,8023,2024-05-12,406.72,Due,2024-06-11
18900,7450,2024-05-02,341.14,Due,2024-06-01
18901,4855,2024-08-08,195.27,Overdue,2024-09-07
18902,8924,2024-12-03,36.24,Overdue,2025-01-02
18903,2986,2025-04-09,67.01,Paid,2025-05-09
18904,1267,2024-08-14,251.52,Overdue,2024-09-13
18905,8655,2025-04-23,333.77,Due,2025-05-23
18906,6672,2025-01-19,471.97,Overdue,2025-02-18
18907,5598,2025-01-07,486.38,Paid,2025-02-06
18908,1670,2025-02-02,45.69,Paid,2025-03-04
18909,6640,2024-07-07,216.97,Paid,2024-08-06
18910,3164,2024-09-09,22.83,Paid,2024-10-09
18911,5702,2025-01-07,111.6,Due,2025-02-06
18912,330,2024-12-30,298.47,Overdue,2025-01-29
18913,5609,2025-03-14,256.3,Overdue,2025-04-13
18914,3611,2025-01-30,82.28,Overdue,2025-03-01
18915,7988,2024-07-21,129.78,Due,2024-08-20
18916,6848,2024-08-16,91.4,Paid,2024-09-15
18917,8208,2025-04-20,447.29,Due,2025-05-20
18918,5980,2024-05-13,29.96,Due,2024-06-12
18919,9764,2025-02-22,211.09,Overdue,2025-03-24
18920,4646,2024-11-08,373.58,Paid,2024-12-08
18921,735,2024-11-19,265.16,Due,2024-12-19
18922,5407,2024-06-29,295.67,Due,2024-07-29
18923,4570,2025-03-03,192.58,Overdue,2025-04-02
18924,9317,2025-03-11,239.04,Due,2025-04-10
18925,8838,2025-02-23,429.02,Overdue,2025-03-25
18926,3584,2024-07-11,242.5,Due,2024-08-10
18927,4287,2024-09-09,361.1,Due,2024-10-09
18928,506,2024-09-13,149.41,Paid,2024-10-13
18929,7789,2024-05-25,225.61,Overdue,2024-06-24
18930,8089,2024-05-10,78.76,Due,2024-06-09
18931,7324,2024-11-08,118.26,Overdue,2024-12-08
18932,4138,2024-08-01,123.94,Overdue,2024-08-31
18933,1593,2025-01-16,498.63,Overdue,2025-02-15
18934,7531,2024-11-27,334.35,Paid,2024-12-27
18935,9181,2025-01-08,348.81,Paid,2025-02-07
18936,8181,2024-11-05,380.56,Due,2024-12-05
18937,953,2024-11-15,320.34,Overdue,2024-12-15
18938,2081,2024-07-12,306.54,Overdue,2024-08-11
18939,8030,2025-04-13,99.18,Due,2025-05-13
18940,5009,2024-09-14,15.96,Due,2024-10-14
18941,6721,2025-01-14,80.73,Overdue,2025-02-13
18942,3797,2024-09-27,435.07,Paid,2024-10-27
18943,3462,2024-11-19,76.7,Due,2024-12-19
18944,2417,2024-10-02,421.85,Paid,2024-11-01
18945,4893,2024-06-18,269.14,Due,2024-07-18
18946,325,2025-04-30,227.41,Overdue,2025-05-30
18947,4981,2025-03-26,258.2,Paid,2025-04-25
18948,8781,2024-07-20,162.29,Paid,2024-08-19
18949,7116,2024-10-31,46.08,Paid,2024-11-30
18950,3779,2025-03-06,225.15,Overdue,2025-04-05
18951,6538,2024-06-11,31.82,Overdue,2024-07-11
18952,4567,2024-08-12,493.42,Paid,2024-09-11
18953,1715,2024-07-26,81.49,Paid,2024-08-25
18954,4371,2024-08-15,489.25,Overdue,2024-09-14
18955,2807,2025-03-30,237.89,Overdue,2025-04-29
18956,6324,2025-02-19,16.87,Paid,2025-03-21
18957,9223,2024-10-15,152.64,Overdue,2024-11-14
18958,6470,2024-06-30,212.91,Paid,2024-07-30
18959,8458,2024-11-08,462.6,Overdue,2024-12-08
18960,8941,2024-08-11,392.6,Due,2024-09-10
18961,273,2024-08-02,433.9,Overdue,2024-09-01
18962,5913,2024-12-12,18.67,Paid,2025-01-11
18963,7873,2024-10-20,314.79,Overdue,2024-11-19
18964,3805,2024-10-08,459.52,Paid,2024-11-07
18965,5663,2024-07-13,287.54,Due,2024-08-12
18966,724,2024-10-10,57.28,Paid,2024-11-09
18967,9813,2024-07-06,266.74,Due,2024-08-05
18968,5594,2024-06-08,306.05,Due,2024-07-08
18969,7708,2025-04-04,429.91,Overdue,2025-05-04
18970,8763,2024-07-11,178.93,Due,2024-08-10
18971,9687,2024-06-04,136.48,Due,2024-07-04
18972,1997,2024-12-28,172.63,Due,2025-01-27
18973,1003,2024-07-01,140.83,Overdue,2024-07-31
18974,3429,2024-05-14,230.62,Overdue,2024-06-13
18975,7617,2025-01-06,393.35,Overdue,2025-02-05
18976,4997,2024-06-30,390.49,Due,2024-07-30
18977,4943,2025-01-18,354.71,Overdue,2025-02-17
18978,82,2024-07-05,198.68,Overdue,2024-08-04
18979,3000,2024-08-18,314.72,Paid,2024-09-17
18980,1633,2024-12-05,473.92,Due,2025-01-04
18981,5518,2024-12-26,364.94,Paid,2025-01-25
18982,7088,2024-10-24,130.84,Due,2024-11-23
18983,980,2024-10-15,73.18,Overdue,2024-11-14
18984,5807,2024-11-11,240.16,Paid,2024-12-11
18985,4944,2024-09-01,107.05,Overdue,2024-10-01
18986,3748,2024-10-21,238.75,Overdue,2024-11-20
18987,471,2025-03-11,204.73,Overdue,2025-04-10
18988,5057,2024-07-19,151.58,Due,2024-08-18
18989,5852,2025-03-29,472.56,Paid,2025-04-28
18990,229,2024-06-18,96.53,Due,2024-07-18
18991,8333,2024-10-08,497.54,Due,2024-11-07
18992,1370,2025-01-10,334.81,Overdue,2025-02-09
18993,4857,2024-07-04,336.87,Due,2024-08-03
18994,4070,2024-05-24,473.99,Overdue,2024-06-23
18995,4154,2024-05-09,205.75,Paid,2024-06-08
18996,1367,2024-08-04,70.69,Overdue,2024-09-03
18997,8118,2024-08-03,487.95,Due,2024-09-02
18998,5126,2025-03-03,154.43,Paid,2025-04-02
18999,8109,2025-03-01,113.0,Overdue,2025-03-31
19000,8965,2024-06-07,344.86,Due,2024-07-07
19001,7418,2025-04-29,107.07,Overdue,2025-05-29
19002,2611,2024-10-14,311.93,Due,2024-11-13
19003,210,2025-04-23,228.08,Paid,2025-05-23
19004,9379,2025-01-17,138.44,Overdue,2025-02-16
19005,4364,2024-05-15,461.92,Paid,2024-06-14
19006,7676,2024-08-06,414.35,Overdue,2024-09-05
19007,784,2025-01-05,149.82,Due,2025-02-04
19008,18,2024-09-30,75.57,Due,2024-10-30
19009,9756,2024-06-07,14.42,Due,2024-07-07
19010,5314,2024-10-11,203.53,Paid,2024-11-10
19011,8089,2025-01-28,232.02,Overdue,2025-02-27
19012,7369,2025-01-19,73.01,Due,2025-02-18
19013,8816,2024-11-28,234.93,Paid,2024-12-28
19014,9212,2024-08-24,301.05,Overdue,2024-09-23
19015,1940,2025-02-20,345.29,Overdue,2025-03-22
19016,8268,2024-09-28,354.0,Overdue,2024-10-28
19017,4005,2024-05-20,113.57,Overdue,2024-06-19
19018,8903,2024-07-31,62.11,Paid,2024-08-30
19019,7634,2024-05-29,457.64,Paid,2024-06-28
19020,6010,2024-11-10,496.81,Due,2024-12-10
19021,7001,2024-07-26,312.24,Paid,2024-08-25
19022,636,2024-10-31,19.9,Due,2024-11-30
19023,8937,2024-08-28,414.04,Overdue,2024-09-27
19024,7511,2025-01-28,185.62,Due,2025-02-27
19025,3943,2024-10-28,10.85,Overdue,2024-11-27
19026,5086,2024-09-04,467.4,Paid,2024-10-04
19027,4222,2024-12-30,306.49,Paid,2025-01-29
19028,4006,2024-10-21,88.57,Due,2024-11-20
19029,2675,2024-09-27,209.34,Paid,2024-10-27
19030,1131,2024-05-01,326.3,Paid,2024-05-31
19031,4616,2025-01-24,497.91,Due,2025-02-23
19032,4539,2024-08-05,371.84,Due,2024-09-04
19033,3635,2024-09-21,52.12,Overdue,2024-10-21
19034,5314,2025-04-21,65.08,Overdue,2025-05-21
19035,8969,2025-01-28,437.05,Due,2025-02-27
19036,7743,2025-04-23,71.74,Due,2025-05-23
19037,9572,2025-04-23,227.41,Overdue,2025-05-23
19038,4225,2025-01-07,200.05,Paid,2025-02-06
19039,2532,2024-11-24,262.78,Due,2024-12-24
19040,1184,2025-01-16,36.32,Overdue,2025-02-15
19041,6192,2025-01-18,77.98,Paid,2025-02-17
19042,6200,2024-07-31,290.6,Overdue,2024-08-30
19043,9639,2024-05-11,213.45,Overdue,2024-06-10
19044,8078,2025-03-28,485.36,Overdue,2025-04-27
19045,187,2024-11-07,219.1,Due,2024-12-07
19046,749,2025-04-10,224.6,Overdue,2025-05-10
19047,9897,2024-11-19,119.26,Paid,2024-12-19
19048,6647,2024-07-06,264.58,Overdue,2024-08-05
19049,128,2025-02-23,224.62,Due,2025-03-25
19050,4545,2024-11-17,336.43,Overdue,2024-12-17
19051,7138,2025-01-27,319.83,Overdue,2025-02-26
19052,3167,2024-08-22,398.67,Due,2024-09-21
19053,9175,2024-08-14,467.7,Overdue,2024-09-13
19054,1939,2024-08-21,55.13,Due,2024-09-20
19055,6562,2025-04-29,195.84,Due,2025-05-29
19056,6028,2025-03-04,174.95,Overdue,2025-04-03
19057,5282,2024-07-27,254.97,Overdue,2024-08-26
19058,7627,2024-06-05,141.86,Due,2024-07-05
19059,9105,2025-03-26,334.66,Overdue,2025-04-25
19060,5117,2025-02-15,275.82,Paid,2025-03-17
19061,3655,2024-09-13,458.54,Overdue,2024-10-13
19062,7107,2024-05-12,10.39,Overdue,2024-06-11
19063,5745,2024-07-04,488.2,Due,2024-08-03
19064,4650,2024-08-05,197.32,Overdue,2024-09-04
19065,1587,2025-01-27,466.25,Due,2025-02-26
19066,1882,2025-03-18,116.85,Due,2025-04-17
19067,2075,2024-06-18,316.15,Due,2024-07-18
19068,7260,2024-07-21,429.26,Paid,2024-08-20
19069,4394,2024-06-13,182.72,Overdue,2024-07-13
19070,7297,2024-06-23,210.8,Due,2024-07-23
19071,1906,2024-09-03,178.06,Due,2024-10-03
19072,2242,2024-09-11,205.31,Paid,2024-10-11
19073,8061,2024-06-07,146.62,Due,2024-07-07
19074,500,2024-07-13,210.69,Overdue,2024-08-12
19075,7114,2024-08-23,138.57,Overdue,2024-09-22
19076,8499,2024-09-22,230.59,Overdue,2024-10-22
19077,6893,2024-12-03,171.14,Due,2025-01-02
19078,1777,2024-11-10,193.07,Overdue,2024-12-10
19079,2595,2024-05-09,188.7,Paid,2024-06-08
19080,9554,2024-07-15,20.67,Paid,2024-08-14
19081,3601,2024-09-02,237.82,Paid,2024-10-02
19082,3940,2025-03-28,41.38,Due,2025-04-27
19083,8177,2025-04-19,241.91,Paid,2025-05-19
19084,9519,2024-05-28,334.38,Paid,2024-06-27
19085,3575,2025-04-03,75.88,Overdue,2025-05-03
19086,9330,2024-09-21,384.06,Due,2024-10-21
19087,5702,2025-02-20,266.8,Paid,2025-03-22
19088,5284,2024-08-15,457.54,Overdue,2024-09-14
19089,4371,2025-03-21,381.58,Due,2025-04-20
19090,9440,2024-05-26,265.09,Paid,2024-06-25
19091,9939,2024-09-05,279.36,Due,2024-10-05
19092,315,2025-03-30,425.05,Due,2025-04-29
19093,7876,2024-08-25,92.04,Overdue,2024-09-24
19094,5734,2024-07-04,58.52,Due,2024-08-03
19095,5188,2025-02-07,36.73,Due,2025-03-09
19096,4902,2024-07-19,357.59,Due,2024-08-18
19097,5390,2024-07-04,204.22,Paid,2024-08-03
19098,493,2024-09-29,72.05,Due,2024-10-29
19099,4136,2024-07-05,205.66,Due,2024-08-04
19100,6088,2024-05-02,392.21,Paid,2024-06-01
19101,3614,2024-11-24,458.03,Paid,2024-12-24
19102,8217,2024-10-26,471.95,Paid,2024-11-25
19103,6639,2024-11-14,72.8,Paid,2024-12-14
19104,5649,2024-06-03,436.51,Paid,2024-07-03
19105,9282,2024-09-20,317.39,Due,2024-10-20
19106,6075,2024-05-23,181.36,Due,2024-06-22
19107,8096,2024-05-19,214.67,Overdue,2024-06-18
19108,9402,2025-02-22,435.59,Due,2025-03-24
19109,5003,2025-02-09,202.52,Due,2025-03-11
19110,6141,2024-10-18,356.69,Due,2024-11-17
19111,5832,2024-10-11,373.57,Due,2024-11-10
19112,7040,2024-07-26,239.49,Due,2024-08-25
19113,6223,2025-04-10,87.45,Overdue,2025-05-10
19114,2822,2024-10-30,114.38,Paid,2024-11-29
19115,176,2024-10-06,364.47,Overdue,2024-11-05
19116,9840,2024-11-24,401.26,Paid,2024-12-24
19117,9827,2024-11-23,108.61,Paid,2024-12-23
19118,4546,2024-11-06,412.95,Paid,2024-12-06
19119,1110,2024-08-06,208.16,Paid,2024-09-05
19120,268,2025-01-07,376.82,Due,2025-02-06
19121,144,2024-07-25,48.89,Paid,2024-08-24
19122,5860,2025-02-23,215.72,Paid,2025-03-25
19123,4640,2025-03-19,476.16,Paid,2025-04-18
19124,5022,2024-06-29,327.35,Overdue,2024-07-29
19125,3069,2024-12-25,179.95,Overdue,2025-01-24
19126,9569,2024-06-24,317.77,Paid,2024-07-24
19127,3026,2024-05-07,319.93,Due,2024-06-06
19128,584,2025-01-03,449.3,Due,2025-02-02
19129,6595,2025-02-11,85.8,Due,2025-03-13
19130,6451,2024-10-31,275.58,Due,2024-11-30
19131,9237,2024-12-01,106.73,Paid,2024-12-31
19132,3386,2024-05-14,432.06,Overdue,2024-06-13
19133,8845,2025-04-25,82.9,Paid,2025-05-25
19134,7323,2025-01-01,132.1,Paid,2025-01-31
19135,8760,2025-02-09,50.37,Overdue,2025-03-11
19136,3821,2024-06-07,18.77,Due,2024-07-07
19137,3203,2025-03-31,384.41,Overdue,2025-04-30
19138,4181,2024-05-21,166.11,Overdue,2024-06-20
19139,3454,2024-10-09,383.17,Overdue,2024-11-08
19140,1718,2024-06-22,239.54,Due,2024-07-22
19141,8463,2024-10-31,289.26,Paid,2024-11-30
19142,1431,2025-04-14,35.26,Paid,2025-05-14
19143,6870,2025-01-02,44.52,Due,2025-02-01
19144,7753,2025-02-01,348.36,Overdue,2025-03-03
19145,428,2025-02-18,264.65,Due,2025-03-20
19146,6851,2024-09-13,256.71,Paid,2024-10-13
19147,3092,2025-02-05,338.12,Overdue,2025-03-07
19148,7630,2024-05-25,22.57,Paid,2024-06-24
19149,7363,2025-01-19,131.93,Paid,2025-02-18
19150,8465,2024-10-24,230.08,Due,2024-11-23
19151,7640,2024-12-31,215.44,Paid,2025-01-30
19152,4286,2024-06-16,409.94,Due,2024-07-16
19153,6971,2024-09-26,454.43,Overdue,2024-10-26
19154,8150,2024-12-08,113.06,Due,2025-01-07
19155,5040,2024-12-06,474.27,Overdue,2025-01-05
19156,4881,2024-11-01,472.03,Due,2024-12-01
19157,8979,2024-10-10,152.81,Overdue,2024-11-09
19158,5626,2024-07-18,351.05,Overdue,2024-08-17
19159,5113,2025-01-31,309.91,Due,2025-03-02
19160,1035,2025-03-11,134.87,Due,2025-04-10
19161,4594,2024-12-03,190.49,Overdue,2025-01-02
19162,2441,2024-08-16,254.5,Paid,2024-09-15
19163,8530,2025-01-25,473.95,Paid,2025-02-24
19164,3716,2024-06-24,283.33,Due,2024-07-24
19165,870,2024-08-25,308.54,Paid,2024-09-24
19166,5938,2025-03-19,415.74,Due,2025-04-18
19167,654,2024-10-19,492.12,Overdue,2024-11-18
19168,7072,2024-05-15,274.56,Overdue,2024-06-14
19169,3904,2024-11-05,247.66,Overdue,2024-12-05
19170,3168,2024-07-13,96.0,Overdue,2024-08-12
19171,9727,2024-07-14,323.01,Overdue,2024-08-13
19172,9351,2024-10-31,396.29,Due,2024-11-30
19173,4660,2024-12-22,60.02,Due,2025-01-21
19174,2221,2024-10-24,434.69,Overdue,2024-11-23
19175,9937,2024-12-28,43.03,Paid,2025-01-27
19176,7650,2025-04-22,84.63,Due,2025-05-22
19177,9896,2024-12-21,268.83,Paid,2025-01-20
19178,1406,2024-11-27,236.58,Overdue,2024-12-27
19179,1688,2025-03-16,29.28,Paid,2025-04-15
19180,9387,2024-09-22,416.16,Overdue,2024-10-22
19181,9792,2024-11-12,449.48,Overdue,2024-12-12
19182,1859,2025-03-08,62.98,Due,2025-04-07
19183,1644,2025-02-24,201.72,Overdue,2025-03-26
19184,9726,2024-09-18,69.44,Overdue,2024-10-18
19185,4688,2024-11-01,406.81,Overdue,2024-12-01
19186,5536,2024-09-03,145.58,Paid,2024-10-03
19187,7787,2024-10-20,428.0,Paid,2024-11-19
19188,5340,2025-04-19,61.22,Paid,2025-05-19
19189,7121,2025-04-03,254.64,Overdue,2025-05-03
19190,9717,2024-10-03,365.85,Overdue,2024-11-02
19191,8884,2024-06-18,230.55,Paid,2024-07-18
19192,4721,2025-04-05,164.39,Overdue,2025-05-05
19193,3289,2024-07-22,144.42,Paid,2024-08-21
19194,684,2024-09-03,165.76,Due,2024-10-03
19195,2151,2024-11-15,444.24,Overdue,2024-12-15
19196,9506,2024-10-02,416.13,Paid,2024-11-01
19197,9883,2024-09-26,202.09,Paid,2024-10-26
19198,6693,2025-03-31,230.03,Due,2025-04-30
19199,2884,2024-06-06,293.8,Paid,2024-07-06
19200,5637,2024-10-11,152.44,Paid,2024-11-10
19201,4970,2024-05-07,237.8,Paid,2024-06-06
19202,6109,2024-07-21,274.07,Due,2024-08-20
19203,3342,2024-12-25,287.97,Overdue,2025-01-24
19204,7105,2024-08-29,230.8,Overdue,2024-09-28
19205,233,2024-12-21,279.1,Due,2025-01-20
19206,4496,2024-07-25,276.5,Overdue,2024-08-24
19207,5837,2024-09-02,337.87,Overdue,2024-10-02
19208,7307,2025-01-21,288.6,Paid,2025-02-20
19209,7677,2024-05-19,113.85,Overdue,2024-06-18
19210,142,2025-01-05,481.02,Overdue,2025-02-04
19211,1795,2024-09-16,48.24,Paid,2024-10-16
19212,9321,2025-03-10,264.5,Overdue,2025-04-09
19213,333,2024-11-01,92.98,Due,2024-12-01
19214,1603,2024-07-21,461.71,Overdue,2024-08-20
19215,2478,2024-09-08,56.79,Paid,2024-10-08
19216,8246,2024-08-11,20.06,Paid,2024-09-10
19217,2433,2025-04-26,26.46,Overdue,2025-05-26
19218,5103,2024-06-24,351.6,Overdue,2024-07-24
19219,4792,2025-01-24,29.54,Paid,2025-02-23
19220,7326,2024-05-20,346.33,Overdue,2024-06-19
19221,1603,2025-04-14,88.69,Overdue,2025-05-14
19222,1630,2024-11-04,376.17,Due,2024-12-04
19223,6075,2024-05-16,454.59,Due,2024-06-15
19224,5254,2025-01-18,118.81,Due,2025-02-17
19225,6989,2024-07-01,267.86,Overdue,2024-07-31
19226,7687,2024-10-18,388.03,Due,2024-11-17
19227,9676,2024-10-09,499.19,Due,2024-11-08
19228,6376,2024-06-01,109.0,Overdue,2024-07-01
19229,1546,2024-06-04,161.33,Paid,2024-07-04
19230,7287,2025-04-06,139.74,Overdue,2025-05-06
19231,8918,2024-11-09,226.58,Overdue,2024-12-09
19232,555,2024-09-27,489.27,Overdue,2024-10-27
19233,6798,2025-02-06,340.23,Due,2025-03-08
19234,381,2024-10-19,139.46,Due,2024-11-18
19235,7675,2024-06-22,42.69,Due,2024-07-22
19236,1832,2024-07-02,375.16,Due,2024-08-01
19237,3919,2025-03-23,480.2,Paid,2025-04-22
19238,7251,2024-10-14,118.92,Paid,2024-11-13
19239,259,2024-07-29,210.17,Paid,2024-08-28
19240,499,2024-11-09,303.93,Paid,2024-12-09
19241,7918,2025-02-05,173.64,Paid,2025-03-07
19242,2188,2025-03-16,269.84,Due,2025-04-15
19243,589,2024-05-07,498.31,Overdue,2024-06-06
19244,5538,2024-05-26,200.99,Overdue,2024-06-25
19245,7049,2025-01-22,133.46,Overdue,2025-02-21
19246,7512,2025-02-27,440.16,Paid,2025-03-29
19247,5995,2024-05-04,264.26,Due,2024-06-03
19248,1863,2024-12-15,429.01,Paid,2025-01-14
19249,1201,2024-12-28,279.88,Overdue,2025-01-27
19250,8709,2025-02-19,468.84,Due,2025-03-21
19251,561,2024-05-01,65.14,Due,2024-05-31
19252,6183,2024-08-18,488.0,Due,2024-09-17
19253,6629,2024-11-30,393.05,Overdue,2024-12-30
19254,1596,2024-05-09,192.79,Overdue,2024-06-08
19255,1133,2025-02-05,217.68,Due,2025-03-07
19256,1025,2024-10-12,206.52,Due,2024-11-11
19257,6044,2024-11-30,289.0,Due,2024-12-30
19258,1579,2025-02-22,179.38,Paid,2025-03-24
19259,9511,2025-03-27,464.31,Paid,2025-04-26
19260,5426,2024-09-11,148.2,Due,2024-10-11
19261,8204,2025-03-05,483.83,Paid,2025-04-04
19262,9806,2024-09-03,132.26,Due,2024-10-03
19263,1509,2024-08-13,474.99,Overdue,2024-09-12
19264,2349,2024-05-05,240.41,Paid,2024-06-04
19265,8731,2024-05-17,390.34,Paid,2024-06-16
19266,7936,2025-02-21,288.22,Paid,2025-03-23
19267,8168,2025-01-18,59.78,Paid,2025-02-17
19268,325,2024-09-23,458.17,Paid,2024-10-23
19269,6640,2024-08-21,35.59,Due,2024-09-20
19270,7560,2025-04-09,56.51,Due,2025-05-09
19271,1232,2024-10-04,47.42,Due,2024-11-03
19272,606,2025-01-22,409.57,Overdue,2025-02-21
19273,2290,2024-08-19,224.99,Overdue,2024-09-18
19274,9842,2024-07-07,301.73,Overdue,2024-08-06
19275,5995,2024-06-28,40.02,Due,2024-07-28
19276,6050,2024-05-28,154.56,Paid,2024-06-27
19277,5015,2024-12-30,217.39,Due,2025-01-29
19278,284,2024-09-15,72.13,Due,2024-10-15
19279,3588,2025-04-17,265.51,Paid,2025-05-17
19280,1929,2025-02-15,370.75,Paid,2025-03-17
19281,2073,2025-03-06,110.8,Due,2025-04-05
19282,5203,2024-08-17,47.04,Paid,2024-09-16
19283,5752,2024-08-06,174.01,Paid,2024-09-05
19284,8243,2024-09-29,217.06,Overdue,2024-10-29
19285,7273,2025-04-06,439.99,Due,2025-05-06
19286,7952,2025-01-24,397.9,Overdue,2025-02-23
19287,9747,2024-08-14,25.28,Due,2024-09-13
19288,5502,2024-06-16,43.95,Due,2024-07-16
19289,3391,2024-07-08,150.05,Paid,2024-08-07
19290,9156,2025-01-08,314.02,Overdue,2025-02-07
19291,3795,2025-02-04,200.59,Paid,2025-03-06
19292,5065,2024-08-21,214.27,Paid,2024-09-20
19293,7755,2024-05-27,54.99,Due,2024-06-26
19294,9830,2024-06-28,91.86,Overdue,2024-07-28
19295,6099,2025-02-26,43.47,Overdue,2025-03-28
19296,9147,2024-11-06,404.37,Due,2024-12-06
19297,2657,2024-12-23,303.35,Paid,2025-01-22
19298,6032,2024-07-20,224.21,Due,2024-08-19
19299,4577,2025-01-12,131.4,Overdue,2025-02-11
19300,4659,2025-01-18,260.71,Paid,2025-02-17
19301,2030,2025-03-02,271.18,Due,2025-04-01
19302,835,2025-01-19,300.88,Overdue,2025-02-18
19303,1503,2024-11-27,371.66,Due,2024-12-27
19304,6691,2024-05-04,136.62,Overdue,2024-06-03
19305,7124,2024-11-01,52.9,Overdue,2024-12-01
19306,1460,2024-07-05,37.1,Due,2024-08-04
19307,1245,2024-07-07,460.72,Paid,2024-08-06
19308,8349,2024-12-29,98.93,Overdue,2025-01-28
19309,8651,2024-11-25,258.56,Overdue,2024-12-25
19310,2273,2024-11-20,197.98,Due,2024-12-20
19311,9427,2025-01-14,358.0,Paid,2025-02-13
19312,4106,2024-07-21,425.54,Overdue,2024-08-20
19313,9237,2024-12-23,431.16,Overdue,2025-01-22
19314,3076,2025-02-27,471.0,Paid,2025-03-29
19315,7280,2025-01-30,13.95,Overdue,2025-03-01
19316,7540,2025-02-09,215.05,Due,2025-03-11
19317,840,2025-03-11,156.53,Due,2025-04-10
19318,8391,2025-02-11,45.43,Paid,2025-03-13
19319,1927,2024-11-28,373.48,Due,2024-12-28
19320,4564,2024-08-26,353.86,Paid,2024-09-25
19321,7953,2025-01-06,414.76,Paid,2025-02-05
19322,2527,2024-12-25,222.51,Paid,2025-01-24
19323,7604,2025-01-15,104.5,Overdue,2025-02-14
19324,8797,2025-01-08,484.3,Paid,2025-02-07
19325,3651,2025-04-08,253.46,Paid,2025-05-08
19326,4930,2025-03-18,394.34,Due,2025-04-17
19327,2288,2024-09-03,20.66,Overdue,2024-10-03
19328,3407,2024-09-17,266.59,Overdue,2024-10-17
19329,9623,2024-12-17,84.03,Overdue,2025-01-16
19330,2684,2024-05-27,488.59,Due,2024-06-26
19331,5837,2025-04-07,322.95,Due,2025-05-07
19332,272,2024-12-22,65.87,Overdue,2025-01-21
19333,785,2024-11-09,12.54,Overdue,2024-12-09
19334,1921,2024-10-07,447.28,Due,2024-11-06
19335,8398,2025-04-13,82.13,Paid,2025-05-13
19336,6516,2025-01-13,40.08,Paid,2025-02-12
19337,9626,2024-05-24,341.31,Paid,2024-06-23
19338,8395,2024-12-03,36.97,Due,2025-01-02
19339,4970,2024-08-19,208.94,Overdue,2024-09-18
19340,5917,2025-02-08,476.96,Due,2025-03-10
19341,3014,2024-10-04,236.07,Overdue,2024-11-03
19342,1104,2024-05-06,277.6,Due,2024-06-05
19343,8872,2024-11-09,168.37,Paid,2024-12-09
19344,2294,2024-12-22,189.16,Overdue,2025-01-21
19345,2298,2024-07-17,449.75,Overdue,2024-08-16
19346,7519,2024-07-21,97.74,Overdue,2024-08-20
19347,716,2025-01-13,139.71,Paid,2025-02-12
19348,8394,2024-09-12,148.11,Paid,2024-10-12
19349,1644,2024-12-26,495.08,Due,2025-01-25
19350,3193,2024-06-23,149.68,Overdue,2024-07-23
19351,7029,2024-05-08,81.37,Due,2024-06-07
19352,3739,2025-02-11,51.24,Due,2025-03-13
19353,3245,2025-01-09,185.16,Overdue,2025-02-08
19354,630,2024-07-17,369.16,Overdue,2024-08-16
19355,8952,2024-10-19,463.81,Overdue,2024-11-18
19356,4247,2024-06-14,65.93,Due,2024-07-14
19357,9844,2024-05-24,229.78,Due,2024-06-23
19358,6276,2024-12-05,494.49,Paid,2025-01-04
19359,3859,2024-11-30,364.3,Due,2024-12-30
19360,1393,2024-12-01,404.28,Paid,2024-12-31
19361,6753,2024-08-26,151.79,Due,2024-09-25
19362,9806,2024-08-16,485.66,Due,2024-09-15
19363,9418,2024-10-03,398.6,Due,2024-11-02
19364,2368,2025-03-26,391.2,Due,2025-04-25
19365,5136,2024-08-20,203.21,Due,2024-09-19
19366,1931,2024-10-02,250.91,Paid,2024-11-01
19367,924,2024-10-06,467.92,Paid,2024-11-05
19368,7017,2024-07-14,133.17,Overdue,2024-08-13
19369,6168,2024-11-06,27.55,Due,2024-12-06
19370,4986,2025-04-24,427.6,Paid,2025-05-24
19371,2732,2024-07-15,143.03,Overdue,2024-08-14
19372,9028,2024-05-31,148.81,Overdue,2024-06-30
19373,6503,2024-06-15,115.58,Due,2024-07-15
19374,2774,2024-11-17,410.23,Overdue,2024-12-17
19375,5401,2025-04-22,355.05,Due,2025-05-22
19376,5859,2024-12-05,135.22,Due,2025-01-04
19377,1360,2024-05-09,440.65,Overdue,2024-06-08
19378,6589,2024-11-21,279.44,Overdue,2024-12-21
19379,9692,2024-11-05,462.01,Due,2024-12-05
19380,4852,2024-06-20,364.03,Overdue,2024-07-20
19381,2943,2024-12-03,226.4,Overdue,2025-01-02
19382,8821,2024-07-09,143.33,Paid,2024-08-08
19383,1111,2025-03-29,155.62,Due,2025-04-28
19384,5291,2024-08-31,162.83,Overdue,2024-09-30
19385,7774,2024-07-23,308.96,Overdue,2024-08-22
19386,1297,2025-03-16,416.26,Overdue,2025-04-15
19387,9352,2024-11-26,364.2,Due,2024-12-26
19388,6336,2025-03-23,293.57,Overdue,2025-04-22
19389,78,2024-05-25,481.96,Due,2024-06-24
19390,6351,2024-11-06,382.82,Overdue,2024-12-06
19391,4593,2024-11-29,127.37,Overdue,2024-12-29
19392,6579,2024-09-27,33.14,Due,2024-10-27
19393,9123,2024-11-11,155.03,Paid,2024-12-11
19394,6733,2025-01-15,388.78,Overdue,2025-02-14
19395,5497,2024-12-16,25.01,Overdue,2025-01-15
19396,5266,2024-12-07,354.61,Paid,2025-01-06
19397,9190,2025-04-04,28.3,Due,2025-05-04
19398,9790,2025-02-11,454.52,Overdue,2025-03-13
19399,2494,2024-12-17,248.06,Overdue,2025-01-16
19400,6426,2024-07-25,296.34,Due,2024-08-24
19401,38,2024-05-28,380.66,Due,2024-06-27
19402,6602,2024-11-16,332.1,Due,2024-12-16
19403,1994,2024-05-07,256.96,Paid,2024-06-06
19404,8750,2024-09-03,52.63,Due,2024-10-03
19405,9408,2025-02-24,428.48,Due,2025-03-26
19406,4195,2024-08-01,458.27,Due,2024-08-31
19407,7697,2024-08-22,263.65,Paid,2024-09-21
19408,5760,2024-09-14,38.06,Overdue,2024-10-14
19409,9081,2024-07-29,295.6,Due,2024-08-28
19410,6017,2024-11-19,64.22,Overdue,2024-12-19
19411,5754,2024-09-01,112.64,Paid,2024-10-01
19412,8530,2024-12-12,157.35,Due,2025-01-11
19413,5927,2024-07-02,443.54,Overdue,2024-08-01
19414,1658,2024-06-19,316.93,Paid,2024-07-19
19415,6948,2024-09-14,170.92,Paid,2024-10-14
19416,1720,2024-09-04,213.15,Due,2024-10-04
19417,1205,2024-09-14,496.12,Overdue,2024-10-14
19418,4510,2024-05-14,204.86,Paid,2024-06-13
19419,243,2025-04-12,72.05,Paid,2025-05-12
19420,4820,2025-02-06,133.87,Overdue,2025-03-08
19421,6822,2024-11-08,417.81,Due,2024-12-08
19422,429,2024-05-23,441.86,Overdue,2024-06-22
19423,5661,2025-02-03,194.15,Overdue,2025-03-05
19424,8920,2024-12-05,465.31,Due,2025-01-04
19425,944,2024-08-24,278.4,Paid,2024-09-23
19426,803,2024-05-20,151.46,Due,2024-06-19
19427,2213,2024-09-13,36.53,Paid,2024-10-13
19428,2102,2024-05-01,135.72,Due,2024-05-31
19429,6506,2025-01-21,229.25,Overdue,2025-02-20
19430,4130,2025-03-13,49.16,Overdue,2025-04-12
19431,2637,2025-04-02,165.84,Overdue,2025-05-02
19432,9130,2024-07-04,341.57,Due,2024-08-03
19433,4897,2024-06-13,416.48,Overdue,2024-07-13
19434,1565,2024-11-13,457.02,Paid,2024-12-13
19435,627,2024-06-24,145.05,Due,2024-07-24
19436,737,2024-12-25,419.94,Due,2025-01-24
19437,4422,2024-05-29,83.95,Due,2024-06-28
19438,2126,2024-09-26,43.73,Due,2024-10-26
19439,8425,2024-12-23,347.04,Overdue,2025-01-22
19440,6862,2024-12-28,352.51,Due,2025-01-27
19441,7620,2024-06-16,206.22,Due,2024-07-16
19442,5851,2025-04-30,463.22,Due,2025-05-30
19443,7487,2025-04-29,426.9,Paid,2025-05-29
19444,6777,2024-08-18,171.32,Paid,2024-09-17
19445,4517,2025-01-28,106.45,Overdue,2025-02-27
19446,3055,2025-02-03,305.01,Overdue,2025-03-05
19447,6222,2025-01-07,85.09,Paid,2025-02-06
19448,3136,2024-05-10,279.82,Paid,2024-06-09
19449,3044,2025-02-22,491.16,Paid,2025-03-24
19450,5760,2024-07-20,390.15,Overdue,2024-08-19
19451,7292,2024-10-28,186.12,Due,2024-11-27
19452,2107,2025-04-13,200.7,Paid,2025-05-13
19453,6498,2025-03-28,204.88,Paid,2025-04-27
19454,8260,2025-01-11,282.77,Overdue,2025-02-10
19455,4556,2024-06-20,281.12,Due,2024-07-20
19456,4841,2024-10-14,152.35,Overdue,2024-11-13
19457,8372,2024-10-28,323.8,Overdue,2024-11-27
19458,4633,2025-04-06,389.9,Overdue,2025-05-06
19459,5828,2024-08-05,214.07,Paid,2024-09-04
19460,4745,2025-01-19,116.4,Overdue,2025-02-18
19461,333,2024-12-07,376.87,Due,2025-01-06
19462,3429,2025-01-07,154.02,Overdue,2025-02-06
19463,919,2024-08-20,117.75,Overdue,2024-09-19
19464,888,2025-01-22,314.03,Overdue,2025-02-21
19465,651,2025-04-06,323.72,Overdue,2025-05-06
19466,3780,2024-09-12,421.4,Due,2024-10-12
19467,1307,2024-05-16,345.97,Due,2024-06-15
19468,6722,2024-08-01,19.57,Paid,2024-08-31
19469,6304,2024-12-24,362.45,Due,2025-01-23
19470,2807,2024-12-26,197.26,Overdue,2025-01-25
19471,311,2024-09-01,272.65,Paid,2024-10-01
19472,392,2024-12-13,362.2,Due,2025-01-12
19473,621,2024-08-28,156.2,Due,2024-09-27
19474,6350,2024-11-29,276.44,Due,2024-12-29
19475,5489,2025-03-19,406.58,Paid,2025-04-18
19476,7575,2025-04-22,340.46,Paid,2025-05-22
19477,6115,2025-03-18,304.13,Paid,2025-04-17
19478,301,2025-01-10,461.85,Overdue,2025-02-09
19479,2104,2024-11-26,217.94,Due,2024-12-26
19480,1976,2025-04-26,169.19,Overdue,2025-05-26
19481,9340,2025-04-20,110.47,Overdue,2025-05-20
19482,4969,2024-05-06,353.52,Overdue,2024-06-05
19483,7862,2025-02-13,375.38,Paid,2025-03-15
19484,5002,2025-04-21,287.25,Paid,2025-05-21
19485,9029,2024-10-30,25.61,Paid,2024-11-29
19486,6107,2025-01-18,257.5,Overdue,2025-02-17
19487,1493,2024-05-25,145.43,Paid,2024-06-24
19488,5497,2025-01-01,360.55,Paid,2025-01-31
19489,8148,2024-08-21,450.65,Overdue,2024-09-20
19490,1772,2024-06-17,68.58,Due,2024-07-17
19491,8774,2025-02-08,43.57,Due,2025-03-10
19492,7006,2025-02-01,37.53,Paid,2025-03-03
19493,7600,2024-08-31,312.66,Overdue,2024-09-30
19494,1907,2024-10-28,157.47,Due,2024-11-27
19495,4222,2024-12-10,143.39,Paid,2025-01-09
19496,3191,2024-08-17,34.44,Overdue,2024-09-16
19497,4160,2024-09-28,370.11,Overdue,2024-10-28
19498,1446,2024-09-11,496.19,Paid,2024-10-11
19499,5974,2024-07-01,66.46,Overdue,2024-07-31
19500,979,2024-05-20,152.58,Paid,2024-06-19
19501,424,2024-07-06,294.77,Paid,2024-08-05
19502,3058,2025-04-07,51.41,Paid,2025-05-07
19503,3418,2024-11-29,302.79,Due,2024-12-29
19504,1208,2024-12-22,205.95,Due,2025-01-21
19505,3638,2024-05-27,341.56,Paid,2024-06-26
19506,4294,2025-03-13,23.38,Due,2025-04-12
19507,2996,2025-02-27,347.58,Paid,2025-03-29
19508,9924,2024-09-15,110.87,Due,2024-10-15
19509,7877,2025-02-17,142.02,Due,2025-03-19
19510,9222,2024-07-17,439.57,Due,2024-08-16
19511,7803,2024-05-25,253.07,Due,2024-06-24
19512,5212,2025-01-19,200.27,Overdue,2025-02-18
19513,9753,2024-11-14,431.28,Overdue,2024-12-14
19514,3654,2024-12-06,194.77,Due,2025-01-05
19515,7712,2025-01-02,425.26,Paid,2025-02-01
19516,5924,2024-05-03,111.01,Paid,2024-06-02
19517,6973,2025-01-31,494.34,Due,2025-03-02
19518,2539,2025-03-07,98.78,Paid,2025-04-06
19519,5055,2024-08-05,414.51,Paid,2024-09-04
19520,2652,2024-06-07,241.7,Due,2024-07-07
19521,5922,2024-05-12,468.11,Due,2024-06-11
19522,8642,2024-09-11,263.99,Overdue,2024-10-11
19523,2438,2024-09-13,177.93,Paid,2024-10-13
19524,8426,2024-08-02,445.25,Due,2024-09-01
19525,1852,2024-06-13,434.43,Overdue,2024-07-13
19526,1984,2024-05-22,312.5,Paid,2024-06-21
19527,108,2024-08-03,202.26,Overdue,2024-09-02
19528,8774,2024-05-12,197.82,Due,2024-06-11
19529,1033,2024-06-01,280.62,Due,2024-07-01
19530,7445,2024-05-12,22.04,Overdue,2024-06-11
19531,8431,2024-05-22,43.73,Paid,2024-06-21
19532,4104,2024-07-11,25.54,Overdue,2024-08-10
19533,29,2024-10-12,286.79,Overdue,2024-11-11
19534,4646,2025-03-31,34.81,Paid,2025-04-30
19535,8537,2024-08-13,102.46,Due,2024-09-12
19536,8934,2025-04-16,160.98,Paid,2025-05-16
19537,421,2025-02-02,171.17,Due,2025-03-04
19538,7694,2025-03-20,423.37,Paid,2025-04-19
19539,2872,2024-07-11,16.96,Due,2024-08-10
19540,8856,2025-04-27,250.54,Overdue,2025-05-27
19541,1914,2025-01-01,254.14,Overdue,2025-01-31
19542,5120,2024-07-22,37.44,Paid,2024-08-21
19543,4121,2024-05-19,36.27,Paid,2024-06-18
19544,5042,2024-11-09,401.53,Due,2024-12-09
19545,8955,2024-10-15,330.41,Overdue,2024-11-14
19546,665,2025-01-07,199.65,Paid,2025-02-06
19547,1281,2024-05-04,21.82,Due,2024-06-03
19548,2857,2025-02-12,488.12,Overdue,2025-03-14
19549,1115,2024-07-15,370.59,Paid,2024-08-14
19550,8839,2024-05-03,86.98,Overdue,2024-06-02
19551,5522,2024-10-26,131.09,Due,2024-11-25
19552,4585,2024-10-22,118.82,Due,2024-11-21
19553,5042,2024-05-23,100.1,Paid,2024-06-22
19554,5918,2025-03-16,376.17,Due,2025-04-15
19555,6582,2025-02-14,18.71,Paid,2025-03-16
19556,5723,2025-04-28,253.21,Paid,2025-05-28
19557,712,2024-08-30,420.64,Due,2024-09-29
19558,8897,2025-01-31,101.26,Paid,2025-03-02
19559,3059,2025-04-07,49.94,Due,2025-05-07
19560,4278,2024-08-28,95.2,Overdue,2024-09-27
19561,3002,2024-08-05,411.8,Paid,2024-09-04
19562,6839,2024-10-09,467.68,Overdue,2024-11-08
19563,2712,2025-04-16,193.32,Due,2025-05-16
19564,6864,2025-04-30,399.16,Paid,2025-05-30
19565,9899,2024-05-26,438.27,Due,2024-06-25
19566,9902,2025-02-06,247.07,Overdue,2025-03-08
19567,4549,2024-11-24,417.05,Overdue,2024-12-24
19568,5243,2025-02-19,104.56,Due,2025-03-21
19569,8431,2024-07-14,327.63,Due,2024-08-13
19570,925,2025-02-28,119.48,Overdue,2025-03-30
19571,6939,2024-11-25,302.14,Paid,2024-12-25
19572,8761,2024-07-05,154.2,Due,2024-08-04
19573,2768,2024-07-26,496.15,Due,2024-08-25
19574,2829,2025-04-25,302.71,Overdue,2025-05-25
19575,6112,2024-08-22,368.68,Overdue,2024-09-21
19576,6407,2024-07-28,438.6,Due,2024-08-27
19577,6656,2024-11-20,38.42,Paid,2024-12-20
19578,2661,2024-08-04,352.03,Due,2024-09-03
19579,5104,2024-06-13,494.51,Paid,2024-07-13
19580,3382,2024-05-31,395.96,Overdue,2024-06-30
19581,7982,2024-08-13,385.18,Paid,2024-09-12
19582,8068,2025-03-06,64.29,Due,2025-04-05
19583,6907,2024-07-31,392.75,Due,2024-08-30
19584,9805,2025-01-16,165.34,Due,2025-02-15
19585,4941,2025-04-08,322.41,Paid,2025-05-08
19586,3623,2024-05-12,493.76,Overdue,2024-06-11
19587,8820,2024-05-12,481.88,Due,2024-06-11
19588,9093,2024-05-11,55.22,Paid,2024-06-10
19589,4370,2024-11-27,477.81,Due,2024-12-27
19590,1800,2024-06-12,28.0,Overdue,2024-07-12
19591,1070,2024-07-05,32.62,Paid,2024-08-04
19592,9463,2025-04-02,383.38,Paid,2025-05-02
19593,7190,2024-11-27,15.98,Due,2024-12-27
19594,1142,2025-03-14,490.9,Paid,2025-04-13
19595,4851,2024-08-08,328.74,Paid,2024-09-07
19596,7581,2024-05-04,317.02,Paid,2024-06-03
19597,2676,2024-11-08,410.91,Overdue,2024-12-08
19598,404,2024-06-12,22.5,Overdue,2024-07-12
19599,4964,2024-07-28,210.12,Due,2024-08-27
19600,3511,2024-09-17,50.91,Overdue,2024-10-17
19601,8776,2024-07-07,251.12,Paid,2024-08-06
19602,1679,2024-09-22,249.71,Paid,2024-10-22
19603,1666,2025-02-28,244.49,Overdue,2025-03-30
19604,487,2024-08-19,472.32,Overdue,2024-09-18
19605,4108,2024-10-16,330.33,Paid,2024-11-15
19606,3087,2024-07-30,25.46,Paid,2024-08-29
19607,7678,2024-12-03,173.51,Paid,2025-01-02
19608,4896,2025-02-06,384.21,Paid,2025-03-08
19609,917,2025-04-12,77.52,Due,2025-05-12
19610,8331,2025-04-27,100.17,Overdue,2025-05-27
19611,6956,2024-08-25,431.93,Overdue,2024-09-24
19612,8399,2024-12-13,274.61,Overdue,2025-01-12
19613,3695,2024-08-02,443.8,Overdue,2024-09-01
19614,3038,2024-06-12,460.8,Due,2024-07-12
19615,6680,2024-05-15,22.22,Overdue,2024-06-14
19616,7235,2024-08-05,488.5,Paid,2024-09-04
19617,3242,2024-05-18,56.75,Due,2024-06-17
19618,6893,2024-07-23,331.87,Paid,2024-08-22
19619,2492,2025-04-11,313.68,Due,2025-05-11
19620,2994,2024-09-23,148.57,Due,2024-10-23
19621,3294,2024-11-26,468.75,Paid,2024-12-26
19622,2845,2024-11-14,67.92,Paid,2024-12-14
19623,7054,2024-11-05,326.14,Due,2024-12-05
19624,4039,2024-12-28,157.51,Overdue,2025-01-27
19625,6810,2024-11-14,287.67,Overdue,2024-12-14
19626,9040,2025-02-24,295.42,Due,2025-03-26
19627,5325,2025-03-15,346.65,Due,2025-04-14
19628,6773,2024-05-08,497.3,Paid,2024-06-07
19629,1985,2024-06-13,387.41,Paid,2024-07-13
19630,9929,2024-11-20,144.62,Overdue,2024-12-20
19631,7765,2024-07-04,310.02,Paid,2024-08-03
19632,9437,2024-10-05,180.27,Paid,2024-11-04
19633,6978,2025-01-12,129.41,Due,2025-02-11
19634,6085,2024-05-04,78.63,Overdue,2024-06-03
19635,9701,2024-12-11,156.94,Due,2025-01-10
19636,1702,2025-01-22,350.96,Due,2025-02-21
19637,2556,2024-09-18,480.09,Overdue,2024-10-18
19638,2295,2025-04-17,482.14,Paid,2025-05-17
19639,7319,2025-04-28,163.8,Paid,2025-05-28
19640,1378,2024-09-15,21.11,Due,2024-10-15
19641,9433,2025-02-04,400.05,Due,2025-03-06
19642,4310,2024-08-27,271.55,Overdue,2024-09-26
19643,8501,2024-09-24,352.12,Overdue,2024-10-24
19644,9086,2024-12-31,385.73,Overdue,2025-01-30
19645,7061,2025-04-10,260.18,Due,2025-05-10
19646,2991,2025-01-06,389.63,Paid,2025-02-05
19647,6934,2025-04-20,460.22,Overdue,2025-05-20
19648,7973,2025-01-05,267.97,Paid,2025-02-04
19649,4819,2024-10-14,323.53,Overdue,2024-11-13
19650,3013,2024-05-18,461.76,Due,2024-06-17
19651,2632,2025-01-27,477.34,Due,2025-02-26
19652,514,2024-08-16,421.3,Due,2024-09-15
19653,5940,2024-06-23,41.45,Paid,2024-07-23
19654,2693,2025-02-13,458.73,Due,2025-03-15
19655,3578,2025-04-18,60.38,Due,2025-05-18
19656,9275,2025-01-13,89.06,Due,2025-02-12
19657,5724,2024-09-14,404.22,Overdue,2024-10-14
19658,6223,2025-04-02,247.27,Paid,2025-05-02
19659,8207,2024-10-30,211.78,Overdue,2024-11-29
19660,2157,2024-08-27,162.33,Overdue,2024-09-26
19661,8043,2024-10-30,453.94,Due,2024-11-29
19662,92,2024-08-20,343.3,Overdue,2024-09-19
19663,1520,2024-07-20,436.22,Overdue,2024-08-19
19664,5622,2024-05-12,448.77,Due,2024-06-11
19665,7767,2024-07-25,51.73,Overdue,2024-08-24
19666,4416,2024-06-03,208.48,Overdue,2024-07-03
19667,4551,2024-10-13,195.35,Paid,2024-11-12
19668,2352,2024-06-06,138.91,Due,2024-07-06
19669,1761,2025-02-19,153.81,Due,2025-03-21
19670,1460,2025-03-25,241.31,Overdue,2025-04-24
19671,2765,2024-11-14,396.64,Overdue,2024-12-14
19672,335,2024-10-05,399.21,Overdue,2024-11-04
19673,5142,2024-09-24,65.92,Overdue,2024-10-24
19674,5969,2024-08-26,58.6,Paid,2024-09-25
19675,7704,2024-08-17,330.18,Paid,2024-09-16
19676,5866,2025-04-29,205.08,Paid,2025-05-29
19677,6364,2024-06-18,472.97,Overdue,2024-07-18
19678,8222,2024-10-10,457.86,Due,2024-11-09
19679,5203,2024-08-08,310.85,Due,2024-09-07
19680,7829,2025-03-24,367.29,Paid,2025-04-23
19681,688,2024-05-31,300.32,Overdue,2024-06-30
19682,3082,2024-12-08,364.99,Overdue,2025-01-07
19683,3692,2024-06-29,376.24,Overdue,2024-07-29
19684,5206,2024-09-23,423.06,Overdue,2024-10-23
19685,9195,2025-03-28,342.81,Due,2025-04-27
19686,2803,2024-10-24,409.75,Paid,2024-11-23
19687,2605,2024-11-06,421.89,Overdue,2024-12-06
19688,4824,2024-07-23,351.44,Due,2024-08-22
19689,1043,2025-04-10,146.11,Paid,2025-05-10
19690,9753,2024-07-19,67.16,Due,2024-08-18
19691,3087,2025-02-26,352.27,Due,2025-03-28
19692,8049,2024-11-11,72.65,Paid,2024-12-11
19693,1307,2024-08-08,246.12,Paid,2024-09-07
19694,8493,2024-07-06,148.49,Paid,2024-08-05
19695,5464,2025-02-24,348.33,Overdue,2025-03-26
19696,9663,2024-09-07,326.18,Overdue,2024-10-07
19697,3797,2025-01-20,119.84,Due,2025-02-19
19698,9297,2024-06-21,196.18,Overdue,2024-07-21
19699,6289,2024-07-16,355.65,Due,2024-08-15
19700,2132,2024-10-11,265.84,Paid,2024-11-10
19701,416,2024-06-12,361.51,Paid,2024-07-12
19702,1938,2025-01-24,379.31,Due,2025-02-23
19703,341,2024-05-23,31.67,Overdue,2024-06-22
19704,1041,2024-09-22,495.59,Overdue,2024-10-22
19705,6772,2024-12-04,344.7,Overdue,2025-01-03
19706,8996,2025-03-12,19.99,Due,2025-04-11
19707,2727,2025-01-06,354.66,Overdue,2025-02-05
19708,9005,2025-01-05,72.98,Due,2025-02-04
19709,2079,2024-05-16,417.31,Paid,2024-06-15
19710,6080,2024-08-05,109.89,Overdue,2024-09-04
19711,3534,2025-03-12,442.78,Due,2025-04-11
19712,8964,2024-12-24,372.16,Due,2025-01-23
19713,9055,2024-12-27,377.94,Overdue,2025-01-26
19714,3799,2024-08-15,483.1,Paid,2024-09-14
19715,727,2025-02-02,52.05,Due,2025-03-04
19716,9900,2024-08-09,12.84,Overdue,2024-09-08
19717,6570,2024-11-09,124.29,Due,2024-12-09
19718,6702,2025-01-20,495.46,Due,2025-02-19
19719,4691,2024-11-22,390.81,Overdue,2024-12-22
19720,167,2024-06-15,321.25,Overdue,2024-07-15
19721,4581,2025-01-22,350.68,Due,2025-02-21
19722,5492,2024-11-10,316.64,Due,2024-12-10
19723,1526,2024-09-11,39.73,Due,2024-10-11
19724,7591,2024-06-07,288.75,Due,2024-07-07
19725,2335,2024-11-25,365.24,Overdue,2024-12-25
19726,3519,2024-06-13,450.78,Due,2024-07-13
19727,2752,2024-08-17,52.96,Overdue,2024-09-16
19728,78,2024-08-29,173.18,Due,2024-09-28
19729,4369,2024-11-23,226.05,Overdue,2024-12-23
19730,7904,2024-11-10,257.75,Due,2024-12-10
19731,3435,2024-10-24,115.14,Due,2024-11-23
19732,6540,2025-04-24,68.35,Paid,2025-05-24
19733,1183,2025-04-19,133.11,Overdue,2025-05-19
19734,2360,2024-06-11,229.7,Paid,2024-07-11
19735,293,2024-09-02,443.76,Paid,2024-10-02
19736,5564,2025-04-02,131.52,Paid,2025-05-02
19737,6984,2025-01-07,162.96,Overdue,2025-02-06
19738,6649,2024-06-22,261.99,Due,2024-07-22
19739,619,2024-11-16,280.68,Overdue,2024-12-16
19740,2700,2025-03-08,294.21,Paid,2025-04-07
19741,5125,2025-01-03,141.04,Due,2025-02-02
19742,6362,2024-05-14,152.93,Due,2024-06-13
19743,3657,2025-04-15,154.13,Due,2025-05-15
19744,4784,2025-04-25,292.6,Paid,2025-05-25
19745,3877,2025-04-08,64.87,Overdue,2025-05-08
19746,9366,2024-10-13,470.17,Overdue,2024-11-12
19747,7890,2024-07-14,245.56,Due,2024-08-13
19748,7545,2025-02-11,46.61,Overdue,2025-03-13
19749,6731,2025-01-04,207.23,Due,2025-02-03
19750,3196,2025-02-14,264.42,Due,2025-03-16
19751,3131,2024-10-07,289.28,Overdue,2024-11-06
19752,1059,2024-11-01,499.1,Due,2024-12-01
19753,3987,2025-04-27,469.45,Due,2025-05-27
19754,3863,2024-12-28,269.12,Due,2025-01-27
19755,277,2025-03-13,97.7,Paid,2025-04-12
19756,1644,2025-03-08,57.46,Overdue,2025-04-07
19757,6718,2024-10-08,276.22,Due,2024-11-07
19758,2787,2024-07-27,173.0,Due,2024-08-26
19759,7069,2025-03-12,317.39,Overdue,2025-04-11
19760,8400,2024-12-16,321.07,Paid,2025-01-15
19761,918,2024-06-21,158.51,Due,2024-07-21
19762,40,2024-09-02,323.19,Due,2024-10-02
19763,6443,2024-09-26,93.76,Due,2024-10-26
19764,2431,2024-05-13,330.94,Overdue,2024-06-12
19765,882,2024-09-01,378.77,Paid,2024-10-01
19766,5088,2024-11-02,416.75,Due,2024-12-02
19767,1497,2025-03-07,238.81,Paid,2025-04-06
19768,4982,2024-05-10,446.08,Paid,2024-06-09
19769,8389,2025-01-28,187.34,Due,2025-02-27
19770,8214,2025-04-26,349.34,Due,2025-05-26
19771,4396,2025-02-17,239.01,Due,2025-03-19
19772,6229,2024-07-17,222.63,Overdue,2024-08-16
19773,7627,2024-12-16,262.56,Overdue,2025-01-15
19774,3750,2024-09-06,192.63,Paid,2024-10-06
19775,7389,2024-05-05,39.49,Due,2024-06-04
19776,9756,2025-01-21,160.5,Overdue,2025-02-20
19777,7691,2024-10-14,170.94,Overdue,2024-11-13
19778,8858,2024-06-21,204.74,Paid,2024-07-21
19779,5533,2024-12-12,386.77,Overdue,2025-01-11
19780,6758,2024-09-15,144.24,Overdue,2024-10-15
19781,8159,2025-03-25,422.02,Overdue,2025-04-24
19782,8806,2025-02-27,72.07,Due,2025-03-29
19783,6802,2025-01-19,52.98,Overdue,2025-02-18
19784,4205,2024-08-01,274.29,Due,2024-08-31
19785,2172,2024-11-22,450.35,Due,2024-12-22
19786,7153,2024-10-04,25.69,Overdue,2024-11-03
19787,254,2025-04-13,443.4,Overdue,2025-05-13
19788,8872,2025-01-23,469.18,Overdue,2025-02-22
19789,9828,2024-09-03,382.53,Overdue,2024-10-03
19790,5314,2025-03-01,432.92,Due,2025-03-31
19791,3747,2025-01-21,221.78,Overdue,2025-02-20
19792,9217,2024-05-30,448.81,Overdue,2024-06-29
19793,4620,2024-06-18,75.35,Due,2024-07-18
19794,4954,2024-08-24,45.13,Paid,2024-09-23
19795,388,2025-03-23,74.55,Paid,2025-04-22
19796,6140,2024-08-07,215.05,Overdue,2024-09-06
19797,6205,2025-01-05,486.5,Due,2025-02-04
19798,763,2024-06-21,64.32,Paid,2024-07-21
19799,628,2024-11-08,136.86,Overdue,2024-12-08
19800,9947,2024-07-23,163.65,Overdue,2024-08-22
19801,168,2025-01-28,357.44,Overdue,2025-02-27
19802,5083,2024-11-04,51.6,Due,2024-12-04
19803,7667,2024-07-06,448.82,Due,2024-08-05
19804,4306,2025-03-05,449.47,Paid,2025-04-04
19805,5015,2024-11-29,469.42,Paid,2024-12-29
19806,4730,2025-04-11,256.48,Due,2025-05-11
19807,5871,2024-05-11,305.95,Overdue,2024-06-10
19808,1137,2024-09-15,216.54,Due,2024-10-15
19809,7011,2024-06-07,319.44,Due,2024-07-07
19810,6247,2024-10-09,318.6,Paid,2024-11-08
19811,7694,2025-01-02,70.01,Overdue,2025-02-01
19812,9,2024-12-23,477.31,Due,2025-01-22
19813,7726,2024-12-20,198.82,Overdue,2025-01-19
19814,8352,2024-07-10,197.55,Overdue,2024-08-09
19815,6121,2024-06-24,373.81,Paid,2024-07-24
19816,2856,2024-09-24,349.56,Overdue,2024-10-24
19817,1751,2024-05-27,403.93,Overdue,2024-06-26
19818,3556,2025-02-24,29.9,Paid,2025-03-26
19819,7041,2024-07-03,371.29,Due,2024-08-02
19820,3549,2025-03-21,438.17,Due,2025-04-20
19821,2019,2024-12-12,276.29,Paid,2025-01-11
19822,8400,2024-05-22,64.84,Overdue,2024-06-21
19823,4632,2025-04-17,420.36,Due,2025-05-17
19824,4323,2024-07-07,415.28,Overdue,2024-08-06
19825,3599,2024-11-29,489.41,Paid,2024-12-29
19826,7169,2024-06-27,240.08,Overdue,2024-07-27
19827,1788,2024-11-27,353.84,Paid,2024-12-27
19828,5207,2025-04-14,244.15,Due,2025-05-14
19829,6469,2024-10-30,459.86,Overdue,2024-11-29
19830,3756,2024-11-25,334.33,Due,2024-12-25
19831,3039,2024-08-27,169.29,Overdue,2024-09-26
19832,4560,2024-11-09,87.42,Paid,2024-12-09
19833,9324,2024-09-09,497.43,Due,2024-10-09
19834,5859,2025-02-18,274.59,Overdue,2025-03-20
19835,4537,2025-03-30,252.63,Overdue,2025-04-29
19836,1322,2024-12-16,292.04,Due,2025-01-15
19837,9587,2025-04-25,365.46,Due,2025-05-25
19838,7465,2024-07-12,438.67,Paid,2024-08-11
19839,3090,2024-12-21,412.05,Paid,2025-01-20
19840,1188,2025-04-29,423.07,Paid,2025-05-29
19841,9444,2024-08-25,356.65,Overdue,2024-09-24
19842,2191,2024-10-15,34.19,Paid,2024-11-14
19843,483,2025-02-05,175.85,Paid,2025-03-07
19844,264,2025-02-11,291.32,Paid,2025-03-13
19845,671,2024-05-17,339.37,Paid,2024-06-16
19846,9327,2024-12-08,476.9,Overdue,2025-01-07
19847,682,2024-11-10,56.56,Paid,2024-12-10
19848,4035,2024-06-20,357.87,Paid,2024-07-20
19849,7520,2024-06-29,418.61,Due,2024-07-29
19850,2356,2024-08-21,40.22,Overdue,2024-09-20
19851,743,2024-07-22,416.26,Paid,2024-08-21
19852,7365,2024-12-07,100.92,Overdue,2025-01-06
19853,9414,2024-12-03,158.67,Paid,2025-01-02
19854,3624,2024-07-11,179.93,Due,2024-08-10
19855,77,2025-04-23,360.99,Due,2025-05-23
19856,7889,2025-02-03,314.96,Overdue,2025-03-05
19857,3693,2025-01-10,357.41,Overdue,2025-02-09
19858,2756,2025-02-16,328.15,Paid,2025-03-18
19859,9255,2025-02-23,298.33,Overdue,2025-03-25
19860,1785,2024-11-23,145.51,Due,2024-12-23
19861,9851,2024-10-19,284.96,Overdue,2024-11-18
19862,4319,2024-05-27,126.69,Due,2024-06-26
19863,8297,2024-08-02,65.31,Paid,2024-09-01
19864,910,2025-03-27,286.71,Due,2025-04-26
19865,9552,2024-06-12,314.8,Paid,2024-07-12
19866,726,2024-09-13,214.87,Paid,2024-10-13
19867,1285,2024-07-18,198.54,Overdue,2024-08-17
19868,4883,2024-05-15,338.29,Due,2024-06-14
19869,5293,2025-04-03,469.41,Due,2025-05-03
19870,7674,2024-10-23,166.84,Overdue,2024-11-22
19871,514,2025-03-02,91.2,Paid,2025-04-01
19872,7620,2025-04-16,214.38,Overdue,2025-05-16
19873,2601,2024-12-26,199.0,Overdue,2025-01-25
19874,406,2024-12-15,392.27,Overdue,2025-01-14
19875,7992,2024-10-22,325.06,Due,2024-11-21
19876,5194,2024-04-30,452.9,Due,2024-05-30
19877,6129,2024-07-29,105.12,Overdue,2024-08-28
19878,8988,2024-08-10,448.37,Paid,2024-09-09
19879,6354,2025-04-17,213.87,Paid,2025-05-17
19880,8878,2025-03-06,208.49,Overdue,2025-04-05
19881,6518,2024-09-08,329.6,Due,2024-10-08
19882,6499,2024-12-20,68.86,Paid,2025-01-19
19883,2994,2024-06-14,284.38,Paid,2024-07-14
19884,949,2024-06-29,164.83,Overdue,2024-07-29
19885,9438,2025-03-13,111.37,Paid,2025-04-12
19886,4234,2024-07-27,418.14,Paid,2024-08-26
19887,9987,2025-04-06,334.48,Paid,2025-05-06
19888,4549,2024-09-13,145.35,Paid,2024-10-13
19889,5463,2024-11-09,236.34,Due,2024-12-09
19890,559,2025-02-07,385.58,Paid,2025-03-09
19891,2225,2024-09-13,42.71,Due,2024-10-13
19892,3658,2025-01-25,279.4,Due,2025-02-24
19893,9953,2025-04-06,42.06,Due,2025-05-06
19894,6822,2025-03-19,116.43,Due,2025-04-18
19895,6572,2025-02-03,28.61,Due,2025-03-05
19896,5675,2024-06-08,285.13,Paid,2024-07-08
19897,2587,2025-03-09,259.25,Paid,2025-04-08
19898,1382,2024-10-03,365.24,Overdue,2024-11-02
19899,2208,2024-07-22,43.3,Due,2024-08-21
19900,6048,2024-05-15,303.92,Overdue,2024-06-14
19901,5346,2025-02-01,39.76,Due,2025-03-03
19902,4019,2024-09-07,113.28,Paid,2024-10-07
19903,5319,2024-11-09,466.97,Overdue,2024-12-09
19904,3263,2024-09-28,421.22,Overdue,2024-10-28
19905,8263,2025-04-07,167.32,Overdue,2025-05-07
19906,5942,2025-02-22,252.63,Paid,2025-03-24
19907,6858,2024-07-10,477.15,Due,2024-08-09
19908,4301,2024-12-06,412.34,Overdue,2025-01-05
19909,1626,2024-09-25,347.14,Paid,2024-10-25
19910,9434,2024-11-09,34.4,Overdue,2024-12-09
19911,4645,2025-03-17,63.14,Due,2025-04-16
19912,6466,2025-01-26,272.98,Paid,2025-02-25
19913,173,2024-08-14,489.77,Overdue,2024-09-13
19914,9004,2024-10-07,436.0,Overdue,2024-11-06
19915,2053,2024-10-24,78.85,Overdue,2024-11-23
19916,4186,2024-05-03,13.91,Due,2024-06-02
19917,2116,2024-11-01,383.92,Due,2024-12-01
19918,4308,2025-01-30,64.05,Due,2025-03-01
19919,3750,2025-04-17,382.64,Due,2025-05-17
19920,1306,2024-08-08,82.43,Due,2024-09-07
19921,7709,2024-11-17,121.92,Paid,2024-12-17
19922,3020,2024-10-27,252.62,Paid,2024-11-26
19923,3322,2025-02-22,394.86,Paid,2025-03-24
19924,8195,2024-08-27,328.74,Due,2024-09-26
19925,9689,2025-03-13,104.53,Overdue,2025-04-12
19926,8390,2024-08-28,76.45,Paid,2024-09-27
19927,9240,2024-07-03,451.01,Overdue,2024-08-02
19928,3508,2024-06-28,79.48,Due,2024-07-28
19929,9582,2025-03-09,192.84,Due,2025-04-08
19930,3545,2024-07-10,17.42,Overdue,2024-08-09
19931,2181,2024-07-21,298.34,Paid,2024-08-20
19932,5668,2025-03-31,136.07,Overdue,2025-04-30
19933,6690,2024-05-05,120.18,Due,2024-06-04
19934,6768,2024-10-04,421.51,Due,2024-11-03
19935,2301,2024-06-01,212.18,Due,2024-07-01
19936,6365,2025-02-11,55.2,Due,2025-03-13
19937,7839,2024-08-21,217.99,Overdue,2024-09-20
19938,4853,2024-06-29,17.24,Due,2024-07-29
19939,8212,2025-04-08,178.13,Paid,2025-05-08
19940,4644,2025-02-24,204.94,Overdue,2025-03-26
19941,2861,2024-06-19,301.56,Overdue,2024-07-19
19942,7473,2025-03-15,309.63,Due,2025-04-14
19943,1386,2024-07-05,361.79,Overdue,2024-08-04
19944,9299,2024-07-11,169.57,Overdue,2024-08-10
19945,5056,2025-03-13,325.01,Due,2025-04-12
19946,3116,2025-02-24,118.0,Overdue,2025-03-26
19947,5805,2024-10-04,48.28,Due,2024-11-03
19948,7661,2024-08-30,32.09,Paid,2024-09-29
19949,2104,2024-07-20,383.65,Paid,2024-08-19
19950,7851,2024-12-16,467.79,Overdue,2025-01-15
19951,8563,2024-05-27,203.18,Due,2024-06-26
19952,6741,2024-06-18,240.1,Paid,2024-07-18
19953,8190,2024-10-19,359.41,Paid,2024-11-18
19954,6626,2024-07-04,403.75,Paid,2024-08-03
19955,305,2025-02-17,425.01,Paid,2025-03-19
19956,3620,2024-10-22,379.98,Paid,2024-11-21
19957,7211,2024-06-09,413.8,Overdue,2024-07-09
19958,8121,2025-01-27,452.63,Due,2025-02-26
19959,2862,2025-03-13,293.6,Paid,2025-04-12
19960,9829,2025-04-16,362.44,Overdue,2025-05-16
19961,5959,2025-01-25,264.93,Paid,2025-02-24
19962,603,2025-03-22,21.51,Paid,2025-04-21
19963,2975,2024-08-16,87.68,Overdue,2024-09-15
19964,9642,2024-08-08,441.44,Paid,2024-09-07
19965,5132,2024-10-26,477.48,Due,2024-11-25
19966,5442,2024-05-28,92.52,Paid,2024-06-27
19967,7566,2024-07-29,212.76,Overdue,2024-08-28
19968,3973,2024-05-17,140.28,Paid,2024-06-16
19969,8750,2024-12-29,102.51,Paid,2025-01-28
19970,4404,2024-05-30,451.39,Overdue,2024-06-29
19971,9464,2024-12-06,470.52,Overdue,2025-01-05
19972,5292,2025-01-05,368.72,Paid,2025-02-04
19973,3599,2024-11-02,182.65,Paid,2024-12-02
19974,4888,2024-12-06,185.37,Due,2025-01-05
19975,2883,2024-11-03,494.29,Due,2024-12-03
19976,8805,2024-08-02,113.62,Due,2024-09-01
19977,5165,2024-06-22,306.06,Overdue,2024-07-22
19978,731,2025-01-27,192.26,Paid,2025-02-26
19979,5428,2024-09-05,52.57,Due,2024-10-05
19980,1755,2024-12-28,179.99,Due,2025-01-27
19981,7785,2025-04-23,264.52,Due,2025-05-23
19982,5143,2024-11-27,418.84,Overdue,2024-12-27
19983,8098,2025-01-06,337.63,Overdue,2025-02-05
19984,7991,2024-09-11,138.2,Overdue,2024-10-11
19985,6558,2024-08-10,442.67,Overdue,2024-09-09
19986,2597,2024-10-25,401.39,Overdue,2024-11-24
19987,1934,2025-01-02,235.95,Due,2025-02-01
19988,284,2025-02-13,14.93,Due,2025-03-15
19989,8881,2025-01-01,211.48,Overdue,2025-01-31
19990,9715,2025-02-01,420.64,Paid,2025-03-03
19991,2915,2024-07-07,41.78,Paid,2024-08-06
19992,574,2024-09-16,250.65,Paid,2024-10-16
19993,5094,2024-07-19,442.79,Due,2024-08-18
19994,3691,2024-10-01,180.95,Due,2024-10-31
19995,6261,2024-12-25,474.04,Overdue,2025-01-24
19996,6883,2025-02-18,392.86,Paid,2025-03-20
19997,5222,2024-10-26,194.38,Overdue,2024-11-25
19998,4371,2025-03-21,405.24,Overdue,2025-04-20
19999,3412,2024-06-11,298.58,Overdue,2024-07-11
20000,1978,2024-11-23,400.35,Paid,2024-12-23
