customer_id,name,email,phone,signup_date,plan_type
1,Amanda Elliott,btate@example.org,(665)377-1547x6525,2025-01-08,Postpaid
2,Amy Cole,jcox@example.com,233.328.7780x602,2025-01-23,Postpaid
3,Luis Osborne,mross@example.net,001-349-654-4587x02577,2023-12-02,Postpaid
4,Justin Brown,jack40@example.net,566-966-2613x349,2025-04-02,Prepaid
5,Ryan Buckley,janetcarlson@example.org,936.659.5064x22092,2024-09-14,Prepaid
6,Kevin Brooks,christophercardenas@example.com,+1-908-743-4002x81052,2023-05-14,Postpaid
7,Johnathan Russell,vpatton@example.com,2699965470,2024-02-22,Postpaid
8,Stacy Bryant,ymoore@example.org,(717)844-2217,2025-03-06,Prepaid
9,Jay Haney,martinezdeborah@example.net,001-628-745-4547x40753,2024-09-22,Postpaid
10,Matthew Lopez,bakerpaul@example.com,+1-919-494-8370x176,2023-05-02,Postpaid
11,Paul Bauer,mike93@example.net,(872)973-8410x2746,2024-07-02,Prepaid
12,Thomas Lara,benjamin78@example.com,544-589-1004x65468,2024-12-19,Prepaid
13,Darrell Lutz,scott54@example.net,940-581-9832,2023-11-16,Postpaid
14,Alejandro Holmes,paul69@example.net,3207691232,2025-04-11,Prepaid
15,Sarah Cooke,fkennedy@example.org,775-378-7777,2024-07-21,Postpaid
16,Patrick Mcdonald,lcruz@example.com,001-559-365-1633x897,2023-07-14,Postpaid
17,Alice Roberts,yjackson@example.com,(897)295-9877x08648,2024-02-12,Postpaid
18,Daniel Harvey,scampbell@example.com,837-833-8245x6112,2025-03-08,Postpaid
19,Brandi Thompson,justinwhite@example.com,+1-675-872-7994,2024-01-07,Postpaid
20,Joshua Nichols,walkeradrienne@example.net,311-534-9543x271,2023-12-03,Postpaid
21,Erik Parker,karlabird@example.net,418.449.3863x12426,2024-06-02,Prepaid
22,Melissa Christian,jenniferdavis@example.net,446-528-9286x46242,2025-02-22,Prepaid
23,Robin Thomas,tgraham@example.com,576-520-6161,2024-08-15,Postpaid
24,Alicia Lopez DVM,walkeredward@example.net,742.971.1283,2023-09-17,Postpaid
25,Kenneth Anderson,hlamb@example.org,(789)885-8670x65741,2025-01-08,Prepaid
26,Gary Macdonald,morenotracy@example.org,(701)663-1406,2024-05-11,Prepaid
27,Ryan Mcdaniel,samanthapratt@example.com,(306)726-0815x658,2024-04-13,Postpaid
28,Shannon Porter,annadiaz@example.com,500-889-4171,2023-06-07,Postpaid
29,Robert Johnson,gmcdonald@example.org,(238)380-3666,2023-07-23,Postpaid
30,Debbie Smith,tthomas@example.net,818-311-4317,2023-10-02,Postpaid
31,Carol Scott,llopez@example.org,674-491-9322,2023-09-12,Postpaid
32,Diana Mccullough,lisaward@example.com,(398)323-1122,2024-07-18,Postpaid
33,Susan Delgado,ericsmith@example.net,(628)855-8866x5344,2024-07-01,Prepaid
34,Joseph Crane,ballarderic@example.org,326.723.5246x63968,2024-01-08,Prepaid
35,Richard Huynh,salinassierra@example.net,(913)665-3429x6451,2024-02-28,Prepaid
36,Angela Jacobson,stephen52@example.net,(492)929-8747,2024-04-20,Postpaid
37,Thomas Joyce,mackandrew@example.com,001-835-260-7306x7337,2024-04-09,Postpaid
38,James Hall,brandonwilliams@example.com,001-447-268-1876,2023-10-28,Postpaid
39,Sheila Richardson,upeters@example.com,001-436-499-2624x510,2024-05-17,Prepaid
40,Joshua Peterson,john15@example.org,(720)332-1360,2024-08-14,Postpaid
41,Allison Long,bianca94@example.org,(840)946-3194x5268,2025-03-29,Postpaid
42,Lisa Humphrey,jane20@example.net,596-608-2825,2025-03-23,Postpaid
43,Timothy Davenport,danderson@example.com,+1-435-235-7574x3312,2024-06-03,Prepaid
44,Kevin Rhodes,charris@example.com,977.939.5765x01848,2025-04-03,Postpaid
45,David Evans,ghuff@example.net,818.960.9977,2024-01-26,Postpaid
46,Steven Dixon,briana25@example.com,+1-716-426-5549x4905,2024-05-13,Prepaid
47,Kristi Lane,waltersjames@example.com,533-598-8561x78029,2025-04-05,Prepaid
48,Jeffrey Harris,williamsonashley@example.org,001-894-509-3297x71207,2023-06-30,Prepaid
49,Susan Christian,apowell@example.net,6885866911,2024-01-02,Postpaid
50,Christopher Stafford,salinasamy@example.org,868-766-9167,2023-08-22,Postpaid
51,Rachel Kaufman,josephsexton@example.net,923.662.5227,2024-01-19,Postpaid
52,Luis Rosales,moralesalexis@example.net,801-429-3714,2024-08-01,Prepaid
53,Terrance Odonnell,robert14@example.com,8773519313,2024-03-31,Prepaid
54,Crystal Cruz,millermichael@example.com,(274)737-8087x471,2023-10-01,Prepaid
55,Corey Smith,orichard@example.com,001-903-908-7383x735,2024-10-30,Prepaid
56,Kevin Allen,mitchellcourtney@example.net,001-463-751-1920x24294,2024-06-24,Prepaid
57,Richard Thomas,deansarah@example.org,969-218-0027x6268,2024-07-28,Postpaid
58,Justin Bowen,mcphersongrace@example.net,6257608354,2025-01-17,Postpaid
59,Kimberly Hicks,velezchris@example.com,+1-499-398-1812x2350,2024-12-01,Postpaid
60,Dennis Nelson,jenniferhester@example.com,001-555-840-2671x568,2025-02-19,Prepaid
61,Dawn Collins,jillparsons@example.net,+1-405-255-7809,2025-02-07,Prepaid
62,Christine Ponce MD,melindavargas@example.net,837-991-0871x679,2025-03-03,Prepaid
63,Harry Clarke,jennifer96@example.org,470-807-2909x4220,2024-02-03,Postpaid
64,Bonnie Garcia,richardsonjessica@example.net,2538712769,2024-08-27,Postpaid
65,Darren Hawkins,martinryan@example.net,+1-989-756-3614x989,2024-10-02,Prepaid
66,Derrick Mcgee,lsmith@example.net,624.322.6552,2024-05-27,Prepaid
67,Paula Brown,jharris@example.org,499-788-9940x466,2023-05-23,Postpaid
68,James Erickson,baxterkeith@example.org,(210)689-7960x02159,2024-12-16,Postpaid
69,Michelle Garza,richardroberts@example.net,001-535-742-4978x45426,2024-05-16,Prepaid
70,Joseph Hull,brandi90@example.com,212.391.7022x954,2024-02-04,Postpaid
71,Erin Lloyd,ghenry@example.net,763.768.8295,2023-10-04,Prepaid
72,Christine Vega,klam@example.com,+1-650-759-8408,2024-10-21,Postpaid
73,Rachel Cook,jyoder@example.net,596-706-6151x080,2024-10-18,Prepaid
74,Phillip Garcia,andrew55@example.com,+1-931-498-3192,2024-04-07,Postpaid
75,Cheryl Adams,annehodges@example.org,915.221.8987,2024-05-28,Postpaid
76,Aaron Hanson,hardindawn@example.org,(965)714-1365x414,2024-09-12,Prepaid
77,Andrew Davidson,michael81@example.net,500-395-8603x4012,2024-06-30,Prepaid
78,Patricia Cuevas,johnsonamy@example.com,384-528-6042,2023-06-16,Postpaid
79,Haley Graham,cthompson@example.org,+1-368-497-3679x3464,2024-05-28,Prepaid
80,Melissa Morales,tstephenson@example.com,+1-905-581-5413x12653,2023-05-06,Postpaid
81,Cody Herrera,jenniferrosario@example.net,7006867242,2024-04-26,Postpaid
82,Nichole Ferguson,mooreconnor@example.net,(288)857-1468x95985,2023-07-10,Prepaid
83,Christy Ayala,davidgonzalez@example.org,(684)982-2272,2024-07-16,Prepaid
84,Michelle Kennedy,norrissierra@example.net,216.889.3033x3163,2023-11-23,Postpaid
85,Lori Mcmahon,michelle69@example.net,905.363.5872x1982,2023-05-24,Postpaid
86,David Young,tracy45@example.net,(641)699-4738x133,2024-04-01,Prepaid
87,Steven Page,juliebrown@example.net,001-765-382-6004,2023-10-09,Postpaid
88,Carl Thompson,lrocha@example.org,706-755-3890x938,2023-07-02,Postpaid
89,Mr. Michael Johnson MD,etran@example.org,+1-981-313-8834x687,2024-09-29,Prepaid
90,Paul Banks,darinbird@example.org,387-496-4995,2024-09-18,Prepaid
91,Monique Holmes,achambers@example.net,230.774.8042x94067,2024-05-15,Prepaid
92,Mark Gonzalez,andrewortiz@example.org,001-758-523-6579x8005,2024-04-11,Postpaid
93,Jessica Wilson,cruzdaniel@example.net,619-999-3928x21527,2023-09-05,Prepaid
94,Gregory Jones,shannon90@example.com,+1-632-784-0743x795,2024-03-08,Prepaid
95,Roger Obrien,justinjohnson@example.org,320-506-7212,2023-12-25,Postpaid
96,Deborah Jenkins,gutierrezjeffery@example.com,001-875-554-8740x067,2024-03-02,Postpaid
97,Steven Keith,penatracy@example.net,(343)359-8793,2024-10-13,Postpaid
98,David Johnson,mejianichole@example.com,3546958259,2024-03-27,Prepaid
99,Elizabeth Davis,calvinharper@example.net,001-283-512-9956x312,2025-03-12,Prepaid
100,Kimberly Ferguson MD,dhernandez@example.net,653.424.7860x205,2023-11-04,Prepaid
101,Jordan Lewis,kristine40@example.org,+1-893-278-3670,2025-03-31,Postpaid
102,John Salinas,johnsutton@example.com,291-383-7626x41783,2023-10-21,Prepaid
103,Carol Martin,stephaniefarmer@example.org,+1-543-802-5201,2025-01-10,Prepaid
104,Donald Cantu,derricksantiago@example.com,001-228-811-1820,2025-01-20,Postpaid
105,Thomas Walton,jacqueline30@example.net,895.908.6975x434,2024-07-22,Prepaid
106,John Thomas,aguirrejoann@example.net,530-363-1825x8865,2024-01-20,Postpaid
107,Wendy Lewis,wstevenson@example.com,835.622.4308x82943,2024-08-15,Postpaid
108,Elizabeth Jackson,ramosmark@example.net,652-660-7636,2024-12-29,Prepaid
109,Julie Nicholson,vmiddleton@example.net,+1-366-677-0417x953,2025-03-18,Prepaid
110,Joan Jones,fordjasmine@example.net,427-278-9661x05556,2023-06-18,Prepaid
111,Kathleen Holmes,troy72@example.org,420.659.4575x38297,2023-12-08,Postpaid
112,Daniel Roberts,qpowell@example.org,(518)293-2104x75804,2024-01-23,Postpaid
113,Amanda Smith,jonathan69@example.org,+1-703-788-0208x591,2024-08-13,Postpaid
114,Elizabeth Spencer,phillipfletcher@example.org,8655347570,2023-06-22,Postpaid
115,Barbara Cruz,audreycordova@example.net,241-658-0769x17990,2024-08-26,Prepaid
116,David Lewis,jenniferolsen@example.com,+1-692-964-9310x335,2024-03-13,Prepaid
117,Emma Mcguire,nturner@example.net,609.328.2280,2024-10-09,Postpaid
118,Justin Short,jonesgabrielle@example.net,(383)748-9096x49045,2024-07-20,Prepaid
119,Mark Padilla,dmorris@example.org,551.944.6614x97902,2024-09-12,Prepaid
120,Denise Freeman,angelmartinez@example.net,325-911-6382,2024-02-02,Prepaid
121,Ryan Macias,hartmanjodi@example.net,773-383-0811x3862,2023-07-28,Postpaid
122,Eric Reilly,melissabuchanan@example.net,+1-358-474-6625x516,2023-10-30,Prepaid
123,Jeffrey Jenkins,michaelmayo@example.org,(584)377-2353,2024-09-21,Postpaid
124,Michael Lee,michelle07@example.org,(705)640-9681,2025-01-29,Postpaid
125,Roger Wright,cpham@example.net,(666)323-7068,2023-10-23,Postpaid
126,Matthew Baker,toddmartin@example.net,001-655-361-5135,2025-03-02,Prepaid
127,Anthony Gonzales,smithjennifer@example.com,(585)886-2940x663,2024-03-01,Postpaid
128,Anna Hartman,bpotter@example.net,692.885.9748,2024-05-30,Postpaid
129,Darryl Molina,ebonyharris@example.com,+1-656-890-4263x565,2024-02-12,Postpaid
130,Tracy Rodriguez,laurarichards@example.org,568-477-2452x74580,2024-10-10,Prepaid
131,Anthony Wolfe,alexanderbarker@example.com,530-674-4189,2024-08-12,Postpaid
132,Cheryl Estrada,cmartin@example.net,001-595-590-6139x96222,2024-06-21,Postpaid
133,Mandy Hogan,angela90@example.com,504.358.0761x6635,2023-10-02,Postpaid
134,Ms. Julie Moore,jaredcase@example.net,(812)837-8974x690,2025-04-23,Prepaid
135,John Kelley,kenneth34@example.net,+1-470-361-9221x75179,2023-05-24,Postpaid
136,Amy Rhodes,ymorgan@example.org,(971)290-7918,2024-06-20,Prepaid
137,Luke Simmons,meagan79@example.org,+1-380-994-7630x40289,2023-10-17,Prepaid
138,Anne Lopez,rossgonzalez@example.net,456-369-1891x78291,2025-03-21,Prepaid
139,Mary Luna,rebecca45@example.net,+1-942-514-7102x598,2024-06-07,Postpaid
140,Cheryl Vaughn,oanthony@example.net,(421)278-0493,2024-09-24,Prepaid
141,Aaron Bailey,luis22@example.org,792-542-2639x88144,2024-06-03,Prepaid
142,Brent Patterson,adam81@example.net,001-621-985-4553x179,2024-05-14,Prepaid
143,Jeffery Scott,penatheodore@example.com,774-611-8162x398,2023-06-20,Postpaid
144,Hunter Bell,portercrystal@example.com,(771)412-6855x784,2023-09-27,Postpaid
145,Theresa Acevedo,joseph24@example.org,622.565.8847x239,2023-06-08,Prepaid
146,April Moore,chavezkristen@example.net,+1-224-347-7830x87992,2024-09-10,Postpaid
147,Brenda Johnson,tjennings@example.com,001-858-345-6283x9211,2025-04-10,Prepaid
148,Brianna Clark,charles10@example.com,904.338.3983,2024-02-15,Postpaid
149,Matthew Phelps,hsanders@example.net,701.433.8967x9599,2023-09-06,Postpaid
150,Jerry Garcia,sierrahill@example.org,(376)878-7298x1695,2024-11-08,Prepaid
151,Jenny Flores,jonathan13@example.net,3955509104,2025-04-27,Prepaid
152,Meghan Potter,hmyers@example.net,290-214-3214x73595,2023-12-10,Prepaid
153,David Sanchez MD,grayvanessa@example.net,497-884-8945,2023-06-22,Prepaid
154,James May,npatel@example.org,(592)256-0035,2023-08-01,Postpaid
155,Jeremy Patterson,halldavid@example.com,+1-642-456-2204x82798,2024-04-05,Postpaid
156,Melinda Pennington PhD,amy16@example.net,686-444-6910,2024-03-01,Postpaid
157,Brian Gonzalez,teresa92@example.com,+1-456-359-5691x205,2024-04-26,Prepaid
158,Richard Lang,lisamelton@example.net,(563)569-0222,2023-08-18,Prepaid
159,Jenny King,michellebarron@example.net,(987)466-5894x62402,2024-12-05,Prepaid
160,Rachel Pierce,vmorales@example.com,001-965-762-5199x98565,2023-05-12,Postpaid
161,Aaron Henderson,mperkins@example.com,355.855.6511x8189,2023-11-28,Prepaid
162,Charles Grant,paulgarcia@example.org,+1-850-417-2611,2024-03-07,Prepaid
163,Jeff Brady,acannon@example.org,001-831-893-5606x500,2024-11-30,Prepaid
164,Michelle Schroeder,jasminfarmer@example.org,+1-804-310-7946x167,2024-06-04,Postpaid
165,Matthew Taylor,qriddle@example.net,001-792-997-5399x09912,2024-04-16,Postpaid
166,Tanya Gardner,gregorysmith@example.com,538.980.1297x008,2023-10-10,Postpaid
167,Ashley Brown,lisarice@example.org,001-687-308-6783x91846,2024-09-02,Prepaid
168,Brianna Gordon,reynoldsvalerie@example.org,001-238-314-6170,2023-06-28,Prepaid
169,Joseph Oconnor,jmoore@example.org,273.758.0913x02780,2023-06-28,Prepaid
170,Melissa Stevens,april02@example.com,331.437.8930,2023-12-16,Postpaid
171,David Marshall,xevans@example.net,955.654.8585x8089,2023-05-31,Postpaid
172,Dennis Sanders,pjohnson@example.org,(735)770-2550x31182,2024-02-08,Prepaid
173,Anthony Farrell,briggscharles@example.org,+1-746-400-5327x7404,2025-03-30,Postpaid
174,Donald Griffin,spearsjoshua@example.net,(541)750-5056,2024-03-17,Prepaid
175,Monique Gibson,epalmer@example.net,001-684-383-3596x11079,2024-12-18,Prepaid
176,Brian Hill,theodoreaguilar@example.net,571.943.7006x68954,2023-06-20,Postpaid
177,Briana Gray,stephanie24@example.org,001-600-405-7174x13691,2023-11-26,Prepaid
178,Joshua Smith,hpowell@example.com,+1-587-694-7781x1202,2024-08-02,Postpaid
179,Thomas Williams,davisstephanie@example.com,(746)354-8750x763,2024-01-31,Prepaid
180,Patricia Jones,jenniferfields@example.org,(612)664-6335x6518,2023-08-31,Prepaid
181,David Gentry,rodriguezvanessa@example.org,745.871.2095x112,2023-07-31,Prepaid
182,Wendy Decker,colemankenneth@example.com,+1-268-695-0570x970,2023-06-08,Postpaid
183,Erin Hughes PhD,wilcoxbrian@example.com,001-463-282-7337x2908,2023-11-01,Prepaid
184,Kevin Simpson,oreed@example.net,+1-962-845-6363x336,2023-07-10,Prepaid
185,Christian Erickson,robersonstephen@example.com,(425)752-9906,2025-01-26,Postpaid
186,Sara Roberts,henrymichael@example.com,(640)201-7334x07192,2024-11-05,Postpaid
187,Natalie Jackson,ryanali@example.net,001-612-394-6893x06870,2023-08-08,Postpaid
188,Lauren Myers,crystalmercer@example.com,001-394-961-0358,2024-06-15,Prepaid
189,Christopher Joseph,vlopez@example.org,874-347-2258,2023-05-22,Prepaid
190,Richard Kaiser,mooresamuel@example.com,001-857-504-3263x0068,2024-10-14,Postpaid
191,Alan Bennett,moorejoseph@example.com,609-720-0640x947,2023-08-29,Postpaid
192,Deborah Willis,seth08@example.com,(834)838-2308,2024-09-23,Postpaid
193,Stephanie Hernandez,christopher31@example.org,+1-529-223-4210x843,2024-02-18,Prepaid
194,John Shelton,charleshudson@example.net,001-494-714-4539x6826,2024-04-17,Prepaid
195,Kathryn Moore,stephanie69@example.com,541-836-5324,2025-01-13,Postpaid
196,Ryan May,joshuagarcia@example.net,434.251.2803x7674,2024-11-17,Postpaid
197,Tiffany Fuller,robertharper@example.com,962-299-9760,2024-10-13,Prepaid
198,Jennifer Hansen,krystal49@example.org,6836465133,2023-05-14,Postpaid
199,Jason Smith,davisdavid@example.net,001-832-913-2139,2023-09-09,Prepaid
200,Cody Aguirre,yayers@example.net,001-843-808-5306x339,2025-01-20,Postpaid
201,Connie Taylor,stefanie80@example.org,(344)719-9359,2025-04-10,Prepaid
202,Ross Johnson,elizabethgordon@example.com,(208)302-6826,2024-05-17,Prepaid
203,Mark Atkinson,amber19@example.net,273.914.1639x56254,2025-04-11,Postpaid
204,Terry Pope,rblack@example.net,549-800-6837x158,2024-07-04,Prepaid
205,Margaret Gould,cjohnson@example.net,525-768-4029,2025-03-22,Postpaid
206,Kimberly Leonard,jrogers@example.org,+1-988-572-9531x15443,2023-07-17,Postpaid
207,Lydia Larson,vescobar@example.org,001-916-767-8027x09022,2024-08-01,Prepaid
208,Lori Ford,karensellers@example.com,+1-925-235-4388x16805,2024-10-26,Prepaid
209,Sarah Contreras,vbrown@example.com,624.639.6381x2277,2023-12-21,Postpaid
210,Charles Sloan,tdouglas@example.org,866.407.1684x08018,2025-01-24,Prepaid
211,Jonathan Sullivan,igreen@example.org,001-543-848-4641x9306,2023-06-21,Postpaid
212,Bryan Jones Jr.,nathan92@example.org,922.785.3078x46816,2025-01-03,Postpaid
213,Darlene Peterson,osimmons@example.net,+1-249-825-7135x984,2023-12-18,Postpaid
214,Shannon Herring,butlerjeffrey@example.org,+1-530-621-5554x0015,2023-12-25,Postpaid
215,Wayne Moreno,lewisjesus@example.com,+1-253-325-3832x5414,2024-03-03,Prepaid
216,Seth Johnson,terrymichael@example.org,432-890-1928x341,2025-02-08,Postpaid
217,Roger Brown,alexander09@example.com,(255)330-0552x7882,2024-01-23,Postpaid
218,Jane Wallace,nicole53@example.net,+1-237-245-2020,2023-06-17,Prepaid
219,Melissa Douglas,chris40@example.com,(287)958-1906x28586,2024-10-15,Prepaid
220,Courtney Russell,ryan80@example.org,239.620.4179x679,2024-09-04,Prepaid
221,Donna Morgan,ricky57@example.net,(856)826-3578,2023-07-15,Prepaid
222,Dr. Jeffrey Green,emily18@example.net,(516)954-6006x97420,2023-08-07,Postpaid
223,Joshua Kennedy,margaret83@example.org,916.231.2683,2023-11-15,Prepaid
224,Carlos Garza,jaime55@example.net,(980)736-0388,2025-04-11,Prepaid
225,Joshua Shepard,jenkinsjoseph@example.net,001-274-522-5941,2024-03-04,Prepaid
226,Angel Cole,perezmichael@example.net,+1-436-332-3845x52464,2025-01-22,Prepaid
227,Joseph Allen,michaelmyers@example.net,+1-635-728-4563x49243,2024-06-12,Postpaid
228,Dawn Morris,nwalters@example.com,(752)252-6374,2023-11-01,Postpaid
229,Tyler Richardson,cortezwilliam@example.com,208.301.4724x155,2025-01-14,Prepaid
230,Deanna Bradley,lgomez@example.org,500-451-3250,2024-02-25,Prepaid
231,James Stone,tbarajas@example.com,001-837-701-0243x582,2024-12-05,Prepaid
232,Joseph Luna,april43@example.net,(354)799-0851,2025-04-26,Postpaid
233,Jeff Schroeder,rickyhiggins@example.org,(450)220-3931x7069,2024-12-17,Prepaid
234,Christine Ayers,murphyclarence@example.net,7929134359,2023-11-28,Prepaid
235,Thomas Vega,jmiller@example.net,719-659-7876x79330,2024-02-20,Prepaid
236,Louis Nelson,jamesmanning@example.net,(681)254-4900x66279,2025-04-05,Prepaid
237,Tyler Richardson,kristen31@example.com,001-931-446-5723,2024-08-10,Prepaid
238,Joseph Peterson,operez@example.net,+1-236-555-5953x0973,2023-12-13,Prepaid
239,Christopher Rivera,yrice@example.net,628.667.0090x44074,2024-10-13,Prepaid
240,Jason Turner,perrysierra@example.com,001-431-302-0573x04128,2024-04-12,Postpaid
241,Diane Stanton,xlewis@example.com,+1-729-271-4911x6149,2023-10-08,Prepaid
242,Mark Gray,richard74@example.net,854-292-4873x3152,2023-12-05,Prepaid
243,Darius Klein,timothy07@example.net,5144800371,2023-09-11,Prepaid
244,Todd White,lopezchristina@example.org,001-534-392-9007x02396,2023-10-12,Prepaid
245,Cheryl Wright DDS,michaelclark@example.org,(443)613-1887x8571,2023-10-20,Prepaid
246,Rebecca Brooks,svaughn@example.com,921-426-3593x56164,2025-02-20,Prepaid
247,Jeremy Daniels,lawrencechad@example.net,3045464560,2024-05-27,Prepaid
248,Alyssa Fischer,lanceharrison@example.org,+1-904-855-0092,2024-07-13,Prepaid
249,Mary Anthony,alicia63@example.net,(633)917-3433x890,2024-11-12,Postpaid
250,Patricia Huang,jacksonmichael@example.net,6779483886,2023-11-24,Prepaid
251,Mr. Jeff Walker,hannajoshua@example.com,(279)517-1304,2024-07-25,Postpaid
252,David Warren,harrischristine@example.org,(530)600-3080,2024-11-26,Postpaid
253,William Hudson,swatts@example.com,507-522-8880x781,2024-07-10,Postpaid
254,Austin Robinson,robertsjoseph@example.net,979.725.0691x947,2024-08-12,Postpaid
255,Michael Phelps,kenneth36@example.com,(932)824-9539x059,2024-05-31,Prepaid
256,Robert Gibson,tanyamann@example.com,+1-566-915-5220x77659,2024-04-26,Prepaid
257,John Brown,yhawkins@example.org,(291)267-7276x5882,2024-01-01,Prepaid
258,Dawn Delacruz,christinasilva@example.org,001-897-827-8697x35202,2023-09-30,Postpaid
259,Vernon Wright,vincentsingh@example.net,(987)586-6715,2023-08-25,Postpaid
260,Anita Valdez,qray@example.org,+1-571-205-9491,2023-10-26,Postpaid
261,Travis Day,westlisa@example.com,202-581-0500x5104,2025-03-16,Prepaid
262,Katherine Dudley,lwalton@example.com,879-320-3644x9085,2025-01-29,Prepaid
263,Jeremy Porter,swagner@example.com,290-691-3197,2024-05-16,Prepaid
264,Joyce James,edwardsronald@example.com,(938)606-8231,2023-05-17,Postpaid
265,Deanna Ramirez,vwilliams@example.org,(414)590-9723x9776,2024-06-08,Prepaid
266,Michael Duarte,bbaker@example.org,402.736.9297x201,2023-06-01,Prepaid
267,Sheryl Schmidt,wburch@example.org,779-527-4245,2023-09-06,Prepaid
268,Lori Valenzuela,bgonzalez@example.net,+1-346-896-8818x834,2024-02-26,Prepaid
269,David Bonilla,lewistara@example.com,001-583-324-0521,2025-04-11,Prepaid
270,Taylor Parker,jferguson@example.com,001-703-825-9030,2024-11-18,Postpaid
271,Luis Mendoza,ashleyparsons@example.net,364-465-9636x744,2024-04-15,Postpaid
272,Kelly Bailey,gbutler@example.net,945-793-8923x475,2024-11-18,Prepaid
273,Sherry Bean,miguelquinn@example.com,(399)448-7864x02216,2024-03-30,Prepaid
274,Brandon Lewis,kevinwarren@example.com,505.900.4744,2023-07-26,Prepaid
275,William Ferguson,brandy74@example.org,335-865-5394x4227,2023-08-21,Postpaid
276,Alyssa Holland,ogordon@example.net,+1-491-337-0671,2023-10-22,Prepaid
277,Jason Miller,travis55@example.org,(556)900-2919x593,2023-12-05,Prepaid
278,Thomas Robinson,crystal75@example.com,(548)392-9406,2024-01-06,Postpaid
279,Eric Leonard,obrown@example.com,(427)797-5435,2023-11-04,Prepaid
280,Paul Vaughn,curtisrichardson@example.org,746-485-3649x38128,2024-07-09,Prepaid
281,Adam Serrano,alicia52@example.net,+1-279-293-4972x2512,2025-01-06,Prepaid
282,Emily Hicks,robert94@example.com,(921)658-8520x11622,2024-03-12,Postpaid
283,Jessica Jones,colinlewis@example.org,001-950-249-9246x351,2024-05-08,Prepaid
284,Vincent Johnson,joshua33@example.net,(411)552-3227x2343,2024-02-08,Postpaid
285,Erin Parker,yharris@example.net,+1-423-345-8819x419,2024-04-28,Prepaid
286,Christopher Bennett,thomas85@example.com,701-589-0927x0163,2024-06-12,Prepaid
287,Noah Thompson,ruben73@example.org,001-520-686-1081,2024-09-30,Postpaid
288,Amanda Moore,brownlance@example.org,3363685665,2023-11-06,Prepaid
289,Kim Powers,parmstrong@example.net,+1-771-573-0661x200,2024-11-12,Postpaid
290,Kathy Johnson,jerrycampbell@example.org,001-793-417-7775x85829,2025-01-07,Prepaid
291,Shirley Lawrence,stephenstiffany@example.org,924.292.0847x318,2025-01-13,Postpaid
292,Robin Kelley,carrie43@example.com,863-972-6268,2024-02-08,Postpaid
293,Kelly Bright,shannonhansen@example.net,472-653-3047,2024-09-01,Prepaid
294,Luke Thomas,sharonprice@example.net,741.968.2382x326,2023-08-29,Prepaid
295,Lauren White,delgadojames@example.net,+1-721-487-6674x88678,2024-08-27,Postpaid
296,Cheryl West,vasqueznicholas@example.com,+1-999-837-4634,2023-05-20,Postpaid
297,Anthony Martinez,mccarthyryan@example.org,721-427-0240,2025-02-28,Postpaid
298,Susan Hale,daviskevin@example.org,658.590.8652,2024-02-03,Postpaid
299,Ryan Richards,sergio66@example.org,834-838-9166,2024-07-25,Postpaid
300,Jessica Chambers,sandersmelissa@example.com,838.843.9082x2982,2023-08-29,Postpaid
301,Crystal Mcgrath,calhounkelsey@example.net,(226)960-8916x3763,2024-09-03,Postpaid
302,Charlotte Hart,april31@example.org,001-674-927-6892x786,2024-12-23,Postpaid
303,Frances Williams,andrea40@example.net,982-622-8448x6885,2025-04-11,Postpaid
304,Monique Coleman,ganderson@example.org,4119923639,2024-02-11,Prepaid
305,Jeffrey Frank,ebrown@example.com,001-669-913-5477,2025-02-26,Postpaid
306,Chad Wilson,sandra57@example.org,(844)982-8402x6214,2023-06-13,Prepaid
307,Bobby Rosales,aanderson@example.net,403.376.7879,2025-02-19,Prepaid
308,Adriana Thomas,sanchezlaurie@example.com,001-959-278-4932x87401,2024-01-15,Prepaid
309,David Jennings,hatfielddaniel@example.com,+1-948-893-2092x28606,2023-12-22,Prepaid
310,Karen Flynn,jmoody@example.com,5676195983,2023-12-12,Prepaid
311,Tina Payne,darrylritter@example.com,+1-479-330-6546x0599,2023-09-29,Prepaid
312,Jennifer Jones,alison58@example.com,987.247.3714,2023-06-22,Prepaid
313,Ariel Butler,yshort@example.com,569-724-7954x8085,2025-03-12,Postpaid
314,Andrew Molina,kevinmills@example.net,001-572-634-4990,2023-06-30,Postpaid
315,Anthony Stevens,frankbrooks@example.org,001-757-655-7462x26907,2023-07-13,Postpaid
316,Jill Ellis,cynthia29@example.com,001-447-404-0664x047,2023-11-21,Prepaid
317,John Mitchell,kmiller@example.net,751.773.5938,2024-10-11,Prepaid
318,Robin Wise,hicksrobin@example.org,001-793-958-8226x02410,2024-02-14,Prepaid
319,Nicole West,erikachristensen@example.org,746.233.5329,2024-03-23,Postpaid
320,Adrian Hahn,langlisa@example.net,(498)909-5648x261,2023-09-26,Postpaid
321,David Williams,edward31@example.net,238-793-2864,2024-06-15,Postpaid
322,Jessica Santos,leerodney@example.com,(697)722-9751,2025-02-19,Prepaid
323,Amber Simpson,paulfred@example.net,887.836.0784x3131,2023-10-24,Postpaid
324,Joanne Flynn,linda78@example.org,+1-506-387-5859,2024-11-12,Prepaid
325,Brandon Farrell,jessica35@example.net,495-362-4887x424,2024-11-10,Prepaid
326,Julie Hughes,lewiskimberly@example.org,(929)226-2168,2023-09-20,Postpaid
327,Mark Salazar,yking@example.org,+1-564-820-0976x27652,2024-08-20,Prepaid
328,Thomas Pierce,gwang@example.com,+1-487-863-9754,2025-04-21,Postpaid
329,Olivia Dennis,stevenduarte@example.com,+1-922-961-0384x096,2025-02-25,Postpaid
330,Scott Smith,allenlisa@example.com,710.746.1485x083,2023-08-06,Postpaid
331,Brent Neal,scottrichard@example.com,6818877479,2023-05-29,Postpaid
332,Danielle Duran,troymack@example.com,208-314-9302x630,2024-03-03,Prepaid
333,Meagan Peterson,angelaramirez@example.org,559.813.2425x191,2025-02-10,Prepaid
334,Emily Kramer,greenkaren@example.com,9806415281,2024-11-08,Postpaid
335,Madison Cline,burtonjohn@example.com,001-807-842-2067x255,2024-05-26,Postpaid
336,William Wright,ywallace@example.net,247-223-8260x15414,2023-10-16,Prepaid
337,Sara Ferguson,dtrujillo@example.com,223.457.7603x415,2024-08-22,Prepaid
338,Rebecca Griffin,alexander06@example.com,397-605-9339x5965,2023-10-19,Prepaid
339,Michelle Young,matthewflores@example.net,573-770-0400x2745,2024-09-12,Prepaid
340,Jessica Mayo,kathryn05@example.net,313-921-3727,2023-08-04,Postpaid
341,Julia Johnson,daviswayne@example.net,001-489-694-9883x03077,2023-06-27,Postpaid
342,David Mitchell,kgrant@example.com,+1-201-815-5224x216,2024-06-04,Prepaid
343,Paula Tyler,rmartin@example.net,(452)438-1651,2024-08-25,Postpaid
344,Juan Woods,mark36@example.com,+1-718-377-0420x833,2024-09-24,Postpaid
345,Jared May,mnicholson@example.org,(675)889-8681,2024-01-22,Postpaid
346,Kristina Carr,herrerastanley@example.org,+1-301-204-6850x589,2024-05-04,Prepaid
347,Kayla Cook,jenniferwebb@example.org,+1-305-206-9542x2810,2024-12-20,Prepaid
348,Juan Smith,jamie57@example.org,7456514850,2024-03-10,Postpaid
349,Madison Coleman,moraleskim@example.net,(421)622-1553,2024-06-24,Prepaid
350,Theresa Wallace,michael15@example.org,633.279.4199x5816,2024-02-07,Prepaid
351,Debra Huerta,susansilva@example.com,387.807.5294x014,2024-07-26,Postpaid
352,Ryan Jensen,hernandezstacey@example.net,765-799-5571x69099,2024-03-06,Postpaid
353,Emily Koch,nkrause@example.net,220-803-2534x90436,2023-06-18,Postpaid
354,Sophia Jones,bethbowman@example.com,368-345-7498x310,2024-05-30,Prepaid
355,Katelyn Sanchez,dixonalfred@example.org,001-693-810-9153x3315,2024-10-31,Postpaid
356,Jeremy Black,steven67@example.org,642.793.3080,2023-12-22,Postpaid
357,Dustin Chavez,tiffanydavis@example.com,974-480-3371x670,2024-05-30,Prepaid
358,Richard Navarro,swoods@example.org,(973)920-4495x306,2023-11-07,Prepaid
359,Erika Blankenship,jonathan85@example.com,(797)801-3874,2023-10-07,Prepaid
360,Michael Fuentes,susanscott@example.org,001-815-534-5325x525,2024-11-11,Postpaid
361,Pamela Hale,vallen@example.com,5879301553,2024-07-16,Postpaid
362,Dr. Jacob Dickson,rchan@example.net,611.826.1381,2025-01-29,Postpaid
363,Victoria Perez,patrickmartinez@example.org,(301)204-6527x3825,2023-08-21,Prepaid
364,Melvin Conner,lwalker@example.net,001-380-550-6321x743,2024-02-01,Prepaid
365,Adam Taylor,jennagould@example.net,392-567-6269,2024-01-09,Postpaid
366,Scott Gray,urobinson@example.net,(490)882-6692,2023-06-09,Postpaid
367,Robert Adams,hughesdiana@example.net,+1-926-281-0688x191,2024-01-14,Postpaid
368,Jennifer Snow,edwardtorres@example.org,255.527.0207,2023-12-27,Prepaid
369,Shannon Yang,nancyhernandez@example.net,(515)581-2597x02634,2025-02-10,Prepaid
370,Daniel Elliott,gallagherbrenda@example.org,001-584-476-5441x08677,2024-08-23,Postpaid
371,Tammie Dixon,wallacehoward@example.com,(761)520-8725x867,2023-08-19,Prepaid
372,Desiree Dixon,vblair@example.org,+1-594-450-2813x7603,2024-06-04,Postpaid
373,Jasmine Arias,robertsonkenneth@example.com,882.219.7213x1184,2023-06-03,Postpaid
374,Gina Johnson,barnesalexa@example.net,001-716-767-9486x6616,2023-11-07,Postpaid
375,Maxwell Marshall,patrickdiaz@example.com,816.216.7865x03686,2024-06-20,Postpaid
376,Clinton Craig,elizabeth86@example.net,(990)653-2859x029,2023-08-01,Postpaid
377,Brandi Phelps,hallanna@example.com,429.931.0185,2024-02-19,Postpaid
378,Ralph Martin,michaelford@example.net,558-916-2333x43871,2025-02-17,Prepaid
379,Antonio Boyle MD,ebauer@example.com,+1-780-688-3728x3429,2025-02-25,Postpaid
380,Linda Long,andersonthomas@example.com,9945696746,2024-01-26,Postpaid
381,Carol Wheeler,moonwalter@example.com,001-607-217-2302x8262,2025-01-17,Prepaid
382,Timothy Mcdonald,mandyrodgers@example.net,726.728.6671,2024-01-01,Prepaid
383,Paul Thomas,campbellmichael@example.com,+1-642-405-6908x624,2023-10-25,Prepaid
384,Andrea Martinez,djames@example.com,6168652520,2024-03-20,Prepaid
385,Spencer Peterson,brianstewart@example.com,299.306.9555,2023-08-09,Prepaid
386,Sherry Barrett,eric45@example.com,791-575-0245,2025-03-22,Postpaid
387,Matthew Hudson,fischersylvia@example.org,001-475-525-3290,2024-03-27,Prepaid
388,Guy Barber,jennifervillegas@example.com,001-594-401-0525x454,2025-02-22,Postpaid
389,Alexander Little,swalker@example.org,962-554-1110x307,2024-08-19,Prepaid
390,Aaron Wiggins,angela42@example.org,(914)519-6528,2025-03-27,Postpaid
391,Jason Stewart,michael11@example.net,505-798-2198,2023-10-26,Postpaid
392,Kimberly Avery,thill@example.com,001-660-514-9766x084,2024-11-29,Postpaid
393,George Dunn,colonryan@example.com,316-450-7910,2025-01-20,Prepaid
394,Lindsey Mcguire,jeffreyperez@example.com,599-585-4223,2023-11-23,Prepaid
395,Christopher Crawford,ramirezaaron@example.net,820-907-4925x6995,2025-03-20,Prepaid
396,Andrew Hickman,alexandra67@example.com,001-575-411-9582x9775,2023-11-23,Postpaid
397,Dana Small,vanessatrujillo@example.org,+1-643-250-3878,2024-12-24,Prepaid
398,Michael Waller,jim87@example.org,(294)882-8192x625,2025-03-31,Postpaid
399,Peter House,nallen@example.com,(681)854-6553x981,2024-04-01,Prepaid
400,Kimberly Berry,millerkathleen@example.net,201-343-2272,2024-03-19,Prepaid
401,Stephen Ward,jameschristine@example.org,7118891774,2023-07-24,Prepaid
402,Brooke Miller,warrenlisa@example.com,(918)505-6232x344,2023-07-01,Prepaid
403,Christopher Hill,sscott@example.net,001-807-425-7369,2023-11-06,Prepaid
404,Sarah Collins,christopherjohnson@example.org,001-636-695-0423x34357,2024-08-28,Prepaid
405,Charles Johnson,bettysolis@example.org,001-384-632-3410x4691,2024-01-29,Postpaid
406,Tiffany Davis,jennifer09@example.net,206-270-1971x1927,2025-03-27,Postpaid
407,Robert Stone,derrick14@example.com,+1-763-775-9031x0590,2023-07-08,Prepaid
408,Robert Bartlett,james44@example.org,315-637-9023x777,2023-05-27,Postpaid
409,Linda Lawrence,gbutler@example.net,408.525.3537x309,2023-11-07,Postpaid
410,Jacqueline Weiss,shaunlee@example.org,274-601-3644x474,2024-04-10,Postpaid
411,Christopher Davis,jcarter@example.com,574.652.3218x3664,2023-07-17,Prepaid
412,Aaron Landry,watersjohn@example.org,864.688.8181,2024-03-18,Prepaid
413,Carol Ford,rhernandez@example.com,922.897.7787x95911,2023-07-01,Postpaid
414,Erin Bailey,daniel32@example.org,6775468741,2024-11-20,Prepaid
415,Manuel Berg,vgolden@example.org,759-550-2208,2023-05-25,Prepaid
416,Justin Jones,martinezjesse@example.net,707-711-1375x4516,2024-05-26,Prepaid
417,Vanessa Kim,zbeck@example.org,(433)767-1405,2023-09-02,Postpaid
418,April Weiss,trevor44@example.com,+1-614-649-3194,2023-06-04,Prepaid
419,Stacey Mccarthy,xyoung@example.org,951-869-7635x17060,2024-12-10,Prepaid
420,Elizabeth Frazier,williamsheather@example.com,+1-200-215-5202x2175,2023-08-06,Postpaid
421,Kimberly Marquez,yphillips@example.org,+1-393-449-8588,2023-07-28,Prepaid
422,Hunter Church,deandavid@example.org,9095687238,2023-07-10,Postpaid
423,Dawn Smith,matthew98@example.com,282.593.1671,2024-03-06,Prepaid
424,David Rodriguez,brownjames@example.com,(598)200-9671,2024-12-18,Postpaid
425,Joseph Schmidt,daguilar@example.net,780-456-6965x414,2023-06-23,Prepaid
426,Denise Rosario,edwardsmadison@example.org,4274132179,2025-01-28,Prepaid
427,Brooke Spence,fergusonkatrina@example.org,001-419-399-0356x595,2024-04-22,Prepaid
428,Kimberly Guerrero,clarkleslie@example.org,8815179302,2023-12-26,Prepaid
429,Christine Jones,garciajacob@example.com,001-327-832-0198x4220,2024-11-21,Postpaid
430,Elizabeth Gillespie,alejandro15@example.net,+1-528-362-2017,2024-01-02,Prepaid
431,Laura Trujillo,brian04@example.org,887-429-7818x053,2024-05-31,Postpaid
432,Jennifer Howard,cynthiawang@example.net,418.893.4930x593,2023-12-27,Prepaid
433,Steve Beard,colemanadam@example.net,453.871.4054x11472,2023-10-06,Prepaid
434,Kevin Gould,hcurtis@example.com,(386)278-8073x7093,2023-12-22,Postpaid
435,Elijah Goodman,tyronemurray@example.org,229.373.8543,2024-01-10,Postpaid
436,Anna Howard,kylenelson@example.org,001-508-745-0933,2024-09-07,Postpaid
437,Laura Rosario,cooperchristina@example.net,(652)791-7137x940,2024-02-28,Prepaid
438,Christopher Douglas,terrylinda@example.org,(602)417-2436x19635,2024-06-30,Prepaid
439,Timothy Hill,johnsonjavier@example.net,001-844-969-7863x61251,2024-02-26,Postpaid
440,Michael Lee,loriandersen@example.org,690.796.0319x76478,2024-02-17,Postpaid
441,Becky Jones,evansshannon@example.org,(307)416-5074x882,2023-06-11,Prepaid
442,Stephanie Carter,xshepherd@example.org,917.806.7200x6106,2025-03-17,Postpaid
443,Joseph Bell,wagnerbrenda@example.com,+1-966-359-7201x5285,2024-02-01,Prepaid
444,Alexis Lopez,carlhernandez@example.org,(893)838-1739x74759,2023-06-14,Prepaid
445,Shari Curtis,salazartaylor@example.com,502-219-6266x959,2024-03-05,Prepaid
446,Lisa Berger,sandrawinters@example.com,246-314-2851,2023-12-04,Postpaid
447,Casey Kim,fdean@example.net,(899)888-6337x901,2023-12-20,Postpaid
448,Bethany Carter,jerry88@example.net,(832)386-0698x605,2023-08-29,Prepaid
449,Jason Ward,brownandrew@example.net,846.568.8249x381,2024-04-29,Postpaid
450,Michael Lowery,gmoore@example.com,925-785-7392x692,2023-09-27,Postpaid
451,John Morales,rebekah15@example.com,8343202482,2024-08-12,Postpaid
452,Cynthia Casey,richard09@example.org,(253)531-5058x1356,2025-04-16,Postpaid
453,Ryan Hogan,grantevan@example.com,(476)376-9465,2025-02-06,Postpaid
454,Douglas Griffin,amy23@example.net,(792)695-3889x65919,2024-09-11,Postpaid
455,Jason Harris,cynthia83@example.com,001-762-472-4473x0580,2024-08-14,Postpaid
456,Richard Hernandez,johnsimmons@example.net,(712)865-2017x767,2023-09-14,Postpaid
457,David Garcia,bishoprobert@example.com,(628)336-1275x4073,2023-08-01,Prepaid
458,Nancy Alvarado,parkermelissa@example.com,700-558-3201,2025-04-10,Prepaid
459,Clinton Rice,youngjoseph@example.com,(941)877-2030,2024-10-14,Prepaid
460,Matthew Arias,scottparker@example.net,(269)746-5416,2023-11-17,Postpaid
461,Allen Brown,sierrariddle@example.org,(511)334-1273,2025-02-09,Postpaid
462,Jeffrey Moss,johnpadilla@example.org,331-718-8557,2023-06-27,Prepaid
463,Kevin Barker,kimberly57@example.net,370-509-1890x00466,2023-10-31,Postpaid
464,Tony Mills,wayers@example.org,413-718-1040x50136,2023-12-19,Postpaid
465,Mary Barber,wilkersonsusan@example.com,355.632.4840x219,2025-02-15,Prepaid
466,Bradley Humphrey,warrenkelsey@example.com,+1-874-724-7758x333,2025-02-11,Prepaid
467,Christopher Mendoza,martinsarah@example.com,253-269-8784x45010,2025-02-21,Postpaid
468,James Shea,michaelhill@example.com,673-899-8665,2024-06-27,Prepaid
469,Tracy Allen,christian05@example.com,854-804-9086,2023-11-08,Prepaid
470,Miranda Anderson,john33@example.org,(455)764-4044,2023-09-10,Prepaid
471,Joseph Hinton,scameron@example.com,728.537.1693,2023-07-24,Prepaid
472,Julian Gonzalez,zachary82@example.com,215.469.4634x357,2023-05-08,Prepaid
473,Jaime Ramirez,sarah66@example.com,001-648-296-0638,2023-12-09,Postpaid
474,Robert Patrick,bphillips@example.net,723-220-8656,2023-05-17,Prepaid
475,Donald Soto,cassandraedwards@example.org,5933544072,2025-04-05,Prepaid
476,Brandon Morgan,johnlarsen@example.com,943.476.0632x1972,2023-11-02,Prepaid
477,Christopher Buckley,lstephens@example.org,371-547-8960x4256,2024-12-15,Prepaid
478,Eric Graham,bartoncarol@example.net,(264)950-6341x33874,2024-08-07,Prepaid
479,Kyle Bailey,bruce22@example.org,976.336.7652,2024-01-31,Prepaid
480,Samantha Reynolds,mclark@example.net,665.385.1752,2024-07-06,Postpaid
481,Franklin Nelson,michaelshields@example.org,001-434-432-1289x598,2023-11-08,Prepaid
482,Lauren Henderson,portiz@example.com,+1-910-537-2275x3850,2024-01-31,Postpaid
483,Jenna Chavez,alexanderkent@example.net,918.222.0597x728,2023-09-24,Postpaid
484,Lindsay Wilson,taylorrandy@example.com,001-725-674-7937x733,2024-05-12,Prepaid
485,Travis Jones,meganpierce@example.org,+1-812-785-4513x05638,2024-09-18,Postpaid
486,Lisa Davis,reynoldsjesse@example.org,001-997-845-5233x6894,2024-09-21,Prepaid
487,Ronald Brown,bowersnicholas@example.com,400-853-2905x294,2025-02-06,Prepaid
488,Jermaine Carter MD,raymond58@example.org,001-277-800-9107x45227,2023-12-27,Prepaid
489,Justin Miller,lisatyler@example.com,+1-974-625-4475x034,2024-08-01,Prepaid
490,Victoria Dennis,rosalesconnie@example.net,001-412-452-9273x970,2023-05-22,Postpaid
491,Terry Williams,xgonzalez@example.net,(580)682-9594x11467,2023-12-25,Postpaid
492,Michael Ferguson,tylergarrett@example.net,001-529-565-7498x167,2023-12-04,Prepaid
493,Kevin Warner,zsmith@example.net,(909)595-1946x2309,2023-08-19,Postpaid
494,Brooke Green,gutierrezjohn@example.com,780.577.1235x332,2025-02-08,Prepaid
495,Joshua Foster,lopezholly@example.com,(749)834-2529x035,2024-04-18,Prepaid
496,James Phillips,denisecruz@example.org,367.986.8932x54076,2024-08-09,Postpaid
497,Kayla Hale,bianca74@example.com,001-757-630-7443x113,2024-04-24,Postpaid
498,Robin Bell,paul07@example.org,311-602-2402,2024-07-23,Prepaid
499,Shane Lambert,hansenjustin@example.org,667.460.0166x496,2023-08-11,Prepaid
500,Jeremy Hanna,cjones@example.org,+1-564-755-8827,2023-06-12,Postpaid
501,Carla Henderson,adriana41@example.net,+1-761-747-4674,2023-08-02,Postpaid
502,James Stevens,gary97@example.com,(601)597-7784,2023-12-26,Postpaid
503,Miss Kelly Holmes,ogomez@example.org,341.865.2350,2024-03-06,Prepaid
504,Mike Palmer,megan40@example.org,001-770-509-9184x7649,2025-04-03,Postpaid
505,Bradley Tyler,juanward@example.net,(361)744-9653x68502,2023-06-09,Prepaid
506,Robert Duncan,ogentry@example.net,001-367-459-7004x7175,2024-04-24,Prepaid
507,William Jackson,billyhuerta@example.com,+1-488-866-4262x759,2023-08-13,Postpaid
508,Kimberly Martin,lsilva@example.net,(498)301-7338x24950,2023-10-18,Prepaid
509,Megan Bradford,joeholden@example.com,882.732.6157,2025-02-14,Prepaid
510,Leslie Stanley,daniel45@example.net,+1-746-509-4554x5000,2023-06-19,Prepaid
511,Judy Wilson,cobbbrian@example.com,(666)849-7648,2025-03-19,Postpaid
512,Laura Dean,jenniferlambert@example.com,001-688-577-0343x6915,2025-02-20,Postpaid
513,Dr. Matthew Campbell,williamsjeremiah@example.com,(550)828-5782,2024-08-08,Postpaid
514,Meagan Wright,srowe@example.com,001-677-785-8208x402,2023-11-27,Postpaid
515,Bryan Baker,owoods@example.com,+1-685-699-0401x1420,2024-08-18,Prepaid
516,Nicholas Ramirez,ljennings@example.net,915.567.7181x833,2024-02-03,Prepaid
517,Jacob White,valdezbobby@example.org,+1-307-796-4986x2208,2024-10-23,Postpaid
518,Diana Mack,debbie02@example.org,907-847-4749,2024-02-04,Postpaid
519,Mario Morrison,jacksonlisa@example.com,001-606-697-1122x484,2023-08-04,Prepaid
520,Zachary Elliott,andrew63@example.net,(537)635-3204,2025-04-18,Prepaid
521,Jimmy Johnson,dominguezchristopher@example.org,001-664-267-0590,2023-09-16,Prepaid
522,Kathy Weiss,marco02@example.com,001-913-816-7173x36428,2023-11-05,Prepaid
523,Aaron Martin DDS,russell04@example.net,953-762-9291,2024-12-20,Postpaid
524,Michael Mendez,angelacastillo@example.net,942-843-2792x86770,2024-10-02,Prepaid
525,Timothy Lopez,jacob66@example.net,342-738-9892x4476,2025-01-09,Postpaid
526,Randy Hayes,thompsonjacqueline@example.net,001-950-669-7642x6149,2023-10-06,Prepaid
527,Kristina Cruz,yberg@example.net,501.773.3670x711,2024-05-07,Prepaid
528,David Mendoza,markturner@example.com,(633)521-4285x3895,2023-08-05,Prepaid
529,Eric Brown,jessica67@example.com,(571)820-5077x74791,2025-04-28,Prepaid
530,Brandon Johnson,kimberly84@example.org,834.286.0578x9407,2025-01-14,Prepaid
531,Rachel Chandler,crussell@example.com,305-953-0995x4587,2024-05-05,Prepaid
532,Catherine Mills,adixon@example.org,001-923-201-2473,2024-04-05,Postpaid
533,Allison Martinez,anthonyjenkins@example.com,607.850.5544x58807,2023-10-23,Prepaid
534,Thomas Hunt,janiceshaffer@example.org,(524)385-8047x6450,2025-02-02,Postpaid
535,Martin Murray,uclark@example.com,495-241-9259x97195,2023-06-26,Prepaid
536,Mr. Jordan Bryant,brian11@example.com,722-660-2635,2023-11-16,Prepaid
537,Veronica Hines,mendezchristian@example.com,671.571.3899x8220,2024-02-21,Postpaid
538,Karen Brennan,djames@example.org,348-326-8709,2024-02-21,Postpaid
539,Brianna Mann,gonzalezsharon@example.org,+1-910-996-5386,2024-01-12,Prepaid
540,Kathy Martinez,ethanburke@example.com,+1-496-395-9896x749,2024-11-07,Postpaid
541,Teresa Hood,vsmith@example.net,926.330.5322,2024-09-27,Prepaid
542,David Williams,kimberly59@example.net,+1-928-672-7500x552,2024-09-17,Prepaid
543,Brendan Morgan,david52@example.com,(712)508-5849,2023-12-06,Prepaid
544,Kimberly Bradley,david62@example.net,001-719-858-4732x67891,2024-03-18,Postpaid
545,Andre Casey,ashley96@example.org,001-793-246-9990x246,2024-11-30,Prepaid
546,Richard Lynch,dana87@example.org,461-630-4862x44669,2023-05-17,Postpaid
547,Kelsey Johnson,busherica@example.org,516.730.6249x13752,2024-09-22,Prepaid
548,Robert Walton,christineshelton@example.com,201-668-9706,2023-05-06,Postpaid
549,Richard Robinson,smithjulie@example.com,001-699-738-7288x665,2023-05-29,Postpaid
550,Sally Brown,traci98@example.net,001-580-737-7993,2023-09-29,Prepaid
551,Charles Davis,rmarquez@example.net,+1-463-233-7002x590,2023-07-11,Postpaid
552,Todd Smith,moorealan@example.com,(648)276-1383,2024-02-11,Postpaid
553,Carolyn Velez,brandonibarra@example.com,(889)621-4403x65425,2023-11-27,Prepaid
554,Brooke Grimes,fgarcia@example.org,(797)498-9347,2024-12-29,Postpaid
555,Richard Vincent,vgallagher@example.org,7067869897,2024-01-09,Postpaid
556,Derek Stephens,tgarcia@example.net,591.978.4907x43395,2024-10-10,Postpaid
557,Joshua Peters,courtneygomez@example.net,001-353-870-7738x377,2025-03-21,Prepaid
558,Michael Hawkins,nsummers@example.net,+1-518-856-6209x896,2023-06-05,Postpaid
559,Brandon Carter,tina73@example.org,001-772-318-3587x67879,2023-11-24,Prepaid
560,John Hughes,davidmiranda@example.org,(414)446-7224,2023-09-24,Prepaid
561,Julie Horne,khanjoseph@example.org,(380)591-4210x59718,2023-10-02,Prepaid
562,Brittney Hogan,jeffrey41@example.com,672.878.3805x817,2024-08-01,Postpaid
563,Claudia Clayton,daydana@example.net,(884)569-0254,2025-03-06,Postpaid
564,Kristen Moore,jenna28@example.net,778.951.6441x1513,2024-03-22,Postpaid
565,Dylan Kennedy,gerald75@example.org,(925)816-2769,2023-05-16,Prepaid
566,Crystal Hicks,rebecca42@example.net,+1-671-501-8381x875,2024-02-19,Postpaid
567,Amanda Lee,troy26@example.net,478-513-4933,2023-09-27,Postpaid
568,Wendy Roberts,craig26@example.com,001-920-359-0256x23427,2024-08-21,Prepaid
569,Roy Glover,rodney80@example.org,698-306-5208x35360,2024-07-23,Prepaid
570,Joshua Woodward,jacob61@example.com,792.578.2902x419,2024-02-25,Postpaid
571,Sara Horton,glenn17@example.org,567-645-8821,2024-07-10,Postpaid
572,Jonathan Turner,gordontiffany@example.net,252.437.3044x90545,2023-08-12,Postpaid
573,Shirley Scott,kmurphy@example.org,819-557-7071x85091,2023-05-13,Postpaid
574,Christopher Jackson,chelseagoodwin@example.com,(616)689-5704x028,2023-10-06,Prepaid
575,John Rodriguez,joshua69@example.com,001-324-455-9618x372,2025-04-23,Postpaid
576,Dr. Jessica Allen,reyesjonathan@example.org,6416528069,2023-08-05,Postpaid
577,Joseph Higgins,gregory54@example.com,502-457-3569x91536,2023-12-30,Prepaid
578,Timothy Small,denisereyes@example.com,001-492-429-0781,2024-06-28,Postpaid
579,Victoria Phillips,tracy23@example.org,(772)517-1685x506,2023-06-20,Prepaid
580,Mrs. Maria Yoder DDS,russelleric@example.com,328.394.0839,2024-05-01,Postpaid
581,Kimberly Stone,scottevans@example.net,682.999.6391x589,2023-12-12,Prepaid
582,Craig Andersen,nstone@example.com,698-475-4457x30203,2024-09-22,Postpaid
583,Peter Brown,breanna25@example.net,374.220.2214,2025-03-11,Prepaid
584,Marc Fletcher,wdavidson@example.org,001-860-793-6303x761,2023-06-27,Postpaid
585,Christopher Reed,benjaminwilliams@example.com,(991)664-5281x643,2023-09-17,Prepaid
586,Ronald Grant,kevin47@example.com,244.657.1998x7823,2024-10-31,Prepaid
587,Scott Edwards,crystalmendez@example.org,865.299.8975x057,2024-01-15,Postpaid
588,Joseph Hansen,qgreen@example.net,+1-954-628-8566x4002,2024-05-17,Postpaid
589,Daniel Morgan,brandon84@example.com,(675)621-5157x6608,2024-03-06,Prepaid
590,Jonathan Raymond,phamkaren@example.org,(717)724-0727,2023-12-13,Prepaid
591,Autumn Smith,owensjohn@example.org,(500)356-2044x985,2024-07-23,Postpaid
592,Patricia Campbell,michael76@example.com,+1-239-465-5593,2023-05-03,Postpaid
593,Sandra Williams,jonesmichael@example.com,4637354176,2024-01-30,Prepaid
594,Tony Castillo,tara96@example.net,427-261-4335,2023-05-02,Prepaid
595,Haley Hart,richard96@example.com,001-928-997-3392x859,2025-02-04,Postpaid
596,David Porter,rmartin@example.net,(935)732-3538x000,2024-11-15,Postpaid
597,Kelly Foster,wardjamie@example.com,001-815-697-7023x56741,2023-06-12,Postpaid
598,Robyn Kim,tmartinez@example.net,001-899-576-8505x16873,2023-08-24,Postpaid
599,David Moore,charlesnelson@example.com,729-814-3578x771,2024-01-27,Postpaid
600,Stephanie Porter,jessica75@example.com,(950)525-1759x3192,2024-07-18,Postpaid
601,Gerald Garcia,fredaustin@example.com,+1-456-330-1929x425,2025-03-13,Postpaid
602,David Pruitt,annajones@example.com,001-773-610-9417x6930,2023-10-11,Prepaid
603,Terri Knox,eholt@example.com,(203)272-0473,2024-03-10,Prepaid
604,Russell Cooper,megan67@example.org,709-595-2061,2025-02-23,Postpaid
605,Daniel Raymond,ruthprice@example.com,887-924-2703,2025-04-05,Prepaid
606,Tyler Erickson,kweaver@example.net,001-308-709-1258,2025-01-09,Postpaid
607,Kyle Dodson,matthew76@example.org,+1-516-292-0713,2025-01-22,Prepaid
608,Lisa Miles,cynthia77@example.org,632.732.7762,2025-01-18,Prepaid
609,Cheyenne Donaldson,mbradley@example.com,656-605-0085,2025-01-23,Prepaid
610,William Chaney,hornronnie@example.net,(367)563-3570,2024-03-29,Postpaid
611,Emily Sanders,yrivera@example.com,+1-759-804-4094x229,2024-07-11,Prepaid
612,Melissa Guerrero,lisa95@example.com,320-653-5169x0724,2024-09-03,Postpaid
613,Kathryn Price,christine46@example.org,3334199110,2024-05-17,Prepaid
614,William Mcpherson,carolyndeleon@example.com,370.512.1511,2024-03-23,Prepaid
615,Meagan Sims,jacob47@example.net,001-807-760-6499x44557,2024-01-08,Prepaid
616,Christopher Barrera,hector87@example.com,(608)767-4586x62675,2024-11-06,Postpaid
617,Sarah Black,erin22@example.net,+1-976-860-6057x4529,2024-09-30,Prepaid
618,Rodney Green,brittany73@example.net,367-299-2273x6597,2025-01-28,Postpaid
619,Trevor Strickland,teresasparks@example.com,259-584-6838x483,2024-08-29,Postpaid
620,Summer Martin,elizabethmiller@example.org,(707)286-5688x9009,2025-01-02,Postpaid
621,Jennifer Miller,davistimothy@example.com,229.687.1569,2023-07-16,Postpaid
622,Larry Morrison,yking@example.com,001-627-308-7566,2025-03-25,Prepaid
623,Erin Mejia,gregg03@example.org,754.445.7481x9496,2024-08-04,Prepaid
624,Manuel Anderson,udavis@example.org,630-721-7596,2025-02-16,Prepaid
625,Francisco Young,wongdavid@example.com,+1-899-207-0226x48822,2023-06-29,Postpaid
626,Daniel Mckee,hwhite@example.org,+1-435-997-0493,2024-03-16,Postpaid
627,Debra Baker,collierariana@example.com,(424)367-0034,2024-06-12,Prepaid
628,Joseph Peterson,uhansen@example.com,7815534028,2023-09-05,Prepaid
629,Mr. Jeffrey Walker,ashley85@example.com,9658949798,2024-12-31,Postpaid
630,Leah Figueroa,william31@example.com,001-965-980-4950x78487,2023-06-29,Prepaid
631,Christine Thomas,susan74@example.org,(769)524-1721x107,2024-10-29,Prepaid
632,Kelli Short,odalton@example.com,370.435.6802,2023-06-27,Prepaid
633,William Mckee MD,fhunter@example.org,(413)293-0562x330,2023-07-09,Prepaid
634,Robin Bishop,kevinmiddleton@example.org,001-627-377-0887x7775,2023-05-01,Prepaid
635,Monica Palmer,angelaphillips@example.com,273.286.9619,2024-09-09,Prepaid
636,Kimberly Taylor,sandra38@example.net,+1-888-764-7579x36848,2023-11-03,Prepaid
637,Catherine Middleton,robert21@example.net,586-467-0094x1169,2025-01-16,Postpaid
638,Robert Parker,rodriguezbrandon@example.com,559.821.2632,2024-04-10,Postpaid
639,Gary Price,christopherwalters@example.com,(401)270-9213x6875,2024-09-26,Prepaid
640,Paula Thornton,james46@example.com,001-304-712-8971x541,2023-09-04,Postpaid
641,Christina Johnson,owensbailey@example.org,980.469.4685,2024-11-21,Prepaid
642,Brian Ward,marykeller@example.com,001-779-218-3217,2024-05-19,Postpaid
643,Danielle Howard,newtongary@example.com,287.877.5208,2023-09-07,Postpaid
644,Jon Coleman,robertrobbins@example.com,(342)260-7905x62136,2023-12-10,Prepaid
645,Tyler Gonzalez,kestrada@example.net,(282)597-9704,2024-10-18,Prepaid
646,Alexandra Bishop,brownchristopher@example.com,001-961-400-0909x56261,2024-08-03,Postpaid
647,Lisa Perez,riverashelby@example.com,+1-667-684-5076x570,2023-08-25,Prepaid
648,Christopher Baker,johnathan73@example.org,(352)997-6015,2024-11-30,Prepaid
649,Robert Vargas,lstokes@example.com,+1-449-564-3995x24256,2024-09-17,Prepaid
650,Lisa Lawson,caitlin86@example.net,448-605-1058,2023-05-31,Prepaid
651,Paula Rogers,obooth@example.org,001-238-518-8088,2023-06-10,Postpaid
652,Mark Brandt,scott83@example.net,+1-954-242-8244x66631,2024-09-01,Postpaid
653,Patricia Lee,meganpollard@example.com,618.411.8237,2025-03-25,Postpaid
654,Jennifer Mitchell,garrett15@example.org,001-219-310-8234x7005,2023-10-13,Postpaid
655,Jessica Garcia,heather05@example.org,797.222.4166,2023-06-18,Prepaid
656,Jennifer Turner,nicholemcdaniel@example.net,001-229-406-9659x31341,2023-12-29,Prepaid
657,Maria Wade,kchen@example.org,+1-895-873-7427x024,2024-07-17,Prepaid
658,Cheryl Daniels,roy72@example.net,381.844.9276x105,2024-05-12,Postpaid
659,Michelle Powell,yholmes@example.com,001-795-230-8352x99952,2024-04-13,Prepaid
660,Gregory Bryant,jeremy55@example.net,532-502-9326,2023-08-24,Postpaid
661,Eric Martin PhD,sararodriguez@example.org,817.398.6705,2024-10-08,Prepaid
662,Amy Davis,nduncan@example.net,(639)538-3300,2024-03-13,Postpaid
663,Melissa Andrews,vweaver@example.net,592-774-0300x4896,2024-01-12,Prepaid
664,David Hall,joshua16@example.com,9533480727,2025-03-20,Postpaid
665,Jeffrey Booth,richardparrish@example.org,+1-302-250-5416x82666,2023-05-30,Prepaid
666,Diana Gonzalez,austin83@example.net,268-855-4183,2023-11-18,Postpaid
667,Travis Spencer,boyervirginia@example.com,(447)871-5398x8456,2024-11-20,Prepaid
668,Brady Galloway,calvin77@example.com,495.280.7746x30124,2025-02-11,Postpaid
669,Christina Roach,pmartinez@example.net,+1-593-204-8666x24862,2024-06-10,Postpaid
670,Laura Weaver,grantjohn@example.org,709.612.8592,2024-01-07,Postpaid
671,Kevin Bartlett,mtaylor@example.net,830.623.3962x68416,2024-07-19,Prepaid
672,Frank Heath,parksrebekah@example.com,903.268.1800,2024-01-05,Prepaid
673,Amber Howard,vsmith@example.com,743.308.0979x120,2023-09-09,Postpaid
674,April Valenzuela,travismerritt@example.net,893-845-7503,2023-11-08,Prepaid
675,Caitlin Mccarthy,nicholas75@example.net,878-816-4559x210,2025-01-31,Postpaid
676,Jacob Valentine,williamlin@example.com,998-590-0422,2024-11-09,Prepaid
677,Jennifer Lam,chelsea57@example.com,(585)909-5626x587,2025-03-26,Postpaid
678,George Hughes,mullinsjoshua@example.net,+1-441-823-1371x533,2025-02-27,Prepaid
679,Barbara Combs,garybass@example.com,+1-404-331-1813,2023-12-19,Postpaid
680,Nancy Patel,vegatammy@example.org,+1-321-526-0891x1575,2023-10-28,Postpaid
681,Kathy Benson,robynwagner@example.org,(666)901-0446x273,2023-12-28,Postpaid
682,Kimberly Rojas,travisjones@example.org,(940)909-7490,2024-09-18,Postpaid
683,Jennifer Edwards,gregory77@example.com,739-436-0193x6840,2023-05-27,Postpaid
684,Stephanie Freeman,jacksontracy@example.com,(479)775-1786x079,2024-04-25,Postpaid
685,Cheyenne Tucker,travisblanchard@example.com,3193309702,2023-11-28,Prepaid
686,Carlos Huynh,jeffreysmith@example.net,+1-915-435-3682x152,2024-05-12,Prepaid
687,Deborah Morgan,brian52@example.org,908-478-5283,2024-12-07,Prepaid
688,Jillian Hernandez,nlevy@example.net,001-919-762-9154x8900,2023-11-09,Postpaid
689,Joshua Thompson,zachary38@example.net,286.343.8480x0581,2023-07-25,Postpaid
690,Matthew Gregory,byrdmatthew@example.com,(284)586-7041x63629,2024-06-03,Prepaid
691,Taylor Jones,jessica87@example.com,(752)820-3401,2024-04-29,Prepaid
692,Madison Norton,ryanwilliams@example.net,(958)552-6222,2024-07-21,Prepaid
693,Jeremiah Rodriguez,rroberts@example.net,(669)325-9792x9297,2024-12-01,Postpaid
694,Allen Wright,ahardin@example.net,629-660-7044x41542,2024-05-08,Prepaid
695,Sarah Kerr,csmith@example.org,(226)708-0839x7850,2024-12-09,Prepaid
696,Jodi Ramos,donaldbray@example.org,829.776.3146x55423,2023-06-13,Prepaid
697,Tammie Archer,karl99@example.net,857-918-2030,2024-09-27,Prepaid
698,Annette Mcclure,lisa22@example.org,313-452-3567x29325,2024-03-13,Prepaid
699,Miranda Garcia,gregory28@example.com,(511)685-3259,2025-02-23,Prepaid
700,Laura Wilkinson,daniel62@example.org,396-565-5792x366,2024-06-11,Prepaid
701,Jennifer Fernandez,sosajoshua@example.org,939-420-7089,2023-08-13,Prepaid
702,Bobby Leach,amanda93@example.com,301-876-1085,2025-01-28,Prepaid
703,Eric Gonzales,odomjacob@example.org,+1-872-881-6983x266,2023-12-07,Prepaid
704,Norma Douglas,yjohnson@example.org,650.394.4156,2024-10-16,Prepaid
705,Gina Morgan,blakeerik@example.org,342-769-3452x22328,2024-07-11,Prepaid
706,Charles Martin,vkelly@example.com,001-929-903-0990x969,2025-02-15,Prepaid
707,Lisa Barnes,jason79@example.com,876-441-4582,2024-12-19,Postpaid
708,Benjamin Bates,noah54@example.com,+1-901-720-9260x024,2024-10-12,Postpaid
709,Justin Johnson,dhernandez@example.org,(839)961-5688,2024-09-12,Prepaid
710,Mia Hale,erica61@example.com,707.355.3213x89882,2024-05-19,Prepaid
711,Sean Herrera,bwallace@example.net,242.524.8907x1132,2024-02-26,Prepaid
712,Michelle Shea,howellkathleen@example.net,579-658-0952x34398,2023-06-20,Prepaid
713,Tammy Carter DDS,vdavis@example.net,+1-783-727-3520,2023-07-19,Prepaid
714,Regina Ashley,duane66@example.org,+1-930-275-9192x958,2024-03-21,Postpaid
715,Samantha Phillips,lwelch@example.org,636-209-3163x75320,2023-05-04,Prepaid
716,Eric Preston,onealdevin@example.net,+1-924-510-4592,2024-05-20,Prepaid
717,Hailey Phillips,ewiley@example.net,001-374-669-7874x9871,2025-01-17,Postpaid
718,William Navarro,cherylbennett@example.net,611-988-5411x93717,2024-06-14,Prepaid
719,Ryan Berry,david14@example.org,001-825-966-0332x719,2024-11-28,Prepaid
720,Molly Lyons,wellserik@example.com,001-873-401-4500,2023-07-14,Postpaid
721,Kara Williams,georgegordon@example.net,001-460-392-8752,2023-12-30,Prepaid
722,Eric Trevino,michaelpennington@example.com,(418)227-6288x55311,2025-02-24,Postpaid
723,Natasha Stanley,robertwalker@example.com,+1-670-610-9689x105,2025-02-27,Prepaid
724,Ryan Davis,melindabowman@example.com,001-465-838-5990,2024-10-06,Prepaid
725,Michael Parker,taylorbailey@example.net,(572)547-0541,2023-06-27,Prepaid
726,Travis White,william32@example.net,842-786-7041,2024-12-13,Postpaid
727,William Brown,vstafford@example.com,7959280218,2024-12-28,Postpaid
728,Mackenzie Gonzalez,stephaniechen@example.com,660.510.7253x93021,2024-05-11,Prepaid
729,Eric Benson,imunoz@example.org,794.998.0009x17945,2023-06-16,Prepaid
730,David Martin,pwatson@example.com,(608)234-3969,2023-05-24,Prepaid
731,Tanya Meyers,ryancrawford@example.com,+1-206-480-3205x75061,2023-11-27,Postpaid
732,Crystal Barrera,andrewmoon@example.org,+1-769-780-1828x26166,2025-01-30,Postpaid
733,Megan Chambers,alexandra44@example.com,001-849-878-8495,2023-07-27,Prepaid
734,Jon Nelson,amycrawford@example.com,386-255-5052x52861,2024-02-15,Postpaid
735,Cindy Bennett,bryan89@example.org,202-584-2402,2023-07-06,Postpaid
736,Lisa Anderson,mooremichael@example.org,568-777-1969x189,2023-06-26,Prepaid
737,Martin Cohen,navarrocrystal@example.com,738-495-3579x143,2023-06-09,Prepaid
738,Patricia Villarreal,kingpatricia@example.org,+1-205-881-1091x338,2024-11-01,Postpaid
739,Jeffrey Gibson,qjones@example.org,(633)686-2367,2024-01-08,Postpaid
740,Michael Page,lreyes@example.org,963.578.9704x00498,2023-05-02,Prepaid
741,Crystal Garcia,randerson@example.org,(873)693-6207x67089,2024-08-12,Prepaid
742,Kelsey Johnson,yweber@example.com,352-342-2476,2025-03-27,Postpaid
743,Terry Hall,ndixon@example.org,760.313.7073x86836,2024-05-11,Postpaid
744,Anthony Henderson,wendyperez@example.com,870.613.3239x0800,2023-11-13,Prepaid
745,Randall Morris,mbauer@example.net,+1-753-368-5507,2024-04-02,Prepaid
746,Martin Smith,mackenziemcneil@example.org,(474)563-5687x2036,2023-12-23,Postpaid
747,Vickie Lewis,lnunez@example.org,242-972-5250,2024-12-05,Prepaid
748,Debbie Rogers,joseph11@example.org,+1-999-532-9418x2433,2023-06-22,Postpaid
749,David Wright,melaniereese@example.com,266-962-8524,2024-01-16,Postpaid
750,Rebecca Perry,jamesmoore@example.net,001-855-543-1023x54197,2024-09-20,Prepaid
751,Christian Reed,brooke67@example.com,797-994-0319,2023-08-31,Postpaid
752,Lori Smith,rbrown@example.com,001-891-777-6084,2023-08-29,Prepaid
753,Gregory Thompson,kellyjoy@example.net,(500)855-4729x74329,2024-05-13,Postpaid
754,Rachel Malone,kimdave@example.com,429.766.3384,2023-09-06,Prepaid
755,Douglas Clark,leejeffrey@example.net,(560)394-3697x132,2023-06-21,Prepaid
756,Ebony Mendez,hernandezdaniel@example.com,(693)722-9427x1965,2023-11-27,Prepaid
757,Claudia Nguyen,lisa72@example.com,+1-233-630-5938,2024-06-15,Postpaid
758,Christopher Conrad,christinalee@example.org,+1-653-563-6036,2024-03-08,Postpaid
759,Krista Riddle,kimberly18@example.net,278-362-3274x786,2024-01-13,Prepaid
760,Brittany Powers,ebarnes@example.org,444-586-0451,2023-11-01,Postpaid
761,Diana Mullins,kimberly04@example.org,946.259.2136x478,2024-12-05,Postpaid
762,Autumn Coleman,anita33@example.org,(694)579-3725,2024-07-08,Postpaid
763,Lori Cowan,mwarren@example.com,+1-213-850-9756x863,2024-03-20,Postpaid
764,Raymond Mccall,erin65@example.com,001-341-831-8416x260,2024-12-07,Postpaid
765,Jeffrey Anderson,jorgelester@example.net,9899963652,2025-04-16,Prepaid
766,Jonathan Austin,garrisonjeffrey@example.com,(330)671-3178,2024-11-13,Postpaid
767,Brandon Jefferson,daisy34@example.com,625.474.0674,2024-11-01,Postpaid
768,Jeffrey Peters,andrew41@example.net,3915085745,2023-08-01,Prepaid
769,David Williamson,freemankaitlyn@example.org,001-671-728-6449x250,2024-03-16,Prepaid
770,Brady Holt,lmorgan@example.net,(698)560-5512,2023-11-22,Postpaid
771,Crystal Herman,andrew24@example.org,001-804-265-5784,2023-10-13,Postpaid
772,Allen Turner,brownjohnny@example.org,9582992649,2024-04-03,Prepaid
773,Matthew Burton,aprilthomas@example.org,(945)689-8563,2024-10-30,Postpaid
774,Amanda Thomas,ronald64@example.org,001-732-609-7860x048,2025-01-23,Prepaid
775,Jessica Nguyen,james32@example.org,001-419-811-8443x356,2023-06-21,Prepaid
776,Andrew Sutton,robertcampos@example.org,993-493-6139x07445,2024-04-08,Postpaid
777,Daniel Cooper,edward15@example.org,(862)701-3057,2023-08-19,Prepaid
778,Crystal Smith,mariogarcia@example.net,(701)225-0936,2023-12-31,Prepaid
779,Dominic Wade,charleswhite@example.org,001-257-844-5714x22298,2023-07-02,Postpaid
780,Madison Stone,mary83@example.net,(578)558-5337x053,2024-12-25,Prepaid
781,Daniel Waller,darlenevillanueva@example.com,(701)693-5633x2986,2024-02-26,Postpaid
782,Elizabeth Harris,josephjohnson@example.org,+1-264-236-5958,2025-02-23,Postpaid
783,Michael Armstrong,charles81@example.org,+1-732-483-8570x257,2024-12-27,Prepaid
784,Nicholas Obrien,dperez@example.org,5612804277,2024-01-14,Prepaid
785,Kevin Larsen,jdavis@example.org,784-866-2663,2024-09-23,Postpaid
786,Brian Carter,sydneyschmitt@example.com,+1-361-342-6684,2024-11-16,Prepaid
787,Brittany Curtis DVM,michelle79@example.com,759-715-9172x13184,2023-10-18,Postpaid
788,Hannah Campbell,stevendyer@example.org,960-851-2721,2024-07-25,Prepaid
789,Kaylee Parsons,keithwilliams@example.net,+1-520-976-4871x05519,2023-10-01,Postpaid
790,Jennifer Marshall,david67@example.net,(533)955-2174x9150,2024-11-09,Postpaid
791,Jacqueline Wilson,blakelong@example.org,8927728166,2025-04-14,Prepaid
792,Samantha West,nicolejones@example.com,+1-488-385-9481,2024-12-30,Postpaid
793,Dylan Cruz,catherine40@example.com,(500)975-1793,2024-10-12,Postpaid
794,Catherine Fitzgerald,melodystevens@example.com,+1-414-992-1053x5090,2025-01-23,Prepaid
795,Valerie Parker,leemichael@example.net,248-586-3625,2024-08-07,Prepaid
796,Wesley Walters,lanechristina@example.com,534-579-7990x04490,2024-01-04,Postpaid
797,Michelle Smith,theresataylor@example.org,4938028477,2024-06-06,Postpaid
798,Martin Jackson,leahmcdowell@example.net,4438239583,2023-07-11,Prepaid
799,Alison Guerrero,donaldgill@example.org,489-909-4205x782,2024-01-22,Postpaid
800,Louis Carr,kevin47@example.com,494-986-2945x9633,2024-11-03,Postpaid
801,Samantha Robinson,bethany61@example.net,(801)807-6125x2057,2024-05-07,Postpaid
802,Joel Schwartz,qmichael@example.net,+1-441-695-6692x95315,2024-11-18,Postpaid
803,James Gonzalez,beverlyperez@example.net,366-869-6741x762,2025-02-01,Prepaid
804,Luke Moore,hannah57@example.org,6292450718,2023-05-14,Postpaid
805,Kenneth Weaver,lisa52@example.com,+1-316-234-8584x81096,2024-08-01,Prepaid
806,Zachary Sexton,chadlong@example.net,593-799-1767,2023-07-15,Prepaid
807,Erin Taylor,travislittle@example.net,+1-713-246-7367x08097,2024-03-11,Prepaid
808,Eric Allen,hbrewer@example.com,001-847-368-0575x5613,2024-07-25,Prepaid
809,Curtis White,perezkimberly@example.com,537.593.7217,2024-08-08,Postpaid
810,Brandon Contreras,alexis17@example.org,001-430-925-6406x572,2024-07-11,Prepaid
811,Christopher Mcfarland,mlowery@example.net,506-281-6378x191,2023-06-17,Postpaid
812,Matthew Matthews,igonzalez@example.org,2282779775,2024-09-04,Prepaid
813,Kelly Garcia,jacqueline99@example.org,(819)988-3015,2023-11-10,Postpaid
814,Tara Wheeler,alexandranavarro@example.com,439.797.4300x057,2024-05-16,Postpaid
815,Valerie Medina,zavalatracy@example.net,+1-797-555-5218x0169,2024-11-10,Postpaid
816,Mr. Robert Patton,bradley47@example.org,001-884-916-1804x810,2023-07-05,Prepaid
817,Ruben Cain,howepatrick@example.org,001-806-549-8972x747,2024-12-11,Postpaid
818,Rebecca Harris,meredithschmidt@example.org,3732527792,2024-02-22,Postpaid
819,Robert Terry,kaylameyers@example.com,674-261-7879,2024-04-09,Prepaid
820,Alyssa Hunt,davistodd@example.com,001-753-759-9542,2024-02-06,Postpaid
821,Brian Hendrix,hawkinsmary@example.net,696.668.0807x5599,2024-01-27,Postpaid
822,Taylor Nelson,reynoldscandice@example.net,924-809-1342x52094,2024-10-27,Postpaid
823,Christopher Pugh,scott72@example.org,(938)359-8946x596,2025-04-29,Prepaid
824,Stephanie Cobb,karengonzalez@example.com,961-544-5126x0058,2024-10-11,Prepaid
825,Martha Roach,nreed@example.com,947.726.2088x805,2023-08-24,Postpaid
826,Annette Pope,mistyjones@example.org,5372555285,2024-10-09,Postpaid
827,Aaron Anderson,jessica96@example.org,(311)533-8818x1336,2024-06-16,Postpaid
828,Tara Cruz,daniellescott@example.org,4152523957,2023-12-22,Postpaid
829,David Mcdonald,scottdiaz@example.org,+1-258-633-3300x894,2025-04-20,Prepaid
830,Jason Kane,amanda87@example.net,001-755-859-9048x260,2024-10-27,Postpaid
831,Barry Walton,tina07@example.net,305.987.9764,2024-11-15,Prepaid
832,Mark Crawford,richardleonard@example.org,+1-342-887-1554,2024-10-06,Postpaid
833,Sandy Shaw,youngbenjamin@example.org,(514)339-8460,2023-07-14,Prepaid
834,Lauren Romero,heidi80@example.org,(606)325-7927x2246,2025-01-07,Postpaid
835,Alexander Hogan,awalker@example.com,001-580-740-2782,2023-12-22,Prepaid
836,Bill Adams,leesarah@example.org,875-722-2283x1187,2024-05-08,Postpaid
837,Justin Maldonado,igarza@example.org,355.764.1110x4466,2025-03-16,Prepaid
838,Robert Gilbert,ariel25@example.org,9114352032,2023-11-05,Postpaid
839,John Price,jason43@example.com,(978)608-3457x2924,2024-04-12,Prepaid
840,Stephanie Maldonado,ghughes@example.net,810.916.2740x8817,2023-12-11,Postpaid
841,Steven Villarreal,qtodd@example.net,(377)573-6201x498,2025-04-19,Prepaid
842,Sherry Heath,ydelgado@example.net,001-243-863-5545x1759,2024-10-17,Prepaid
843,Joshua Richards,paula71@example.net,(884)427-7523,2024-05-06,Postpaid
844,Maria Cruz,albertosborne@example.com,001-948-623-4828x918,2023-05-17,Prepaid
845,Mr. David Cruz DDS,kjordan@example.net,(232)709-2863x827,2025-04-14,Prepaid
846,Timothy Taylor,mitchellgill@example.net,787.671.1652x0640,2024-12-13,Prepaid
847,Joshua Campbell,clarkparker@example.com,001-317-276-1725x865,2023-10-30,Prepaid
848,Amanda Avila,fbaker@example.org,001-266-986-8148x57872,2023-12-14,Prepaid
849,Jennifer Brooks,larsondarren@example.com,(708)223-0467x17100,2023-12-31,Postpaid
850,Lee Carter,zmiller@example.net,(786)237-4823x5154,2024-05-02,Postpaid
851,Richard Brown,bernardtaylor@example.org,(867)840-5310x230,2024-06-10,Prepaid
852,William Wagner,thomashorn@example.net,+1-519-718-4614x61839,2025-04-14,Prepaid
853,Jeffery Barton,hwilson@example.net,525-521-7938x9463,2024-06-18,Prepaid
854,Kimberly Bennett,veronicamooney@example.com,001-300-415-2340x029,2025-03-21,Postpaid
855,Kenneth Mccormick DVM,louisking@example.org,(856)313-9973,2024-04-02,Prepaid
856,Sherri Jenkins,mbrown@example.org,5634970693,2023-08-31,Prepaid
857,Julie Jensen,jennifer44@example.net,280-867-2127x67969,2023-12-24,Prepaid
858,Craig Sutton,swilliamson@example.com,+1-207-986-6121x4192,2023-12-26,Postpaid
859,Erika Allen,saundersjay@example.net,582-787-0025,2024-03-11,Postpaid
860,Philip Rodriguez,veronicahamilton@example.com,521-453-9910x438,2023-10-20,Postpaid
861,Bobby Gates,fcuevas@example.org,001-694-469-5120x735,2023-11-18,Postpaid
862,Scott Coleman,bryanpayne@example.com,+1-788-876-9513x64186,2024-09-20,Prepaid
863,Shannon York,joshuahayden@example.com,+1-645-487-8429x88319,2024-05-30,Prepaid
864,Joel Roach,richardschneider@example.org,(880)636-6178,2024-05-18,Prepaid
865,Amy Myers,batestravis@example.net,948-398-2245,2024-05-28,Prepaid
866,Jonathan Wells,rperry@example.org,+1-266-567-2997x334,2023-12-06,Prepaid
867,Scott Pope,acontreras@example.org,(496)624-0504x939,2023-10-22,Prepaid
868,Julie Singleton,watsonbrian@example.org,(657)256-6442x870,2023-10-13,Prepaid
869,Amanda Baker,joshua91@example.org,727-302-9193x23589,2024-06-02,Postpaid
870,Karina Burgess,juan80@example.org,(946)999-8813,2024-08-09,Postpaid
871,Brett Walker,christine18@example.com,001-455-344-9607x3133,2024-12-23,Postpaid
872,Jill Sims,danaknox@example.com,001-224-565-9089x76853,2023-08-30,Prepaid
873,Aaron Smith,walshmichael@example.org,691-998-4642,2023-11-02,Postpaid
874,Rebecca Mcintosh,jacksonjillian@example.net,540-361-1272x45799,2023-06-10,Postpaid
875,Tiffany Grant,garciabreanna@example.org,396.565.2000x915,2024-05-27,Prepaid
876,Aaron Ray,theresasmith@example.org,281.214.7743x788,2025-03-22,Postpaid
877,Rita Berry,kenneth28@example.net,001-206-579-0842x66552,2024-07-20,Prepaid
878,Ruth Ramirez,ericwarren@example.com,854.877.6128x070,2023-06-01,Postpaid
879,Christopher Pierce,kylewebster@example.net,535-481-4770x4245,2024-05-21,Prepaid
880,John Villanueva,stephenssean@example.org,(970)508-5055x41668,2024-06-06,Postpaid
881,Tiffany Allen,ijohnson@example.org,001-260-974-4219x540,2024-03-25,Postpaid
882,Danny Friedman,kimmichael@example.net,918.427.4008,2023-09-01,Prepaid
883,Brian Harper,baileygeorge@example.org,(595)533-8690,2025-01-11,Postpaid
884,Perry Hall,ccarroll@example.org,+1-862-273-4533,2024-10-07,Postpaid
885,Cameron Mullen,hawkinstravis@example.net,+1-305-858-8595,2024-06-10,Prepaid
886,William Clark Jr.,tuckermichelle@example.net,+1-401-331-1128x073,2025-01-19,Postpaid
887,Michael Reyes,kenneth89@example.net,453-370-3105x55243,2023-08-02,Postpaid
888,Ricardo Blevins,bwallace@example.com,703.701.3101x0013,2023-08-10,Postpaid
889,David Wilson,lambnicole@example.org,001-715-531-1002x60214,2024-05-31,Prepaid
890,Raymond Williams,holly82@example.net,(902)809-5042,2023-10-04,Postpaid
891,Seth Stewart,johnsonvictoria@example.org,762.383.2188x19589,2024-09-25,Prepaid
892,Julia White,hhenderson@example.net,(916)399-1614x57236,2024-02-29,Postpaid
893,Michael Murray,danny65@example.net,542.270.8256x7136,2024-08-31,Postpaid
894,Kenneth Winters,alexandrabrown@example.net,(934)931-2142x6158,2025-01-13,Postpaid
895,Ryan Smith,maryowens@example.net,517-983-4329x37464,2025-04-11,Prepaid
896,Vicki Smith,rileyalexis@example.com,2809174057,2024-06-22,Prepaid
897,Troy Anderson,graytiffany@example.org,+1-419-590-1881x07429,2024-08-17,Postpaid
898,Monica Townsend,morrisjerry@example.net,+1-535-820-0079x74322,2023-05-03,Prepaid
899,Beverly Mcmahon,thompsoncarol@example.net,(534)308-7050,2023-07-29,Prepaid
900,Robert Franklin,qkim@example.com,(389)924-4153,2024-12-09,Prepaid
901,Nicole House,maryalvarez@example.net,6842397764,2025-02-02,Postpaid
902,Jonathan West,alex22@example.net,3258143856,2024-10-11,Prepaid
903,Keith Cruz,stephanieroach@example.org,270-610-0997x08413,2024-07-10,Prepaid
904,Eric Morrow,gsmith@example.net,428-242-7251x0017,2023-12-15,Prepaid
905,Nicholas Higgins,kyle98@example.net,(230)546-1430x8354,2024-02-05,Prepaid
906,Frank Allen,joseph47@example.net,7734554688,2023-07-09,Prepaid
907,Christopher Schwartz Jr.,hayley24@example.org,001-671-960-8016x8042,2023-08-15,Postpaid
908,Amy Kim,logan99@example.org,959.356.3468,2025-01-28,Postpaid
909,Gina Adams,adamssandra@example.net,206-561-3205x8224,2023-08-15,Postpaid
910,Dennis Phelps,derek59@example.org,(861)226-9462x3658,2023-07-25,Postpaid
911,Jenna Huffman,danielleunderwood@example.com,8367792163,2024-06-15,Prepaid
912,Cory Huang,sean66@example.com,+1-750-265-2380x261,2024-11-02,Prepaid
913,Edward Cantu,megannguyen@example.net,+1-486-986-8798x6282,2024-07-12,Postpaid
914,Caitlin Harvey,ericguzman@example.org,447-677-6592x02581,2023-11-26,Prepaid
915,John Ross,michelle80@example.net,377.337.7126,2024-06-17,Prepaid
916,Elizabeth Kelly,shuber@example.org,001-493-283-6385x47609,2024-01-23,Postpaid
917,Isaac Ruiz,tparks@example.org,+1-549-703-5739x216,2023-10-15,Prepaid
918,Theresa Young,williamsthomas@example.net,653-798-6168,2025-01-22,Postpaid
919,Joshua Warner,michaelpope@example.org,001-401-966-3027x7278,2023-08-27,Postpaid
920,Keith Schwartz,brownjacqueline@example.net,(932)410-4353x77393,2025-03-06,Postpaid
921,Sharon Osborn,leedawn@example.com,459.676.3187,2025-03-09,Prepaid
922,Teresa Jones PhD,smithkristy@example.org,001-320-889-4816x294,2024-12-21,Prepaid
923,Hannah Smith,janicepalmer@example.com,+1-431-484-6558,2023-06-08,Postpaid
924,Carrie Burch DDS,mpaul@example.org,6529631576,2024-11-18,Prepaid
925,Rachel Burke,bryantfrank@example.net,345-759-2852x47934,2024-08-05,Postpaid
926,Wesley James,bfrank@example.org,414-661-7509x34934,2023-07-04,Postpaid
927,Michael Cook,josephstevenson@example.net,406.246.1940x4362,2024-08-01,Postpaid
928,Christine Wade,elizabethallen@example.com,279.878.1495x85009,2025-01-06,Postpaid
929,Amy Singh,torresbarbara@example.org,+1-535-758-8411x11311,2024-03-02,Postpaid
930,Eric Byrd,raymondporter@example.org,+1-792-695-9170x168,2024-09-19,Postpaid
931,Jesus Hill,cartereric@example.org,(979)783-4075x53994,2023-09-12,Prepaid
932,Sherry Stark,gkelly@example.org,755-653-1287x042,2025-04-11,Prepaid
933,Elizabeth Little,mary38@example.com,+1-860-931-2349x092,2023-08-07,Prepaid
934,Maria Kaufman,richardanderson@example.org,258-868-2845x61649,2025-04-14,Postpaid
935,Erin Webster,hancockchristine@example.org,001-542-743-8861x768,2023-12-16,Prepaid
936,Anne Davis,hannah99@example.org,001-200-943-3818x184,2024-08-06,Prepaid
937,Bradley Hernandez,mfranco@example.net,001-210-673-6549x59123,2024-09-06,Prepaid
938,Kevin Harris,lmendez@example.org,4042420940,2025-01-23,Postpaid
939,Alexis Nash,christopherruiz@example.net,656-782-4743x14905,2025-02-24,Postpaid
940,Melissa Williams,zgonzales@example.org,(693)869-6726x062,2025-04-06,Prepaid
941,Stephanie Davis,daviesbrianna@example.org,932.251.7661x97850,2023-11-21,Prepaid
942,Laurie Patterson,tscott@example.com,+1-369-263-4181x91797,2023-07-10,Prepaid
943,Chad Smith,ramirezmichelle@example.org,959.232.4171x0278,2024-11-01,Postpaid
944,Sharon Garcia,christopher20@example.net,001-754-275-0584x3546,2024-07-26,Postpaid
945,Russell Gonzales,antonio03@example.org,487-404-1588x1579,2023-09-19,Prepaid
946,Yolanda Riley,trevorarmstrong@example.org,791-468-3490x8589,2023-12-03,Postpaid
947,Christopher Powers,kimberlysweeney@example.org,338.639.1816x3412,2025-02-09,Postpaid
948,Rhonda Velasquez,ramirezlauren@example.net,505.967.9678x9858,2023-07-03,Postpaid
949,Emily Perry,benjaminthomas@example.com,(274)795-7873,2023-09-26,Postpaid
950,Michelle Murphy,tlin@example.org,271.768.1597x53597,2024-03-30,Prepaid
951,Mary Vaughn,jennifer12@example.org,+1-577-507-6360x771,2023-05-30,Postpaid
952,Patricia Ramirez,stevenbradshaw@example.com,(866)421-9022,2024-09-13,Postpaid
953,Miguel Coffey,josephoneal@example.org,(668)743-4299x3662,2025-03-01,Postpaid
954,Joseph Jackson,qrodgers@example.com,(909)325-1576,2024-03-02,Prepaid
955,Michael Castro,kristy03@example.com,(961)775-4367,2024-03-01,Postpaid
956,Ronald Butler,jennifer11@example.org,(403)741-5105x627,2023-05-29,Postpaid
957,Raymond Johnson,johnsonjoyce@example.org,001-651-835-1329x390,2023-07-06,Postpaid
958,Garrett Taylor,john80@example.org,969.228.3364,2024-03-13,Prepaid
959,Michelle Gonzalez,roblessamuel@example.net,001-544-975-6928,2023-11-20,Postpaid
960,Dillon Gardner,douglasfischer@example.net,9628535522,2024-02-01,Postpaid
961,Scott Russell,michaeljohnston@example.net,+1-467-913-0179x899,2023-05-26,Postpaid
962,Joseph Mejia,nicholasbradford@example.com,+1-654-266-5139x88074,2024-06-13,Prepaid
963,April Mercado,heather89@example.org,+1-648-239-5131x7867,2024-02-10,Postpaid
964,Christopher Arnold,mharper@example.org,001-793-988-4945x08979,2025-04-06,Postpaid
965,Brenda Cook,handerson@example.com,(279)578-8093x98003,2023-12-30,Postpaid
966,Jay Paul,heather03@example.org,992.216.4954,2024-06-26,Postpaid
967,George Wagner,chenderson@example.com,(492)943-1904x7959,2024-08-07,Prepaid
968,William Arroyo,wesley79@example.com,001-388-363-9253,2024-07-04,Postpaid
969,Megan Webb,david19@example.com,722-295-9469x14900,2023-07-08,Prepaid
970,Brian Peters,matthewhowe@example.net,(589)445-7404,2024-05-22,Prepaid
971,Mary Bartlett,andersonrandy@example.org,001-487-609-9207x8507,2024-09-17,Postpaid
972,Lisa Cervantes,victorialawson@example.com,(620)807-1110,2024-08-20,Postpaid
973,Sandra Morris,bmeyer@example.net,397.539.6206x6307,2024-06-01,Prepaid
974,Stephanie Levy,lloydsarah@example.com,(919)413-0878,2024-11-15,Postpaid
975,Allison Todd,thunter@example.org,442-759-5167,2023-07-09,Postpaid
976,Shirley Cole,jenniferbright@example.org,001-441-681-2977x97049,2024-12-05,Postpaid
977,Tina Macdonald,callen@example.org,8932533758,2025-02-13,Prepaid
978,Brenda Harris,hallcaitlin@example.net,653-280-4726x688,2024-03-19,Postpaid
979,William Reynolds,sstone@example.net,313.354.3916x923,2025-01-10,Prepaid
980,Jamie Church,morgan93@example.net,583-835-3520,2023-07-18,Prepaid
981,Tina Nelson,greenvictoria@example.org,(282)771-0671x48793,2024-09-22,Postpaid
982,Charles Wallace,kcabrera@example.net,001-283-637-3097x96165,2024-11-25,Postpaid
983,Dustin Miller,mpearson@example.net,7326721550,2024-03-02,Postpaid
984,Kathryn Young,ddavid@example.com,996-240-3616x2150,2024-03-13,Postpaid
985,Henry George,nicolehamilton@example.org,001-353-733-5302x22059,2024-01-30,Postpaid
986,Matthew Bean,qhayes@example.com,578.798.3770,2023-09-02,Prepaid
987,Yolanda Carrillo,mjones@example.org,6316415154,2024-08-09,Prepaid
988,Terry Nelson,rubiolisa@example.com,261-560-8450,2023-05-24,Prepaid
989,Rhonda Neal,dstrong@example.net,001-402-879-5820x1629,2024-01-02,Prepaid
990,Fernando Barr,wthompson@example.com,8235001817,2024-11-05,Prepaid
991,Stephen Goodwin,perezstephanie@example.org,+1-310-396-2542x60553,2025-03-04,Postpaid
992,Molly Jones,lori25@example.net,221.515.3203x6409,2024-05-29,Postpaid
993,Tony Roth,coopermark@example.org,754.448.5302x29461,2024-05-19,Postpaid
994,Angela Mayo,cameron01@example.com,001-465-867-6332x93037,2025-03-25,Postpaid
995,Melissa Murray,lopeznancy@example.net,001-960-566-9551,2024-04-09,Postpaid
996,Michael Riley,melanie25@example.org,930.950.4442x1052,2024-07-30,Prepaid
997,Pamela Watson,valeriewells@example.com,+1-513-387-3108x260,2024-04-15,Postpaid
998,Taylor Williams,curtis07@example.com,+1-225-811-6384x675,2024-08-26,Prepaid
999,Eric Perry,robert10@example.org,(485)966-6999x8327,2023-10-24,Prepaid
1000,Danielle Nelson,marissa94@example.org,648-251-6358x7559,2023-10-14,Postpaid
1001,Justin Hill,jodi54@example.org,001-488-495-6608x08333,2024-01-19,Prepaid
1002,Denise Gallagher,mathisdiane@example.org,297.573.2429,2024-03-08,Prepaid
1003,David Cruz,ymorse@example.net,(268)906-3276,2024-04-19,Postpaid
1004,Ashley Deleon,stewartbrian@example.com,+1-858-901-7700x69854,2023-10-01,Postpaid
1005,Kathryn Williams,diane00@example.net,455.632.8202x29284,2023-12-07,Prepaid
1006,Miranda Huerta,mmurphy@example.org,257.931.5976x7860,2023-08-27,Prepaid
1007,Robert Oliver,vwood@example.org,921.210.8640,2023-09-05,Prepaid
1008,Patrick Parker,daltonaguilar@example.org,3593853275,2025-04-27,Postpaid
1009,Chelsea Ford,nelsonannette@example.net,001-243-482-1399x393,2024-09-22,Prepaid
1010,Rachel Hughes,barbara28@example.net,585-395-2538,2024-10-31,Prepaid
1011,Samuel Morris,andrew21@example.com,+1-760-648-5607x403,2024-05-31,Prepaid
1012,Brandon Chapman,farmerlaurie@example.org,(803)917-0824x298,2023-06-05,Prepaid
1013,George Carey,matthewdoyle@example.com,773.940.7479x28106,2023-06-21,Prepaid
1014,Lori Fletcher,combsdavid@example.com,001-247-317-9785x26606,2025-03-06,Prepaid
1015,Eric Austin,ngillespie@example.com,4147996214,2024-04-14,Prepaid
1016,Beth Buckley,scott25@example.net,001-631-859-5199,2025-01-07,Postpaid
1017,Scott Everett,barbarapatterson@example.org,+1-448-275-8183x21091,2024-01-13,Prepaid
1018,April Anderson,hquinn@example.org,001-519-804-3017x57253,2024-11-20,Postpaid
1019,William Mullen,kimberly52@example.com,(742)863-4832,2024-10-23,Prepaid
1020,Kathleen Johnson,yushannon@example.net,291.904.1619,2024-09-27,Prepaid
1021,Donald Gill,erichardson@example.org,850-403-2459x8660,2023-09-19,Prepaid
1022,Katie Smith,shawn70@example.com,575-551-8269x0931,2025-02-25,Prepaid
1023,Jack Goodman,thomas63@example.net,558.907.8445x926,2024-05-29,Postpaid
1024,Mark Brown,turnerchad@example.org,001-948-597-2663x774,2025-03-22,Postpaid
1025,Frank Gill,kristiebrown@example.com,(834)316-8245,2025-03-23,Prepaid
1026,Michael Chandler,jessicabaker@example.com,3122026347,2024-05-23,Prepaid
1027,Terri Watkins,sharon23@example.com,439.375.7114,2023-05-14,Postpaid
1028,Catherine Francis,smithnathan@example.net,+1-834-207-2283x207,2025-02-27,Postpaid
1029,Tina Patton,fchambers@example.org,001-869-863-1940x152,2023-06-20,Prepaid
1030,Mary Parker,moodyjordan@example.net,(502)506-3756x00099,2024-06-02,Postpaid
1031,Robert Scott,simonjessica@example.com,+1-885-241-2422x6052,2023-12-08,Prepaid
1032,Chad Hansen,anna89@example.org,(201)454-5542,2024-11-16,Postpaid
1033,Melanie King,middletonanthony@example.org,+1-766-644-5885,2025-04-11,Postpaid
1034,Deborah Fernandez,amy04@example.com,890.691.9985,2024-11-07,Postpaid
1035,Mr. Jonathan Blair,adam78@example.net,316-318-8510,2025-04-08,Prepaid
1036,Katherine Leblanc,fboyer@example.com,610.885.2167,2024-10-14,Prepaid
1037,Derrick Parker,irobinson@example.org,+1-671-982-3965x1191,2025-03-16,Postpaid
1038,Don Williamson,ricardomclaughlin@example.org,718-841-4725,2023-05-30,Prepaid
1039,Sharon Brown,sara00@example.com,322-589-2534x50407,2024-07-06,Postpaid
1040,Linda Gallegos,romerodawn@example.org,001-967-852-5080x82694,2023-08-16,Prepaid
1041,Melissa Villa,dawsonerin@example.org,568.748.2461,2024-12-06,Prepaid
1042,Tyler Lopez,tara03@example.net,001-499-407-7534x1521,2025-01-20,Postpaid
1043,Dylan Murphy,lynn01@example.net,486.580.0614,2025-03-03,Postpaid
1044,Johnathan Schroeder,gcline@example.net,696.332.4585x23806,2024-08-07,Postpaid
1045,Curtis Vega,richard71@example.org,+1-781-649-0600,2024-04-26,Prepaid
1046,Lori Garza,robertschristian@example.org,+1-996-557-9186,2024-08-22,Postpaid
1047,Stephanie Walker,donna87@example.com,978-372-5806,2024-03-19,Prepaid
1048,Michelle Ford,steven47@example.com,455.472.8288,2023-10-19,Postpaid
1049,Jamie Ramirez,vwong@example.net,(399)578-5590x8297,2024-09-14,Postpaid
1050,Tonya Torres,blakemurphy@example.com,686-471-6728x76535,2023-05-14,Prepaid
1051,Cynthia Edwards,berryvictoria@example.com,001-629-901-2680,2025-01-22,Postpaid
1052,Christina Cervantes,harry36@example.org,727-787-0748,2024-06-25,Prepaid
1053,Brandon Cunningham,william14@example.com,558.985.7907x701,2024-10-03,Prepaid
1054,Michael Gonzalez,mgray@example.net,506-462-0426x871,2023-06-20,Prepaid
1055,Kelly Baker,jamespage@example.com,334.930.2845,2025-02-17,Prepaid
1056,Manuel Hunter,eturner@example.org,325-600-8029x333,2024-04-27,Prepaid
1057,Nicole Garcia,hosandra@example.net,500.959.6554x939,2023-09-09,Prepaid
1058,Sarah Walker,carrieallen@example.org,9348551904,2024-04-12,Prepaid
1059,Gabrielle Miller,molsen@example.net,(529)346-2350,2025-02-22,Prepaid
1060,Laura Reynolds,susanbennett@example.org,+1-610-518-9104x306,2024-05-11,Postpaid
1061,Sean Higgins,stephanie08@example.com,337.749.5154,2024-09-25,Postpaid
1062,Kenneth Stewart,jamessheri@example.com,707.207.9952x687,2023-09-19,Prepaid
1063,James Martinez,wlucero@example.com,666-399-2263,2024-06-13,Postpaid
1064,Christopher Anderson,kchan@example.com,4649000412,2025-01-06,Postpaid
1065,Jessica Taylor,mistyperez@example.com,+1-492-599-3654,2023-07-31,Postpaid
1066,Michael Noble,mwright@example.com,+1-565-724-5300,2024-09-16,Prepaid
1067,Ashley Rice,griffintracy@example.net,(329)235-1567x6228,2024-07-07,Prepaid
1068,Anthony Phillips,marklawson@example.com,9554843146,2024-06-16,Prepaid
1069,Wanda Aguilar,jamesjennifer@example.org,974.321.0108,2023-08-09,Postpaid
1070,Jennifer Conrad,wmorris@example.org,+1-650-885-9926,2023-10-22,Prepaid
1071,Amy Rogers,wrightjeffery@example.com,001-329-546-4301x5315,2025-03-18,Prepaid
1072,David Torres,brandymayer@example.com,+1-703-456-1690x985,2025-03-02,Prepaid
1073,Katherine Lucas,michael26@example.org,680.311.2495x5013,2023-10-20,Postpaid
1074,Carol Orozco,hawkinsandrew@example.org,(967)538-6788x1431,2023-05-29,Prepaid
1075,Austin Reed,alexis71@example.com,001-733-587-2980x60041,2024-02-03,Prepaid
1076,Kara Martinez,christopher83@example.org,001-601-640-1629x27714,2024-10-03,Postpaid
1077,Mrs. Elizabeth Delgado,robertsjeremy@example.com,001-366-481-8364x543,2023-09-20,Postpaid
1078,Dr. Brandon Johnson III,greenlisa@example.com,377-969-5749x84250,2025-04-12,Postpaid
1079,Jessica Salazar,robert14@example.net,890.574.1755,2024-11-03,Prepaid
1080,Robert James DDS,lirichard@example.net,882.831.4791x11921,2024-09-05,Postpaid
1081,David Martinez,pparker@example.org,986.804.4751x61429,2024-02-27,Prepaid
1082,Crystal Chang,nicole82@example.net,(232)969-2841x479,2023-09-07,Prepaid
1083,Regina Hall,joel92@example.org,+1-575-532-4084x24560,2023-10-21,Postpaid
1084,Melissa Gordon,andrewgarcia@example.org,523-378-7147,2023-12-29,Prepaid
1085,Donald Lopez,loweryjessica@example.net,(486)573-0749,2024-08-22,Prepaid
1086,Lori Lynch,wayers@example.net,863.677.4409x9875,2024-03-19,Prepaid
1087,Sandra Barrett,teresachavez@example.net,9265492535,2023-12-26,Postpaid
1088,Jason Pham,garciaannette@example.org,4202346881,2024-01-30,Postpaid
1089,Samantha Smith,emilywalker@example.net,+1-251-359-3780x95108,2023-06-09,Postpaid
1090,Richard Martinez,farmeryesenia@example.com,436.271.6350x5509,2023-08-01,Postpaid
1091,Andrew Martin,pperez@example.org,(854)722-4964x39105,2023-08-04,Postpaid
1092,John Strickland,fcaldwell@example.net,001-971-948-4654x1055,2024-12-02,Postpaid
1093,Jeanette Miller,pamela64@example.net,(649)568-9455,2024-03-13,Prepaid
1094,Melissa Mendoza,gmartinez@example.net,001-244-777-2066x06702,2023-07-24,Prepaid
1095,Katie Harrison,stephanie67@example.net,443-854-1407x58931,2024-11-01,Prepaid
1096,Margaret Miles,hensleydonald@example.org,+1-571-816-6861x9440,2023-08-08,Postpaid
1097,John Hernandez,nataliepeterson@example.com,(500)741-9411x72759,2023-06-15,Prepaid
1098,David Mercer,ibautista@example.net,597.815.9685x946,2023-11-24,Prepaid
1099,Ryan Santos,danahamilton@example.org,968-765-6515x69368,2023-08-08,Postpaid
1100,Tammy Garcia,jasmine91@example.com,001-271-236-9004x895,2024-06-14,Prepaid
1101,Tonya Gray,stephanie79@example.net,620.927.8468x550,2023-07-28,Postpaid
1102,Kevin Hernandez,nathanielgarcia@example.com,(299)483-3203x4113,2025-02-23,Postpaid
1103,Timothy Vargas,thomas89@example.com,(390)857-4997x91810,2023-11-02,Prepaid
1104,John Campbell,jfrank@example.org,797-983-5357x542,2025-02-16,Postpaid
1105,Adam Johnson,jacobjohnson@example.net,+1-468-295-7129x1327,2023-06-15,Postpaid
1106,Charles Steele,marvinperry@example.com,001-420-609-4250,2024-06-17,Prepaid
1107,Brittany Banks,ibrown@example.com,242.376.2174,2025-03-08,Postpaid
1108,David Smith,loripayne@example.net,(478)589-3651,2024-12-04,Prepaid
1109,Danielle Cervantes,hermanchristine@example.net,001-669-542-9298,2024-05-27,Prepaid
1110,Heidi Baldwin,troy31@example.net,001-695-993-6033x28950,2025-02-15,Prepaid
1111,Kristen Vega,michaelwalsh@example.net,690-594-1434,2024-04-13,Prepaid
1112,Matthew Garza,tguzman@example.com,275-964-6813x1249,2024-07-25,Postpaid
1113,Adrian Young,jane20@example.org,+1-530-404-7790,2023-07-29,Postpaid
1114,Arthur Knight,claytontodd@example.net,943.668.2891,2024-03-07,Postpaid
1115,Craig Peterson,rivasdanielle@example.org,609.619.6439x1158,2025-04-26,Prepaid
1116,Samantha Vasquez,alvaradokayla@example.com,(935)287-9663,2024-01-04,Prepaid
1117,Penny Dean,whitney57@example.org,(983)738-4719,2025-03-25,Postpaid
1118,George Marshall,scottdavis@example.net,423.867.4030x418,2024-11-26,Postpaid
1119,Laurie Wheeler,melissaharrington@example.com,461.538.4240x926,2024-08-15,Postpaid
1120,Robin Sullivan,williamsnathan@example.com,6433471222,2024-10-16,Postpaid
1121,Ashley Watkins,duncankyle@example.com,+1-204-261-1614x7120,2025-03-07,Prepaid
1122,Jason Torres,lisabarajas@example.net,(597)292-3035,2024-01-08,Postpaid
1123,Matthew Walker,eric08@example.com,+1-212-493-4433x44858,2025-01-06,Postpaid
1124,Kathleen Hogan,rogersjanice@example.com,+1-896-315-1035,2023-06-16,Postpaid
1125,Dr. Monica Brown,jasonsmith@example.org,001-247-768-7989,2024-07-14,Postpaid
1126,Ashley Byrd,glenn56@example.org,760-209-5391,2024-12-03,Prepaid
1127,Tiffany Dunn,mleon@example.com,5028013090,2023-09-18,Prepaid
1128,Ronald Lawrence,carolynjones@example.net,9382348688,2023-11-12,Postpaid
1129,Tammy Kim,vdavis@example.net,001-714-217-6249,2024-02-29,Prepaid
1130,Richard Wilson,thompsonmichelle@example.com,001-801-907-1691,2024-01-12,Postpaid
1131,Eric Wilson DVM,ronald48@example.net,001-823-834-5040x3967,2024-08-24,Postpaid
1132,Beth Dean,lyonsjohn@example.org,433-305-8910x55104,2023-07-18,Prepaid
1133,Sara Velazquez,tdavis@example.org,001-942-842-6908x01909,2023-10-05,Postpaid
1134,Anthony Baker,cainmackenzie@example.com,566.592.5324,2024-07-08,Prepaid
1135,Ruth Beasley,allison27@example.com,439-520-8764x810,2024-06-03,Prepaid
1136,Willie Silva,sethwhite@example.net,693-698-0542x295,2023-07-09,Prepaid
1137,Ryan Welch,victoriapayne@example.com,+1-263-707-5488x073,2024-01-07,Postpaid
1138,Kenneth Diaz,bjackson@example.com,(949)618-6720x4726,2024-04-03,Prepaid
1139,Jeremy Cox,vsmith@example.net,(669)636-7986x494,2025-04-07,Prepaid
1140,Donna Lang,melissataylor@example.com,541.559.4980,2025-02-16,Prepaid
1141,Lisa Velez,donaldsonamy@example.net,412-678-6722x7907,2023-08-10,Postpaid
1142,Cynthia Wilson,lukeabbott@example.org,(858)827-2496,2023-06-07,Postpaid
1143,Candace Hall,brian42@example.com,001-555-833-8465x0442,2024-02-14,Prepaid
1144,Amber Cherry,julie56@example.com,337.754.0621x0907,2024-03-29,Prepaid
1145,Robert Lewis,ann00@example.org,+1-864-630-4906,2024-05-19,Postpaid
1146,Katrina Lewis,jonessarah@example.org,616.386.0554x277,2023-12-03,Prepaid
1147,Katie Johnson,amonroe@example.net,001-494-603-9575x621,2024-05-16,Prepaid
1148,Thomas Charles,murphyjonathan@example.net,748.864.3243x64200,2024-03-03,Prepaid
1149,Kimberly Solomon,aaronmccormick@example.org,221.545.0154,2024-06-26,Prepaid
1150,Amanda Adams,rsheppard@example.org,830.348.6317,2024-10-05,Prepaid
1151,Bethany Phillips,umorgan@example.org,454.425.3961,2023-12-07,Postpaid
1152,Anthony Garza,elizabeth45@example.net,4283728834,2024-01-24,Prepaid
1153,Angela Miller,christy76@example.org,(617)297-0359,2023-11-06,Prepaid
1154,Carlos Carson,wrightjohn@example.net,339.580.4706x101,2024-11-05,Prepaid
1155,Barbara Martin,margaret40@example.com,604-481-0914x3227,2024-03-16,Postpaid
1156,George Wade,tinaconley@example.org,772-677-5450,2025-04-13,Prepaid
1157,Jay Gray,wangrichard@example.net,+1-571-274-0193,2024-12-20,Postpaid
1158,Candice Michael,danielle62@example.org,+1-501-294-6236x42434,2023-11-05,Postpaid
1159,Roy Brown,laurie29@example.net,506.427.7686x43149,2024-11-12,Postpaid
1160,Cheryl Mclaughlin,oryan@example.com,001-963-811-2100x99692,2024-06-15,Prepaid
1161,Donna King,uyoung@example.com,001-436-348-0258x4504,2025-04-12,Prepaid
1162,Nicholas Larsen,wkaiser@example.net,001-618-634-9689x6204,2024-04-08,Postpaid
1163,Nathan Jackson,fowlertammy@example.org,7579203603,2023-05-01,Prepaid
1164,Melissa Ellis,kayladavid@example.net,(954)901-1784,2025-01-04,Postpaid
1165,Justin Salas,olsonbrent@example.org,684-845-5279x079,2024-05-18,Prepaid
1166,Latasha Torres,lisa69@example.com,+1-423-777-4561x15250,2024-12-08,Postpaid
1167,Jeffrey Hernandez,eric08@example.com,(724)350-1841x50313,2024-09-22,Postpaid
1168,Charles Blankenship,wallacecaroline@example.com,6565120961,2025-03-29,Postpaid
1169,Mitchell Davis,dmatthews@example.org,+1-378-979-0050x5335,2024-11-03,Postpaid
1170,David Walter,juan20@example.org,+1-811-933-9933x93177,2023-12-11,Postpaid
1171,Natalie Joseph,williamgentry@example.net,462-977-4212x81816,2023-05-01,Postpaid
1172,Savannah Ramos,martinsummer@example.com,+1-773-527-2496,2024-04-04,Postpaid
1173,Taylor Farmer,prestongabriela@example.org,8065441583,2024-05-15,Prepaid
1174,David Chen,carterbrent@example.com,001-883-234-2818,2024-06-10,Prepaid
1175,Sara Cox,dburke@example.net,+1-858-680-9965x590,2023-08-10,Prepaid
1176,Jason Hernandez,hickselizabeth@example.net,481-760-3640,2023-08-27,Prepaid
1177,Jennifer Campos,marissagarcia@example.com,4819265192,2024-04-18,Prepaid
1178,Thomas Jenkins,ihill@example.com,(394)683-5845,2023-07-01,Postpaid
1179,Katherine Watson,nnorton@example.com,286-792-7195,2023-12-17,Prepaid
1180,Kathy Nelson,krivera@example.com,(247)288-9981x866,2023-09-24,Postpaid
1181,Andre Gutierrez,lisa85@example.org,001-565-969-5119x96188,2024-05-16,Postpaid
1182,Katherine Stafford,mconley@example.org,941-392-3175,2025-01-23,Postpaid
1183,Nathaniel Moore,qcunningham@example.net,(776)251-4606,2024-12-29,Prepaid
1184,Brittney Cooper,katherine30@example.org,3032911364,2023-09-14,Prepaid
1185,John Maldonado,jimmy58@example.org,+1-370-828-7139x5261,2024-05-09,Prepaid
1186,Lisa Roberts,holly58@example.org,+1-613-625-3765x254,2024-08-02,Postpaid
1187,Kimberly Carter,jenniferhughes@example.com,877.901.0960,2025-01-08,Postpaid
1188,Cindy Scott,shane40@example.net,247-681-9272x19020,2023-07-18,Prepaid
1189,Lauren Barron,steven79@example.com,607.496.9722x614,2023-09-17,Postpaid
1190,Jessica Todd,stonesara@example.com,913-253-6252,2023-10-15,Postpaid
1191,Christine Brady,justinherman@example.com,285.483.4198x0525,2025-04-28,Postpaid
1192,Ricky Lopez,joshua53@example.org,(791)585-4379x87170,2024-02-03,Postpaid
1193,Brian Anderson,lauraunderwood@example.org,374-306-7491,2024-05-17,Postpaid
1194,James Brown,williamnguyen@example.net,7445712068,2023-06-02,Postpaid
1195,Robin Hurst,vherman@example.net,254-578-3722,2023-06-29,Prepaid
1196,Charles Lewis,powerscassandra@example.com,345-220-5800,2024-07-07,Prepaid
1197,Taylor Jarvis,dsmith@example.net,+1-559-526-3347x36243,2025-03-24,Postpaid
1198,Kathleen Young,erinfleming@example.org,(316)739-6816x23912,2025-03-02,Postpaid
1199,Laura Wiley,christina16@example.net,867-283-2411,2023-10-03,Postpaid
1200,Willie Perry,nicole41@example.net,(317)436-7084x69235,2024-02-06,Postpaid
1201,William Pena,joneskristin@example.org,+1-309-538-4362x10984,2024-11-08,Postpaid
1202,April Walters,zroy@example.net,001-635-793-7726x5187,2023-09-29,Prepaid
1203,Thomas Harris,taylorwheeler@example.net,(958)472-7574x9656,2025-01-24,Postpaid
1204,Charles Donovan,gcunningham@example.org,001-573-842-6952x644,2025-03-20,Postpaid
1205,Melanie Pugh,john83@example.org,001-976-578-6597x50055,2025-04-11,Postpaid
1206,Juan Rojas,davidcox@example.org,974-285-7705x75972,2023-08-18,Prepaid
1207,Christopher Cole,sullivanlori@example.net,6739186393,2024-07-08,Postpaid
1208,Christine Smith,swansonchad@example.org,594.511.9451,2024-04-23,Postpaid
1209,Brandon Castillo,leah89@example.net,683-235-4205x5256,2024-01-25,Postpaid
1210,Daniel Richards,guerrerojanet@example.com,445.854.4748,2023-09-27,Prepaid
1211,Nancy Macdonald,jeremiah65@example.net,(677)808-6351,2023-05-22,Postpaid
1212,David Ryan,panderson@example.net,+1-395-946-4099x96756,2024-04-01,Postpaid
1213,Kristin Banks,sheilasosa@example.net,+1-434-412-8902x186,2025-01-30,Postpaid
1214,Nicole Johnston,stephen80@example.com,001-281-251-7031x26059,2024-03-23,Postpaid
1215,Tracey Abbott,fmorrison@example.org,+1-211-783-9743x1794,2024-02-12,Postpaid
1216,Jennifer Wyatt,amandagreene@example.org,8336158407,2023-12-12,Prepaid
1217,Nicole Forbes,dhill@example.org,7439854400,2024-10-05,Postpaid
1218,Jill Galloway,gbarry@example.com,5333047244,2023-06-11,Prepaid
1219,Brian Ortiz,ysampson@example.org,+1-521-805-3676x5908,2023-12-27,Prepaid
1220,Melinda Frye,dmyers@example.net,567.552.1567x6069,2024-03-17,Prepaid
1221,Alyssa Hoffman,christopherrogers@example.com,(747)593-5002,2024-07-03,Postpaid
1222,Candace George,acosta@example.org,+1-657-896-3101x33315,2025-03-15,Prepaid
1223,Sarah Santiago DDS,jadkins@example.net,(381)454-8005,2023-05-21,Prepaid
1224,Ashley Smith,parkbenjamin@example.org,+1-582-755-7271,2023-11-29,Prepaid
1225,Eugene Sanchez,gregreyes@example.org,001-859-820-0659x7049,2024-06-08,Postpaid
1226,David Johnson,janetgraves@example.org,+1-377-202-4955x9610,2023-12-23,Postpaid
1227,Thomas Rich,ktorres@example.com,841.343.8550,2024-06-10,Prepaid
1228,Luke Parker,rperez@example.net,001-738-583-5639x614,2023-08-05,Prepaid
1229,Beth Kennedy,matthew12@example.net,001-656-845-6558,2025-01-02,Postpaid
1230,Brandon Torres,edward55@example.com,961.293.5946x840,2023-09-28,Prepaid
1231,Jerry Gutierrez,ibrewer@example.org,6504779207,2023-05-19,Prepaid
1232,Kathryn Hancock,solomonlacey@example.org,996.379.5563,2025-01-24,Prepaid
1233,Megan Snyder,bryantdavid@example.com,001-428-474-2189,2024-01-07,Prepaid
1234,Thomas Morris,dominguezjon@example.org,001-777-605-9746x816,2025-02-11,Postpaid
1235,Curtis Chapman,rebecca54@example.net,001-684-799-4782x553,2025-03-23,Prepaid
1236,Amanda Gilbert,nancy09@example.com,+1-740-812-7707,2024-06-01,Prepaid
1237,Alison Klein,fsmith@example.net,(414)901-0737x24119,2024-09-12,Postpaid
1238,Jared Anderson,jdaniels@example.net,001-657-725-7446,2024-04-12,Postpaid
1239,Tyler Ball,johnwilson@example.org,330-969-0672x1771,2025-02-20,Postpaid
1240,Edward Hill,fproctor@example.net,001-716-429-5286x36075,2024-11-10,Prepaid
1241,Michael Smith,wwilliams@example.net,259.216.3108,2024-03-09,Postpaid
1242,Jerry Allen,ejackson@example.org,489.737.5407x8507,2024-02-10,Prepaid
1243,Crystal Solis,lesliewebb@example.org,563-502-6686x638,2024-01-03,Postpaid
1244,Charles Cooley,robbinsnicholas@example.org,323.704.2422,2024-11-24,Postpaid
1245,Mrs. Samantha Wong,christine83@example.org,(472)390-3323,2023-06-24,Postpaid
1246,Joseph Clay,tfoster@example.org,243.976.4446x0338,2024-10-13,Prepaid
1247,Brandy Atkins,webbchristine@example.com,224-645-8278,2023-05-06,Prepaid
1248,Carolyn Copeland,tsmith@example.net,5399374908,2024-01-22,Postpaid
1249,John Simpson,lindseyguerrero@example.org,001-773-709-5497x8926,2025-01-09,Postpaid
1250,Dana Wilkinson,brandon50@example.org,574-392-5031x437,2025-03-20,Postpaid
1251,Julie Webster,colleen61@example.net,(686)802-1137,2024-09-08,Prepaid
1252,Michele Shannon,edward43@example.net,9585556716,2025-02-01,Prepaid
1253,Steven Barnes,hillchristopher@example.com,499-363-5116x9525,2024-03-25,Prepaid
1254,William Pham,tara45@example.org,(957)573-7512,2024-01-26,Prepaid
1255,David Villegas,gomezcourtney@example.com,001-638-464-4876,2024-07-30,Prepaid
1256,Robert Morgan,perezrobert@example.com,607-622-0547,2024-04-29,Postpaid
1257,Janet Dixon,nallen@example.net,(668)340-0168,2023-09-29,Postpaid
1258,Michelle Garcia,nicole59@example.org,630-636-0736x65887,2025-03-29,Prepaid
1259,Timothy Lucas,jonesmargaret@example.org,569.559.4192x005,2023-09-18,Prepaid
1260,Paige Long,davidreilly@example.net,764-540-3778,2023-11-10,Prepaid
1261,Christopher Bartlett,dustin05@example.org,001-844-830-5759x8380,2024-05-07,Prepaid
1262,Clifford Sullivan,kenneth48@example.net,567.320.4046x94011,2024-01-18,Prepaid
1263,Benjamin Reyes,harveyjohn@example.com,(540)322-5656x190,2025-01-18,Postpaid
1264,Maria Nelson,oescobar@example.org,404-597-4263x00631,2024-02-02,Postpaid
1265,Reginald Graves,xpham@example.org,(357)403-8991x552,2023-11-26,Prepaid
1266,Jessica Tate,joshua25@example.net,248-426-1511,2023-06-25,Postpaid
1267,Julie Simmons,ramosjeremy@example.org,573.833.8561x278,2025-02-15,Prepaid
1268,Christopher Kelly,joanne55@example.org,(824)443-3152x4635,2024-06-19,Prepaid
1269,Lindsay Williams,gregory23@example.org,001-869-231-4223x00367,2023-11-27,Postpaid
1270,Lisa Clark,gregorygilbert@example.net,2049607489,2024-11-19,Prepaid
1271,Anna Anderson,garymoore@example.com,899.201.8069,2023-06-20,Postpaid
1272,Alicia Wood,shannon90@example.net,885-269-8687x974,2024-01-02,Postpaid
1273,Matthew Lewis,clarkdustin@example.net,746-637-6972,2024-11-12,Postpaid
1274,Tiffany Taylor,ochristian@example.org,(989)645-3500,2025-03-21,Postpaid
1275,Nicole House,rachelsellers@example.com,+1-812-941-6102x90472,2023-12-31,Prepaid
1276,Michael Smith,warnerjason@example.net,705.893.9562x3974,2024-08-18,Postpaid
1277,Bridget Williamson DDS,allenluis@example.net,+1-807-443-7747x62267,2024-07-16,Postpaid
1278,Andrew Phillips MD,amandaspence@example.net,+1-249-238-4823x65232,2024-06-27,Postpaid
1279,Lori Hernandez,gsharp@example.net,567.825.0010,2024-12-24,Prepaid
1280,Marc Lutz,maria36@example.net,676.903.7295,2024-07-08,Prepaid
1281,Bryan Atkinson,cheryljohnson@example.org,(583)296-7164x714,2024-02-02,Postpaid
1282,Bryan Frank,phill@example.com,001-514-558-3200x338,2025-04-12,Prepaid
1283,Alexander Ray,xking@example.net,001-283-913-0927x771,2024-08-21,Postpaid
1284,David Morgan,ffranklin@example.net,292-693-4994x59986,2025-04-09,Prepaid
1285,Daniel Diaz,schneiderthomas@example.com,+1-318-356-2096x6666,2023-06-28,Postpaid
1286,Robert Carter,gutierrezwilliam@example.net,001-287-307-0695x0737,2024-04-10,Prepaid
1287,Troy Castro,stevenmorris@example.org,5192439723,2023-05-10,Prepaid
1288,Preston Jones,tmiller@example.org,939.575.7060x097,2025-02-10,Prepaid
1289,David Michael,jessicarollins@example.com,(538)870-1971,2025-02-14,Prepaid
1290,Willie Hall,angela58@example.org,857.981.3012x55544,2024-04-09,Postpaid
1291,Paul Smith,david10@example.org,001-921-455-1560,2025-04-08,Postpaid
1292,Lauren Gonzalez MD,burchmichael@example.net,(932)418-0600x2803,2023-06-21,Postpaid
1293,Tara Brown,nicole24@example.com,(649)826-8595x422,2025-01-19,Prepaid
1294,Cesar Martinez,pmiller@example.net,+1-899-815-8978x174,2024-05-20,Prepaid
1295,Courtney Martinez,ereese@example.org,001-802-405-8629x78682,2024-12-26,Prepaid
1296,Timothy Jenkins,phuang@example.net,4473807161,2024-02-06,Prepaid
1297,Michelle Zavala,greenmarcus@example.com,+1-804-539-1016x501,2025-04-29,Prepaid
1298,Jacob Gibson,julie78@example.org,608.591.1002,2023-10-09,Prepaid
1299,Janet Palmer,jenniferphillips@example.net,7243080962,2023-12-23,Postpaid
1300,Emily Harris,ryan78@example.com,+1-498-446-9815x25171,2023-09-07,Postpaid
1301,Jennifer Kirby,porterscott@example.com,9563442042,2024-01-27,Prepaid
1302,Monica Romero,ostevens@example.com,(915)555-4289x58573,2024-11-09,Postpaid
1303,Christopher Black,louisjohnson@example.org,(590)554-0412x2828,2024-11-07,Postpaid
1304,Danielle Hughes,monique87@example.org,+1-516-695-7840x332,2024-12-08,Postpaid
1305,Christopher Hancock,brendan30@example.com,389.715.8902,2024-10-09,Postpaid
1306,Zachary Payne,ewright@example.com,+1-826-429-6924,2024-05-24,Prepaid
1307,Larry Martin,tiffany03@example.org,320-649-9298,2025-01-05,Postpaid
1308,Jeremy Rowe,sabrina64@example.org,845-643-4049x16359,2024-07-20,Prepaid
1309,Christopher Hanson,paul52@example.net,671-569-2288,2023-12-20,Postpaid
1310,Dean Foley,rossnicholas@example.com,516-341-9762,2024-08-24,Postpaid
1311,Ashley Garcia,simssteven@example.com,+1-357-959-1878,2024-03-24,Prepaid
1312,Justin Vazquez,richardhernandez@example.org,(283)319-2721,2024-01-18,Prepaid
1313,Douglas Richards,ethanhumphrey@example.org,001-841-876-0914x11794,2024-11-06,Postpaid
1314,Patricia Tate,fitzgeraldjennifer@example.net,5555579134,2024-08-27,Postpaid
1315,Timothy Diaz,peterswilliam@example.org,8453072083,2024-05-09,Prepaid
1316,Cheryl Wood,williamstanley@example.com,+1-212-797-7345x2674,2024-02-24,Postpaid
1317,James Bowman,christian05@example.com,001-624-568-3973x751,2024-05-14,Postpaid
1318,Sharon Jackson,amandaturner@example.org,(973)261-6212x4755,2023-06-09,Prepaid
1319,James Garcia,andrewcarr@example.com,001-493-485-8621x387,2024-01-06,Postpaid
1320,Madison Welch,hawkinslori@example.org,001-262-316-5246x9951,2023-06-05,Prepaid
1321,Julian Foster,andrew03@example.net,(718)207-1563,2024-12-13,Postpaid
1322,Kayla Hall,mhuffman@example.org,508.858.1999x942,2024-08-05,Prepaid
1323,John Henderson,jgilbert@example.org,001-351-650-1757,2024-09-03,Prepaid
1324,Lauren Mills,gatesandrew@example.org,(473)209-6268x515,2025-03-13,Prepaid
1325,Sarah Marshall,mperry@example.org,001-222-569-4811,2023-05-26,Prepaid
1326,Selena Levine,russellsandra@example.net,534.547.3809,2023-09-08,Prepaid
1327,Tracy Braun,rnavarro@example.org,001-638-830-3286x4787,2024-03-13,Postpaid
1328,Stacy Fuller,quinnmichelle@example.com,(294)790-9660x6283,2024-08-12,Prepaid
1329,Robert Jenkins,qperry@example.org,367.682.3432x99343,2024-05-12,Postpaid
1330,Casey Ramsey,hollowaychristian@example.com,001-285-926-7697x058,2025-01-30,Postpaid
1331,Richard Graham,brandy02@example.com,550-821-5748x2723,2023-09-25,Postpaid
1332,Cindy Baker,agraham@example.com,(985)205-8212,2025-02-17,Postpaid
1333,Rebecca Smith,smithjaclyn@example.com,(503)358-3501x48466,2024-12-08,Prepaid
1334,Jeremy Brock,edward98@example.org,519.939.7126,2023-07-02,Prepaid
1335,Kara Peters,valeriehendricks@example.com,+1-234-843-8521x37602,2025-02-19,Postpaid
1336,Kelly Bird,matthewcrane@example.com,(765)580-9445,2023-08-06,Postpaid
1337,George Schmitt,angelalewis@example.org,933.991.1530x28392,2024-05-05,Prepaid
1338,Brittany Henson,baileystephen@example.com,425.591.0731x958,2024-12-26,Postpaid
1339,Chad Miles,johnsonamy@example.org,2629704391,2024-07-12,Prepaid
1340,Gerald Mills,zacharybarnes@example.com,001-475-680-2554,2024-02-19,Prepaid
1341,Joseph Ortiz,ogonzalez@example.org,698.804.7276x8349,2023-07-09,Postpaid
1342,Jacob Brown,stevenburgess@example.net,891-759-2791,2025-01-29,Prepaid
1343,Melissa Gilmore,austin66@example.org,(449)971-1316,2024-09-04,Prepaid
1344,Joshua Watkins,eric94@example.org,(702)716-1570x7523,2025-03-15,Prepaid
1345,Gabrielle Morales,gregoryjohns@example.net,(334)718-3139,2025-02-01,Prepaid
1346,Angela Scott,sjuarez@example.org,7389041689,2023-05-04,Postpaid
1347,Michael Jones,vscott@example.org,862.761.2036x215,2023-10-04,Postpaid
1348,Michael Thompson,john17@example.org,(676)293-2148,2024-06-09,Prepaid
1349,Gabriel Howard,rwilkinson@example.net,3428252790,2025-04-18,Postpaid
1350,Kelli Nguyen,lindseyrodriguez@example.com,+1-485-226-1038,2024-10-05,Prepaid
1351,Brandy Marks,joshualin@example.org,(945)772-5453,2024-07-28,Postpaid
1352,Jennifer Aguilar,ryanpowers@example.com,305-424-3641x01655,2024-08-02,Postpaid
1353,Jordan Wagner,tdaniels@example.com,+1-948-514-1856x050,2024-04-05,Postpaid
1354,Charles Peters,robert98@example.org,884-565-5696,2023-05-10,Prepaid
1355,Susan Howard,susan44@example.com,(809)253-9054,2023-09-05,Prepaid
1356,Melissa Griffith,rebecca79@example.org,8096639013,2024-10-16,Prepaid
1357,Jennifer Blackburn,michellegriffin@example.com,(859)823-6635,2023-06-27,Postpaid
1358,Kayla Crane,cameroneric@example.com,658.788.8597x007,2024-09-25,Prepaid
1359,Christina Nguyen,beltranwanda@example.org,4864196085,2024-12-12,Prepaid
1360,Emily Ramirez,amyfleming@example.org,+1-691-625-7237x79768,2023-05-20,Postpaid
1361,Chad Jones,castrodanielle@example.net,6905021015,2024-11-30,Prepaid
1362,Mary Lambert,gonzalezjesse@example.net,+1-436-737-2055x88056,2024-06-18,Postpaid
1363,Alice Young,sgallegos@example.org,592-280-3229x2952,2025-04-18,Postpaid
1364,James Curtis,oburke@example.com,+1-378-307-1630,2024-10-05,Postpaid
1365,Brian Barajas,matthewfisher@example.org,(226)815-4222,2023-10-29,Prepaid
1366,Daniel Williamson,hillgeorge@example.org,001-837-463-7962x0471,2023-11-20,Prepaid
1367,Angela Clark,justinwatkins@example.net,(882)285-3580x57794,2023-08-30,Prepaid
1368,Wanda Garcia,martinreynolds@example.com,534-743-6182x552,2024-08-24,Postpaid
1369,Johnny Johnson,wongbrian@example.net,(843)276-8206x7019,2025-03-21,Prepaid
1370,Mallory Smith,shanemonroe@example.net,+1-603-345-9258x377,2024-01-26,Prepaid
1371,Christopher Adams,thomasjohn@example.org,993.937.3385,2023-05-20,Prepaid
1372,Matthew Reed,welchandrea@example.com,(653)824-6997,2024-10-10,Postpaid
1373,Mr. Terry Carroll,meghan47@example.org,(310)239-1060x5937,2023-06-02,Postpaid
1374,Shannon Harris,royking@example.org,790.533.5150,2023-08-02,Prepaid
1375,Debbie Klein,bgalvan@example.net,225.728.1126,2023-11-18,Prepaid
1376,Rodney Wagner,courtney67@example.net,(641)934-7807,2023-11-03,Prepaid
1377,John Jackson,kenneth39@example.com,001-649-233-0566x645,2023-09-17,Postpaid
1378,Courtney Gray,hperez@example.net,+1-979-725-2962,2023-07-25,Postpaid
1379,Jesus Flynn,idavid@example.org,+1-976-554-5446x34510,2024-08-11,Postpaid
1380,Samantha Oliver,simmonsmatthew@example.org,3406862777,2023-08-10,Prepaid
1381,Jaime Adams,uprice@example.org,339-813-8146,2024-05-05,Prepaid
1382,Darin Wong,darlene30@example.com,001-347-411-7412,2023-09-21,Postpaid
1383,Denise Hughes,josephryan@example.org,832-806-0736,2023-09-02,Postpaid
1384,Christopher Bray,vescobar@example.net,(439)452-9973x5714,2024-07-29,Postpaid
1385,Evan Ryan,frostdaniel@example.com,(562)918-0164x424,2023-08-10,Prepaid
1386,Jeffrey Ramos,isaiahbeasley@example.org,2675997198,2024-01-10,Postpaid
1387,Kyle Gutierrez,david95@example.net,+1-275-717-3768x11928,2024-11-04,Postpaid
1388,Vincent Lewis,coreyconner@example.com,742.469.3573x5745,2025-04-15,Postpaid
1389,Michael Mitchell,ocook@example.org,+1-895-407-8321x5996,2024-11-28,Postpaid
1390,Michael Lee,williamsnathan@example.org,4969658776,2025-04-03,Postpaid
1391,Jon Nelson,meyersnicole@example.com,301-889-1269,2024-12-16,Postpaid
1392,Cynthia Nguyen,lisavang@example.net,8299130874,2024-06-02,Prepaid
1393,Jennifer Mays,greencharles@example.com,001-521-314-6164x169,2023-11-20,Prepaid
1394,Phillip Bray,oscar02@example.com,+1-401-594-7145x5063,2024-03-28,Postpaid
1395,Dennis Wilkins,scottbarker@example.net,444.894.8683x40225,2024-11-13,Prepaid
1396,Timothy Madden,yandrade@example.net,(392)752-1830x8549,2023-11-14,Prepaid
1397,Charles Warner,michele14@example.org,297.780.3106,2024-08-24,Prepaid
1398,Calvin Nguyen,antonio56@example.org,521.729.3062x8015,2025-02-14,Postpaid
1399,Charles May,mullinstim@example.com,001-706-729-7336x31398,2024-04-20,Prepaid
1400,Jessica Davenport,melaniemyers@example.org,(499)536-2076,2024-05-28,Postpaid
1401,Ashley Bush,brosario@example.com,(810)613-3494x947,2024-05-01,Prepaid
1402,Bradley Simon,clarence76@example.net,601.231.3046x201,2025-02-27,Prepaid
1403,Linda Wright,alyssawilliams@example.com,001-485-364-3793x8914,2024-06-27,Prepaid
1404,John Bowman,eatonbeth@example.org,374.518.7020,2023-05-01,Postpaid
1405,Taylor Miller,hdalton@example.com,(681)523-7944x148,2023-10-29,Postpaid
1406,Ashley Rogers,michael89@example.net,+1-537-639-1796x64801,2023-06-20,Prepaid
1407,Amanda Jackson,nreed@example.com,+1-734-689-9503x12182,2025-04-23,Postpaid
1408,Caleb Huff,michaeljared@example.net,001-579-452-9276x688,2025-03-05,Prepaid
1409,Lauren Lopez MD,lauriemills@example.net,(953)930-0889,2025-02-28,Prepaid
1410,Angel Taylor,usaunders@example.net,923-415-5794x335,2024-05-30,Prepaid
1411,Michael Conner,deborahoconnor@example.com,635.907.3155x05469,2025-04-14,Prepaid
1412,Andrew Davis,mitchell29@example.net,396.352.4758x340,2024-10-25,Prepaid
1413,Suzanne Robinson,uwelch@example.org,+1-329-752-1688,2023-05-09,Postpaid
1414,Heather Hayes,knoxkaren@example.org,461.791.5823,2023-11-20,Prepaid
1415,William Campbell,lopezcurtis@example.com,(481)867-8980x329,2023-10-12,Postpaid
1416,Kimberly Ellis,seannicholson@example.net,(495)322-7692,2024-07-16,Prepaid
1417,Patricia Carpenter,ambercampbell@example.net,+1-569-224-3446x4562,2024-05-24,Prepaid
1418,Amy Mcintosh,alexanderwatson@example.org,3293243847,2024-02-02,Prepaid
1419,Susan Richmond,marshharold@example.net,(590)726-2025x137,2024-11-12,Prepaid
1420,Stephanie Rosales,kenneth43@example.org,+1-310-998-6302x1143,2024-05-07,Postpaid
1421,Michael Reyes,odomtimothy@example.net,001-820-919-8812x39543,2025-02-23,Postpaid
1422,Jonathan Pace,michaelmueller@example.org,(861)527-1585x6802,2025-03-01,Postpaid
1423,Julian Rios,gregoryandrews@example.com,705-714-4411,2023-05-05,Postpaid
1424,Christopher Campbell,jonathanrose@example.net,(523)481-9016x6728,2023-08-13,Prepaid
1425,Danielle Cole,mlopez@example.net,(282)901-7694,2024-07-28,Postpaid
1426,Paul Jimenez,jonathannguyen@example.com,001-749-565-6747x1181,2024-03-10,Prepaid
1427,Claudia Atkins,gwilliams@example.org,662.521.3511x012,2023-05-27,Prepaid
1428,Karen Johnson,willie13@example.net,940.721.5181x26602,2023-12-28,Postpaid
1429,Elizabeth Macias,dhart@example.com,875-870-4549x9992,2025-04-18,Prepaid
1430,Carlos Sloan,jennifer45@example.org,389.474.9046x800,2024-06-15,Postpaid
1431,Angela Reeves,diazdevin@example.org,751.462.8865,2024-08-20,Postpaid
1432,Lindsey Sparks,kharris@example.org,+1-289-511-6046,2025-02-12,Postpaid
1433,Penny Lewis,melissanixon@example.com,+1-283-602-2146x5966,2023-10-31,Postpaid
1434,Crystal Jordan,hendricksmariah@example.org,413.875.7077,2025-04-26,Prepaid
1435,Valerie Holland,fclark@example.net,+1-759-666-0301,2023-09-01,Prepaid
1436,Ashley Hernandez,rramirez@example.com,+1-727-405-2288,2023-06-18,Prepaid
1437,James Roberts,cuevaslindsay@example.net,767.837.2100,2023-09-28,Postpaid
1438,Emily Ochoa,rsmith@example.org,2615132257,2024-03-03,Postpaid
1439,Brandon Sims,brandihenry@example.org,843-902-7096x166,2024-11-04,Prepaid
1440,Michael Herrera,cookmolly@example.org,562.747.7891,2024-02-18,Prepaid
1441,Cindy Tanner,sandersjames@example.net,455-746-8907,2024-02-20,Postpaid
1442,Jessica Lawson,tammyhayes@example.net,(628)775-6061x5334,2023-05-08,Prepaid
1443,Darren Williams,patrickholden@example.com,+1-619-695-8466x231,2023-10-01,Postpaid
1444,Daniel Gordon,andrew47@example.org,(437)316-2007x52762,2024-09-16,Postpaid
1445,Anthony Baldwin,thomasjames@example.com,907-855-9999x9108,2023-07-21,Prepaid
1446,Kelly Kelly,jessespencer@example.net,(619)661-2021x607,2024-12-31,Prepaid
1447,Joe Reed,destiny22@example.com,001-775-424-3596x10189,2024-10-27,Prepaid
1448,Monica Howard,anthony02@example.com,(663)864-6793x35911,2023-05-19,Prepaid
1449,Michael Arnold,juarezaustin@example.com,298.990.6889,2024-07-31,Postpaid
1450,Latoya Riley,emeyer@example.com,(710)794-8767x020,2023-06-10,Postpaid
1451,Jessica Chapman,michael40@example.com,001-860-554-3515,2024-07-13,Prepaid
1452,Cameron White,mwhite@example.net,(601)927-0696x971,2023-08-12,Postpaid
1453,Terry Mejia,ellen76@example.com,(373)430-8976x17599,2025-01-15,Postpaid
1454,James Morris,makaylatate@example.org,2947746031,2025-03-27,Prepaid
1455,Nicholas Hardy,erik67@example.net,001-394-400-4163x532,2024-06-29,Postpaid
1456,Alyssa Valdez,derrick70@example.net,+1-946-743-6894x822,2025-04-28,Prepaid
1457,Gabriel Moore,erinhernandez@example.com,(629)787-5227,2024-03-03,Prepaid
1458,Matthew Acosta,robertcarr@example.org,+1-768-519-3904x682,2024-03-27,Postpaid
1459,Michael Elliott,john85@example.com,+1-337-776-0568,2024-01-16,Postpaid
1460,Caleb Erickson,zwilson@example.net,839.780.9033,2024-01-30,Prepaid
1461,Tammy Drake,justinparker@example.org,+1-370-298-6797x4795,2025-02-17,Prepaid
1462,Julia George,colemanmatthew@example.org,(238)238-8650x56947,2023-12-16,Prepaid
1463,Dana Thompson,kathy34@example.net,+1-761-649-3089x09832,2023-07-16,Prepaid
1464,Joseph Williams,josewallace@example.com,651.651.9744,2024-09-23,Postpaid
1465,Claudia Poole,brianpeters@example.net,+1-426-422-9207x34705,2024-04-27,Postpaid
1466,Jack Martinez,brianjohnson@example.org,249-209-4629x4623,2025-04-22,Postpaid
1467,Casey French,tiffany30@example.net,001-464-421-1724,2024-06-29,Postpaid
1468,Timothy Tran,schmidtrichard@example.net,472.852.6391x38687,2023-09-26,Prepaid
1469,Danielle Gardner,uperez@example.org,(709)712-3266x8360,2024-04-07,Prepaid
1470,Taylor Roberts,stonesarah@example.org,+1-675-538-7394,2025-04-19,Postpaid
1471,Patricia Bruce,iweiss@example.net,435-309-0869x2726,2023-09-22,Prepaid
1472,Ricardo Villegas,mooreryan@example.org,+1-329-742-9008x1336,2024-10-09,Postpaid
1473,Mary Herrera,monica01@example.net,(958)263-3981,2024-09-08,Postpaid
1474,Melinda Smith,nunezantonio@example.org,+1-634-645-8947x99184,2024-03-22,Prepaid
1475,Jessica Phillips,philipbarnes@example.com,+1-403-376-9184,2023-06-03,Prepaid
1476,Tracy Hoffman,wesleystokes@example.org,(505)732-9588x7148,2023-12-28,Prepaid
1477,Brenda Mason,robertbaker@example.org,+1-502-910-3143x23535,2023-05-28,Postpaid
1478,Micheal Jackson,iyu@example.com,+1-346-983-2825x80901,2024-02-12,Postpaid
1479,Michael Brown,darlenebenson@example.net,645-202-5381x069,2024-07-12,Postpaid
1480,Chad Pierce,carrolllauren@example.org,599.288.3450,2024-12-22,Postpaid
1481,Daniel Allen,jason51@example.com,+1-501-480-4308,2025-04-01,Postpaid
1482,Marc Peters,victorcox@example.org,558.344.3159x81169,2025-01-11,Prepaid
1483,Michele Morales,rachelmarquez@example.com,610.830.8804x44942,2023-11-03,Postpaid
1484,Jacob Gill,coopercristina@example.com,323.807.4319x4400,2024-07-10,Postpaid
1485,Christopher Lucas,barberbrian@example.com,771-286-7651x090,2023-05-14,Prepaid
1486,Justin Hebert,justin95@example.net,509-565-8139x9130,2024-10-31,Postpaid
1487,Jacob Jones,gomezsteven@example.net,846-996-8880x0201,2024-07-01,Postpaid
1488,Tanya Matthews,melissa27@example.net,001-431-884-5978x56955,2023-12-31,Prepaid
1489,Mark Grimes,martin91@example.com,372.205.5273x6552,2024-08-24,Prepaid
1490,Sabrina Haynes,wcampbell@example.com,582.434.5124,2023-08-17,Postpaid
1491,Mark Jones,rebecca89@example.org,754-382-9718,2024-10-03,Postpaid
1492,Kimberly Williamson,jeffreyramirez@example.org,330-515-8850x2328,2025-03-18,Postpaid
1493,Sarah Jimenez,fletchermichael@example.net,001-828-202-7537x260,2024-07-02,Postpaid
1494,Gregory Simmons,jonesjacqueline@example.org,470.660.5386,2024-04-17,Prepaid
1495,Alexis Hawkins,michael45@example.org,(965)274-1567x2773,2025-03-25,Postpaid
1496,Mr. Patrick Berger DDS,renee70@example.org,001-406-813-4564x7378,2023-07-28,Postpaid
1497,Olivia Carter,caldwellrebecca@example.net,498-753-2630x3642,2023-05-25,Prepaid
1498,Dustin Smith,jamesreynolds@example.org,778-710-4573x33104,2023-10-19,Postpaid
1499,Anthony Welch,jwilliams@example.org,(831)368-9728,2024-07-22,Postpaid
1500,Alison Smith,brooke83@example.net,+1-805-306-7896,2024-11-22,Prepaid
1501,Rachel Wilson,kellyoneal@example.net,7186277594,2025-04-23,Postpaid
1502,Sarah Cruz,jacobsmith@example.org,+1-306-535-8589,2023-06-14,Postpaid
1503,Amber Dickson,aaronmitchell@example.com,437.878.7110,2024-06-30,Postpaid
1504,Jody Hamilton,shanecortez@example.com,+1-657-978-0963x475,2023-09-19,Prepaid
1505,Mary Conley,michaelhernandez@example.com,001-592-975-1859x93286,2023-07-16,Postpaid
1506,Sean Lin,francisduane@example.org,+1-620-604-3810x5502,2024-06-24,Prepaid
1507,Logan Villa,malik51@example.net,+1-257-705-8991,2024-07-30,Prepaid
1508,Daniel Moran,erinwest@example.org,001-236-278-3317x9742,2023-12-09,Postpaid
1509,Jay Manning,xmiller@example.com,3786312354,2024-03-18,Postpaid
1510,Edward Burke,leslie13@example.org,506.239.0824,2024-06-06,Postpaid
1511,Denise Harvey,porterrebecca@example.com,+1-427-332-3926,2024-03-11,Prepaid
1512,Martha Singh,lindasmith@example.org,(850)225-5578x47428,2023-12-15,Prepaid
1513,Lance Butler,olsenjames@example.com,(777)485-4485x4064,2024-11-22,Postpaid
1514,Lisa Fox,diane54@example.org,+1-701-482-2992,2025-01-16,Postpaid
1515,Clinton Gonzalez,bianca13@example.org,484-536-8207x27681,2024-08-11,Prepaid
1516,Melody Baker,newtondenise@example.net,+1-883-977-7527x742,2024-03-10,Postpaid
1517,Andrew Benson,kerri04@example.org,001-491-234-0487x68986,2024-03-29,Postpaid
1518,Emily Jones,carrollmorgan@example.org,+1-650-908-6520x61554,2024-06-22,Postpaid
1519,Mario Lopez,christinesmith@example.com,+1-279-465-1297x903,2025-02-28,Postpaid
1520,Ashley Banks,terri91@example.com,990.665.2763x013,2024-01-12,Prepaid
1521,Lisa Grant,bradycaitlin@example.com,665.202.0528,2023-10-02,Postpaid
1522,Mathew Harris,yarmstrong@example.com,369-943-3746x96896,2024-07-06,Prepaid
1523,Derrick Pacheco,tammymartinez@example.net,001-530-945-6982x8984,2025-04-18,Prepaid
1524,Wanda Leach,johnny17@example.net,(532)950-2834,2024-12-26,Prepaid
1525,Joseph Morton,shannon36@example.net,+1-503-391-6423x103,2024-01-21,Prepaid
1526,Laura Hart,whitney85@example.net,001-800-946-1887x68461,2023-05-27,Prepaid
1527,Ronald Olson,jonathanscott@example.net,+1-697-755-1086x599,2025-04-06,Prepaid
1528,Mary Johnson,nlowe@example.net,532-827-0992x05358,2025-02-26,Postpaid
1529,Tammy Webb,clarknancy@example.net,4399303504,2024-10-23,Postpaid
1530,Stephanie Washington,matthewdoyle@example.com,752-713-1197,2023-12-02,Postpaid
1531,Tyler Smith,kelly79@example.net,689.590.6733x46206,2024-06-19,Postpaid
1532,Joanna Beard,fscott@example.org,+1-314-590-3451x782,2024-03-07,Prepaid
1533,Jessica Williams,eprice@example.org,001-755-306-3611x4651,2024-10-16,Prepaid
1534,Brandon Graves,qjames@example.com,(601)787-0297,2023-07-12,Postpaid
1535,Amanda Johnson,spencertorres@example.net,860.663.9159,2024-06-16,Postpaid
1536,Christopher Villa,ocole@example.net,499-389-1853x028,2024-09-15,Postpaid
1537,Douglas Davidson,john88@example.com,+1-564-611-6621x9515,2024-10-12,Prepaid
1538,Anna Cochran,hartamy@example.com,001-902-873-2646,2024-12-02,Postpaid
1539,Andrea Mcdonald,oedwards@example.net,001-677-476-8524x87016,2023-06-20,Postpaid
1540,Michael Steele,campbellwanda@example.org,001-543-491-0611x65674,2023-05-21,Postpaid
1541,Robert Spence,becky65@example.com,264-245-9523x2858,2023-09-25,Postpaid
1542,Larry Bush,bryan71@example.org,345-644-6520,2023-05-08,Prepaid
1543,Kara Golden,juliapeck@example.org,(883)471-4548x77716,2024-10-31,Postpaid
1544,William Sims,uwright@example.com,+1-420-708-3004x15729,2025-03-09,Postpaid
1545,Kevin Buck,scottgregory@example.com,+1-610-528-0792x07206,2024-10-08,Prepaid
1546,Elizabeth Rowland,david89@example.org,001-491-414-8950x2418,2024-08-13,Prepaid
1547,Nathan Cook,levypatricia@example.com,7764907074,2024-06-27,Prepaid
1548,Rodney Brown,dustin96@example.org,+1-519-236-7569,2024-04-26,Prepaid
1549,Nathan Reyes,breilly@example.net,638.687.8745x65196,2024-02-07,Postpaid
1550,Shane Rubio,jonathan97@example.com,(441)526-3030x9195,2024-07-17,Prepaid
1551,Michael Avila,charlespatterson@example.net,749-455-9406x27482,2025-04-13,Postpaid
1552,Amanda Esparza,joe55@example.org,(279)300-5404,2023-05-27,Prepaid
1553,Alec Mcintyre,laurayoder@example.org,+1-806-969-8354,2024-06-27,Prepaid
1554,Jennifer Munoz,agutierrez@example.net,+1-930-749-3741x794,2024-03-06,Postpaid
1555,Matthew Contreras,hbush@example.net,763-395-5292,2023-09-08,Postpaid
1556,Norma Taylor,lcoleman@example.org,(975)873-0109,2024-05-04,Prepaid
1557,Amy Greene,newtonmartin@example.com,697.705.4220,2024-05-18,Prepaid
1558,Alyssa Gonzales,jasmine38@example.com,581-637-9066x8667,2025-04-26,Prepaid
1559,Ms. Michelle Johnson,donnahunter@example.com,+1-903-313-0856x060,2024-03-25,Prepaid
1560,Frederick Yates,hannah43@example.net,688.858.6631x0903,2024-10-11,Postpaid
1561,Jessica Glass,emilyhill@example.net,001-700-916-2224,2023-05-26,Prepaid
1562,Linda Santiago,larryprice@example.org,958-393-3095x41138,2025-04-04,Prepaid
1563,Andrea Bailey,kayla35@example.com,001-720-695-4123x84667,2024-05-29,Postpaid
1564,Stephanie Gardner,jcarr@example.org,(637)417-4328,2024-03-07,Postpaid
1565,Kristen Logan,johnwerner@example.net,+1-945-776-2819x922,2023-07-28,Postpaid
1566,Jon Young,gjones@example.org,+1-534-305-1984x970,2024-06-03,Postpaid
1567,Vanessa Cobb,loriross@example.net,(809)238-1191x38145,2024-10-08,Postpaid
1568,Nathaniel Morris,traciallen@example.net,001-316-834-5724,2024-03-26,Postpaid
1569,Matthew Graham,briggsamanda@example.net,001-285-825-1889x4780,2023-06-17,Prepaid
1570,Summer Briggs,gonzalezjessica@example.org,(574)518-7554x303,2024-09-25,Prepaid
1571,Christopher Erickson,deborahpennington@example.com,+1-575-523-1839,2023-07-01,Postpaid
1572,Alexander Wright,jesus10@example.com,8957204905,2023-11-25,Postpaid
1573,Anthony Williams,xwarren@example.com,603.448.4810,2024-07-07,Postpaid
1574,Christine Kelly,leethomas@example.net,+1-703-348-6776x82328,2024-01-12,Prepaid
1575,Jason Hill,toni48@example.org,001-708-204-2581x71544,2024-10-30,Prepaid
1576,Daniel Rogers,shirleysmith@example.net,5056571946,2023-07-29,Postpaid
1577,Derek Smith,brandi11@example.org,440-433-1766x8335,2025-03-01,Postpaid
1578,Kenneth Peterson,josephprice@example.com,(352)338-3339,2023-06-13,Prepaid
1579,Daniel Blair,patriciasilva@example.com,+1-600-346-9407x4627,2023-09-13,Prepaid
1580,Brittany Arnold,lambjesse@example.com,663.937.9836x234,2025-04-15,Postpaid
1581,Christopher Jordan,corey74@example.net,892.341.8878x35404,2024-12-07,Prepaid
1582,Melinda Ballard,vbridges@example.org,(746)552-6024x964,2024-01-22,Prepaid
1583,John Gomez,pricewilliam@example.net,697.831.0827x4131,2024-11-11,Postpaid
1584,Laura Davis DVM,michellehayes@example.com,735.951.0073x047,2023-09-02,Postpaid
1585,Carolyn Wright,smithjeffrey@example.com,(232)572-1005x8426,2023-06-01,Prepaid
1586,Renee Stein,crystal61@example.net,418.916.5447x09834,2023-09-05,Postpaid
1587,Tammie Hoffman,anthonyhernandez@example.net,001-931-931-5573x68755,2023-05-05,Postpaid
1588,Patricia Flowers,albert00@example.net,(336)526-9941x2785,2024-02-09,Postpaid
1589,Robert Bradley,karareed@example.com,503.730.5054,2024-09-01,Postpaid
1590,Richard Ortiz,gonzalezkyle@example.com,733-307-7738x58118,2024-04-04,Prepaid
1591,Michele Howard,mwest@example.org,364-971-3092,2023-07-06,Prepaid
1592,James Parks,bferguson@example.com,+1-431-994-9747x469,2023-11-09,Postpaid
1593,Barbara Perez,george75@example.com,+1-318-829-4231,2024-06-14,Postpaid
1594,Amy Wood,matthewshort@example.org,001-278-686-6492,2025-03-09,Prepaid
1595,Dawn Kerr,larsenwanda@example.com,642.319.5977,2024-04-04,Prepaid
1596,William Pineda,djones@example.net,923.285.6160,2024-01-18,Postpaid
1597,William Powers,seth90@example.com,+1-692-601-5374,2024-10-06,Postpaid
1598,Kelly Gomez,fisheranthony@example.net,(260)654-5242,2024-08-05,Prepaid
1599,Joyce Sanders,wagnerkimberly@example.com,001-963-992-3924,2024-01-21,Prepaid
1600,Paul Wright,megan72@example.net,3647589273,2024-08-04,Prepaid
1601,Breanna Stone,joshuafuller@example.net,278.509.5520,2024-05-10,Postpaid
1602,Shannon Jensen,colin83@example.org,001-354-570-8075x99298,2024-06-26,Prepaid
1603,Sean Wong,thomascampos@example.com,644-695-2257,2024-01-29,Prepaid
1604,Colin Anderson,jenniferellis@example.net,(212)845-3717,2024-09-13,Prepaid
1605,Jeremy Sims,romanmakayla@example.org,838-483-1401x8123,2024-12-07,Postpaid
1606,Stephen Norman,evanschase@example.net,292-821-2071,2024-09-19,Prepaid
1607,Sarah Morris,chloe76@example.com,319-672-0603x6767,2025-02-25,Postpaid
1608,Dakota Miles,christopher81@example.net,+1-955-774-2839x4138,2024-12-13,Prepaid
1609,Benjamin Campbell,walterholmes@example.org,(261)961-8234,2024-04-12,Postpaid
1610,Michelle Livingston,xgarcia@example.com,363.940.7886,2024-07-16,Prepaid
1611,Adam Roberts,harrismarcus@example.com,+1-670-661-5523,2023-12-24,Prepaid
1612,Victor Ortiz,troy91@example.com,001-999-309-0567x303,2024-12-08,Postpaid
1613,Anthony Howard,deborahthomas@example.com,341.831.6780,2023-10-30,Prepaid
1614,Thomas Stevens,nancynelson@example.com,+1-737-252-7184x153,2023-06-03,Postpaid
1615,Casey Martin,upatterson@example.net,336.655.6469,2023-05-01,Prepaid
1616,Michelle Rivas,linda70@example.org,962.416.6595,2024-04-23,Postpaid
1617,Brittany Black,ghowe@example.org,001-601-865-6866x161,2025-04-17,Postpaid
1618,Dustin Bradford,zpatel@example.net,(873)516-8280,2024-08-20,Prepaid
1619,Barbara Nelson,dana56@example.org,210.255.9205,2024-09-17,Prepaid
1620,Shannon Salinas,beverly17@example.com,001-833-538-1109x8269,2024-09-29,Postpaid
1621,Mr. Justin Harrington MD,jamesramirez@example.org,+1-994-554-4361x40612,2023-08-03,Prepaid
1622,John Brown,richardperez@example.com,001-961-760-9156x68981,2024-09-01,Prepaid
1623,Meghan Jones,taylorjoseph@example.com,531-960-4596,2025-01-09,Postpaid
1624,Thomas Ward,hillrita@example.com,3395462708,2024-10-15,Prepaid
1625,Lori Frank,diazangela@example.net,(987)458-2448x9349,2024-01-30,Prepaid
1626,Manuel Reyes,elizabethporter@example.com,001-781-907-3937x986,2023-12-16,Prepaid
1627,Alexandria Mercado,lmorales@example.net,540-665-7027,2023-09-21,Prepaid
1628,Shannon Sims,emilylawrence@example.com,5162401181,2024-09-23,Prepaid
1629,Karl Jackson,nancy64@example.net,(426)603-2280,2023-07-11,Postpaid
1630,Emily Dixon,amandamills@example.com,5497610608,2024-08-30,Postpaid
1631,Heather Keller,brandonvelez@example.org,7013476959,2024-12-16,Prepaid
1632,Gabriel Ryan,guyrice@example.com,548-320-1737x63113,2024-02-03,Prepaid
1633,Danny Ward,housedonald@example.net,2749212476,2024-05-31,Postpaid
1634,Richard Walsh,lesterdavid@example.net,261-204-3617x816,2023-07-14,Prepaid
1635,Rebecca Patton,sarah88@example.com,616.401.5512x357,2024-10-18,Prepaid
1636,Kayla Smith,fsmith@example.com,417.797.3509,2024-09-04,Prepaid
1637,Meredith Hughes,wallmichael@example.com,(604)269-3873x743,2023-08-29,Prepaid
1638,Todd Jones,wkelly@example.net,001-439-601-1084,2024-10-20,Postpaid
1639,Kenneth Gordon,kcampbell@example.net,(479)887-3466x6843,2024-10-03,Postpaid
1640,Joann Marquez,alvaradocolton@example.org,842.203.8734,2024-01-01,Prepaid
1641,Abigail Soto,laura21@example.com,971.300.6104x326,2023-08-12,Prepaid
1642,Katherine Morales,jeffreyfernandez@example.com,906-702-4218x1947,2025-03-15,Postpaid
1643,Lauren Tucker,barrybernard@example.org,001-391-773-7385x023,2023-06-23,Postpaid
1644,Benjamin Morris,mckeejeffrey@example.org,001-975-365-4099x82600,2025-01-17,Postpaid
1645,Scott Marsh,anthonycarter@example.net,831.435.6254x3052,2025-01-12,Postpaid
1646,Sharon Nelson,stacey80@example.com,+1-275-757-5237x258,2025-04-05,Postpaid
1647,Stephen Lee,benjaminkline@example.net,932-436-7978,2024-08-14,Prepaid
1648,Dr. Jerry Kim,bjohns@example.org,928.389.3549x076,2025-03-09,Prepaid
1649,Joshua King,morrisonmichelle@example.com,(607)306-8639x2938,2025-04-09,Prepaid
1650,Kyle Mckinney,karenperez@example.com,+1-346-474-2013x51270,2024-03-15,Prepaid
1651,Cynthia Jones,hendrickselizabeth@example.com,+1-214-748-8091x7673,2023-08-10,Postpaid
1652,Raymond Frank,daleanderson@example.com,787.538.9541x812,2024-10-14,Postpaid
1653,Jesse Brewer,yflores@example.com,+1-213-836-8841,2024-11-23,Postpaid
1654,Jennifer Schultz,kingkellie@example.org,(964)480-2123x569,2024-05-22,Postpaid
1655,David Hernandez,pachecochristine@example.org,928-226-7102x561,2025-01-26,Postpaid
1656,Ian Robertson,williamwilliams@example.com,4529493858,2023-05-24,Prepaid
1657,Emma Wilson,williamsdonald@example.com,3933929574,2023-06-09,Prepaid
1658,David Bond DDS,zclark@example.org,550-968-0257,2025-01-11,Postpaid
1659,Travis Lambert,stokestina@example.net,(882)397-8110,2023-09-11,Prepaid
1660,Laura Martinez,valerie63@example.com,508-631-8273x7861,2023-08-27,Postpaid
1661,Mr. Joshua Carter,steven39@example.org,+1-864-251-8481x803,2024-03-25,Postpaid
1662,Courtney Woods,dpotter@example.com,6513693595,2023-08-22,Postpaid
1663,David Morgan,cassandrabonilla@example.org,791.709.2573x332,2023-05-22,Postpaid
1664,Pamela Soto,austintimothy@example.net,381-660-6937,2024-10-14,Postpaid
1665,Ronald Giles,casey54@example.net,(359)293-0871x56350,2024-09-01,Postpaid
1666,Vickie Mendez,danielmoore@example.com,+1-656-954-6237x160,2023-10-22,Prepaid
1667,Jacob Franklin,laguirre@example.com,587.518.9313x333,2023-06-15,Postpaid
1668,Courtney Mueller,aarontran@example.org,001-807-252-2809,2024-11-19,Prepaid
1669,Ronald Rios,cvega@example.net,558-697-0989,2023-09-11,Prepaid
1670,Mrs. Regina Roberts,haleandrew@example.org,325.367.4187,2023-07-19,Postpaid
1671,Katherine Deleon,monroedennis@example.net,571.984.7714,2024-01-02,Prepaid
1672,Cody Turner,zhunter@example.org,(226)744-5971x78160,2025-01-16,Prepaid
1673,Brandon Martinez,katrina89@example.net,4569828184,2023-05-21,Prepaid
1674,David Gonzalez,melissamorales@example.org,229.836.1341x53644,2024-08-17,Prepaid
1675,Edgar Jones,reevesmary@example.net,677.322.8522x4124,2023-09-07,Prepaid
1676,Caleb Rodriguez,sharonwhite@example.com,+1-624-866-2408x361,2024-11-03,Prepaid
1677,Carol Macdonald,bradleymarshall@example.org,439-528-8770,2024-01-26,Postpaid
1678,Justin Hamilton,wprice@example.net,888.486.4552x271,2025-04-03,Prepaid
1679,Keith Moore,wmcgrath@example.org,490-279-5739,2023-10-01,Prepaid
1680,Karen Bush,lacey33@example.com,+1-309-570-2304,2023-07-25,Postpaid
1681,Belinda Nunez,nicoleortega@example.net,500-626-2544x31052,2023-06-07,Prepaid
1682,Michelle Hughes,amandataylor@example.org,738-730-8918x39471,2025-01-17,Prepaid
1683,Amy Wood,jpeters@example.net,(762)484-7659x029,2024-04-21,Prepaid
1684,Adam White,thomasjoseph@example.net,+1-370-691-7460x21278,2024-02-26,Postpaid
1685,Victoria Reed,anita67@example.com,4114046810,2024-10-24,Postpaid
1686,Debbie Maxwell,gthomas@example.com,001-851-501-5531x435,2024-03-11,Prepaid
1687,Carol Robinson,wellscynthia@example.com,772-975-1417,2023-12-11,Prepaid
1688,Aaron Jones,xedwards@example.com,(213)784-5450x578,2024-05-07,Prepaid
1689,Stephanie Evans,annmoss@example.org,690-267-5566x7545,2024-08-14,Postpaid
1690,Katherine Bell,amanda25@example.com,(871)504-1665,2023-12-22,Prepaid
1691,Jonathan Fuller,dodom@example.net,822-502-6630,2024-03-29,Postpaid
1692,Matthew Costa,cody02@example.com,(809)836-6748,2024-05-22,Postpaid
1693,Shelley Miranda,afowler@example.org,001-939-292-8953x313,2024-07-03,Prepaid
1694,Jill Anderson,christine45@example.net,909-864-9199x8813,2024-04-09,Prepaid
1695,Elizabeth Gonzales,bonddestiny@example.org,001-977-911-0548x47913,2024-08-14,Prepaid
1696,Danny Cook,sullivangavin@example.org,841-678-1304,2023-09-09,Postpaid
1697,Todd Mills,sharon69@example.com,+1-475-667-7923,2024-09-05,Prepaid
1698,Samuel Garcia,lisusan@example.com,001-793-325-8312x98328,2023-08-30,Prepaid
1699,Gregory Short,psmith@example.org,363-494-8707,2024-05-23,Postpaid
1700,Steve Romero,mariechristensen@example.net,442-325-3929x267,2025-01-13,Postpaid
1701,Lori Klein,johndavis@example.net,001-223-583-2951x011,2023-06-28,Postpaid
1702,Jennifer Alexander,bentonlindsay@example.com,302-542-9033x5931,2024-09-03,Postpaid
1703,Ryan Harper,scottgreene@example.com,(781)789-8354x459,2023-09-29,Postpaid
1704,Karen Glover,amanda93@example.com,+1-447-631-3993x50167,2023-05-23,Prepaid
1705,Brad Wright,peter67@example.net,984-901-8730x1924,2025-02-01,Postpaid
1706,Caroline Trujillo,mharrison@example.org,001-487-953-4074x20532,2024-01-16,Postpaid
1707,Sarah Moon,rodriguezrandall@example.com,(565)600-7891x751,2024-06-21,Postpaid
1708,Rachel Bailey,qbell@example.org,827-453-5766x77809,2023-06-28,Postpaid
1709,Robert Reynolds,reaton@example.net,241-850-1409,2025-03-10,Postpaid
1710,Linda Freeman,misty74@example.org,+1-832-526-3659,2025-04-05,Prepaid
1711,Ryan Webster,richardflores@example.net,(524)969-3131,2024-04-27,Prepaid
1712,David Patterson,littlejennifer@example.com,820.324.6522,2024-12-29,Postpaid
1713,Teresa Murray,nchaney@example.net,(742)503-5053,2024-10-22,Prepaid
1714,Kevin Flores,vcurry@example.net,(692)593-9761,2024-08-30,Prepaid
1715,Billy Hoffman,kimberlymonroe@example.net,+1-839-603-5249x201,2025-02-14,Postpaid
1716,Patrick Lambert,randystewart@example.com,(774)925-3514,2024-10-22,Postpaid
1717,Amanda Harris,hyoung@example.org,+1-401-795-4296x896,2023-10-11,Prepaid
1718,Catherine Jenkins,kimjohn@example.net,+1-521-720-1356x5564,2024-10-22,Prepaid
1719,Joshua Williams,ecross@example.org,425-432-3634,2025-02-02,Prepaid
1720,Kristopher Guzman,gregoryhernandez@example.com,(237)285-5360x4176,2025-04-23,Prepaid
1721,Michael Henderson,nguyendaniel@example.com,001-745-433-5107x005,2024-03-17,Prepaid
1722,Rachel Hernandez,pmccarthy@example.org,606.731.1518x6223,2024-01-24,Prepaid
1723,Kim Freeman,bboyer@example.com,390-615-2302x6602,2024-01-15,Postpaid
1724,Kelly Jimenez,cookcurtis@example.net,(703)631-9730,2025-02-04,Prepaid
1725,Robert Smith,sarah85@example.net,(836)716-8409,2024-08-22,Prepaid
1726,James Burns,gabriel34@example.org,+1-836-832-4531x351,2023-06-18,Postpaid
1727,Javier Harris,houseamanda@example.org,+1-730-928-9173x2405,2023-05-05,Prepaid
1728,Lisa Holt DDS,twalker@example.net,+1-939-493-9950x858,2024-07-04,Prepaid
1729,Amber Meyer,rhonda88@example.org,949-270-0887,2025-01-02,Postpaid
1730,Alexandria Kelly,hansenkatherine@example.net,254-361-7875x887,2024-11-04,Postpaid
1731,Jessica Kelley,meghansanchez@example.org,+1-980-408-7571,2024-07-16,Postpaid
1732,Cameron Hancock,escobarjessica@example.net,821.966.9728x7737,2024-04-17,Postpaid
1733,Stacie Bowen,jessica90@example.net,(398)258-0390,2024-05-13,Prepaid
1734,Matthew Murphy,kwade@example.com,962-957-9805x05734,2024-06-25,Postpaid
1735,Robert Bryant,james39@example.net,001-438-979-8019x50552,2025-02-03,Postpaid
1736,Megan Goodwin,cindybarnett@example.org,+1-320-817-8350x963,2023-09-25,Prepaid
1737,Christopher Lynch,johnsoncalvin@example.net,247-984-2441x00554,2024-06-26,Postpaid
1738,Michael Young,schristensen@example.net,+1-579-774-5536x15680,2025-01-01,Postpaid
1739,Gregory Simpson,alexandermorris@example.net,001-344-378-6165x694,2024-11-17,Postpaid
1740,Jeremy Vincent,robersonhannah@example.net,716-401-3198x10133,2025-03-12,Postpaid
1741,Stephanie Johnson,josephcarson@example.org,997-425-2869,2023-10-29,Prepaid
1742,Raymond Griffin,edgar05@example.net,7296157204,2023-10-03,Prepaid
1743,Andrew Hancock,changmichael@example.net,+1-309-318-5577x751,2024-08-25,Postpaid
1744,Kim Dean DVM,ashleytyler@example.org,255.405.8745,2024-04-25,Prepaid
1745,Mackenzie Barry,marissa71@example.org,8676881391,2025-03-05,Prepaid
1746,David Rose MD,eramirez@example.com,(851)839-4332,2024-02-09,Prepaid
1747,Paul Anderson,hartrebecca@example.org,(869)539-4400x6591,2024-11-24,Prepaid
1748,Tina Campbell,autumn42@example.org,376-954-6704,2024-02-02,Prepaid
1749,Allison Day,bellshawn@example.com,+1-759-550-9156x310,2024-01-21,Prepaid
1750,Rebecca Palmer,abbottmegan@example.org,709.970.9597x0868,2024-12-24,Prepaid
1751,Leslie Ross,mcintoshkimberly@example.com,001-717-670-3301,2024-10-13,Postpaid
1752,Alexander Mccann,vickireese@example.net,439-494-8620,2025-01-28,Prepaid
1753,Alexander White,jstuart@example.net,(236)392-8826,2023-09-02,Postpaid
1754,Jennifer Gutierrez,badams@example.org,001-792-460-3135x7194,2024-01-13,Postpaid
1755,Bonnie Horton,serranomelody@example.com,+1-656-250-5649,2023-11-27,Postpaid
1756,Sarah Bryant,atkinschristopher@example.org,(455)218-5236x884,2023-10-31,Prepaid
1757,Dominic Wilson,joseph46@example.org,001-773-997-5968x337,2025-04-29,Prepaid
1758,Kevin Mitchell,patricia21@example.net,580-595-9007x43523,2024-12-19,Prepaid
1759,Richard Perez,tracy03@example.com,(304)768-1043x80589,2023-05-07,Postpaid
1760,Keith Diaz,samanthaevans@example.net,+1-314-406-9534x5017,2023-09-07,Postpaid
1761,Erin Matthews,zfoster@example.org,(471)922-4556,2024-04-27,Postpaid
1762,Sarah Norman,ohamilton@example.com,477-984-3535,2024-05-15,Postpaid
1763,Terri Smith,danielsmith@example.net,+1-514-259-1166,2024-11-15,Prepaid
1764,Aaron Johnson,imoore@example.net,001-632-315-7962x16537,2023-10-06,Postpaid
1765,Dillon Brown,parrishashley@example.org,+1-932-891-9796,2024-07-13,Postpaid
1766,Jenna Gregory,thomasdavid@example.org,946-779-2459x127,2024-03-26,Postpaid
1767,Brooke Miller,vegabrett@example.com,256-591-4977x7637,2025-04-18,Prepaid
1768,Mark Chavez,moodykimberly@example.com,210-803-6322,2023-06-20,Prepaid
1769,Anthony Davis,patriciasparks@example.org,(477)869-9704x88028,2023-09-15,Postpaid
1770,Daniel Bennett,reneejones@example.net,552-292-2754x067,2023-08-29,Prepaid
1771,Karen Johnston,williamstyler@example.org,9782607154,2023-06-02,Prepaid
1772,Leslie Johnson,jeffreyheath@example.com,(720)477-1644x187,2023-06-21,Prepaid
1773,Robert Johnson,jacqueline20@example.com,001-224-523-0245x779,2024-08-17,Prepaid
1774,John Davis,jerryhamilton@example.com,+1-278-288-5734x84864,2023-12-10,Prepaid
1775,Melissa Scott,jennifersandoval@example.com,725-693-3168x9460,2023-07-26,Postpaid
1776,Barry Moore,peckscott@example.com,449.975.0710x6543,2024-09-02,Prepaid
1777,Timothy Chandler,adamrangel@example.org,734.512.1587,2024-05-30,Postpaid
1778,Ashley Torres,obray@example.com,+1-965-410-6358x65646,2024-02-03,Prepaid
1779,Michelle Mcdonald,dmcintyre@example.com,001-228-948-4331x143,2024-02-14,Prepaid
1780,Charles Jordan,sthomas@example.com,(345)316-5652,2023-12-03,Prepaid
1781,Amanda Rodriguez,zbeasley@example.net,954-348-9421x817,2023-07-07,Postpaid
1782,Douglas Walker,chad08@example.com,(459)711-2181,2024-04-19,Postpaid
1783,Cody Osborne,wsaunders@example.org,001-748-816-2259x100,2024-09-27,Prepaid
1784,Jonathan Molina,kylesmith@example.net,+1-512-589-3240x53571,2024-12-21,Prepaid
1785,Jeremy Pitts,xbrock@example.com,748-854-0766x6906,2025-04-26,Prepaid
1786,James Brooks,benjaminmiller@example.com,(712)653-5758,2025-02-11,Postpaid
1787,Cheryl Smith,bairdrichard@example.net,2329867478,2024-05-30,Prepaid
1788,Ronald Anderson,nunezmelissa@example.org,515-788-3931x2640,2023-10-10,Postpaid
1789,Joseph Meyer,yjuarez@example.org,279-779-1134x94561,2023-05-12,Postpaid
1790,John Mcbride,joseph51@example.org,+1-916-947-7517x50777,2024-01-17,Prepaid
1791,Christine Brown,andersonleslie@example.com,901-442-7332x0959,2025-03-12,Prepaid
1792,Beth Perez,rossoscar@example.net,623.773.8490,2024-08-06,Prepaid
1793,Henry Clark,gordonpedro@example.org,258-672-3991x29742,2024-12-17,Postpaid
1794,Paul Fernandez,varmstrong@example.org,001-885-267-7022x84669,2024-08-17,Postpaid
1795,Jack Chaney,joanne50@example.com,+1-374-723-3063x806,2025-02-08,Prepaid
1796,Aaron Mcdaniel,justinroberts@example.net,231.726.3015,2024-01-10,Prepaid
1797,Andrew Simpson,rebekah45@example.net,418.842.8051x8593,2024-02-24,Postpaid
1798,Martin Leonard,hansentimothy@example.org,791-210-3133,2024-01-18,Postpaid
1799,John Adams,james32@example.org,+1-928-957-7842x7734,2023-08-18,Prepaid
1800,Jeffrey Williams,xrocha@example.net,(811)560-0232,2023-09-22,Postpaid
1801,Wesley Cross,denisehamilton@example.net,258-227-5623x90198,2024-06-15,Postpaid
1802,Taylor Gray,sshelton@example.net,+1-251-283-8143,2024-02-25,Postpaid
1803,Katherine Carlson,howarddominique@example.net,998-680-7388x031,2023-06-16,Prepaid
1804,Michaela Sullivan,nolanjennifer@example.org,2266698559,2023-08-23,Postpaid
1805,Clinton Ballard,melissaprice@example.org,001-896-517-9626,2024-12-11,Postpaid
1806,Anthony Mitchell,heather26@example.com,(607)718-3523,2023-09-06,Prepaid
1807,Joseph Kemp,nwalker@example.org,8169237036,2024-03-12,Postpaid
1808,Leslie Brown,phickman@example.com,384.592.1264x9467,2023-12-14,Prepaid
1809,Deborah Hampton,thompsonchristy@example.com,+1-598-868-8339x7932,2023-09-06,Prepaid
1810,Ryan Flores,nancy88@example.org,(512)560-7124x137,2023-12-08,Prepaid
1811,Ruth Smith,susanramirez@example.net,924-327-3151,2023-09-21,Postpaid
1812,Joseph Terry,mvillanueva@example.net,959-417-5354,2023-06-05,Postpaid
1813,Ann Salazar,millsamber@example.com,001-548-753-6440x2756,2024-12-13,Prepaid
1814,Breanna Cherry,bishopkaitlyn@example.net,(757)386-0020,2023-06-29,Prepaid
1815,Amy Bradshaw,carterjames@example.net,948-930-8671,2023-06-30,Prepaid
1816,Isabel Wilkerson,anthony19@example.net,315-251-5537,2025-01-31,Prepaid
1817,Jessica Hamilton,jacob32@example.com,9054798526,2024-05-13,Prepaid
1818,Jason Green,laurajohnson@example.org,5109005869,2023-09-17,Prepaid
1819,Tiffany Sanchez,johnedwards@example.com,457-727-3810x780,2024-05-10,Postpaid
1820,Frank Weaver,martha96@example.net,(920)887-1184x5867,2023-12-09,Prepaid
1821,Katie Scott,dhubbard@example.net,+1-422-570-8103x171,2023-06-29,Postpaid
1822,Joseph Ayers,foconnor@example.com,+1-400-523-3305,2025-02-08,Postpaid
1823,Amber Hamilton,pcaldwell@example.org,+1-762-891-6244x57216,2023-11-11,Postpaid
1824,Judy Clark,nicoleoconnell@example.net,(539)617-6957,2025-02-20,Prepaid
1825,Daniel Cruz,lisagonzalez@example.com,(330)275-9710x305,2024-10-03,Prepaid
1826,Ruth Frey,joshuayates@example.net,6638976571,2025-02-16,Prepaid
1827,Cathy Smith,gbrown@example.com,001-380-592-1367,2023-11-26,Prepaid
1828,Stephen Smith,susan65@example.net,(676)866-6558,2024-10-27,Postpaid
1829,Whitney Carpenter,rangelryan@example.com,001-398-553-1352x57572,2023-10-22,Postpaid
1830,Scott Hogan,jason43@example.com,+1-501-281-8357,2024-10-08,Prepaid
1831,Alexis Dunn,colleenparsons@example.net,001-496-278-9462x70038,2024-05-01,Prepaid
1832,Antonio Garrison,luke80@example.org,001-573-585-7741x9662,2023-09-25,Postpaid
1833,Kristin Moore,tguerrero@example.com,954-684-0322x1356,2024-02-06,Prepaid
1834,Brandon Newton,dawsoncarlos@example.net,879-585-4306,2024-11-20,Prepaid
1835,Elizabeth Brewer,andrea35@example.org,001-322-816-9394x193,2024-02-18,Prepaid
1836,Donna Mcintyre,hector26@example.org,+1-291-454-9888x100,2024-08-12,Postpaid
1837,Michael Rivers,zhartman@example.org,4235965215,2024-07-11,Postpaid
1838,Tonya Woods,brenda26@example.net,001-720-351-9010x635,2023-05-26,Postpaid
1839,Mrs. Gloria Swanson,danielsandrew@example.com,001-225-984-6342x534,2023-11-08,Prepaid
1840,Ashley Erickson,greenjuan@example.net,4969004439,2023-08-24,Postpaid
1841,Michael Griffin,brownjames@example.com,+1-464-533-7387x8315,2023-12-24,Postpaid
1842,Andrea Ortega,harryhoffman@example.com,518.242.5849,2024-02-20,Postpaid
1843,Timothy Gordon,nathanhernandez@example.org,001-909-664-4012,2023-06-07,Postpaid
1844,Debra Hood,meyerangel@example.net,556.892.4903x600,2024-05-08,Prepaid
1845,Kristine Martin,danielmiranda@example.com,001-922-357-1891x3580,2023-12-18,Prepaid
1846,Jennifer Rojas,umoore@example.net,(554)390-1950,2024-06-17,Prepaid
1847,Rebecca Acosta,deniserush@example.net,4392998726,2023-12-28,Postpaid
1848,Martin Haynes,carlalee@example.com,503-295-8935x5570,2025-01-09,Prepaid
1849,Tamara Hayes,pday@example.net,(290)328-2355,2024-07-16,Prepaid
1850,Lauren Tucker,nancyjohnson@example.com,287.404.8864,2025-02-24,Prepaid
1851,Jennifer Henderson,austin48@example.net,+1-988-696-6590x8516,2023-05-11,Prepaid
1852,Sarah Wolf,john81@example.org,(839)916-7717,2024-07-12,Prepaid
1853,Nina Taylor,brian03@example.net,632-998-4426x458,2025-03-16,Prepaid
1854,Mark Cabrera,portergabriel@example.net,+1-233-706-7401,2025-01-29,Prepaid
1855,Anthony Schultz,ernestvilla@example.org,519.392.0507,2025-01-16,Postpaid
1856,Ryan Shaw,april19@example.org,540.623.1012x67255,2023-09-05,Postpaid
1857,Maureen Butler,andrewchang@example.net,(661)613-5708x00320,2023-05-29,Postpaid
1858,Susan Cook,nhutchinson@example.com,628.568.0747x974,2023-08-21,Postpaid
1859,Raven Smith,lewisgary@example.com,561.767.0122x29922,2023-07-27,Prepaid
1860,Mathew Carey DVM,jamiehenderson@example.net,564-402-9054,2024-10-12,Postpaid
1861,Matthew Yang,jonescassandra@example.com,228.285.2185,2025-03-13,Postpaid
1862,Matthew Cervantes,cortezsamantha@example.net,(489)412-6002x2903,2024-06-15,Prepaid
1863,Adam Stewart,gregyoung@example.org,(405)243-0018,2023-08-09,Postpaid
1864,Christopher Williams,kcortez@example.net,(526)428-2992x57833,2024-06-28,Postpaid
1865,Shannon King,crodriguez@example.org,+1-966-438-4591x1941,2023-07-03,Postpaid
1866,Ashley Baker,mhull@example.org,+1-515-370-8079,2024-05-02,Postpaid
1867,Kathleen James,elizabethrobinson@example.net,+1-868-597-0843,2024-04-01,Postpaid
1868,Kaitlyn Rivas,vaughnjeffrey@example.com,+1-802-290-1808x692,2023-06-06,Postpaid
1869,Amanda Butler,mendezblake@example.org,(285)808-9702,2024-05-15,Prepaid
1870,Jeffrey Zhang,davidrivera@example.com,668.556.1465x302,2024-07-12,Prepaid
1871,William Gonzalez,hendersonstefanie@example.org,655.482.1883,2024-04-07,Prepaid
1872,Diane Gordon MD,phillip62@example.net,(924)962-9652,2024-07-17,Prepaid
1873,Jennifer Grant,brianlopez@example.com,400.878.5950x395,2024-03-20,Prepaid
1874,Tina Fitzgerald,todd00@example.net,778.283.6924x84427,2024-02-02,Postpaid
1875,Tom Ross,bmartinez@example.org,472-636-2971x95537,2024-10-07,Postpaid
1876,Caitlin Gonzales,gwong@example.com,+1-876-894-9973x4896,2025-01-06,Postpaid
1877,Kenneth Garza,justinhaynes@example.net,001-628-442-3030x93759,2024-10-23,Postpaid
1878,Michael Shaw,toliver@example.org,278.420.0649,2024-11-08,Prepaid
1879,Nicole Todd,ebrown@example.com,537.352.8833x86889,2025-01-02,Postpaid
1880,Justin Molina,andrewnelson@example.org,569-608-5666x640,2025-01-13,Prepaid
1881,Rita Vang,zvalentine@example.org,983-748-0332x310,2024-04-27,Postpaid
1882,Gary Aguilar,shaunhiggins@example.com,001-402-384-2766x353,2025-01-22,Prepaid
1883,Tina Lopez,lesliebowman@example.org,+1-904-289-3286x2890,2025-01-14,Prepaid
1884,Angelica Sawyer,melindaharper@example.com,(254)985-4503,2024-12-19,Postpaid
1885,Cheryl Brown,sharonhurley@example.net,748.631.7979,2025-01-24,Postpaid
1886,Howard Dunn,fmartin@example.net,789.361.7644,2025-03-06,Prepaid
1887,Anthony Nguyen,courtney73@example.com,+1-983-416-4806x406,2024-08-28,Prepaid
1888,Tony Adams,glee@example.org,+1-713-560-4288x653,2024-10-29,Postpaid
1889,Wayne Palmer,ericawhite@example.com,(602)988-1999x618,2023-09-13,Prepaid
1890,James Hamilton,jessica67@example.net,243.532.1152,2024-10-13,Prepaid
1891,Anthony Howell,mary45@example.org,(384)303-4395x802,2023-08-09,Prepaid
1892,Dr. David Bryan,markbryant@example.com,001-664-502-5401,2023-07-07,Postpaid
1893,Crystal Brady,bgates@example.net,+1-981-238-8873,2024-06-17,Postpaid
1894,Joseph Fleming,santanagregory@example.org,001-487-473-5260x1795,2024-12-19,Prepaid
1895,Sonia Parsons,tscott@example.net,(584)310-2169x49724,2024-05-12,Prepaid
1896,Julia Ryan,matthewwright@example.org,292-814-8168,2023-10-24,Prepaid
1897,Dr. Colton Miller,clementspatrick@example.org,622-922-7418x7311,2024-12-04,Prepaid
1898,John Palmer,kpineda@example.net,+1-865-640-9584x804,2023-11-07,Prepaid
1899,Jessica Pennington,leslie19@example.com,(893)213-0724,2023-10-01,Prepaid
1900,Bryan Kelley,jennifer62@example.org,001-275-846-0932,2023-08-13,Postpaid
1901,Kevin Wagner,pyoung@example.net,495.578.5647,2024-02-23,Postpaid
1902,Jordan Smith,treed@example.net,+1-498-993-6665,2024-02-03,Prepaid
1903,Guy Washington,ejackson@example.net,466-830-4585x06376,2024-12-20,Postpaid
1904,Jessica Reed,melissabartlett@example.org,3194972850,2024-09-23,Prepaid
1905,David Hawkins,qsawyer@example.net,545.767.7949,2023-11-25,Prepaid
1906,Lindsey Ramirez,harperbarbara@example.net,818-872-7656x0110,2024-11-07,Prepaid
1907,Allison Brooks,julie30@example.org,001-497-249-9176x915,2023-08-07,Postpaid
1908,Michelle Stark,johnholland@example.net,(587)347-7404x135,2023-06-07,Postpaid
1909,Jake Cherry,steven52@example.net,(432)258-9035x01730,2025-04-15,Postpaid
1910,Veronica Ayers MD,zacharytate@example.com,(597)263-6530,2023-11-03,Postpaid
1911,Douglas Hicks,catherinegarcia@example.net,001-934-624-0519x5478,2023-09-25,Prepaid
1912,Christopher Berger,spencermichael@example.org,8158528409,2024-05-21,Prepaid
1913,Joshua Tucker,joseph47@example.net,(645)555-0524,2023-10-06,Prepaid
1914,Brandy Castro,danielle01@example.org,5324075590,2024-07-26,Postpaid
1915,Jessica Higgins,grantcarol@example.net,267-703-5135x5915,2024-05-17,Prepaid
1916,Nancy Sutton,brycenunez@example.net,001-411-456-0630x377,2024-05-05,Prepaid
1917,Kristin Adams,ashley28@example.net,+1-356-731-9074x93008,2023-10-05,Prepaid
1918,Kelly Miller,jenniferwashington@example.net,794-876-3625,2024-02-14,Prepaid
1919,Mrs. Grace Jones,xsmith@example.org,(222)934-7112x6662,2024-12-08,Prepaid
1920,Jennifer Mcgee,craig03@example.com,(932)897-1527x5136,2023-06-20,Prepaid
1921,Shelia Alvarado,omorgan@example.net,752.295.0825x779,2023-08-26,Postpaid
1922,Joshua Smith,jordanlindsey@example.net,825-721-5544,2024-08-25,Prepaid
1923,Jordan Sims,nancyjackson@example.org,564.625.0740,2025-03-23,Prepaid
1924,Henry Franco PhD,daviskayla@example.org,(341)442-8824x456,2025-03-03,Postpaid
1925,Deborah Hodge,charles61@example.net,001-682-397-2875x52996,2023-09-25,Postpaid
1926,Jeremiah Jones,barbarawoods@example.com,001-461-367-1539x849,2024-05-31,Postpaid
1927,Leslie Alvarez,ebowers@example.org,797-845-4611x147,2025-02-23,Prepaid
1928,John Martinez,yweber@example.com,292.454.8507x03564,2024-01-24,Prepaid
1929,Caleb Gregory,bradleyphelps@example.com,001-859-322-8558x11466,2024-06-16,Prepaid
1930,Julie Sparks,pwallace@example.org,228.859.3401,2023-06-18,Prepaid
1931,Maria Curtis,marytaylor@example.org,(424)200-6209x18268,2024-03-27,Postpaid
1932,Peter Guzman,kelsey78@example.com,8057410685,2024-02-19,Postpaid
1933,Michael Moody,autumnryan@example.com,8873763518,2024-05-07,Prepaid
1934,Jennifer Sutton,abowen@example.com,001-640-747-7216x391,2023-07-10,Postpaid
1935,Kimberly Gonzales,rarnold@example.com,972.813.7404,2024-06-04,Prepaid
1936,Christine Wright,michael01@example.net,820.276.7589x83515,2025-01-23,Postpaid
1937,Jennifer Brown,uelliott@example.org,+1-616-413-4608x989,2024-08-27,Prepaid
1938,Joel Andrade,fmurray@example.org,001-826-861-8072,2024-05-02,Postpaid
1939,Joshua Smith,david40@example.net,506-591-2520,2023-06-12,Prepaid
1940,Elizabeth Dawson,jessicaanderson@example.net,417-397-0033x48216,2023-09-08,Prepaid
1941,William Hull,jessica37@example.org,598-869-6676x01294,2023-11-19,Prepaid
1942,Jennifer Harper,austinhughes@example.net,(360)776-0728,2024-08-16,Postpaid
1943,Mrs. Misty White MD,perezjennifer@example.com,818-852-0068,2023-06-25,Prepaid
1944,Jennifer Wilson DDS,scottbradley@example.net,+1-736-207-8145x43348,2025-02-11,Postpaid
1945,Robert Lopez,tjohnson@example.com,243.307.7600x2459,2023-07-24,Prepaid
1946,Kelly Manning,kenneth33@example.net,581.650.1473x5530,2024-09-19,Prepaid
1947,Carol Woodard,hbrown@example.com,001-965-293-3838x266,2024-10-19,Postpaid
1948,Brandy Malone,kingrobert@example.net,(307)286-0670x0845,2025-02-27,Prepaid
1949,Benjamin Wilson,joshuahampton@example.net,(251)394-0989x219,2024-04-14,Prepaid
1950,Anthony White,wwashington@example.com,397-976-3828x78158,2025-03-02,Prepaid
1951,Anna Bowers,jonathan95@example.com,9624441115,2025-01-23,Postpaid
1952,Erin Johnson,wongbrenda@example.net,458-608-2528,2024-12-01,Postpaid
1953,Charles Taylor,ishaffer@example.org,001-744-465-7108x60626,2024-07-16,Postpaid
1954,Michaela Bowers,qanderson@example.com,8885004005,2025-03-29,Prepaid
1955,Lisa Washington,justinlyons@example.net,537.201.9859x5264,2024-12-17,Postpaid
1956,Paula Robertson,kellyberg@example.org,349-392-5119x67042,2023-06-23,Prepaid
1957,Gregory Acosta,adamsmichael@example.net,992-984-5213x35820,2023-08-29,Postpaid
1958,Timothy Obrien,adam05@example.org,(445)892-4778,2023-05-15,Postpaid
1959,Randy Brown,audrey18@example.org,879-842-9231x598,2024-01-02,Postpaid
1960,John Bell,ericmeyers@example.com,579.992.6576,2023-07-05,Prepaid
1961,Dawn Bell,aaron47@example.net,457-632-7550x8166,2023-10-27,Postpaid
1962,Jason Riley,todd34@example.org,8483764173,2023-05-13,Postpaid
1963,Todd Baker,harrisjason@example.org,745-568-1873x43862,2025-02-26,Postpaid
1964,William Lopez,jonathan57@example.org,(998)449-2501,2024-12-09,Prepaid
1965,Nicholas Davis,hortonedward@example.net,001-603-646-2452x2378,2023-11-23,Prepaid
1966,Matthew Sims,marcussalas@example.org,(971)249-1306x200,2023-07-16,Postpaid
1967,Natalie Copeland,perezmorgan@example.org,9093200299,2025-03-01,Postpaid
1968,Alejandro Bernard,lawrence73@example.com,9885292451,2024-01-16,Postpaid
1969,Crystal Little,marcus82@example.org,653.827.9806,2024-11-10,Postpaid
1970,Lisa Pratt,gary35@example.com,588-399-3899x9143,2023-05-21,Prepaid
1971,Kelsey Jones,tcollins@example.com,288-773-7953x608,2025-03-25,Postpaid
1972,Natasha Garza,jwalker@example.net,246-427-4587x0921,2024-11-21,Postpaid
1973,Carmen Vasquez,barry25@example.com,+1-515-869-8306x99621,2024-03-05,Postpaid
1974,Christopher Martinez,weaverkyle@example.com,+1-287-467-1027x061,2024-12-11,Postpaid
1975,Jane Casey PhD,hunter86@example.org,8774926263,2024-08-24,Prepaid
1976,Stacey Mills,connerjoseph@example.org,889.837.7105x97507,2025-02-24,Postpaid
1977,Nathan Maynard,victoriaswanson@example.net,825.475.1130,2023-07-30,Postpaid
1978,Lori Mack,ericahernandez@example.org,(825)344-0700,2023-09-06,Postpaid
1979,Brittney Patterson,troylee@example.org,+1-444-367-1394,2023-05-12,Prepaid
1980,Kyle Flores,kbaker@example.com,9262880519,2023-05-11,Postpaid
1981,Tara Brown,scottlloyd@example.com,(999)710-1800,2024-11-24,Postpaid
1982,Matthew Coleman,rvance@example.net,(979)289-8699,2023-09-09,Prepaid
1983,Charles Jones,kingnathan@example.com,543.462.4029x4470,2023-06-13,Prepaid
1984,Bianca Bowers,robertrios@example.com,856.417.1250,2024-07-08,Postpaid
1985,Robert Rojas,mclaughlinjason@example.net,559.929.4410,2024-02-11,Prepaid
1986,Charles Warren,tammy44@example.org,(648)832-9426,2024-02-22,Prepaid
1987,James Gallagher,bergryan@example.org,245-491-8811,2023-05-01,Prepaid
1988,Karen Davis,markcombs@example.net,(562)752-0830,2024-11-07,Postpaid
1989,Anna Daugherty,emilyaustin@example.org,869.943.5737,2024-07-30,Postpaid
1990,Katherine Fields,matthewcooke@example.com,001-602-272-2509x28187,2023-08-08,Postpaid
1991,Erin Lee,nelsonchristopher@example.net,537.280.6476x484,2024-02-21,Prepaid
1992,Corey Nielsen,thomasrogers@example.org,(544)270-3056x7740,2024-05-10,Prepaid
1993,Erik Walton,richardglenn@example.net,(483)683-4311,2024-08-14,Prepaid
1994,Regina Lane,jackdavis@example.com,808.393.7773x4369,2024-10-19,Postpaid
1995,Timothy David,johnsonheather@example.com,+1-947-396-8889x587,2024-10-18,Prepaid
1996,Molly Lucas,kellyjenkins@example.net,565-693-2120x6594,2024-05-09,Prepaid
1997,Edward Barker,thomasrobert@example.com,449.589.0401x30316,2024-05-12,Postpaid
1998,Melinda Stone,hernandezdaniel@example.net,709-228-0586,2024-01-15,Prepaid
1999,Judy Moreno,tylerbuchanan@example.com,5847201770,2024-03-24,Postpaid
2000,Shawn Barton,kenneth42@example.com,267-433-1139x820,2025-01-01,Postpaid
2001,Debbie Moore,vaughnbrian@example.com,473.900.1571x380,2023-06-05,Prepaid
2002,Sarah Young,alexa69@example.org,(432)691-5520x208,2024-05-21,Postpaid
2003,Joshua Riley,rwhite@example.com,+1-885-932-9254x6745,2023-05-11,Postpaid
2004,Jason Medina,edeleon@example.org,5997865998,2025-01-08,Postpaid
2005,Timothy Stewart,hoconnor@example.net,(893)499-6516x71554,2023-09-02,Postpaid
2006,Misty Irwin,ftucker@example.com,882-936-8561,2025-02-19,Prepaid
2007,Beth Guzman,edward30@example.org,902-750-6931,2023-07-15,Postpaid
2008,Steven Woods,lisaalexander@example.net,284.441.5176,2024-07-29,Prepaid
2009,Aaron Humphrey,cesar67@example.net,797-296-7579,2024-11-08,Prepaid
2010,Julie Schwartz,sochoa@example.com,853.603.7745,2024-11-07,Postpaid
2011,Heidi Walton,kevin38@example.com,278-881-8800x54457,2024-01-17,Prepaid
2012,Austin Wilson,rachel78@example.com,(734)404-6211x86593,2023-12-15,Postpaid
2013,Kenneth Rodriguez,lindaniel@example.com,(760)705-8982x1975,2023-05-07,Postpaid
2014,Heather Brown,downstyler@example.org,+1-937-431-5342x9234,2025-02-14,Prepaid
2015,Lindsey Hudson,mjones@example.net,(962)230-9977,2024-12-09,Prepaid
2016,April Hancock,umills@example.com,(348)610-9490,2023-06-21,Prepaid
2017,Jamie Stewart,eddie23@example.com,+1-435-462-2815,2024-11-17,Prepaid
2018,April Williams,yharrington@example.net,001-820-462-6469x000,2023-05-01,Prepaid
2019,Zachary Burke,robertgoodman@example.org,981-906-9212,2024-02-27,Prepaid
2020,Alyssa Jones,jonesjessica@example.net,(695)558-6612x9296,2023-08-28,Prepaid
2021,Robert Henry,edwardsbrittany@example.org,(885)205-0365x107,2023-06-13,Prepaid
2022,Kevin Simmons,timothy14@example.org,(716)862-1710,2024-05-17,Prepaid
2023,Samuel Yates,schmidtashley@example.net,(666)744-4994x5239,2024-08-17,Prepaid
2024,Samuel Wood,marshallholly@example.org,001-818-207-8029x1900,2023-06-25,Prepaid
2025,Jennifer Farley,nguyenlisa@example.com,(295)822-8640x7009,2024-05-10,Postpaid
2026,Carrie Campbell,gfreeman@example.org,001-749-328-0640x550,2023-07-29,Postpaid
2027,Wesley Parker,butlergloria@example.com,(534)427-0360x59161,2024-07-06,Postpaid
2028,Ricky King,tfischer@example.org,+1-410-994-7184,2023-07-23,Prepaid
2029,Gregory Brock,hvasquez@example.org,5075068075,2023-12-06,Postpaid
2030,Joseph Holmes,heidi81@example.com,+1-246-345-1794x08916,2023-05-13,Prepaid
2031,Thomas Rasmussen,rgardner@example.net,773.960.5634x01742,2024-05-03,Postpaid
2032,Craig Ponce,shannonmiller@example.com,521-660-3615x04376,2024-01-19,Postpaid
2033,Lynn Bennett,kimberly94@example.org,+1-761-354-2590,2024-07-29,Postpaid
2034,Sonya Shaw,vmyers@example.com,202.578.3846x696,2025-01-17,Prepaid
2035,Brandon Ruiz,lawsondonna@example.net,(737)300-9814x44414,2024-12-14,Prepaid
2036,Jeremy Elliott,benjamincompton@example.net,+1-790-240-9442,2024-07-25,Postpaid
2037,Steven Johnson,taylorsantana@example.com,001-411-918-1085x41791,2024-05-05,Postpaid
2038,Angela Brown,cingram@example.com,001-735-506-4334x46059,2024-10-23,Postpaid
2039,Kim Flores,kimberlygrant@example.net,+1-603-858-8167,2023-06-25,Postpaid
2040,Mark Carter,mcconnellshannon@example.net,001-472-879-8207,2024-07-17,Postpaid
2041,Rachel Miranda,onealtammy@example.org,793-427-2285x2540,2023-06-16,Postpaid
2042,Gabriel Cervantes,smithwilliam@example.com,001-981-599-2792,2023-07-23,Postpaid
2043,Christina Johnston,roblesanna@example.com,778.624.6688,2023-10-01,Postpaid
2044,Robert Flores,gregorychambers@example.com,212.585.8949,2023-09-14,Postpaid
2045,Rachel Stewart,marywyatt@example.com,346-460-3414,2023-09-03,Prepaid
2046,Christopher Perry,qsmith@example.com,213.697.7917x849,2025-04-25,Prepaid
2047,Cheryl Clark,martin61@example.org,838.442.6969,2023-07-30,Postpaid
2048,Michelle Martin,sandrawong@example.com,333-871-0032,2024-09-21,Prepaid
2049,Luis Berger,david86@example.net,778-553-7888x774,2025-01-29,Prepaid
2050,Jessica Dennis,ghurst@example.com,560.763.6439,2023-12-26,Postpaid
2051,Patrick Baker Jr.,youngrachel@example.org,304.346.7517,2023-08-12,Prepaid
2052,Alyssa Pitts,wellsamy@example.com,001-545-273-2794x8723,2024-01-21,Prepaid
2053,Timothy Young,anthonynolan@example.org,001-493-888-6433x07199,2023-07-01,Prepaid
2054,Thomas Campbell,anthony38@example.net,001-935-544-3409x8280,2023-07-16,Prepaid
2055,Jason Vasquez,myersanne@example.net,641-434-0383,2024-10-24,Prepaid
2056,Yvonne Young,danielpeters@example.com,+1-356-388-9620,2025-01-09,Postpaid
2057,Roger Pham,bcastro@example.org,489-285-8154x591,2023-12-06,Prepaid
2058,Shannon Johnson,ksantos@example.com,443.283.2045x85615,2024-11-23,Prepaid
2059,Sarah Reed,ssantana@example.net,001-870-724-6464,2025-02-08,Postpaid
2060,David Davis,michaelfox@example.org,4367170186,2024-06-02,Postpaid
2061,Heidi Vargas,erin58@example.org,657.832.1244,2023-12-19,Postpaid
2062,Kaylee Martinez,melissa12@example.net,718-453-2412x637,2024-05-25,Prepaid
2063,Michael Blackwell,rmckenzie@example.net,761.290.4644x90943,2024-09-19,Postpaid
2064,Thomas Potts,noahjenkins@example.com,001-846-992-4518x3377,2023-10-07,Prepaid
2065,Timothy Wells,thomascarolyn@example.net,001-744-990-7774,2024-01-12,Postpaid
2066,Donald Mccullough,lindsey46@example.org,(655)564-1065x7017,2023-09-19,Prepaid
2067,Katherine Taylor,tim05@example.net,001-614-400-2078x5375,2024-08-31,Postpaid
2068,Crystal Morgan,parkdenise@example.com,(871)276-6556x7909,2023-09-23,Postpaid
2069,Felicia Chung,colleen04@example.com,947.663.8215x2762,2025-04-26,Postpaid
2070,Ashley Parks,johnsheppard@example.com,001-461-393-3688x0685,2024-05-20,Postpaid
2071,Dawn Powell,dwebb@example.org,(412)806-0554x03752,2024-08-06,Postpaid
2072,James Bradley,yunicholas@example.org,5277658253,2024-08-02,Postpaid
2073,Jason Lang,kristen32@example.com,819-611-6337x8741,2023-09-20,Postpaid
2074,Brian Hodges,kingbenjamin@example.org,001-365-820-9342x206,2025-03-02,Prepaid
2075,Julia Cook,uthompson@example.net,723.451.4349x0442,2025-01-27,Prepaid
2076,Nicholas Cole,powelleric@example.net,989-299-9349,2025-01-09,Prepaid
2077,Judith Schmidt,cheyenne12@example.com,+1-731-359-9564x6504,2024-12-18,Prepaid
2078,Harold Bridges,emily79@example.com,+1-953-788-0397x95161,2025-04-03,Prepaid
2079,Casey Scott,josegarcia@example.net,001-444-220-9649x7082,2024-02-27,Postpaid
2080,Felicia Juarez,mcbriderobert@example.com,356.393.9305,2025-01-14,Postpaid
2081,Taylor Mayer,kathleenpruitt@example.org,612-980-3158x387,2025-01-20,Prepaid
2082,Lauren Whitney,mcrosby@example.net,915.738.9457x1678,2023-05-30,Prepaid
2083,Cassandra Martinez,jeremiahbarrett@example.org,+1-623-387-7177x0343,2023-11-15,Postpaid
2084,Ashley Williams,garciaemily@example.com,001-880-826-6210x08660,2023-07-30,Prepaid
2085,Brenda Holland MD,sarah43@example.org,570.615.3440x7234,2024-12-28,Prepaid
2086,Brandon Hernandez,gmills@example.net,254.230.2380,2024-08-08,Postpaid
2087,Vanessa Snyder,tmcknight@example.org,447.726.7091,2024-10-08,Postpaid
2088,Karen Thornton,beth77@example.net,8763138059,2024-04-20,Postpaid
2089,Alicia Davis,tinamorales@example.org,(766)867-8667x85521,2024-01-20,Prepaid
2090,Andrew Mcmahon,mcleanjessica@example.org,(516)525-3636,2023-07-30,Prepaid
2091,Sharon Hines,sandra91@example.com,(822)888-1597,2024-07-18,Prepaid
2092,Maria Ruiz,wilsonleslie@example.org,858.670.2399x4628,2023-06-16,Prepaid
2093,Robert Griffin,abigail48@example.org,+1-885-853-9593x08463,2024-09-04,Postpaid
2094,Justin Carter,nathan56@example.com,877.552.9524,2024-02-03,Prepaid
2095,Daniel Jones,ashley64@example.com,(260)535-5593x143,2024-06-14,Prepaid
2096,Samantha Ray,baileyedwin@example.com,(605)783-9970,2024-01-09,Postpaid
2097,Kathy King,kaylacraig@example.org,001-307-748-7769,2025-01-30,Postpaid
2098,Jane Ray,jenkinsstacey@example.net,340-807-0367,2025-03-21,Postpaid
2099,Pamela Mueller,joanntaylor@example.org,001-626-977-4067x59633,2025-02-24,Prepaid
2100,Pamela Carter,zsullivan@example.org,+1-235-507-1445x5213,2024-12-23,Postpaid
2101,Debra Brown,hosborne@example.com,224.425.9842x396,2024-02-02,Prepaid
2102,Kenneth Simmons,melissa00@example.com,634.681.0498,2023-08-04,Prepaid
2103,Jason Lopez,flopez@example.org,340-450-6617,2024-09-13,Prepaid
2104,Devin Gilmore,grayraven@example.com,001-423-779-3517x387,2023-06-25,Postpaid
2105,Christopher Robles,angela12@example.net,660.319.8855x7842,2024-10-23,Prepaid
2106,Christopher Wright,gabriel44@example.com,(653)209-3347x0386,2024-07-09,Postpaid
2107,Lisa Miller,anthonyhunter@example.org,325-908-5326,2024-06-03,Postpaid
2108,Daniel Rivers,atkinsleslie@example.org,(380)577-7134x8847,2025-04-15,Postpaid
2109,Phillip Wilkinson,clarkkrista@example.net,(923)900-3764,2024-09-10,Prepaid
2110,Jermaine Beck,pedro36@example.net,628.605.8636,2024-08-26,Prepaid
2111,Louis Hale,garciadiane@example.net,591.514.8320,2025-01-02,Prepaid
2112,Shari Walker,zbean@example.org,(694)280-1920x626,2025-01-24,Postpaid
2113,Brandon Medina,michaelfowler@example.net,(505)602-7840x8269,2024-11-15,Prepaid
2114,Jessica Strong,vmoody@example.org,001-217-702-5281x46639,2023-09-19,Postpaid
2115,Daniel Mills,cgonzalez@example.com,(200)349-4690x0186,2024-05-17,Postpaid
2116,Steven Greer,william40@example.net,4397402128,2023-05-16,Postpaid
2117,Krystal Williams,rosscindy@example.net,001-349-796-3745x070,2023-10-01,Prepaid
2118,Rachel Howell,smithkelly@example.org,(847)897-3615x3458,2024-06-26,Prepaid
2119,Karen Curtis,carrollwilliam@example.net,760.872.6329x3994,2023-05-08,Prepaid
2120,Samantha Gray,qpalmer@example.org,+1-516-813-0496x6620,2023-10-15,Postpaid
2121,Anthony Martin,megan93@example.org,(489)562-9058,2024-03-28,Postpaid
2122,Wendy Cowan,baldwinmegan@example.net,639-404-0347x793,2024-07-30,Prepaid
2123,Emily Miller,uavila@example.org,001-855-585-7276,2024-09-21,Postpaid
2124,Larry Bush,greenjeremiah@example.com,001-628-556-1982x59475,2023-12-22,Prepaid
2125,Daniel Stone,qlam@example.com,+1-383-877-1014x8775,2024-09-23,Postpaid
2126,Mike Romero,mcbridejohn@example.net,+1-471-955-2569x677,2023-11-12,Postpaid
2127,Chad Jones,richardsondenise@example.com,+1-664-373-1334,2024-08-18,Prepaid
2128,Mario Jones,mindychang@example.org,+1-939-690-6511x57921,2024-01-25,Postpaid
2129,Jose Foster,tfisher@example.net,001-675-316-6806x9602,2024-08-14,Prepaid
2130,Wayne White,peter47@example.com,9506861260,2024-12-16,Postpaid
2131,Michael Brown,washingtonmelissa@example.org,+1-398-686-2886x6391,2023-08-21,Postpaid
2132,Douglas Hahn,erose@example.com,+1-735-798-4017x4800,2024-12-04,Prepaid
2133,Justin Smith DDS,kimberlychen@example.net,(751)877-7290x6613,2023-11-07,Prepaid
2134,Roy Fisher,edward71@example.org,250.984.4602,2024-11-18,Prepaid
2135,Johnathan Delacruz,zluna@example.net,652-720-9064x61673,2024-03-24,Prepaid
2136,Dwayne Fuller,james41@example.net,892.825.7999,2024-11-30,Prepaid
2137,Rebecca Cohen,jacquelineklein@example.com,+1-349-877-9093x6718,2023-11-11,Postpaid
2138,Stephanie Ramos,krystal84@example.net,425.203.2342,2024-12-13,Postpaid
2139,April Hampton,angela47@example.org,(916)943-2759x116,2024-10-20,Prepaid
2140,Brittany Fischer,ramseyjonathon@example.net,212.415.8978,2024-09-15,Postpaid
2141,Jacqueline Cole,jallison@example.net,+1-955-563-1071x594,2025-02-15,Prepaid
2142,Robert Martin,wagnerjames@example.com,001-652-748-4075x87897,2023-07-12,Prepaid
2143,Ashley Guzman,carolyn86@example.net,564.288.6486x463,2023-10-23,Postpaid
2144,Yolanda Todd,nicholas18@example.net,220.738.4369x43658,2024-05-31,Prepaid
2145,Jesse Waters,derek90@example.net,+1-959-209-5655,2025-02-21,Postpaid
2146,Mark Michael,jennifer84@example.org,001-848-657-0579x7876,2023-09-16,Prepaid
2147,Tiffany Leach,morrowchristopher@example.net,(579)382-3746x84103,2024-06-17,Postpaid
2148,Bradley George,jamiebell@example.net,(695)610-3658x2915,2024-03-10,Postpaid
2149,Mary Sheppard,marie34@example.com,(693)679-0346x77107,2023-08-27,Postpaid
2150,Emily Thompson,gabriellacobb@example.org,495.351.3820,2024-11-21,Postpaid
2151,Diane Norton,qgonzalez@example.org,+1-532-400-7808x2378,2023-11-07,Prepaid
2152,Brandon Pugh,claudiacraig@example.org,+1-538-344-5911x0264,2023-06-16,Postpaid
2153,Andrew Ramos,michael84@example.net,001-704-578-5407,2025-02-11,Prepaid
2154,Karen Torres,martineztara@example.net,236.726.6077,2024-08-27,Prepaid
2155,Robert Rivera,williamthomas@example.com,+1-883-956-9254x341,2024-08-13,Postpaid
2156,Dorothy Mendoza,robert42@example.net,+1-796-503-5128x15381,2023-11-21,Prepaid
2157,Mackenzie Burton,xtaylor@example.net,623-386-0855x60313,2024-08-16,Postpaid
2158,Tracy Brown,mary94@example.org,2906806161,2024-03-25,Prepaid
2159,Carlos Andrews,jenniferrobertson@example.org,680.605.0488,2023-05-11,Postpaid
2160,Steven Miller,amy86@example.org,5034942667,2023-05-25,Postpaid
2161,Christopher Stanley,huffmandouglas@example.net,474.777.2635,2024-05-28,Postpaid
2162,Melissa Perkins,caseyamber@example.com,(657)857-6209x65788,2023-06-30,Prepaid
2163,Michelle Young,carrpaul@example.net,2367188992,2023-11-01,Postpaid
2164,Joe Duran,stephanie02@example.com,+1-718-368-8879,2024-07-26,Prepaid
2165,James Pitts,garciajeffrey@example.com,+1-801-253-8119x27270,2024-03-19,Postpaid
2166,Michael Bates,zrivera@example.com,(802)792-7200x9135,2023-10-26,Postpaid
2167,Douglas Rodriguez,hmcdonald@example.net,001-338-627-9987,2023-07-17,Postpaid
2168,Derek Perez,millerfelicia@example.com,001-210-685-8150,2024-02-13,Prepaid
2169,Elizabeth Richard,ssmith@example.net,001-316-581-5628,2024-04-09,Postpaid
2170,David Johnson,christy66@example.org,+1-296-981-3887x1535,2025-02-12,Prepaid
2171,Christopher Moore,buchananmichael@example.com,001-614-967-7477x03169,2024-07-18,Prepaid
2172,Jennifer Smith,hmaldonado@example.org,+1-517-782-6971x3352,2025-03-13,Postpaid
2173,Linda Logan,yshields@example.org,782.698.0055x244,2023-12-03,Prepaid
2174,Paul Daniels,derrickday@example.net,569-765-3849,2024-09-08,Postpaid
2175,Hannah Hampton,nathanielberger@example.org,+1-449-367-0636x972,2024-01-15,Prepaid
2176,Carol Huff,nross@example.org,593-742-2551x85886,2023-11-12,Postpaid
2177,Norma Little,zbaker@example.org,300.800.5851x6367,2024-02-06,Postpaid
2178,Tanner Perez,jenniferherrera@example.com,871.300.0736,2024-06-23,Postpaid
2179,Jennifer Powell,kathysalazar@example.org,001-608-459-9424x927,2025-03-06,Prepaid
2180,Hannah Gibson,piercebrian@example.net,534.410.2752x70469,2023-12-11,Postpaid
2181,Renee Guerrero,susan92@example.org,+1-995-806-5895x0777,2023-08-29,Postpaid
2182,Leslie Cooper,samantha29@example.org,(978)599-6762,2024-07-13,Prepaid
2183,Roberto David,ppatel@example.net,(668)400-2648x343,2023-07-05,Postpaid
2184,Meghan Hammond,garyboyle@example.org,(959)635-9529x112,2024-03-30,Postpaid
2185,Kenneth Nash,oholt@example.net,+1-448-576-8673x48490,2023-07-06,Prepaid
2186,Zachary Davis,charlesarmstrong@example.com,772-421-5389x14079,2024-11-26,Prepaid
2187,Alexandra Murray,katherinegarcia@example.com,524-528-7249,2024-11-15,Prepaid
2188,Kimberly Mcintyre,pkennedy@example.org,001-582-764-1101,2025-01-11,Postpaid
2189,Micheal Davis,anthonywashington@example.com,001-396-386-3970x479,2023-06-16,Prepaid
2190,Amanda Griffith,robbinsriley@example.org,+1-519-667-4165x2825,2023-11-27,Prepaid
2191,Courtney Harris,cindy29@example.org,(420)722-3794x53448,2024-11-22,Prepaid
2192,Susan Barry,gibsonjose@example.org,(593)903-8001x662,2024-01-29,Postpaid
2193,Laura Brown,scott36@example.net,487.526.8344,2024-11-07,Prepaid
2194,Frederick Torres,lisa70@example.org,+1-544-728-2234x023,2023-07-04,Postpaid
2195,Lisa Lane,kristina77@example.org,801.537.8577x9097,2025-02-16,Postpaid
2196,Bridget Ochoa,james56@example.com,358.774.7244x12268,2025-02-05,Postpaid
2197,Jason Stone,dianaperez@example.com,(994)532-6329,2025-03-31,Postpaid
2198,Maria Rios,oharris@example.com,201-467-9528x521,2023-05-13,Prepaid
2199,Michele Hernandez,bradsmith@example.net,638-498-3891x694,2024-10-09,Prepaid
2200,Richard Pittman,pricesharon@example.com,001-277-285-7860x1174,2024-08-28,Prepaid
2201,Emily Myers,vincentbray@example.net,621-580-6973x3941,2023-07-28,Postpaid
2202,Ashley Harvey DDS,johnsonkelsey@example.net,893-919-8553x18391,2024-07-25,Prepaid
2203,Angela Barnett,kparker@example.org,435.677.6282x336,2023-10-09,Prepaid
2204,Jessica Bennett,steven57@example.org,001-777-693-9443x35800,2024-07-22,Postpaid
2205,Heather Johnson,huangdavid@example.net,500-599-8269x17912,2025-04-11,Prepaid
2206,Kathleen Barber,betty68@example.org,938.237.5476,2025-01-28,Prepaid
2207,Charles Beard,mark13@example.org,001-210-451-7570x4569,2024-06-07,Prepaid
2208,Andrew Lopez,wallmichael@example.net,+1-858-390-6387x178,2024-12-07,Postpaid
2209,James Gonzalez,tiffany89@example.com,269-455-0648,2025-01-02,Prepaid
2210,Jordan Martinez,michelle90@example.org,921-716-4922x948,2024-03-07,Postpaid
2211,Charles Long,douglas79@example.com,4105677944,2024-02-02,Prepaid
2212,Tiffany Torres,qdavis@example.org,(682)929-5767x3840,2024-01-21,Postpaid
2213,Sherri Fuentes,caitlin89@example.net,765-835-6879x026,2025-02-01,Prepaid
2214,Patrick Moore,davislisa@example.com,365-458-5400x28001,2024-08-21,Postpaid
2215,Matthew Velez,kellyronald@example.net,601.443.3891,2025-01-07,Prepaid
2216,Cory Thomas,william65@example.com,001-214-785-8959x87273,2023-05-05,Prepaid
2217,Lisa Carpenter,yangangela@example.net,(717)516-1494,2025-03-26,Prepaid
2218,Deanna Wells,nwhite@example.com,+1-948-740-4197x67174,2023-09-22,Prepaid
2219,Wendy Drake,holdenbailey@example.org,298.738.2173x19480,2023-10-14,Prepaid
2220,Amy Reynolds,ayalaroy@example.org,425.991.5928x835,2024-11-24,Prepaid
2221,Mary Holloway,alexander87@example.com,367.939.5265x744,2024-05-13,Prepaid
2222,Shelly Perry,stephanie62@example.org,+1-770-567-4553x8916,2023-09-28,Postpaid
2223,Christopher Robinson,matthewwright@example.com,371.946.7648,2025-03-09,Prepaid
2224,Joshua Mcdaniel,gweaver@example.org,(447)664-7627x900,2023-09-20,Postpaid
2225,Mallory Davis,olsonjason@example.org,001-494-589-9292x3389,2023-10-05,Postpaid
2226,Daniel Robinson,gonzalezteresa@example.com,812-839-0053,2024-10-14,Postpaid
2227,Jennifer Hall,joneserin@example.com,2166393004,2024-03-08,Prepaid
2228,Dale Douglas,gcurry@example.org,469.750.9614x01049,2024-12-27,Postpaid
2229,Jessica Taylor,nelsontara@example.org,348-430-4888x1449,2024-06-21,Prepaid
2230,Linda Clark,kaisermonica@example.org,4586769439,2024-06-26,Prepaid
2231,Troy Stanton MD,sylvia74@example.net,7694241726,2025-01-28,Postpaid
2232,James Schmidt,casedarrell@example.com,706.967.0213,2024-10-12,Prepaid
2233,Paige Adams,colepeterson@example.org,+1-451-977-1655,2023-07-29,Postpaid
2234,Mrs. Penny Fisher,ufuller@example.net,001-759-958-9619,2025-01-22,Postpaid
2235,Peter Avila,cayers@example.net,001-718-425-6967x6438,2025-02-12,Prepaid
2236,Brandy Miller,robert26@example.com,812.235.4989x54655,2023-05-13,Postpaid
2237,James Smith,paula93@example.net,001-949-838-9227x06963,2023-07-15,Postpaid
2238,Sarah Faulkner,jasonkane@example.com,+1-843-659-0463x5954,2023-09-04,Prepaid
2239,Timothy Hughes,jonesdavid@example.org,572.275.4246,2024-08-21,Postpaid
2240,Kristen Young,michael13@example.net,001-582-245-7655x511,2024-12-10,Postpaid
2241,Sarah Mitchell,lbailey@example.net,505.276.1016x80194,2024-04-21,Postpaid
2242,Dr. Darrell Gutierrez MD,laura10@example.com,(747)434-6210x1768,2023-12-30,Prepaid
2243,Brandon Fisher,andrewkramer@example.org,793-630-1029x307,2025-04-13,Prepaid
2244,Earl Johnson,harmonmarissa@example.com,935.599.8331,2023-12-27,Postpaid
2245,Robert Calhoun,alexwilliams@example.org,830.970.5187x75019,2024-07-24,Postpaid
2246,Ethan Sanders,taylorkathleen@example.com,540-223-4433x116,2024-02-11,Prepaid
2247,Kevin Bryant,timothy24@example.org,+1-793-699-6557x48044,2023-05-03,Prepaid
2248,Brian Mitchell,haroldwilliamson@example.com,+1-664-215-0422x7261,2024-02-07,Prepaid
2249,Jennifer Preston,lenglish@example.org,467-901-1980x944,2024-01-02,Postpaid
2250,Sarah Hudson,johnsontimothy@example.org,(350)687-3063x6153,2024-06-07,Postpaid
2251,Lisa Rodriguez,mclaughlinshannon@example.com,+1-995-597-9057x9441,2024-09-03,Postpaid
2252,Linda Oneill MD,omontes@example.com,001-518-579-9032x4090,2024-04-13,Postpaid
2253,Bonnie Serrano,zbrown@example.org,329.864.4778x46775,2024-01-06,Postpaid
2254,Darlene Price,wbarnes@example.com,839-958-0961,2025-04-25,Prepaid
2255,Emily Diaz,gary35@example.net,667-439-5531x28601,2025-02-12,Prepaid
2256,Joe Mcbride,zachary56@example.org,(855)234-5055,2024-04-16,Postpaid
2257,Cynthia Carroll,mariakhan@example.net,+1-773-555-7770x485,2025-01-25,Postpaid
2258,Diana Smith,emily55@example.net,415.503.7001x44996,2024-02-03,Prepaid
2259,Brandon Scott,bzimmerman@example.org,+1-859-539-1090x734,2025-02-17,Postpaid
2260,Brett Black,sotomackenzie@example.net,+1-402-755-8459x45285,2024-12-08,Prepaid
2261,Robert Miller,daryllevine@example.com,498.936.6658x08976,2024-05-17,Prepaid
2262,Mary Berry,ybrooks@example.net,350.205.2705x899,2025-04-28,Prepaid
2263,Frank Jennings,watsonryan@example.org,561-635-8216x88697,2023-12-08,Prepaid
2264,Joshua Howard,valencialarry@example.org,340.589.3917,2024-01-13,Prepaid
2265,Ashley Hodge,michael87@example.org,001-755-318-8769x871,2025-04-09,Postpaid
2266,Kiara Rose,lisa05@example.com,001-812-280-8722,2024-07-29,Prepaid
2267,Lauren Santos,jacobsoneric@example.org,(541)303-7764x20475,2024-08-01,Prepaid
2268,Theresa Pitts,levineandrea@example.org,255.879.4438x216,2024-10-10,Prepaid
2269,Erica Mccarthy,deleonsharon@example.net,761-573-8665,2024-09-04,Postpaid
2270,James Reilly,johnathan74@example.net,697.851.9479,2024-04-05,Postpaid
2271,Jacqueline Thomas,brownmichelle@example.org,001-418-226-3112x688,2024-03-20,Prepaid
2272,Jordan Smith,jo18@example.com,001-219-981-3401x486,2024-01-03,Prepaid
2273,Laura Dawson,thomas16@example.net,5916200874,2023-10-21,Prepaid
2274,Krystal Christensen,austinbyrd@example.net,998.785.9057x99744,2024-02-04,Postpaid
2275,Nicholas King,dianamiles@example.com,001-714-937-6458x811,2023-10-18,Prepaid
2276,Courtney Adams,sherri44@example.org,001-241-806-7376x7094,2024-03-30,Postpaid
2277,Christopher Martinez,joshua22@example.org,9578983136,2023-11-26,Postpaid
2278,Alejandro Robinson,jimenezjason@example.com,412.675.0555,2024-10-16,Prepaid
2279,Stephen Rodriguez,ambermorales@example.net,671.512.1696x530,2023-11-23,Postpaid
2280,William Smith,acostamichael@example.net,383.618.9726x7411,2025-03-02,Postpaid
2281,Steve Clark,elizabeth78@example.net,(215)907-9067x004,2025-02-20,Prepaid
2282,Kimberly Reyes,kcervantes@example.org,821.882.8541,2023-07-08,Postpaid
2283,Joyce Thomas,andrewacosta@example.org,001-852-408-9718x1778,2024-12-17,Postpaid
2284,Lisa Brown,bonillarebecca@example.org,(767)966-2698x33253,2023-06-19,Prepaid
2285,Thomas Smith,daniel44@example.com,(801)797-4532x083,2023-09-06,Prepaid
2286,Jasmine Beck,kevinknight@example.org,460.463.2500x979,2023-06-02,Prepaid
2287,Ann Gonzalez,valenzuelawilliam@example.com,609.854.4118,2024-09-26,Prepaid
2288,Carol Ayala,luke97@example.org,915.620.1864x058,2024-12-30,Postpaid
2289,Melvin Tapia,shawn87@example.com,(808)280-0696,2024-04-13,Postpaid
2290,Kristin Yoder,evansjavier@example.net,909.577.7951x75342,2024-03-27,Postpaid
2291,Samantha Yates,gmanning@example.com,(544)923-3657x737,2024-05-19,Prepaid
2292,Luke Perry,emckinney@example.com,(844)939-5784x2955,2024-11-08,Prepaid
2293,Kristina Morton,pmccann@example.net,455-215-7323x07307,2023-10-29,Postpaid
2294,Kayla Martin,john22@example.net,(991)451-2683x170,2024-04-02,Prepaid
2295,Brandi Baldwin,mendezjermaine@example.org,001-203-928-4536x440,2024-04-05,Postpaid
2296,Michelle Morris,mclark@example.com,+1-242-342-3270x988,2024-12-28,Postpaid
2297,Dr. Chad Clark,susan77@example.org,248.906.5126x9443,2024-02-22,Postpaid
2298,Charles Peters,maria50@example.com,5588832202,2023-07-26,Postpaid
2299,Christine Morrow,cwilson@example.net,955.929.4236,2025-03-22,Prepaid
2300,Martin Williams,kenneth00@example.org,(628)896-2386,2024-04-10,Postpaid
2301,Shannon Walker,johnsonshelley@example.org,+1-674-414-4782x617,2025-03-10,Prepaid
2302,Daniel Waller,lisa15@example.org,926-996-8947,2023-08-18,Postpaid
2303,Heather Johnson,parkerdavid@example.org,743-559-0709x951,2024-11-23,Prepaid
2304,Christopher Holland,nicholasbarnett@example.net,+1-273-413-3961x86651,2024-03-14,Postpaid
2305,Janice Brennan,tomfernandez@example.net,335.470.1076,2024-10-21,Prepaid
2306,Caitlin Parker,olivererin@example.org,001-500-584-3928x6291,2024-12-07,Prepaid
2307,Natalie Garcia,debra90@example.org,478-657-8630x05823,2023-05-09,Postpaid
2308,Marie Ochoa,wilsonmichele@example.org,465-215-8726x72253,2024-08-13,Postpaid
2309,Deborah Hahn,daniel46@example.net,+1-802-368-0296x26586,2023-12-23,Postpaid
2310,Adam Luna MD,lsalazar@example.net,344.788.5401x89338,2025-03-04,Prepaid
2311,Henry Bonilla,csosa@example.net,(533)451-2228,2024-09-01,Postpaid
2312,Kyle Sanchez,thomas56@example.com,(598)626-4846x4670,2024-05-02,Prepaid
2313,Mr. Ronald Hicks,qfuller@example.net,934-517-4274x13331,2024-06-01,Postpaid
2314,Hailey Lawrence,michelle09@example.com,285-907-8822x7028,2023-10-20,Prepaid
2315,Michael Mills,connorkennedy@example.com,958-220-2572x3306,2025-03-31,Postpaid
2316,Andrew Kennedy,jessica60@example.com,(223)831-6377x9635,2024-08-05,Postpaid
2317,Julie Kane,phamvirginia@example.org,717-820-9250x25078,2024-11-17,Prepaid
2318,Donald Simmons,erush@example.com,+1-750-256-4787x52760,2024-04-02,Prepaid
2319,Brady Hale MD,robinsonheather@example.net,+1-361-995-9593x79946,2024-04-13,Postpaid
2320,Dawn Green,katherine72@example.net,001-258-417-7516x8066,2024-01-09,Prepaid
2321,William Daugherty,kterry@example.net,2916927464,2023-12-28,Postpaid
2322,Alan Barber,erinspence@example.net,363.603.1609x166,2024-07-24,Postpaid
2323,Melissa Lee,aaronwilliams@example.com,220.805.2741,2024-09-12,Postpaid
2324,Justin Obrien,robin33@example.net,635-875-2692x199,2025-01-11,Postpaid
2325,Gregory Hines,weaverallison@example.net,574.445.2074x95351,2023-08-04,Prepaid
2326,Kathryn Odonnell,robertsdaniel@example.net,582.689.2188x887,2024-07-17,Postpaid
2327,Patrick Russell,bwilcox@example.org,545.354.0693,2025-01-15,Prepaid
2328,Jessica Martinez,gcohen@example.org,+1-789-753-9786,2023-12-03,Postpaid
2329,Brett Ray,christophersmith@example.com,+1-835-476-4616x709,2023-08-06,Prepaid
2330,Jodi Montgomery,coxalexandra@example.net,769.450.7111x648,2024-07-15,Postpaid
2331,Crystal Dyer,martinkennedy@example.net,849-600-8725x81900,2023-09-08,Prepaid
2332,Joseph Hurst,kevinmay@example.com,981.540.3991x86235,2023-06-20,Prepaid
2333,Patrick Fletcher,steven84@example.org,671-227-9269x569,2023-08-05,Prepaid
2334,Kelly Hill,jamesjackson@example.net,532.529.9592x6560,2023-12-31,Prepaid
2335,Michelle Steele,brian42@example.org,936.602.6728x4996,2023-10-18,Postpaid
2336,Meredith Evans,kyle25@example.com,+1-825-416-5077x298,2025-03-23,Postpaid
2337,Paul Weeks,brianbarker@example.net,2249412707,2024-12-04,Prepaid
2338,Jasmine Carson,laura66@example.org,001-672-733-7234x993,2025-03-25,Postpaid
2339,Justin Humphrey,shannon51@example.com,621.705.6963,2025-04-20,Prepaid
2340,Christina Stewart,kennethtaylor@example.org,001-233-307-4053x472,2025-03-04,Prepaid
2341,Jonathon Ramirez,kimleach@example.org,+1-797-496-5660x434,2024-10-19,Prepaid
2342,Debbie Gonzalez,tkemp@example.com,374-291-9344,2025-03-17,Prepaid
2343,Ryan Welch,jacksonedwards@example.net,656-277-6443x163,2025-03-04,Postpaid
2344,Scott Rice,johnhumphrey@example.org,5674072577,2024-05-16,Postpaid
2345,Steve Smith,theresahaynes@example.org,9226943502,2023-11-20,Prepaid
2346,Cynthia Jenkins,deborah25@example.net,(381)898-5408,2024-07-07,Postpaid
2347,Mrs. Sarah Hawkins,meghanwright@example.org,(364)932-0885,2023-08-16,Prepaid
2348,Alyssa Clarke,wpierce@example.com,237-776-8463x06826,2023-11-06,Prepaid
2349,Heather Ruiz,benjaminramsey@example.com,6958961811,2025-01-02,Prepaid
2350,Stephanie Moore,vellis@example.net,+1-265-641-4303x2428,2024-05-29,Prepaid
2351,Brittany Collins,grahamannette@example.net,001-442-844-2523x3916,2024-10-28,Postpaid
2352,Stephanie May,toddsimmons@example.org,(993)243-2346x86519,2024-04-20,Prepaid
2353,Marissa Petersen,natasha10@example.com,+1-985-815-1193,2024-01-30,Postpaid
2354,Juan Williams,stevenchavez@example.com,633-929-4374,2023-08-07,Prepaid
2355,Bobby Jones,dwilliams@example.net,581-528-5000x89068,2024-11-09,Postpaid
2356,Shannon Craig,victoria16@example.net,534-319-9500x417,2024-10-29,Prepaid
2357,Tammy Richardson,hartmanmary@example.net,(653)422-2989,2024-04-19,Postpaid
2358,Michelle Joseph,curtisedwards@example.net,3819307187,2023-08-15,Postpaid
2359,James Thompson,robinsonbarbara@example.net,(784)496-6591,2024-04-02,Prepaid
2360,Amy Chang,rfriedman@example.org,(852)436-9360,2023-08-17,Prepaid
2361,William Baker,gina51@example.com,266-569-7852x89204,2023-08-23,Postpaid
2362,Nicole Craig,dgregory@example.org,6997195359,2025-03-30,Prepaid
2363,Ryan Griffin,lisasmith@example.org,001-264-610-9127,2025-03-09,Prepaid
2364,Ashley Cunningham,timothylucas@example.org,001-551-300-1057,2024-08-08,Postpaid
2365,Mary Robertson,luis89@example.com,+1-950-793-6378x40681,2023-07-24,Prepaid
2366,Stephen Brooks,charlesgraves@example.org,894-395-0580x822,2024-03-07,Postpaid
2367,Sheila Carey,hwilliams@example.net,(581)322-7363x77045,2024-01-15,Postpaid
2368,Stephanie Anderson,maria07@example.net,288.351.6248x25274,2024-02-09,Prepaid
2369,Lisa Gomez,ashleythompson@example.net,240-547-6796,2024-06-16,Prepaid
2370,Melinda Allison,jamesrichardson@example.net,879.573.5455x917,2023-10-12,Postpaid
2371,Henry Kim,megansimon@example.net,3217585099,2024-03-07,Postpaid
2372,Olivia Schaefer,coxsusan@example.net,5475166980,2024-08-07,Postpaid
2373,Jamie Bowen,thomaswaters@example.org,+1-586-525-5623,2023-07-24,Postpaid
2374,Frank Berry,joseph45@example.org,469-763-2928x64974,2025-03-25,Prepaid
2375,Elizabeth Webb,cameronmason@example.org,511-792-7078x8924,2023-09-25,Postpaid
2376,Meghan Thompson,johnfisher@example.org,001-270-859-1594x054,2024-01-19,Postpaid
2377,Richard Jones,brandon10@example.com,6384298895,2023-06-15,Prepaid
2378,Elizabeth Thomas,uwilson@example.org,(431)975-4929,2024-11-27,Prepaid
2379,Raymond Koch,james66@example.com,(300)734-9469x6150,2023-07-21,Prepaid
2380,Kenneth Melton,torresmaria@example.org,(517)426-7530x348,2024-03-31,Prepaid
2381,Paige Gonzalez,bennettalexis@example.net,663.901.0170x84988,2023-12-30,Prepaid
2382,Amy Martin,nathanwhitehead@example.net,(318)774-0170,2024-02-25,Prepaid
2383,Mr. Christopher Dixon MD,freemanalexa@example.org,(694)273-4612x3339,2024-01-26,Prepaid
2384,Courtney Mullins,tammy92@example.org,387-307-4831x262,2024-04-09,Prepaid
2385,Dr. Crystal Harris,michelle86@example.org,001-986-693-6515,2023-07-28,Postpaid
2386,Tina Becker,katherinetrujillo@example.org,317-673-8961x9418,2023-10-12,Prepaid
2387,Andrea Parker,bdavis@example.net,7243569881,2024-09-20,Prepaid
2388,John Caldwell,olsonlee@example.net,505.691.7396x135,2024-10-04,Postpaid
2389,Tyler Dunn,christopher48@example.org,275.675.9685x716,2024-11-19,Postpaid
2390,William Travis,garrettdeanna@example.com,345-237-6906,2025-01-29,Prepaid
2391,Anthony Rivas,patelalexandra@example.org,(488)221-9853x5329,2024-10-05,Prepaid
2392,Heather Cooper,hollyalvarado@example.org,426.356.5824x655,2023-10-31,Postpaid
2393,Anna Mccarthy,brookechandler@example.com,(496)381-6117x106,2024-04-28,Postpaid
2394,Angela Bryant,david33@example.com,363-602-6673x79794,2024-05-23,Postpaid
2395,James Swanson,chelsea38@example.com,929-603-0883x892,2025-04-22,Prepaid
2396,Keith Boyd,johnwilson@example.net,001-763-912-4873x525,2023-11-24,Postpaid
2397,Deborah Stevenson,julierice@example.net,+1-233-302-2172x45558,2024-04-20,Prepaid
2398,Jessica Wheeler,ghurst@example.org,(419)880-4391,2025-02-21,Postpaid
2399,Tiffany Rodriguez,douglasmendoza@example.org,8962490739,2024-04-13,Prepaid
2400,Dominique Martinez,emcfarland@example.com,3985545081,2024-05-23,Prepaid
2401,Tyler Smith,olee@example.org,4617365089,2023-09-28,Prepaid
2402,Mario Garza,johnwright@example.org,(234)416-5483x746,2024-06-17,Prepaid
2403,Alisha Brown,cathy56@example.net,+1-934-612-3574x3999,2023-11-25,Prepaid
2404,Sydney Martin,kbates@example.net,507-980-4799x361,2025-02-22,Postpaid
2405,Jean Ayala,christine65@example.org,971.251.7475x4300,2024-07-27,Postpaid
2406,Kayla Smith,odavis@example.net,463.668.0808x233,2024-06-30,Postpaid
2407,Tanya Newman,donnabentley@example.com,(717)313-3774x18635,2023-12-21,Prepaid
2408,Alyssa Delacruz,morganstephen@example.net,001-360-248-3198,2024-04-03,Postpaid
2409,Sara Smith,michaelmitchell@example.com,+1-629-355-7218x4521,2023-10-01,Prepaid
2410,Allison Harrington,davidtodd@example.org,+1-302-400-7172x4000,2025-01-17,Prepaid
2411,Autumn Alexander,vgonzales@example.org,939-683-2100x448,2024-05-30,Postpaid
2412,Patricia Mason,stewartsamantha@example.com,+1-470-765-4339x8462,2023-06-12,Postpaid
2413,Kenneth Murray,fwilson@example.org,+1-409-858-2205,2024-07-29,Postpaid
2414,Daniel Dawson,brian89@example.net,+1-955-891-8320,2023-12-08,Prepaid
2415,Rebecca Houston,donaldsondana@example.net,(940)506-2394x5555,2023-12-07,Postpaid
2416,Ronald Porter,angela50@example.net,8899872136,2023-05-17,Prepaid
2417,Robert Shaw,jenniferray@example.com,+1-576-539-3640x87689,2024-03-28,Prepaid
2418,James Hopkins,rmercado@example.org,717-780-0792x5790,2024-08-17,Prepaid
2419,Darryl Simon,anthony45@example.org,676-720-7934x178,2024-10-28,Prepaid
2420,Carrie Golden,harrisonstephanie@example.com,(736)436-1749,2024-05-16,Postpaid
2421,Anthony Anderson,zroman@example.net,(347)364-9356x101,2024-07-19,Prepaid
2422,Kimberly Mccann,johnwatson@example.net,738-628-9283x43337,2024-02-23,Postpaid
2423,Natalie Allen,swilliams@example.com,5109733234,2024-06-07,Prepaid
2424,Jose Cole,ymclean@example.com,2642237672,2023-07-24,Prepaid
2425,Anthony Hays,william00@example.org,001-669-959-6873,2025-04-28,Postpaid
2426,Ronald Mendoza,utorres@example.com,625-334-8389x80162,2024-03-03,Postpaid
2427,Megan Rivera,misty96@example.org,681.354.9748x02579,2025-02-09,Postpaid
2428,Lynn Brown,xrodriguez@example.net,(488)916-2258x61639,2024-09-14,Prepaid
2429,Steven Richardson,zphillips@example.org,9196914674,2025-03-09,Postpaid
2430,Jennifer Kaiser,ryancole@example.org,001-969-890-4783x9525,2023-09-17,Postpaid
2431,Amber Morse,dfarley@example.org,(670)694-2464x16139,2024-02-23,Prepaid
2432,Lynn Thompson,vlowe@example.org,972.704.3599x646,2024-09-20,Postpaid
2433,Kimberly Cooper,rosemegan@example.net,+1-670-588-7012x63938,2023-11-10,Prepaid
2434,Logan Smith,tayloryvette@example.com,+1-509-742-4931x4244,2025-03-17,Prepaid
2435,Tiffany Moore,robertramos@example.com,(258)653-3961x2306,2024-04-18,Prepaid
2436,Michael Rosario,garywilliams@example.net,468-585-4992,2024-11-27,Prepaid
2437,Kathy Walker,courtneycole@example.net,(465)708-8830,2023-10-28,Prepaid
2438,Doris Gutierrez,psanders@example.com,334.763.5907x4960,2024-12-25,Postpaid
2439,Matthew Hernandez,riceteresa@example.net,(381)409-8008,2024-04-10,Prepaid
2440,Joseph Hansen,joshuabrooks@example.org,001-839-856-5765,2023-06-20,Prepaid
2441,Warren Roberson,pfox@example.com,349.962.6117x360,2023-12-29,Postpaid
2442,Johnny James,snixon@example.com,+1-600-790-2012x66397,2025-03-14,Postpaid
2443,James Collins MD,michaeljoseph@example.net,001-206-632-4383x96484,2024-08-11,Postpaid
2444,Craig Estes,mcintyrejeffrey@example.com,4007035804,2023-08-18,Prepaid
2445,Jesse Adams,colecruz@example.org,(773)300-5527x740,2023-12-26,Postpaid
2446,Roger Russell,autumnjones@example.org,+1-625-941-6098x13298,2024-04-05,Postpaid
2447,Claire Gilmore,xhendrix@example.org,001-700-785-8608x2912,2024-04-26,Prepaid
2448,Chad Flores,jjimenez@example.com,+1-862-640-5922x0141,2024-08-25,Prepaid
2449,Thomas Hebert,nicole62@example.com,001-540-707-0507x7511,2023-12-07,Postpaid
2450,Jim Logan,zmitchell@example.org,(245)515-1173,2024-02-07,Prepaid
2451,Alexandra Simpson,victorharrison@example.com,256-962-4422x4956,2023-12-09,Postpaid
2452,Wendy Allen,lmiller@example.net,+1-781-224-1560x337,2023-09-29,Prepaid
2453,David Johnson,bshaffer@example.org,+1-870-374-9129x1590,2024-05-13,Postpaid
2454,Deborah Kent,rjenkins@example.com,(773)525-4739,2024-02-20,Postpaid
2455,Catherine Fowler,angelica05@example.org,+1-715-476-9983x094,2024-01-18,Postpaid
2456,Robert Spencer,teresa91@example.org,+1-494-314-5964x4115,2024-03-12,Prepaid
2457,Susan Miller,jose36@example.net,+1-210-385-4046x63696,2023-11-01,Postpaid
2458,Lauren Figueroa,melissa94@example.org,844.483.6512x8426,2023-07-12,Prepaid
2459,Tracy Patrick,xmack@example.net,228-793-7897,2025-03-25,Prepaid
2460,Ashley Yang,jon46@example.org,6264091779,2023-09-27,Prepaid
2461,Dana Vance,megancobb@example.com,672.642.4474x2448,2024-12-05,Postpaid
2462,Rachel Kline,savannahfranco@example.com,931.690.2427x661,2024-03-08,Prepaid
2463,Stacey Bradford,brownstephanie@example.net,+1-697-648-8177x4568,2025-01-29,Postpaid
2464,David Smith,elliottrandall@example.com,001-350-847-8633,2024-12-22,Postpaid
2465,Jennifer Howard,aliciakemp@example.net,001-606-360-3219x36982,2023-11-03,Prepaid
2466,Elizabeth Gilmore,alex78@example.net,3329533012,2023-10-31,Postpaid
2467,Stacy Williams,cuevasanna@example.com,001-620-810-3269x231,2023-10-21,Prepaid
2468,Kathleen Hobbs,ppennington@example.net,578.563.2284,2023-09-28,Prepaid
2469,Kelsey Jones,friedmantaylor@example.com,746.854.3720x7199,2023-08-21,Prepaid
2470,Mark Rowe,amy43@example.org,(497)864-5666,2023-06-05,Prepaid
2471,Misty Stanley,christopher79@example.org,(831)603-9749x20361,2023-09-21,Postpaid
2472,Randy Beasley,jose45@example.net,9442517301,2024-08-24,Prepaid
2473,Jamie Young,melanie54@example.org,+1-353-528-3080x27849,2023-12-08,Postpaid
2474,Adam Rodriguez,joshuamann@example.org,001-622-540-1792x88197,2024-07-21,Prepaid
2475,Kristin Jensen,cooleyronald@example.net,868-611-5519x0498,2023-11-20,Postpaid
2476,Julie Harrison,robertdawson@example.net,254.467.3573,2025-04-18,Postpaid
2477,Penny Williamson,joneschristina@example.com,359-556-7813x2867,2023-07-19,Prepaid
2478,Olivia Blanchard,marcusray@example.com,001-521-587-9152x0606,2024-08-09,Postpaid
2479,Michael Carr,brandon76@example.com,(220)614-4669x64131,2024-02-29,Prepaid
2480,Nicholas Taylor,jeffreywilliams@example.net,(275)243-1971,2024-08-13,Prepaid
2481,Brian Sanford,hansendaniel@example.net,9997321910,2024-09-25,Postpaid
2482,Victor Ball,john01@example.net,(968)658-5292,2025-01-09,Postpaid
2483,Richard Arias,rickywalker@example.com,001-573-648-6818,2023-06-11,Prepaid
2484,Daniel Sanders,uarnold@example.org,355.647.8823x494,2023-06-20,Postpaid
2485,Dawn Jenkins,harrellcheryl@example.com,+1-651-441-4622x5873,2025-04-27,Postpaid
2486,Daniel Hunt,christinajennings@example.com,6777621619,2025-02-24,Prepaid
2487,Greg Meyer,travishughes@example.com,001-823-833-7619x098,2024-03-31,Postpaid
2488,Joanna Gaines,bowersamanda@example.net,001-306-670-9539x005,2023-10-22,Postpaid
2489,Teresa Miller,stephanielamb@example.com,784-408-5622,2023-10-23,Prepaid
2490,Edwin Hart,youngheather@example.net,(559)970-7805,2023-05-29,Prepaid
2491,Sabrina Small,loretta30@example.org,+1-512-673-9022x375,2025-02-02,Postpaid
2492,Angela Wagner,christopher45@example.com,216.287.6731x532,2023-12-16,Postpaid
2493,Sean Porter,katietravis@example.net,+1-431-316-0397x58878,2024-07-24,Postpaid
2494,Catherine Case PhD,elizabethwebb@example.org,451.506.3457x76351,2025-02-17,Postpaid
2495,Stefanie Terry,samuel80@example.com,995.917.4200,2023-12-07,Prepaid
2496,Kurt Cohen,nmitchell@example.net,487-480-4408x690,2025-03-17,Postpaid
2497,Lacey Macias,lori35@example.org,483-877-3575,2025-04-04,Prepaid
2498,Samantha Gilbert,wilsonmichaela@example.net,551.863.4744,2025-04-26,Postpaid
2499,Angel Kennedy,curtiskimberly@example.org,278-593-8604,2024-03-04,Postpaid
2500,Krista Tran,zwatson@example.net,354.445.3910,2024-05-24,Postpaid
2501,Mallory Roth,wcraig@example.com,472-756-9666,2025-01-30,Postpaid
2502,Matthew Gutierrez,maynardrachel@example.com,+1-454-616-4278x05169,2023-06-20,Prepaid
2503,Christine Montoya,kyle44@example.com,463-720-5902x71122,2024-04-18,Prepaid
2504,William Cobb,opeters@example.com,677-950-7834x640,2024-09-21,Prepaid
2505,William Pruitt,mford@example.net,755-505-7039x207,2023-05-14,Prepaid
2506,Rachael Barnes,shannondavid@example.net,7493647044,2023-10-13,Prepaid
2507,Kayla Perez,brittanymclaughlin@example.com,684.533.9981x6813,2023-10-21,Postpaid
2508,Julia Mathis,patrick74@example.net,212-534-6715x32443,2023-06-20,Prepaid
2509,Lisa Wagner,kellytorres@example.org,4726970681,2024-08-02,Postpaid
2510,Pamela Wright,delgadojeremy@example.org,+1-288-882-7889x1516,2025-03-31,Prepaid
2511,Robert Benjamin,oterry@example.net,(450)238-3877,2024-10-02,Postpaid
2512,Jared Gaines,hinesbrian@example.org,001-454-944-6185x330,2025-01-18,Postpaid
2513,Melvin Wolf,dhoover@example.net,419-770-2561x6111,2024-09-18,Postpaid
2514,Sarah Baxter,sarah83@example.com,8553676066,2023-07-28,Prepaid
2515,Rebekah Wilson,ray54@example.net,+1-898-979-7899x87307,2024-12-01,Prepaid
2516,Richard Torres,wendy10@example.com,401-786-8651x045,2024-02-04,Prepaid
2517,Leah Martinez,kristinmorris@example.com,+1-930-452-4996x044,2024-03-08,Postpaid
2518,Heidi Powers,michael75@example.com,5129786986,2025-03-12,Postpaid
2519,Andrea Terry,gregoryhernandez@example.com,+1-561-966-3289x02041,2023-07-01,Postpaid
2520,Hannah Rodriguez,anthony92@example.com,521.797.6225,2024-06-08,Postpaid
2521,Catherine Smith,websterdavid@example.org,320-465-8951x919,2023-12-28,Postpaid
2522,David Estrada,greenedavid@example.net,(954)464-8190,2024-10-08,Postpaid
2523,Johnny Choi,mccartybradley@example.net,(387)700-9853x33703,2024-05-06,Postpaid
2524,Dr. Donna Shaffer,burnsmiguel@example.com,(878)354-1141,2024-06-26,Prepaid
2525,Mr. Seth Weiss DDS,mayochristopher@example.org,373-207-7023,2024-05-22,Prepaid
2526,Kelly Stone,garyhardy@example.com,(535)429-2983x3196,2023-07-27,Prepaid
2527,Christopher Kemp,tonihoward@example.com,5188073756,2024-01-08,Prepaid
2528,Debra Robinson,vmcconnell@example.net,(328)810-9610x28361,2025-03-12,Prepaid
2529,Nancy Vaughn,crystaljones@example.net,001-835-919-5787x149,2024-09-21,Prepaid
2530,David Ortega,gomezadrian@example.net,777.435.6931x76863,2024-05-24,Prepaid
2531,Cody Coleman,bleonard@example.com,732.392.3529,2024-03-15,Postpaid
2532,Alicia Bauer,anthonythomas@example.net,+1-773-691-5744,2023-08-24,Prepaid
2533,Jessica Park,lucerochristine@example.org,282-827-7079x459,2024-12-10,Postpaid
2534,Jeremy Kennedy,ggarrett@example.org,(863)655-8085x1847,2025-01-23,Prepaid
2535,Steven Kelley,michael58@example.net,8767846692,2024-09-11,Prepaid
2536,Lucas Floyd,hleon@example.org,696.722.2699,2024-04-25,Postpaid
2537,Mary Burns DDS,debbie86@example.com,+1-813-809-7610x446,2023-10-31,Prepaid
2538,Kerry Mathews,joshua40@example.net,665-640-0979x7118,2023-12-15,Postpaid
2539,Michelle Allen,petersonsamuel@example.com,739-578-3683x811,2025-02-07,Postpaid
2540,Ronnie Harper,carlsonmary@example.com,555-834-2214x2943,2024-07-19,Prepaid
2541,Timothy Miller,kennethhooper@example.org,(797)371-5353x2682,2024-04-27,Postpaid
2542,Jeffrey Zimmerman,zpeters@example.com,001-589-784-2714,2024-05-18,Postpaid
2543,Joshua Weaver,mayeric@example.com,001-657-564-9962,2024-05-28,Postpaid
2544,Roger Sanchez,anita79@example.org,001-916-333-8744,2023-05-10,Postpaid
2545,Craig Ruiz,marshallsarah@example.org,+1-830-995-1588,2024-09-09,Prepaid
2546,Lawrence Burgess,angela88@example.com,001-451-529-2965x349,2024-03-02,Postpaid
2547,William Perry,edwardsdanielle@example.net,001-511-216-2716x6983,2024-11-24,Prepaid
2548,Christopher Cook,mcclainbrandon@example.com,+1-981-312-9717x2680,2024-09-22,Postpaid
2549,Brandon Miller,apatton@example.com,001-844-900-3038x826,2023-09-18,Prepaid
2550,Shannon Johnson,nicholasbaldwin@example.net,413.348.2009,2023-06-18,Postpaid
2551,Amber Richardson,rjimenez@example.net,263.342.1200x524,2024-12-02,Prepaid
2552,Patricia Wagner,zhangsteven@example.com,+1-418-694-4784x58633,2024-12-02,Postpaid
2553,Laura Horne,mmoreno@example.org,(914)849-5533,2023-05-26,Prepaid
2554,Christopher Martinez,turnerandrew@example.net,(786)597-2221,2024-12-23,Postpaid
2555,Nicholas Burke,jonathanclark@example.org,553-998-8885x16684,2025-01-29,Prepaid
2556,Paul Harris,craig91@example.com,612.710.4148,2024-12-11,Prepaid
2557,Christopher Roy,sullivanstephen@example.net,561-596-2252,2024-10-06,Postpaid
2558,Kimberly Vasquez,antoniowhite@example.org,936-764-1210x103,2024-12-09,Prepaid
2559,Mikayla Reed,marilyncarpenter@example.net,913-583-6544x06141,2023-09-21,Postpaid
2560,Taylor Alvarez,cassandraenglish@example.org,+1-607-928-1521x8665,2025-03-24,Prepaid
2561,Ryan Lopez,williamsholly@example.com,616-423-3799x7471,2025-03-01,Prepaid
2562,Scott Brown,ramosthomas@example.net,723.955.5819x271,2023-06-29,Postpaid
2563,Jody Wu,hansonbrent@example.com,(961)945-6983,2023-07-30,Prepaid
2564,Gary Mccann,matthew23@example.com,582.340.3454x27204,2023-08-10,Prepaid
2565,Cory Brown,jacquelinewashington@example.com,342-679-4954,2023-05-21,Postpaid
2566,Collin White,oconnorlauren@example.org,(753)823-3434x20756,2025-04-10,Prepaid
2567,Katherine Greene,ramseymonique@example.com,001-962-271-9836x3129,2024-03-16,Postpaid
2568,Michael Knight DDS,christy78@example.org,479-528-5847x343,2024-02-18,Postpaid
2569,Joe Webster,tbeasley@example.com,(612)421-0637x604,2024-03-11,Postpaid
2570,Amber Hanson,tuckerangela@example.com,+1-252-826-4198,2023-09-27,Prepaid
2571,Jessica Walker,kennethsmith@example.org,7455499840,2024-12-31,Postpaid
2572,Cheryl Mendoza,umoyer@example.com,+1-739-712-9774x2044,2023-09-16,Prepaid
2573,Kelsey Reed,katelyn22@example.org,3806810480,2023-07-15,Postpaid
2574,Jill Simon,grantbrittany@example.org,(913)869-9534,2024-05-05,Postpaid
2575,John Miller,lskinner@example.net,479-777-7032x6113,2025-04-12,Prepaid
2576,Lori Williams DDS,obrienantonio@example.com,+1-727-495-2622x71251,2024-06-28,Prepaid
2577,Justin Webb,calvinclarke@example.com,7777867008,2023-06-22,Prepaid
2578,Terri Porter,michaelsantiago@example.net,536-272-8725,2025-01-04,Prepaid
2579,Daniel Baker,lawsonmargaret@example.net,+1-249-347-8294x66066,2024-09-17,Postpaid
2580,Tyler Larson,william09@example.com,693-750-8466,2025-03-09,Prepaid
2581,Rhonda Hoffman,jessicadavis@example.org,(578)446-5606x230,2024-02-19,Prepaid
2582,Barbara Burton,lynchelizabeth@example.net,815-260-5355x08901,2024-04-22,Prepaid
2583,Mathew Gutierrez,xpatterson@example.org,+1-509-411-2147x1532,2023-07-27,Postpaid
2584,Gerald Williams,zacharyirwin@example.com,(232)614-2701,2024-04-04,Prepaid
2585,Amy Johnson,obrienapril@example.com,001-566-440-3821,2024-02-29,Postpaid
2586,Jennifer White,diazmichael@example.org,718-246-6211,2023-12-09,Prepaid
2587,Susan Dodson,santiagoalexander@example.com,855.876.6198x00133,2023-06-04,Prepaid
2588,Judith Edwards,heathersmith@example.net,434-929-7551x25860,2023-09-16,Postpaid
2589,Alexis Hanson,scopeland@example.org,645-655-8663x28775,2023-08-06,Prepaid
2590,Samantha Jones,davischristopher@example.org,886.747.0057x3686,2024-08-10,Postpaid
2591,Angelica Cross,mwaters@example.org,+1-942-695-7542,2025-04-02,Prepaid
2592,Sandra Mann,devin00@example.com,952.449.2741,2023-07-05,Postpaid
2593,Taylor Lyons,cindy26@example.org,+1-477-696-2619x177,2023-09-16,Prepaid
2594,Robert Bridges,pthomas@example.net,(885)733-2587,2024-12-30,Postpaid
2595,Paul Cisneros,romerotrevor@example.org,+1-471-891-2168,2024-11-15,Prepaid
2596,Larry Parsons,erinross@example.net,(767)530-4011,2023-05-11,Prepaid
2597,Jamie Smith,scottford@example.org,001-645-774-3050x2649,2023-10-08,Postpaid
2598,David Wagner,julia54@example.net,(266)497-4626x56394,2024-04-10,Prepaid
2599,Thomas Johnson,martin26@example.com,732.882.2997x58214,2024-12-09,Prepaid
2600,Cynthia Weiss,kevin42@example.net,(560)959-3702,2024-05-07,Prepaid
2601,Danielle Mills,katherinepena@example.net,3275265583,2024-12-18,Prepaid
2602,Joshua Fields,dalecox@example.net,(439)997-6204,2024-04-08,Prepaid
2603,Arthur Figueroa,kpeters@example.net,+1-675-946-3310,2025-01-19,Prepaid
2604,Maria Burke,hgreen@example.net,001-218-558-1302x4536,2024-06-25,Postpaid
2605,Taylor Banks,batesjames@example.net,637-526-5333,2024-02-03,Postpaid
2606,Kent Brown,johnbennett@example.net,558-293-8853x567,2024-06-19,Prepaid
2607,David Contreras,mercerkatie@example.net,001-861-423-8239x86736,2024-06-07,Postpaid
2608,Alexandria Garcia,huynhtoni@example.net,(572)756-9061x100,2024-11-03,Prepaid
2609,Jack Jones,victoriaperry@example.net,+1-820-942-9402x46202,2024-09-26,Postpaid
2610,Mark King,kelly93@example.com,(501)732-3008x394,2024-05-18,Postpaid
2611,William Maldonado,katherine36@example.net,001-371-697-0037x782,2025-02-04,Prepaid
2612,Timothy Jones,juarezlauren@example.com,(231)787-5344x632,2023-10-27,Postpaid
2613,Candice Archer,icrosby@example.net,(794)991-4280x7109,2024-04-27,Postpaid
2614,Christopher Martinez,tatejeffrey@example.org,(455)588-0786x283,2023-10-13,Prepaid
2615,Zachary Johnson,anthony83@example.net,+1-946-569-4884x4048,2024-10-21,Postpaid
2616,Lacey Wells,james62@example.net,269.821.2356x47095,2025-03-04,Postpaid
2617,Rebecca Collins,ralexander@example.org,+1-875-485-7401x60218,2024-07-13,Postpaid
2618,Amanda Davies,angelica08@example.com,683-342-0828x2346,2025-03-25,Postpaid
2619,John Beck,christopher73@example.net,+1-860-707-8102x1213,2024-05-06,Postpaid
2620,Brianna Brown,michellelane@example.com,001-615-645-2021x728,2024-02-09,Prepaid
2621,Dr. Robert Brown,colesmith@example.net,425.742.0388x2931,2023-12-12,Prepaid
2622,Elizabeth Lopez,paulaadams@example.org,413-514-0746x02918,2023-07-22,Prepaid
2623,Maria Krueger,reyesjohnny@example.com,854-879-1344,2023-11-19,Postpaid
2624,Kristy Davis,bduke@example.net,755.738.2409,2023-12-11,Prepaid
2625,Alexander Hughes,jesusweiss@example.net,(929)798-7498,2023-05-27,Prepaid
2626,Lauren Price,tracy77@example.org,+1-254-337-4347x4083,2023-10-27,Prepaid
2627,Michelle Cohen,jmartin@example.net,001-330-717-4304x9569,2024-02-11,Postpaid
2628,Nichole Murphy,timothy68@example.org,(826)304-9870x06986,2023-06-01,Postpaid
2629,Patrick Jones,hernandezbrian@example.org,(231)953-9803,2024-08-14,Postpaid
2630,David Navarro,ulutz@example.com,617-407-3616x0939,2024-01-12,Prepaid
2631,Donna Reed,debra48@example.com,817-536-7814x707,2024-11-09,Postpaid
2632,Natasha Williams,katelyncarroll@example.net,001-949-480-8664x4182,2024-10-25,Prepaid
2633,Anthony Moore,sanderssonia@example.com,+1-501-798-8303x0558,2024-09-18,Prepaid
2634,Jessica Conley,byrdmikayla@example.com,(468)252-3723x2588,2024-10-23,Prepaid
2635,Jack Parks,matthewholland@example.org,4945425052,2025-03-09,Postpaid
2636,Alan Nolan,amberjacobs@example.com,001-504-958-3476x5638,2025-02-16,Postpaid
2637,Ms. Deborah Jackson,walkerrachel@example.com,+1-257-536-4702x3866,2024-01-08,Postpaid
2638,Ryan Wilson,sherryduke@example.com,(341)249-5853,2024-04-17,Prepaid
2639,Carolyn Smith,angelicalin@example.com,493-966-0174x3839,2024-11-14,Prepaid
2640,Kenneth Burns,abbottjames@example.org,+1-298-670-2655,2024-08-09,Postpaid
2641,Nicole Moon,rodriguezjoseph@example.net,275.808.7328x804,2024-04-30,Prepaid
2642,Sherry Soto,svillanueva@example.com,4472206230,2025-04-27,Postpaid
2643,Lindsey White,icummings@example.org,4733962405,2025-01-16,Postpaid
2644,Lisa Morales,cookjack@example.com,746.819.1683,2025-04-28,Prepaid
2645,Hailey Smith,devinbaker@example.com,671.556.3345,2023-11-06,Postpaid
2646,Ashley Hanson,matthew86@example.org,(552)609-7210x7920,2024-05-12,Prepaid
2647,Marilyn Rivera,floydaustin@example.com,+1-385-440-1095x1049,2024-07-31,Postpaid
2648,Mary Patterson,wrose@example.net,963.817.1487x4607,2023-12-15,Postpaid
2649,Phillip Armstrong,randy47@example.com,+1-591-737-4387,2024-03-08,Postpaid
2650,Thomas Gray,beverlyblack@example.com,(903)412-3680,2024-09-20,Prepaid
2651,William Richards,kennedymartha@example.com,969.968.8963,2024-06-19,Postpaid
2652,William Ferguson,kellersara@example.com,+1-832-209-0519x969,2023-11-25,Postpaid
2653,Jose Carter,nancyburton@example.net,001-796-233-1886x3048,2024-11-22,Postpaid
2654,Brittany Curtis,valdeztamara@example.com,+1-419-548-4300x5662,2025-01-02,Prepaid
2655,Lance Thomas,michaelgarza@example.org,7239557320,2024-04-06,Prepaid
2656,Tammy Lewis,brenda81@example.net,357-327-5576,2024-01-29,Postpaid
2657,Jerry Hernandez,christina25@example.net,001-475-621-1675x7281,2024-12-19,Prepaid
2658,Adam Rogers,ssmith@example.org,945.539.2134x9185,2024-12-09,Prepaid
2659,Curtis Cook,rhonda10@example.com,+1-445-624-5365,2024-01-14,Postpaid
2660,Jessica Galvan,jasonbrooks@example.org,(280)291-6663x1229,2023-10-12,Prepaid
2661,David Hull,fhanna@example.net,367.542.6693x90672,2024-04-19,Postpaid
2662,Ryan Maxwell,evansdominique@example.net,(594)241-9080,2024-04-17,Prepaid
2663,Colton Krause,sandraburns@example.org,(587)235-4890x638,2024-04-28,Prepaid
2664,Alison Butler,ufleming@example.net,4029576096,2023-11-26,Postpaid
2665,William Rodriguez,dalton42@example.net,(326)426-0304,2024-10-14,Postpaid
2666,Colton Day,ttodd@example.com,+1-933-666-2478x87600,2023-06-09,Postpaid
2667,Barbara Wilson,qwallace@example.org,955.827.7679x0410,2024-10-28,Prepaid
2668,Mariah Brown,amy16@example.net,(397)935-2097x39342,2024-08-22,Prepaid
2669,Lacey Murray,sethramirez@example.com,9707198416,2024-07-17,Prepaid
2670,Cameron Contreras,watsonandrew@example.org,737.833.8467,2023-10-01,Prepaid
2671,Scott Kane,anna72@example.org,+1-897-435-2344x850,2024-06-18,Postpaid
2672,Laura Ali,howellbrandon@example.org,6837457939,2023-11-20,Postpaid
2673,Johnny Macias,harristabitha@example.org,394-213-3130x923,2024-11-23,Prepaid
2674,Anthony Coleman,vanessastewart@example.com,(381)890-7508,2024-05-23,Postpaid
2675,Donald Perkins,teresa17@example.com,770.413.4709,2024-08-18,Postpaid
2676,Jesus Reese,meghan80@example.com,895-461-7576,2024-03-05,Prepaid
2677,Craig Figueroa,lthompson@example.net,728.429.7309x0713,2025-01-23,Postpaid
2678,Mr. Brandon Lopez,maxwell15@example.com,8994907576,2023-09-29,Prepaid
2679,Catherine Montgomery,ujones@example.org,268.998.3465,2023-05-06,Prepaid
2680,Emily Rubio,sarahobrien@example.com,001-663-994-4813x3292,2024-06-09,Prepaid
2681,Sarah Cooper,dominiquegibson@example.com,+1-647-743-9585,2024-06-04,Postpaid
2682,Rachel Cervantes,lauramercado@example.net,001-472-713-3736x8597,2023-11-27,Postpaid
2683,Chad Thomas,karenlowe@example.com,(605)796-8122,2023-09-25,Prepaid
2684,Monica Morris,tayloryolanda@example.net,001-451-825-8075x231,2024-10-06,Postpaid
2685,Ann Figueroa,nsnyder@example.org,+1-934-366-0655x17802,2025-04-14,Prepaid
2686,Jennifer Avila,krista96@example.org,785.944.1506x000,2024-03-23,Postpaid
2687,Andrew Howe,kelleysarah@example.com,(685)827-4994,2024-04-03,Prepaid
2688,Krystal Pittman,yharrison@example.net,7196814307,2024-07-04,Prepaid
2689,Rebecca Terry,monicaprince@example.com,001-500-998-7616x0153,2025-02-16,Prepaid
2690,Mr. Jeffrey Chaney,kenneth59@example.net,(595)777-0768,2025-02-24,Prepaid
2691,April Taylor,nmcintosh@example.com,764.205.4090,2023-07-30,Postpaid
2692,Timothy Johnson,ricardo55@example.net,280.424.2505x29803,2024-10-29,Postpaid
2693,Mark Gutierrez,gregorybryan@example.org,+1-843-694-9799,2024-07-01,Prepaid
2694,Erika Fitzpatrick,tiffanyjones@example.com,(481)294-2336,2024-03-13,Prepaid
2695,James Tate,fmason@example.net,(395)460-5596,2023-12-15,Prepaid
2696,Michael Lewis,angie84@example.net,001-797-363-1808x14450,2025-01-30,Prepaid
2697,Emily Miller,miguel14@example.com,001-427-824-2337x6349,2024-07-23,Prepaid
2698,Jesse Smith,tpeterson@example.net,8117987146,2023-05-09,Prepaid
2699,Mrs. Heather Tucker,mduran@example.org,(354)741-8840x1880,2023-07-06,Prepaid
2700,Jose Barr,ocole@example.net,580.380.2591x352,2023-06-19,Postpaid
2701,Carol Gilbert,krystal82@example.com,001-393-220-4148x0362,2023-08-05,Prepaid
2702,John Floyd,zhawkins@example.net,001-430-215-2414,2023-06-11,Postpaid
2703,Austin Gray,tiffany05@example.net,(254)402-5694x80775,2025-04-20,Postpaid
2704,Stephanie Higgins,crystal67@example.com,(351)465-0167,2024-05-27,Postpaid
2705,Samantha Pena DDS,jsalazar@example.com,001-296-978-1677x11279,2024-09-06,Prepaid
2706,Edwin Nguyen,mary70@example.org,+1-749-510-4184x0069,2024-03-13,Prepaid
2707,William Knight,rosalesjohn@example.com,001-545-232-7142x4895,2023-12-08,Prepaid
2708,Mrs. Melissa Martin,zknight@example.org,6027617371,2025-01-05,Prepaid
2709,Erin Molina,keithmorris@example.com,001-997-523-1101x0537,2024-07-15,Prepaid
2710,Natalie Garcia,malonecourtney@example.net,858.737.3000x3166,2024-04-29,Prepaid
2711,Tina Gutierrez,awhite@example.net,(543)786-5438x70739,2024-08-20,Postpaid
2712,David Fuentes,shannonmatthew@example.org,3399510341,2023-10-09,Postpaid
2713,Michaela Brown,morgan50@example.org,+1-223-404-3739,2024-03-04,Postpaid
2714,Paula Tran,jesusgreer@example.net,+1-600-920-8824x0381,2024-05-30,Prepaid
2715,Rachel Olsen,jonesheather@example.org,(336)277-3429x716,2023-09-08,Postpaid
2716,Brandon Wagner,donald94@example.com,274-450-3898,2024-01-10,Prepaid
2717,Carrie Turner,zmendez@example.com,(350)203-8060,2024-02-27,Prepaid
2718,Jacqueline Becker,jamesmoore@example.org,001-201-542-0267x211,2023-08-21,Postpaid
2719,Mrs. Cynthia Fields,joseph19@example.org,+1-531-932-4262x10211,2023-08-31,Postpaid
2720,Matthew Jones,pamelajenkins@example.com,+1-625-556-8591x84015,2023-07-13,Postpaid
2721,Charles Brandt,arush@example.com,226.858.4064x382,2024-10-10,Postpaid
2722,Allison Moore,wharper@example.org,341-710-0363x4591,2023-06-22,Prepaid
2723,Christian Baker,omartinez@example.org,+1-658-747-9561x077,2025-03-12,Postpaid
2724,Juan Long,restrada@example.net,635.833.4124x84322,2024-06-08,Prepaid
2725,Andrew Johnson,mcfarlandjason@example.com,+1-309-633-5829,2024-06-23,Postpaid
2726,Julian Ford,thomas43@example.com,(852)998-5473,2025-02-01,Prepaid
2727,Logan Rocha,bowenmary@example.org,001-576-558-4803,2024-05-12,Postpaid
2728,Kimberly Brown,seannichols@example.com,+1-860-732-6778x7414,2023-12-14,Postpaid
2729,Sarah Johnson,smithrichard@example.com,695-485-3706,2025-04-08,Postpaid
2730,Rachel Chapman,mario18@example.net,(325)629-4733x991,2024-08-25,Prepaid
2731,Joseph Reynolds,ecarr@example.net,217-376-7432x665,2025-02-18,Prepaid
2732,Elizabeth Hall,lisa33@example.com,001-952-939-4831,2023-05-21,Prepaid
2733,Sheri Lindsey,john09@example.net,419-497-5162x76935,2024-12-29,Postpaid
2734,Monica Phillips,roy58@example.org,421-450-0900x250,2024-07-19,Postpaid
2735,Cynthia Rhodes,briandunn@example.net,(264)995-5120x55563,2023-06-29,Postpaid
2736,Benjamin Kelley,wevans@example.net,(947)443-6537,2025-01-19,Postpaid
2737,Elizabeth Lopez,lavery@example.org,+1-263-795-5810x944,2024-04-30,Prepaid
2738,Mary Brown,amy15@example.net,849.645.9885,2024-08-11,Postpaid
2739,Andrew Mosley,nkhan@example.org,+1-904-874-7926x67937,2023-06-25,Prepaid
2740,Michael Griffin,hking@example.net,(657)523-8252x56696,2024-03-30,Prepaid
2741,Jaime Young,amber48@example.net,944.940.4759,2023-10-10,Prepaid
2742,James Cook,patricia06@example.com,4165206978,2023-10-20,Postpaid
2743,Albert Chambers,ferrellcory@example.org,758.392.7973,2024-02-22,Postpaid
2744,Michele Delacruz,fyang@example.net,+1-471-272-9700,2024-07-26,Prepaid
2745,Christopher Rodriguez DDS,vwest@example.org,+1-301-871-0405x497,2024-07-23,Postpaid
2746,Ray Turner,haaslatoya@example.net,2232763357,2025-01-05,Prepaid
2747,Lisa Stafford,sdominguez@example.org,(563)401-0950x9293,2024-07-01,Prepaid
2748,Carlos Diaz,carrerin@example.com,514.470.1990,2024-02-17,Postpaid
2749,Vanessa Klein,nicholas82@example.org,832-476-2307x1462,2025-03-12,Postpaid
2750,Eduardo Schmidt,brandonshort@example.net,4587176078,2024-10-28,Prepaid
2751,Robert Roberts,david54@example.com,327.675.7032,2023-09-02,Prepaid
2752,Kelly Kramer,christensenkathryn@example.com,790-510-5180x5109,2024-10-27,Postpaid
2753,Jennifer Garcia,samanthadavis@example.net,+1-847-495-1539x5376,2024-03-30,Prepaid
2754,Mr. Eugene Collins Jr.,trojas@example.net,978-848-0286x53458,2023-09-17,Postpaid
2755,Timothy Washington,michael78@example.org,(201)523-6549x453,2024-04-09,Prepaid
2756,Tracy Carroll,josephperez@example.net,585.508.2118x467,2024-10-05,Postpaid
2757,Tanya Miller,karen24@example.net,+1-714-889-7312x88936,2024-07-21,Postpaid
2758,James Bell,jdavis@example.com,482.595.3801x14371,2024-07-28,Prepaid
2759,Brent Campos,erios@example.net,001-336-349-9719x42713,2024-07-01,Prepaid
2760,Mr. Gregory Miranda,reyesgregory@example.org,837-229-6644x91319,2025-01-26,Postpaid
2761,Christopher Quinn,bradleykelly@example.org,+1-982-459-8657x78228,2023-12-19,Prepaid
2762,Kathryn Hunter,cmiller@example.com,+1-965-991-7646x00955,2024-09-07,Postpaid
2763,Joann Ortiz,erinlopez@example.com,889.601.4820x0694,2024-08-09,Postpaid
2764,Robert Shaffer,johngibbs@example.org,723.213.0952,2023-11-06,Prepaid
2765,Morgan Patel,danielmartin@example.net,001-735-596-9647x051,2025-02-08,Prepaid
2766,Alexander Baker,christopherkhan@example.com,+1-958-580-1910x6057,2024-11-17,Prepaid
2767,Miguel Patterson,estesrobin@example.org,(842)466-1569,2024-12-08,Postpaid
2768,Jane Lin,qcastillo@example.com,+1-998-341-9646,2023-07-31,Postpaid
2769,Donald Gates,brownzachary@example.org,(383)408-2007x02473,2024-11-05,Postpaid
2770,Jordan Jones,joneslorraine@example.net,593-451-0133x0215,2023-09-03,Prepaid
2771,Kim Jones,brentjohnson@example.org,3556506021,2023-07-31,Postpaid
2772,Jonathan Johnson,walkerveronica@example.org,+1-850-680-8452x31116,2024-10-23,Prepaid
2773,Anita Lee,ttorres@example.org,894.410.5277,2023-09-25,Prepaid
2774,Donna Brown,bgarcia@example.org,001-792-684-0024x30211,2024-06-25,Prepaid
2775,Megan Cole,andrew65@example.org,001-280-889-1356x38341,2023-09-30,Postpaid
2776,Deborah Taylor,vyoung@example.org,577-485-9630,2024-02-23,Postpaid
2777,Jack Walsh,lkim@example.com,348.952.3201x91626,2023-08-25,Prepaid
2778,April Mason,martin62@example.com,(264)958-9455x66599,2024-11-09,Prepaid
2779,Zachary Dickerson MD,milleranthony@example.net,5596094484,2023-08-15,Postpaid
2780,James Wright,courtneytucker@example.net,878.809.7301x77044,2025-01-07,Postpaid
2781,Peter Shaw,smithryan@example.com,001-567-538-3460x44020,2024-05-19,Prepaid
2782,Marvin Jenkins,mikaylajohnson@example.net,+1-910-348-7593,2023-09-07,Postpaid
2783,Belinda Miller,jjohnson@example.com,(223)651-9072,2023-09-19,Prepaid
2784,David Butler,jameswilliams@example.net,(617)552-0653x55758,2023-12-03,Postpaid
2785,Cindy Tyler,jacquelineturner@example.org,(279)681-9375x80239,2024-06-03,Prepaid
2786,Justin Tate,angela25@example.org,+1-494-808-2934x8761,2024-09-16,Prepaid
2787,Timothy Turner,sarahanthony@example.net,(702)897-1289x9912,2024-07-21,Postpaid
2788,Christopher Scott,kimberlylopez@example.org,611.932.2090,2023-10-29,Prepaid
2789,Wesley Bass PhD,vgray@example.org,001-299-514-0089x076,2025-01-04,Prepaid
2790,Nicole Hunter,thompsonmichael@example.org,001-726-555-6370x468,2024-09-14,Postpaid
2791,Cynthia Davis,jacob69@example.net,001-555-400-7127,2024-07-21,Prepaid
2792,Daniel Robinson,tannermcconnell@example.com,(438)481-7892,2024-02-15,Prepaid
2793,Sara Zhang,victoria64@example.net,943-473-5207x237,2024-07-15,Postpaid
2794,Jeffrey Ramos,hlopez@example.com,892.495.8899,2024-01-04,Prepaid
2795,Tracey Rich,alewis@example.com,(424)932-4434x169,2024-11-13,Postpaid
2796,Gina Jackson,kevin54@example.net,(856)642-9262x623,2025-04-18,Prepaid
2797,David Rangel,hughestimothy@example.org,(607)593-2517x43864,2023-05-15,Prepaid
2798,Nathaniel Gomez,watersgrant@example.net,331.308.6067x06501,2023-08-26,Postpaid
2799,James Strong,cheryl52@example.org,+1-919-870-6503x35476,2023-08-07,Prepaid
2800,Christopher Wong,ericwashington@example.net,+1-597-859-7197x6379,2025-01-19,Postpaid
2801,Ryan Martin,bairddeborah@example.net,(391)793-3665,2023-07-18,Postpaid
2802,Mrs. Ashley Andrews,laurenrojas@example.com,302.568.9694,2025-02-05,Postpaid
2803,Troy Sellers,april35@example.com,7048430000,2024-04-29,Postpaid
2804,Paula Snyder,richard39@example.net,+1-855-442-5702x3867,2024-04-24,Postpaid
2805,Anna Miller,marilyn77@example.com,(949)844-6289,2024-11-01,Prepaid
2806,Lori Sheppard,dbennett@example.org,605-523-4218x6937,2024-09-23,Postpaid
2807,Patrick Mendoza,foxmark@example.net,331-524-2853,2023-12-25,Postpaid
2808,Melissa Smith,vhughes@example.net,+1-574-562-4377,2025-01-03,Postpaid
2809,Linda Kramer,cgarrett@example.net,982.237.1728,2023-10-05,Prepaid
2810,Denise Torres,pcarr@example.com,(664)509-8266x087,2023-10-23,Postpaid
2811,Christina Crawford,andrewwelch@example.com,+1-896-568-1502x81362,2024-09-11,Postpaid
2812,Parker Waters,itaylor@example.net,(881)427-4357x83281,2025-01-05,Prepaid
2813,Jeremy Conway,bradleyjoann@example.org,786-971-5982,2023-10-14,Prepaid
2814,Sheena Dunlap,znguyen@example.org,917.541.9858x027,2024-07-26,Postpaid
2815,Ricky Murray,adrianapowell@example.com,673-266-7030,2024-05-31,Prepaid
2816,Mackenzie Johnson,hatkins@example.com,860.707.7198x648,2024-07-21,Postpaid
2817,Rachel Garza PhD,michaeldickerson@example.org,+1-765-867-2751x97371,2023-08-27,Postpaid
2818,Kim Barron,anthony12@example.net,001-866-369-2052x883,2024-12-19,Prepaid
2819,Billy Wiley,lorinorman@example.com,6984493674,2023-12-11,Postpaid
2820,Renee Garcia,hortiz@example.com,(583)737-6474x750,2023-11-23,Prepaid
2821,Jacob Becker,rebecca64@example.org,310.278.8458x729,2024-09-01,Postpaid
2822,Matthew Wilkinson,ryandavid@example.org,+1-988-658-7279x73351,2023-12-26,Postpaid
2823,Brett Hernandez,martha75@example.net,(687)874-6996,2024-06-04,Postpaid
2824,Dr. Cory Edwards,torrescourtney@example.org,(689)688-2355x752,2023-10-10,Prepaid
2825,Ethan Hammond,hserrano@example.org,495-743-8972,2024-06-01,Postpaid
2826,Rachel Moses,bryan88@example.net,+1-927-883-5520x0989,2024-10-17,Prepaid
2827,Andrea Diaz,reedashley@example.org,(602)879-7359x50961,2024-10-09,Postpaid
2828,Linda Franco,brittanyrichardson@example.org,001-269-811-5544,2023-09-19,Prepaid
2829,Heidi Cunningham,torresrobin@example.org,(275)733-1425,2023-08-22,Prepaid
2830,Michael Clark,nicolecrawford@example.org,4907662702,2023-07-05,Prepaid
2831,Jonathan Hansen,jacksonsarah@example.net,3923134136,2024-08-21,Prepaid
2832,Kathy Daniels,shortbrian@example.org,+1-450-845-3854x14361,2024-05-23,Postpaid
2833,Michael Kelly,traceygraham@example.net,968-977-8693,2025-01-17,Postpaid
2834,Gregory Wilson,jwalker@example.org,(252)827-5626x231,2024-11-19,Postpaid
2835,Rebekah Willis,aaron55@example.com,313.444.1099x5517,2024-07-17,Postpaid
2836,Michael Reynolds,josephsummers@example.net,785-540-3708x801,2025-02-15,Prepaid
2837,James Pope,jessicahart@example.com,8247985383,2024-07-18,Postpaid
2838,Miguel Stewart,kleinmichael@example.com,475-240-3602x769,2024-04-27,Postpaid
2839,Juan Dennis,katherinewilson@example.com,446.243.4182,2024-03-01,Prepaid
2840,Melissa Sims,trogers@example.org,800-459-5450x27592,2023-06-24,Postpaid
2841,Tara Peterson,millerjennifer@example.org,839.994.8294x785,2023-08-05,Prepaid
2842,Randy Lambert,williamsantos@example.com,(272)517-4619x38957,2024-06-18,Prepaid
2843,Kendra Ward,amy02@example.org,725-892-4453x67559,2024-10-08,Prepaid
2844,David Graves,bradfordstephanie@example.net,770-670-0341x67389,2023-06-30,Postpaid
2845,Trevor Parker,shannon21@example.org,361-670-3755x2212,2024-08-15,Postpaid
2846,Cody Robinson,xmunoz@example.org,422.356.4819x315,2024-07-03,Postpaid
2847,Melissa Hatfield,lynchheather@example.net,001-928-239-4798,2025-03-28,Prepaid
2848,Kathleen Dean,anthonykathryn@example.org,525.293.3545x638,2024-05-20,Prepaid
2849,Jessica Kramer,theodore19@example.net,(950)831-1505x00149,2023-11-02,Prepaid
2850,Jared Nelson,garciakathryn@example.net,001-655-672-2797x8408,2023-06-20,Prepaid
2851,Albert Elliott,brian84@example.org,(786)608-2846x30024,2024-08-22,Prepaid
2852,Shannon Hurley,aaronclark@example.org,(339)204-8753,2023-08-20,Postpaid
2853,Timothy Waters,huangsamuel@example.org,+1-483-418-8955x39492,2025-02-18,Postpaid
2854,Todd Hammond,omorales@example.com,994.713.2877x460,2024-11-01,Postpaid
2855,Michelle Watts,johnarnold@example.org,2164007106,2025-04-19,Postpaid
2856,Daniel Thornton,billy52@example.com,+1-386-788-0359x7613,2025-03-04,Postpaid
2857,Charles Colon,ydiaz@example.com,338-410-5220,2025-03-28,Prepaid
2858,Michelle Davies,hamiltonamanda@example.com,578-605-8493,2024-04-10,Postpaid
2859,Christian Gallagher,matthewwatts@example.com,735.490.1910,2024-05-13,Prepaid
2860,Jenna Mills,markdavis@example.com,417.459.0579x661,2023-10-21,Prepaid
2861,Eric Barrera,matthewvaldez@example.net,(231)967-3683x95461,2024-04-15,Postpaid
2862,Dennis Burns,millsgregory@example.org,703-933-6567,2024-11-14,Postpaid
2863,Joseph Blackwell,longmichelle@example.com,566-818-4931,2024-02-01,Prepaid
2864,Gabriel Perez,mirandacaitlin@example.org,905.617.3333x29673,2023-08-24,Prepaid
2865,Priscilla Pitts,sara89@example.net,651-736-3788x672,2024-07-11,Prepaid
2866,William Evans,amber58@example.org,232.323.7599x239,2023-05-21,Postpaid
2867,Jesse Liu,qreed@example.com,253.822.8989x465,2024-03-09,Postpaid
2868,Joseph Cobb MD,hstevens@example.net,9099072467,2023-12-11,Prepaid
2869,Jason Andrews,mmeyer@example.net,877.305.8610,2023-06-21,Postpaid
2870,Chelsea Patterson,kevin90@example.net,249.715.9791,2024-09-26,Postpaid
2871,John Doyle,tmueller@example.com,(834)832-1538x25384,2024-03-13,Postpaid
2872,Randy Perry,michaelapalmer@example.net,454-607-7232x101,2024-03-02,Prepaid
2873,Ashlee Richardson,thomasdaniel@example.net,979.283.6330,2025-02-08,Postpaid
2874,Alejandro Ortiz,oholt@example.org,(608)698-2588x878,2024-05-13,Postpaid
2875,Kayla Holmes,patricia13@example.org,8988999474,2024-10-17,Prepaid
2876,Sierra Harrison,hayesleslie@example.org,443.667.5354x1361,2023-08-18,Postpaid
2877,Kelly Kim,award@example.net,(254)519-5495,2025-04-21,Prepaid
2878,Richard Castillo,eavila@example.org,(363)624-5970x4850,2024-02-08,Postpaid
2879,Kelly Davila,egomez@example.net,(831)511-6560x218,2024-08-12,Prepaid
2880,Sherry Dennis,johnsmith@example.org,762.959.1639,2023-05-16,Postpaid
2881,Amy James,walkerjohn@example.org,212-686-5056,2024-02-08,Postpaid
2882,Geoffrey Anderson,bryantpaul@example.net,(309)577-1298,2025-03-14,Prepaid
2883,David Stark,esanchez@example.org,986.885.0679x277,2025-04-28,Prepaid
2884,Daniel Castro,harrisholly@example.com,+1-992-390-0851,2023-11-04,Postpaid
2885,Stephen Peters,pattersonbetty@example.com,970-721-3744x1855,2023-11-13,Postpaid
2886,Sierra Woods,valeriejacobson@example.org,+1-806-851-5627x595,2024-12-28,Postpaid
2887,Alyssa Hobbs,tammyhernandez@example.net,001-406-254-3503x0993,2024-11-23,Postpaid
2888,Jade Robbins,andrea20@example.org,944-582-7210,2023-12-07,Prepaid
2889,Matthew Chang,wilsonjessica@example.net,696.795.1349,2024-03-24,Prepaid
2890,Julie Baird,blakeantonio@example.net,(932)878-5438x44971,2023-09-04,Postpaid
2891,Tammy Mitchell,youngkristopher@example.com,465.989.8928,2024-03-08,Postpaid
2892,Ana Berg,donaldjones@example.org,001-575-798-0499,2023-08-10,Postpaid
2893,Samantha Hunter,zfleming@example.org,8299029648,2025-04-04,Prepaid
2894,Matthew Gonzalez,cookmichael@example.com,786-753-6359x57618,2023-08-21,Postpaid
2895,Gary Woods,perezjennifer@example.net,001-499-908-2035,2025-03-17,Prepaid
2896,Hannah Peterson,graylori@example.com,9605203686,2024-06-15,Prepaid
2897,Zachary Wilson,kellypamela@example.net,001-478-634-9003x0258,2023-05-16,Postpaid
2898,Kelly Shepard DVM,ybowen@example.org,+1-226-660-2828x63291,2024-02-22,Prepaid
2899,Ashley Craig,mossmatthew@example.org,(985)758-9113,2025-01-29,Postpaid
2900,John Weber,miguelellis@example.com,001-264-241-2851x5630,2025-02-18,Postpaid
2901,Rebecca Williams,marcus27@example.org,749-766-0156x29923,2024-03-20,Prepaid
2902,Michael Johnson,phelpsmary@example.org,989.639.5793,2025-02-24,Prepaid
2903,Sandra Cooper,jamesburke@example.net,(742)322-5908x7852,2024-09-28,Prepaid
2904,Anna Frost,fsanchez@example.net,539-272-2227x231,2025-04-22,Postpaid
2905,Matthew Lawson,czimmerman@example.org,(417)800-5032x4343,2023-12-07,Postpaid
2906,Rodney Maldonado,snydersarah@example.org,637.264.1042,2024-01-07,Prepaid
2907,Mary Taylor,claudia77@example.net,001-938-669-6873x11737,2024-07-14,Prepaid
2908,Michele Weaver,alan93@example.org,001-310-390-1360,2023-05-13,Prepaid
2909,Kristin Reid,pdunlap@example.org,455-921-9877x68619,2024-11-23,Postpaid
2910,Courtney Bell,madison01@example.net,(521)334-3024,2024-06-24,Postpaid
2911,Nicholas White,jasonsanchez@example.org,588.652.9203,2024-05-26,Prepaid
2912,Joshua Jacobs,austinbrown@example.com,325.376.6914x333,2025-02-16,Prepaid
2913,Nicole Chase,hwilcox@example.org,4578229864,2025-03-11,Prepaid
2914,Jose Ellis,rodgerscarly@example.net,697-872-3498x54825,2024-06-14,Prepaid
2915,Michael Smith,bward@example.org,3204581751,2025-02-26,Prepaid
2916,David Burns,gallowayandrea@example.com,001-297-821-4230x179,2024-01-11,Prepaid
2917,Michael Thomas,joshuabaldwin@example.com,688.878.6766,2024-03-11,Postpaid
2918,Carrie Combs,bryantgregory@example.net,8386212884,2023-06-26,Postpaid
2919,Melinda Davis,margaretmcclain@example.net,546-424-7094,2024-07-15,Postpaid
2920,Mitchell Rios,jessicadunn@example.org,461-518-6843,2023-09-17,Postpaid
2921,Samuel Kidd,taylorandrew@example.org,001-548-868-7647,2024-08-29,Postpaid
2922,Heather Hunt,richardaguilar@example.net,883.378.7375,2024-10-20,Prepaid
2923,Kevin Gomez,williamswilliam@example.com,(459)680-0291x439,2023-06-23,Prepaid
2924,Lisa Sanders,joshua80@example.org,960-304-3694,2024-08-22,Prepaid
2925,Samantha Butler,bonnie23@example.net,(847)541-7123,2023-05-06,Prepaid
2926,Karina Miller,xlynch@example.net,001-989-995-3730,2023-11-22,Prepaid
2927,Amanda Mejia,jamescamacho@example.org,505.692.0319,2024-04-29,Prepaid
2928,Donald Greene,ohawkins@example.com,300.785.7398x5625,2024-06-01,Postpaid
2929,Ashley Lyons,vharris@example.org,764.590.5296x605,2024-02-18,Postpaid
2930,Denise Norman,isimpson@example.net,+1-236-345-4762x28469,2024-05-14,Prepaid
2931,Dr. Barbara Cunningham MD,rushjustin@example.org,(734)460-6432x674,2023-11-16,Postpaid
2932,Joy Carson,janet22@example.net,2256533202,2023-09-17,Postpaid
2933,Tiffany Torres,cfry@example.net,599.563.7667,2023-07-25,Prepaid
2934,Denise Dorsey,angela24@example.net,875-593-3426x9535,2023-11-17,Prepaid
2935,Willie Robles,kathleenjohnson@example.com,(987)627-7544x27562,2023-06-07,Prepaid
2936,Benjamin Davis,timothybowman@example.net,001-971-734-5997,2023-09-09,Prepaid
2937,Donna Williams,wilsonlori@example.org,001-863-526-3156,2024-03-06,Postpaid
2938,Alexa Sanders,rhondaschultz@example.com,805-314-7634,2024-12-20,Prepaid
2939,Lori Garcia,danielfuller@example.com,001-417-467-2779x3388,2025-03-22,Prepaid
2940,David Dyer,ukemp@example.net,473.451.9919,2025-03-23,Postpaid
2941,Denise Proctor,parkerdaniel@example.net,525.542.6286x725,2024-10-03,Prepaid
2942,Aaron Herring,lopezkayla@example.org,589-419-8006,2024-11-04,Postpaid
2943,Lauren Pham,cassandranguyen@example.net,(535)390-9991x29537,2024-07-22,Prepaid
2944,Kristine Ortiz,ritterevan@example.com,610-369-8966,2024-08-03,Prepaid
2945,Lori Sheppard,michaelpatel@example.net,001-558-937-5536,2024-07-02,Prepaid
2946,Laura Rodriguez,douglasluna@example.net,6198905907,2024-01-10,Postpaid
2947,Jason Saunders,jason09@example.com,852.697.9282x3494,2025-04-13,Postpaid
2948,Allison Rogers,williamsmarcus@example.org,929.983.6549x74374,2025-01-31,Prepaid
2949,Cynthia Powers,daniel34@example.com,674-880-0161,2024-01-15,Postpaid
2950,Terri Pena,wrios@example.net,507.612.1802x4924,2023-12-25,Prepaid
2951,Anthony Morgan,jacobmarshall@example.net,451.521.9841x0120,2023-12-24,Prepaid
2952,Felicia Burton,danielmartinez@example.com,383-580-9325,2024-01-31,Postpaid
2953,John Lee,sharon41@example.net,624-558-0502,2023-07-22,Postpaid
2954,Thomas Davis,hatkins@example.com,268-250-3371x6577,2024-08-19,Prepaid
2955,Amanda Jones,sramos@example.org,(993)241-5978x5612,2023-08-05,Postpaid
2956,Christopher Graves,kelli96@example.com,001-495-347-8157x8630,2025-04-27,Prepaid
2957,Crystal Perez,awilliamson@example.net,882-693-3123x0089,2024-06-10,Prepaid
2958,Michelle Brooks,maynardhailey@example.com,(601)253-5233,2024-04-02,Prepaid
2959,Paige Cole,phayes@example.com,(533)527-4426x3312,2023-11-04,Postpaid
2960,Kevin Barry,ediaz@example.com,+1-651-477-4616x922,2023-08-12,Postpaid
2961,Amy Garcia,amyhouse@example.org,+1-994-880-9985x75601,2024-04-19,Prepaid
2962,Kendra Schmidt,martinjacob@example.net,(486)884-9928x3300,2023-07-01,Prepaid
2963,Gregory Richardson,joel06@example.com,904.685.5384,2023-11-01,Prepaid
2964,David Taylor,karen75@example.org,477.449.9235x460,2024-08-03,Prepaid
2965,Leslie Lowe,mgomez@example.net,6148099841,2024-02-02,Postpaid
2966,Tyler Bonilla,perrykevin@example.com,811-929-5781,2024-08-21,Postpaid
2967,Jessica Brown,james58@example.org,(431)892-1965x54774,2024-03-28,Prepaid
2968,Jessica Smith,lee83@example.com,868-740-8267,2025-02-17,Postpaid
2969,Brittany Gomez,derrickrose@example.org,744.513.4279x4835,2024-11-17,Prepaid
2970,Kayla Smith,joshuagreer@example.com,(261)976-9744x639,2023-07-07,Prepaid
2971,Christopher Snow,andreanorman@example.com,645.731.7110x76443,2023-05-22,Postpaid
2972,Miguel Dillon,jennifer68@example.com,001-820-962-7657,2024-07-11,Postpaid
2973,Thomas Taylor,quinndeborah@example.org,779-299-2015x6200,2024-06-30,Postpaid
2974,Daniel Carey,james99@example.org,865.741.8917x258,2023-12-07,Postpaid
2975,William Davis,adampotter@example.net,+1-311-481-9921x5392,2024-03-03,Prepaid
2976,Benjamin Heath,shawn65@example.org,+1-236-888-6553,2023-11-03,Postpaid
2977,Ashley Mayer MD,shood@example.org,001-378-674-1531x4042,2023-10-23,Postpaid
2978,Ryan Singleton,smithtyrone@example.net,001-266-805-7494,2024-09-27,Postpaid
2979,Matthew Parks,brandonreeves@example.org,001-834-254-5705x502,2024-05-01,Postpaid
2980,John Williams,mcknightjason@example.com,(959)961-5814x9635,2024-07-27,Prepaid
2981,Rhonda Green,vcarrillo@example.net,001-650-985-6635x7216,2024-05-22,Prepaid
2982,Philip Miller,jasondean@example.org,542-557-4441x672,2024-05-01,Prepaid
2983,Steven Gaines,brownjeffrey@example.net,001-415-339-9297x664,2024-01-28,Postpaid
2984,Steven Rich,john60@example.org,(206)289-1900x982,2024-12-22,Prepaid
2985,Brandon White,aaron36@example.org,+1-948-840-8679x05556,2024-08-09,Prepaid
2986,Sarah Riley,wrightjoe@example.net,412.596.0225x541,2024-12-15,Postpaid
2987,David Brown,trevor50@example.org,304.770.2295x35452,2024-09-26,Prepaid
2988,Michael Price,alan40@example.net,+1-862-221-9423,2024-06-10,Prepaid
2989,Tina Sweeney,yrobinson@example.net,(848)325-9249,2024-04-24,Postpaid
2990,Jennifer Combs,smithjustin@example.org,+1-596-229-8289x137,2024-10-11,Postpaid
2991,Terry Yang,mshelton@example.org,+1-895-389-3599,2023-12-29,Postpaid
2992,Richard Martin,rhancock@example.com,(917)958-0250x638,2025-01-07,Postpaid
2993,Lisa Decker,rodriguezraymond@example.net,+1-451-674-2960,2024-12-18,Postpaid
2994,Christopher Padilla,vmedina@example.org,395.901.7308x7798,2024-10-05,Prepaid
2995,Elizabeth Mcfarland,alexander49@example.com,+1-620-505-8634,2024-07-04,Prepaid
2996,Sherry Vargas,james08@example.com,888-835-2357x725,2024-05-25,Postpaid
2997,Denise Bates,johncook@example.com,(797)333-2901x4462,2023-12-28,Prepaid
2998,Michael Stephens,pricechristopher@example.com,8893186177,2023-08-04,Postpaid
2999,Brenda Fletcher,kandrews@example.org,(757)527-3545x9153,2025-01-02,Postpaid
3000,Cheryl Smith,harriskaren@example.org,+1-944-522-4669,2023-08-22,Postpaid
3001,Nicole Pierce,jameslisa@example.org,+1-825-602-6671x46128,2025-02-12,Prepaid
3002,Jessica King,fsnyder@example.org,(737)929-8029x2526,2024-04-17,Prepaid
3003,Brett Mcdonald,smithmatthew@example.org,4496125876,2024-02-16,Prepaid
3004,Xavier Woods,daviskristen@example.net,792-679-2427,2023-12-11,Postpaid
3005,Jessica Blair,steven70@example.org,821-234-8911,2024-07-25,Prepaid
3006,Matthew Lopez,lauriebell@example.org,001-579-980-2501x492,2023-08-30,Postpaid
3007,Jonathan Daniel,vfrazier@example.com,735.271.4316x42495,2023-08-25,Prepaid
3008,Sean Oneal Jr.,william18@example.net,001-703-491-5428x7208,2023-06-20,Postpaid
3009,Omar Rowland,kwarren@example.org,531.634.8864,2024-05-19,Postpaid
3010,Melissa Vasquez,cynthiamarquez@example.net,598-282-0063x8478,2023-05-03,Prepaid
3011,Timothy Macias,aprilgraves@example.org,+1-652-588-4179x06453,2024-03-26,Postpaid
3012,John Guerrero,carrie49@example.com,3194740551,2025-02-27,Postpaid
3013,Suzanne Jones,johnmccoy@example.net,5573725682,2025-04-30,Prepaid
3014,Stefanie Armstrong,amanda43@example.com,(810)330-0563x0078,2025-02-07,Prepaid
3015,Christine King,chelseataylor@example.net,001-754-699-2975,2023-07-02,Prepaid
3016,Diana Tran,fcook@example.org,340.623.1182x62293,2023-05-26,Prepaid
3017,Elizabeth Alvarez,iriley@example.net,(318)668-4228x5591,2024-09-14,Prepaid
3018,Kathy Tate,yfrancis@example.org,676-697-2047,2024-11-23,Prepaid
3019,Brandon Ramirez,amoore@example.com,511-697-6609x8498,2025-04-27,Prepaid
3020,Justin Walker,alexanderwilliam@example.com,361-826-8659x779,2024-06-14,Postpaid
3021,Kelsey Owens,vroy@example.net,+1-349-834-3405x7829,2024-04-05,Prepaid
3022,Kimberly Marshall,nicholasjohnson@example.com,(915)766-1589,2023-06-21,Postpaid
3023,Andrea Osborne,danacox@example.net,2693201300,2023-10-14,Prepaid
3024,Steven King,debbiesaunders@example.org,001-541-234-0877,2023-05-29,Prepaid
3025,Breanna Huerta,znguyen@example.net,(260)416-4692x025,2025-01-23,Prepaid
3026,Vincent Lynch,smcclain@example.com,729-972-9294,2024-04-07,Prepaid
3027,Nina Lee,cabrerajennifer@example.com,566.330.0037,2024-10-15,Prepaid
3028,Katrina Martin,stevenduran@example.net,001-335-878-0858,2023-07-17,Postpaid
3029,Rebecca Deleon,yjimenez@example.org,593-500-1021,2023-12-14,Prepaid
3030,Michelle Lopez DDS,moralesedwin@example.net,368-508-8334x3093,2024-03-18,Prepaid
3031,Maria Johnson,chris68@example.net,001-769-402-2993,2024-04-09,Postpaid
3032,Catherine Cunningham,jasondoyle@example.org,4886275505,2024-04-02,Prepaid
3033,Karen Adams,ilong@example.net,805.508.5538,2024-03-21,Prepaid
3034,Sara Moore,pattersonmorgan@example.org,7015737997,2025-03-30,Prepaid
3035,Amy Rodriguez,rjohnson@example.net,+1-664-937-5316,2025-04-02,Prepaid
3036,Sabrina Wright,farrellalyssa@example.net,(896)821-0491x020,2024-10-03,Postpaid
3037,Rebecca Brown,craig15@example.com,443-779-2112,2024-07-14,Prepaid
3038,Kimberly Fisher,jonathanburns@example.net,723-360-1393x9855,2024-11-10,Postpaid
3039,John Rivera,alejandro97@example.com,+1-850-807-4346x467,2024-09-02,Prepaid
3040,Jessica Williams,christopher22@example.net,+1-800-608-1024x596,2023-07-22,Prepaid
3041,Cynthia Anderson,jamesmartin@example.net,8044331784,2024-11-08,Postpaid
3042,Michael Rogers,brownsarah@example.com,+1-535-317-7232,2024-06-24,Prepaid
3043,John Moss,robertgreen@example.com,001-674-673-5914x9935,2023-11-18,Prepaid
3044,Troy Hartman,awatson@example.net,(267)648-6688x18937,2024-03-22,Prepaid
3045,Dr. Ethan Long,melanie77@example.net,423-594-7093x36366,2023-11-06,Postpaid
3046,Andrea Allen,njohnson@example.net,905.718.3453x225,2024-05-30,Prepaid
3047,James Hill,william15@example.net,001-556-368-9157x383,2024-05-29,Prepaid
3048,Shannon Hopkins,blackmark@example.org,(554)673-9625,2025-04-29,Prepaid
3049,Pamela Rodriguez,ashleysanders@example.net,+1-950-520-7147x81348,2023-10-26,Prepaid
3050,Jessica Wu,davidgraham@example.org,964.601.5498,2024-01-23,Postpaid
3051,Benjamin Perez,tammie18@example.com,421-339-9335x969,2024-06-10,Prepaid
3052,William Hubbard,umyers@example.net,+1-503-366-4349x170,2023-08-03,Postpaid
3053,Jennifer Myers,carrollrobert@example.com,(601)867-5938x7401,2025-03-05,Postpaid
3054,Eric Smith,kennethball@example.net,(487)458-4985,2023-12-17,Prepaid
3055,Martha Vaughn,dominicjohnson@example.com,+1-269-688-1960,2024-09-11,Postpaid
3056,Michael Johnson,elizabethcasey@example.org,(834)384-3966x37655,2025-04-19,Postpaid
3057,Elizabeth Blankenship,panderson@example.com,+1-586-223-4335x36279,2023-12-12,Postpaid
3058,Jacqueline Myers,mheath@example.com,(789)531-8630x79376,2023-09-07,Postpaid
3059,Jeffrey Padilla,esmith@example.com,7712769296,2023-06-11,Postpaid
3060,Kara Gray,jjohnson@example.net,970.302.3496x07675,2025-04-14,Prepaid
3061,Sergio Perry,hlewis@example.net,(225)456-6327x8541,2023-11-14,Postpaid
3062,Matthew Watts,keithsimmons@example.com,260.421.0511x181,2025-04-17,Prepaid
3063,Barbara Smith,angelajones@example.net,(412)958-9630,2023-12-21,Prepaid
3064,Arthur Dickerson,hornjessica@example.com,326.499.5886,2023-11-15,Postpaid
3065,Barry Patterson,colson@example.com,8155262835,2024-12-25,Postpaid
3066,Tony Diaz,arieljohnson@example.com,001-947-803-0194x85159,2024-06-04,Prepaid
3067,Marcus Haas,kristenhernandez@example.net,+1-483-392-5794,2024-12-11,Prepaid
3068,Denise Griffin,robertdelacruz@example.com,+1-611-878-1494x58196,2023-08-08,Prepaid
3069,Jessica Roy,sherryevans@example.com,792.719.6392,2023-10-11,Prepaid
3070,Timothy Peters,nmoran@example.org,001-766-591-8141,2025-02-07,Postpaid
3071,Keith Simmons,nicholas02@example.net,001-885-360-7049,2024-09-11,Postpaid
3072,Harry Williams,wadecurtis@example.org,797-378-2172x5199,2024-11-14,Postpaid
3073,Rodney Tanner,timothyjones@example.org,252-667-0153x9788,2024-02-01,Prepaid
3074,Brooke Hanson,kevin47@example.com,307.996.1184,2024-05-28,Postpaid
3075,Angela Smith,annettethomas@example.com,001-920-313-4960x70956,2023-08-24,Postpaid
3076,Maria Hill,mcmillankendra@example.org,001-613-914-9062x225,2024-03-25,Prepaid
3077,Chelsea Henderson,michaelmathis@example.org,802-402-1100,2024-07-05,Postpaid
3078,Andre Murphy,ldaniel@example.com,408.285.0352,2024-03-18,Prepaid
3079,Faith Bailey,gloria76@example.net,964.634.6449,2023-12-03,Postpaid
3080,Patricia Martinez,emma06@example.net,896-981-3789x113,2024-07-12,Prepaid
3081,Nicole Evans,obaker@example.net,351-424-2790,2024-10-10,Prepaid
3082,Tammy Ingram,yrodriguez@example.org,+1-898-384-3141x841,2025-01-28,Prepaid
3083,Ashley Scott,mckaytammy@example.net,001-280-956-2632x20012,2025-03-19,Prepaid
3084,Courtney Wood,warejonathan@example.com,(294)907-2525,2023-09-13,Postpaid
3085,Rick Flores,kimcampbell@example.org,366.658.0858x9675,2025-04-13,Postpaid
3086,Brian Mcintosh,mooneytiffany@example.org,422-271-6652x189,2025-01-17,Prepaid
3087,Shelley Coleman,wmartinez@example.org,785.654.5675x49139,2024-05-31,Prepaid
3088,Hector Jacobson,simpsondavid@example.com,+1-289-991-0600,2024-11-20,Prepaid
3089,Mr. Miguel Wright DDS,darrylharris@example.com,6827067644,2025-02-04,Postpaid
3090,Jeremiah Oliver,kyle28@example.org,923.804.3436,2025-02-26,Prepaid
3091,James Weber,sherrybrown@example.org,001-254-739-6444,2023-11-09,Postpaid
3092,Joshua Morrow,craigashley@example.net,228.789.3533x65095,2024-10-15,Prepaid
3093,Yolanda King,michael66@example.com,+1-581-223-4102x23331,2024-12-13,Postpaid
3094,Jordan Strickland,jeffreyjacobs@example.org,334-943-0375x9241,2024-12-05,Postpaid
3095,Timothy Fox,julia01@example.com,(755)821-3452,2025-03-19,Postpaid
3096,Jessica Jones,derek19@example.com,(721)710-8598,2024-03-05,Postpaid
3097,Robin Webb,robertsmith@example.org,632-745-2017x07098,2024-01-22,Prepaid
3098,Nathaniel Carroll,deniserivera@example.com,(989)615-5624x0299,2024-08-12,Postpaid
3099,Patricia David,gclarke@example.net,952.668.7249x861,2023-09-06,Postpaid
3100,Devin Nelson,ewright@example.net,(952)421-4492x27905,2025-02-22,Postpaid
3101,Rebecca Murphy,maria11@example.com,001-956-203-3263x481,2025-02-14,Prepaid
3102,Ashley Bradley,nguyentheresa@example.org,316-716-6490,2023-05-02,Prepaid
3103,Brianna Dorsey,anthonykathleen@example.com,+1-239-369-2369,2023-06-04,Prepaid
3104,Glen Coleman,brownkristin@example.com,959.606.2460x170,2023-12-09,Postpaid
3105,Kathryn Maldonado,eric79@example.com,347-987-6983,2024-06-27,Postpaid
3106,Elizabeth Watkins,cherylwilson@example.net,(326)971-7836x864,2024-04-17,Postpaid
3107,Calvin Jones,josephturner@example.com,(252)461-6255,2023-12-09,Postpaid
3108,Maria Parker,carlos23@example.net,(687)845-4896x85196,2024-06-19,Prepaid
3109,Lisa Herrera,anita74@example.com,001-333-528-0999x906,2023-08-13,Prepaid
3110,Timothy Baker,gallegosashley@example.net,963.877.1490x90967,2024-06-26,Prepaid
3111,Joshua Lewis,williamsjeremy@example.net,(372)274-6384,2023-11-17,Postpaid
3112,Jessica Juarez,pfleming@example.com,5633809471,2023-09-07,Postpaid
3113,Christopher Ewing,gallaghertyrone@example.com,468-988-4295x456,2024-07-26,Prepaid
3114,Lisa Sharp,hjones@example.net,987-651-5859,2024-10-20,Prepaid
3115,Larry Mitchell,laurensmith@example.com,871.883.2628,2024-08-01,Postpaid
3116,Sandra Lee,deborah68@example.net,+1-456-414-3139x3990,2024-07-14,Prepaid
3117,Cindy Anderson,manningcindy@example.org,8923644595,2024-04-19,Prepaid
3118,Mary Anderson,mmoore@example.net,+1-583-445-4989x6904,2024-03-03,Postpaid
3119,Jennifer Dunn,gmarshall@example.org,2968779224,2025-02-14,Postpaid
3120,Ebony Shaw,patriciasmith@example.com,001-901-914-6074,2023-08-14,Postpaid
3121,Roger Richardson,christophercabrera@example.com,001-858-314-3378x626,2023-08-12,Postpaid
3122,Andrew Chavez,youngholly@example.com,8438069874,2024-04-30,Postpaid
3123,Dale Lane,edwardclark@example.com,+1-880-419-8528x4030,2024-04-18,Prepaid
3124,Leonard Stanton,paulvaldez@example.net,869-918-8087x8405,2024-07-18,Prepaid
3125,Robert Ruiz,morganperkins@example.com,263-609-9055,2024-11-15,Prepaid
3126,Dakota Webb,riverajoseph@example.net,6528343198,2023-09-27,Postpaid
3127,Deanna Williams,iyoung@example.org,8864336573,2023-10-31,Prepaid
3128,Wyatt Mullins,jeremyfitzgerald@example.net,(803)642-9477,2024-04-29,Postpaid
3129,Stephanie Hall,iwalls@example.org,+1-226-371-5612x004,2023-11-28,Prepaid
3130,Antonio Randall,kelly30@example.com,841.729.8118,2023-06-05,Prepaid
3131,Mikayla Jackson,istevenson@example.org,+1-572-446-5222x1893,2024-05-20,Postpaid
3132,Stephanie Medina,blackchristine@example.com,(391)748-4929,2023-07-28,Prepaid
3133,Martin Jordan,daviscindy@example.net,(622)651-2755,2025-02-07,Prepaid
3134,Joseph Sanders,connie97@example.net,001-307-382-9090,2023-06-07,Prepaid
3135,Julie Evans,fostercarl@example.com,284-305-0069,2023-11-21,Prepaid
3136,Matthew Lee,bruce37@example.org,001-514-443-7664,2025-04-04,Prepaid
3137,Lisa Griffith,mark46@example.com,001-591-553-1725,2024-06-01,Prepaid
3138,Thomas Andrade,kathleensimmons@example.org,(506)642-4312x9309,2024-11-04,Prepaid
3139,Wayne Rivera,theresamiddleton@example.org,+1-353-467-8087x14305,2024-08-09,Postpaid
3140,Michelle May,watkinschristopher@example.com,630.914.8256x881,2023-06-08,Postpaid
3141,Joseph Watts,brendahall@example.net,001-613-276-7894x811,2023-07-01,Prepaid
3142,Brittany Harvey,tdouglas@example.net,(522)254-0449,2024-07-28,Prepaid
3143,Angelica Carey,reginald22@example.net,9866663708,2024-08-20,Prepaid
3144,Rebecca Collins,kimberlyleonard@example.org,(693)528-6778x815,2023-07-10,Postpaid
3145,Sarah Avery,jeremy53@example.com,+1-982-880-6485x7342,2023-10-17,Postpaid
3146,David Neal,davidsonloretta@example.com,893.331.2507,2024-04-07,Postpaid
3147,Derek Estes,johnevans@example.org,286-913-8384,2024-09-03,Prepaid
3148,Gabriella Herman,tracicox@example.org,4817046907,2025-02-06,Prepaid
3149,Kenneth Allen,richardrobinson@example.net,(547)698-1818x489,2024-07-10,Postpaid
3150,Glenn Knox,zrobinson@example.org,001-539-486-0435x81484,2023-05-08,Prepaid
3151,Christopher Hughes,shermankelly@example.net,+1-600-663-4232x12110,2024-03-09,Postpaid
3152,David Harris,mcdowellmegan@example.net,746.582.8891x9737,2024-04-25,Postpaid
3153,Jessica Kelly,popeadam@example.net,4013477537,2023-11-01,Prepaid
3154,Mr. Christopher Graham DVM,westedward@example.com,877.830.6104x9640,2024-05-29,Prepaid
3155,Victoria Gomez,anna57@example.org,287-787-4199x09452,2023-07-10,Postpaid
3156,Michael Avery,wongjeanne@example.org,(621)832-0809x72777,2023-07-15,Postpaid
3157,Thomas Shields,rodneywells@example.com,001-371-351-5253x05522,2024-02-27,Postpaid
3158,Jack Calhoun,billy35@example.org,4113205483,2023-11-07,Prepaid
3159,Veronica Deleon,anthony04@example.com,791-714-1071,2025-02-06,Postpaid
3160,Kurt Chung,usanford@example.net,301.358.6869x717,2025-04-11,Prepaid
3161,Rhonda Griffin,wendychung@example.net,207-984-6972x6321,2025-02-16,Prepaid
3162,Zachary Galvan,donna20@example.net,(794)338-7292x4964,2024-07-30,Postpaid
3163,Micheal Thompson,robinanderson@example.org,+1-906-612-3087x8873,2025-03-24,Prepaid
3164,Heather Benson MD,ccampbell@example.net,657.707.3878x2731,2024-02-06,Postpaid
3165,Rebecca Anderson,codywaters@example.org,001-786-883-8694x5154,2024-04-24,Postpaid
3166,Michael Lewis,zhiggins@example.net,+1-817-730-8072x1548,2024-08-05,Postpaid
3167,Tyler Mccoy,walkerjulia@example.com,3013161583,2024-05-04,Prepaid
3168,Stacy Simmons,obentley@example.org,616-349-7152x563,2025-03-26,Prepaid
3169,Ray Alvarez,dwiggins@example.org,(574)387-2771,2024-02-20,Postpaid
3170,Christopher Davis,elizabeth37@example.com,775-672-3660,2024-09-09,Postpaid
3171,Tracey Shepard,reyesanna@example.net,318.839.2679x39601,2023-06-14,Prepaid
3172,Sara Fuentes,james19@example.com,582-678-6230,2023-10-21,Prepaid
3173,Nicole Velez,kcohen@example.net,488.948.0259,2023-05-31,Prepaid
3174,Charles Craig,gary50@example.com,357-462-2725,2023-10-07,Postpaid
3175,Thomas Wagner,diane31@example.com,001-366-202-9013x257,2023-07-21,Prepaid
3176,Robert Sherman MD,tammiemcdonald@example.net,+1-871-730-8280,2023-07-28,Prepaid
3177,David Hernandez,zdecker@example.org,480-215-0218x6612,2024-03-16,Postpaid
3178,Stephen Brown,amandacook@example.net,+1-565-231-9975x202,2024-05-06,Postpaid
3179,John Griffin,moralesrhonda@example.net,(231)521-6489x0959,2024-11-18,Prepaid
3180,Gregory Jones,ericpope@example.com,(403)984-1980x954,2024-05-14,Postpaid
3181,Barry Nelson,shelbyhughes@example.com,544-284-6350x98036,2023-08-03,Postpaid
3182,Ricky Howard,rebeccawall@example.net,378.254.4261x352,2023-05-18,Prepaid
3183,Susan Carpenter,theresa21@example.net,920.524.9182,2024-09-10,Prepaid
3184,Michael Santiago,antoniovalentine@example.org,501.673.5856x0899,2024-12-10,Postpaid
3185,Veronica Cherry,smallmichelle@example.net,001-784-997-8708x7112,2024-02-18,Postpaid
3186,Tiffany Villegas,hudsonkristina@example.com,298.918.6792x9216,2023-10-10,Prepaid
3187,Matthew Tucker,cookblake@example.net,4247138049,2023-09-21,Postpaid
3188,Allen Hamilton,zdavis@example.org,001-481-623-8176x7004,2023-11-17,Postpaid
3189,Julie Allen,moniquebates@example.net,515.729.7840x2931,2024-01-02,Prepaid
3190,Martin Mendez,carloshanson@example.com,001-723-550-7794,2025-01-09,Postpaid
3191,Charles Johnson,breynolds@example.com,3027675800,2024-01-14,Prepaid
3192,Lisa Wolf,abigail42@example.org,907-875-0095,2025-04-25,Postpaid
3193,April Gross,jessebrown@example.net,+1-579-898-6186x425,2023-06-16,Prepaid
3194,Thomas Rojas,edwardsjesse@example.net,+1-324-609-4560x610,2024-08-21,Postpaid
3195,Andre Chapman,jonesdanielle@example.net,(465)920-0056x3822,2023-05-16,Prepaid
3196,Hannah Chase,melissachang@example.net,206-730-6314,2024-07-16,Prepaid
3197,Micheal Steele,michaelsolis@example.org,2053802444,2024-11-15,Prepaid
3198,Thomas Torres,gdavis@example.com,455-295-5885,2024-08-31,Postpaid
3199,Catherine Lawrence,stacystevens@example.org,+1-555-937-0068x2665,2023-09-23,Prepaid
3200,Martin Hodges,bowmanjustin@example.org,001-847-332-9743x8164,2024-10-16,Prepaid
3201,Rachel Gibbs,laura06@example.org,691-400-3081x97276,2024-11-25,Prepaid
3202,Robert Sanders,oclark@example.com,(877)942-9598,2023-05-21,Postpaid
3203,Leslie Stewart,david81@example.org,001-745-664-2592,2024-08-12,Postpaid
3204,Ebony Herrera,dave04@example.com,898.283.7384x4550,2024-09-12,Postpaid
3205,Emily Johnston,gtaylor@example.net,(354)383-3852,2025-04-14,Postpaid
3206,Frank Patton,pittmanfrancis@example.org,001-527-881-7041,2023-12-25,Prepaid
3207,Jennifer Kim,fowlercharles@example.com,684-837-8900x253,2023-10-06,Postpaid
3208,Patricia Bradley,ujohnson@example.com,001-318-405-3499,2023-06-23,Prepaid
3209,Jonathan Nash,william58@example.net,(572)941-2578x571,2024-03-28,Prepaid
3210,Jeremy Torres,dana49@example.org,467.346.5287,2025-03-04,Postpaid
3211,Joshua Smith,sgibson@example.com,3549038173,2024-07-06,Prepaid
3212,Karen Schmidt,john03@example.org,491.779.6769,2024-02-10,Postpaid
3213,Joseph Smith,evan47@example.org,001-249-921-1286x4240,2023-05-28,Postpaid
3214,James Phillips,robert22@example.net,(549)650-7435,2023-11-24,Prepaid
3215,Logan Walsh,scott65@example.com,(613)293-0429,2024-10-22,Prepaid
3216,Steven Raymond,awilliams@example.org,(758)346-8189x579,2023-11-28,Postpaid
3217,Julie Macdonald,snyderjessica@example.net,001-896-949-2331x659,2024-02-25,Postpaid
3218,Cathy Tucker DVM,dcarter@example.com,4423792368,2024-06-19,Postpaid
3219,Alexandria Johnson,rhondahudson@example.org,001-687-566-8705x3079,2024-07-19,Prepaid
3220,Rachel Jensen,stephanie48@example.com,936-494-9091x18975,2024-12-30,Postpaid
3221,Mary Wilcox,hphillips@example.com,659-829-5137x837,2024-05-27,Postpaid
3222,Jose Myers,christopher07@example.org,975.312.3447,2024-04-23,Postpaid
3223,Kevin White Jr.,hawkinswilliam@example.com,(471)954-2107,2023-10-07,Postpaid
3224,Kelsey Campbell,espinozaapril@example.net,558.579.3425x8771,2024-01-23,Postpaid
3225,Teresa Alexander,merrittchristopher@example.org,452.411.1814,2025-03-30,Prepaid
3226,Rachel Hancock,julie30@example.net,(537)943-6048,2023-06-18,Postpaid
3227,Emily Collins,nicolewilliams@example.net,956.919.9522,2024-08-16,Prepaid
3228,Daniel Brooks DVM,nathanielmeyer@example.net,551-467-3848,2023-07-14,Prepaid
3229,Anthony Brooks,carterwhitney@example.org,565-739-9511x133,2023-10-23,Prepaid
3230,Alicia Sanchez,bryan24@example.com,(752)352-1558,2024-03-13,Postpaid
3231,Tracy Jarvis,xchandler@example.org,519-638-7623,2025-01-31,Postpaid
3232,Maurice Salazar,medinasteven@example.com,001-280-350-9337x944,2024-12-25,Postpaid
3233,Mary Tucker,parrishstacey@example.org,+1-787-590-3277x24794,2025-04-22,Postpaid
3234,Robert Hunter,aaron87@example.net,(283)820-2724,2025-02-27,Prepaid
3235,Kathryn Jarvis,ngibson@example.com,6107026933,2024-04-15,Postpaid
3236,Joseph Richards,wcox@example.net,+1-863-685-5712x278,2023-07-01,Prepaid
3237,Richard Wong,jacquelinejordan@example.com,603.574.0818x11951,2023-10-08,Prepaid
3238,Lucas Rodriguez,chadvance@example.com,+1-963-306-0312x6128,2024-10-04,Prepaid
3239,David Moore,davisdevon@example.net,(622)494-9942,2024-02-29,Prepaid
3240,Brian Espinoza,florescindy@example.com,8558814406,2024-05-17,Prepaid
3241,William Jones,jsteele@example.net,9178092311,2025-04-16,Postpaid
3242,Michele Peters,abbottjonathan@example.com,673.779.6781x17815,2023-05-25,Postpaid
3243,Matthew Fry,yramirez@example.com,(339)643-1857,2024-04-28,Postpaid
3244,John Martinez,vbrown@example.org,292-907-2690x930,2025-02-10,Postpaid
3245,Scott Keller,snyderalexander@example.org,944.694.8885,2023-06-29,Postpaid
3246,David Mcmillan,pcarter@example.org,+1-886-630-5383,2024-11-13,Prepaid
3247,Rebecca Brown,xsteele@example.com,663-550-7047x2156,2023-08-19,Prepaid
3248,Alexis Rodriguez MD,obarnett@example.net,812-909-4924,2024-02-17,Postpaid
3249,Angel Armstrong,wwagner@example.org,001-967-337-7209x387,2023-10-25,Prepaid
3250,Daniel Coleman,laura37@example.com,+1-824-931-8797x738,2024-04-03,Prepaid
3251,Richard Tucker,robertcoleman@example.org,(335)662-8139,2024-09-24,Prepaid
3252,Anne Johnson,jerrymaldonado@example.org,(232)582-3453,2024-05-20,Prepaid
3253,Stuart Cochran,roberta35@example.net,+1-663-507-1045x023,2025-01-02,Postpaid
3254,Justin Garcia,jasonflores@example.org,421.614.8748x0541,2024-12-14,Postpaid
3255,Deborah Berry DDS,victoriawright@example.org,6527985307,2025-04-04,Prepaid
3256,Nicole Bell,george92@example.org,001-464-730-3475x53689,2024-10-15,Prepaid
3257,Lisa Campbell,youngdaniel@example.com,+1-221-468-9545x9113,2024-01-28,Postpaid
3258,Jonathan Everett,danielleholmes@example.org,(444)216-2878,2025-03-14,Postpaid
3259,Richard Morgan,stephen34@example.org,+1-729-977-2203x48894,2024-07-27,Prepaid
3260,Tricia Bates,ypierce@example.org,7124121715,2024-11-10,Postpaid
3261,Pamela Lopez,louis84@example.net,446-655-7573x724,2023-11-18,Postpaid
3262,Nicole Drake,jhudson@example.net,950-707-6086x7715,2024-07-25,Prepaid
3263,Jordan Silva,bookerlogan@example.org,511.640.4043x753,2024-06-21,Prepaid
3264,William Simon,cholland@example.org,9532935660,2024-12-26,Prepaid
3265,Dawn Blake,adrianjohnston@example.net,(308)552-9990,2023-06-01,Prepaid
3266,Michael Jones,tina72@example.com,287.862.3998x18896,2024-01-22,Prepaid
3267,Kaitlyn Coleman,dennisbooker@example.org,469-248-8979x3014,2024-05-24,Postpaid
3268,Nancy Burns,wyattkimberly@example.net,737-384-7998x086,2024-04-02,Postpaid
3269,Tracy Spencer,mcintyredavid@example.net,7387564101,2024-07-27,Prepaid
3270,Patrick Bradshaw,stefaniecannon@example.net,001-948-607-4104,2024-04-16,Postpaid
3271,Lynn White,thompsoncatherine@example.net,+1-704-684-0563x88958,2024-05-24,Postpaid
3272,Miguel Montgomery,campbellemily@example.net,+1-884-381-5208x7153,2023-07-21,Prepaid
3273,Shirley Lee,jennifer95@example.org,642.755.0117,2025-02-27,Prepaid
3274,Lisa Reeves,warnerernest@example.org,735.331.7985x0753,2025-03-16,Prepaid
3275,Kristen Williams,ldavis@example.net,+1-960-597-5245,2024-06-17,Prepaid
3276,Thomas Lewis,harold42@example.com,799-508-7637x68962,2024-05-25,Postpaid
3277,Laura Chen,antoniohiggins@example.com,+1-545-466-0253x89852,2025-02-01,Prepaid
3278,Tabitha Austin,michaelpaul@example.net,299-409-6583,2023-11-30,Prepaid
3279,Michelle Smith,amiller@example.com,001-588-638-1763x4806,2023-12-08,Prepaid
3280,Derek Daugherty,crystal38@example.org,+1-794-636-1395x2420,2023-11-03,Postpaid
3281,Keith Powell,raymond38@example.org,001-729-884-8663x8660,2024-09-06,Prepaid
3282,Paul Vega,robert36@example.net,294.860.0541,2023-07-09,Prepaid
3283,Amy Cooper,david88@example.net,+1-941-567-0631x53702,2025-01-12,Prepaid
3284,Eric Gomez,wpacheco@example.com,882.289.1399x6386,2023-11-11,Prepaid
3285,Robert Gentry,steven29@example.com,(955)549-7244x34802,2025-01-24,Postpaid
3286,Brittany Crawford,churchcynthia@example.net,4878684740,2025-01-07,Postpaid
3287,Holly Rodriguez,williamsonjacob@example.net,849.449.7972,2023-12-04,Postpaid
3288,Jennifer Dillon,nielsenjenna@example.org,9326291254,2024-08-21,Postpaid
3289,Ashley Gutierrez,virginiabrown@example.net,630.516.8588,2024-09-04,Postpaid
3290,Johnny Obrien,ustephens@example.net,(641)547-9525x41648,2025-03-08,Prepaid
3291,Brian Castro,millerwilliam@example.com,(915)454-6401,2025-04-24,Prepaid
3292,Diana Dennis,kwright@example.com,(419)493-3213x209,2023-11-13,Postpaid
3293,Michael Pennington,josephjohnson@example.com,5787057357,2024-06-13,Postpaid
3294,Arthur Grant,castrorebecca@example.org,+1-259-813-6673x98670,2023-08-14,Prepaid
3295,Sara Burns,chase32@example.org,913.309.9277,2023-09-09,Postpaid
3296,Alan Yu,claudiaadams@example.net,+1-603-562-9080x36688,2023-07-22,Prepaid
3297,Patrick Williams,hfernandez@example.org,723-583-9697x67024,2024-11-26,Prepaid
3298,Ryan Wright,marydominguez@example.net,634.429.8446,2023-12-10,Prepaid
3299,James Gonzalez,frankbaker@example.com,(423)205-7068x08513,2024-02-21,Prepaid
3300,Joseph Butler,heather63@example.net,959-627-9525x35814,2024-07-05,Prepaid
3301,Amanda Chandler,matthew05@example.com,322.976.6012x7720,2024-01-14,Postpaid
3302,William Williams,sarah44@example.net,328-810-7997x765,2024-03-07,Postpaid
3303,Christopher Cowan,christine98@example.org,+1-876-473-0913x5976,2024-03-19,Postpaid
3304,Tiffany Chaney,edwardsmith@example.org,463.587.8623,2024-09-13,Prepaid
3305,Rachel Robinson,wanghannah@example.net,727.695.7736x845,2023-10-20,Postpaid
3306,Mr. James Wade MD,isaaclynch@example.com,001-904-534-3424x2873,2025-03-13,Prepaid
3307,John Jenkins,ebernard@example.net,2662401640,2023-08-29,Prepaid
3308,Sharon Fowler,annafields@example.net,8909881475,2023-12-15,Prepaid
3309,Randy Myers,washingtonalexander@example.com,(633)680-1188x3444,2025-04-08,Postpaid
3310,Jennifer Clark,uramirez@example.org,(942)657-8095x177,2024-03-21,Prepaid
3311,Anna Harris,crossvincent@example.com,001-736-777-7338x24123,2025-02-20,Prepaid
3312,Richard Mayo,lstafford@example.net,450-261-8466x90135,2024-11-05,Prepaid
3313,John Farrell DVM,pmoreno@example.com,422-763-4816x99397,2024-06-07,Prepaid
3314,Haley Valdez,youngcraig@example.net,(402)610-3622,2023-08-16,Prepaid
3315,Joseph Lyons,angela58@example.org,001-275-973-7594,2025-04-17,Postpaid
3316,Jacob Gentry MD,carlabeck@example.com,+1-564-610-9535x040,2023-09-09,Postpaid
3317,Matthew Smith,yunderwood@example.net,747-688-9795,2024-05-12,Postpaid
3318,Jeffrey Ellison,lisahicks@example.com,897.343.2621,2024-09-02,Prepaid
3319,Amber Reed,ugilbert@example.com,+1-686-694-3782x2458,2024-09-02,Prepaid
3320,Christie Mcintyre,craig10@example.org,315-839-6840x183,2024-10-24,Prepaid
3321,Alan Ryan,abbottmary@example.org,001-745-382-1555x3756,2024-01-31,Prepaid
3322,David Holmes,johnsoncrystal@example.com,(647)316-3884x7019,2023-12-25,Postpaid
3323,Sarah Scott,juan18@example.net,7663349670,2023-07-27,Postpaid
3324,Ashley Fitzpatrick,christopherdavis@example.com,001-558-386-7142x35559,2024-12-09,Prepaid
3325,Scott Weber,barkeranna@example.net,001-394-578-2468,2024-08-20,Postpaid
3326,Linda Gutierrez,fjohnson@example.net,223.965.2144x15480,2024-04-09,Postpaid
3327,Joshua Mclean,espinozajoshua@example.org,634-411-1160,2023-08-23,Postpaid
3328,Bradley Haynes,cmora@example.org,(937)207-8023x622,2023-08-29,Postpaid
3329,Ashley Johnson,melinda12@example.com,903-493-7827x89126,2024-11-30,Postpaid
3330,Brianna Rodriguez,derek56@example.org,286.909.3370,2024-04-09,Prepaid
3331,Megan Mckenzie,roy27@example.com,299-771-7076,2024-09-22,Postpaid
3332,Kevin Davis,maryharris@example.net,261-671-6901x75679,2025-03-28,Prepaid
3333,Taylor Martinez,melissastein@example.net,793-397-1443x4163,2023-06-12,Prepaid
3334,Paul Erickson,chughes@example.com,001-735-299-9610x983,2023-10-06,Postpaid
3335,Jason Kirk,eduardo09@example.net,800-799-1649x299,2024-01-30,Postpaid
3336,Scott White,idonaldson@example.org,751-584-6233,2023-10-03,Postpaid
3337,Carol Sullivan,jenniferwells@example.net,001-549-202-0439x86223,2023-11-30,Prepaid
3338,Lauren Mccormick,brian14@example.org,001-435-329-2390x978,2024-07-09,Postpaid
3339,James Griffin,martinrebekah@example.com,(376)383-3024x37155,2024-10-22,Postpaid
3340,Veronica Baker,derricksanders@example.com,001-324-775-7523,2024-07-25,Postpaid
3341,Christine Peters,underwoodjeanne@example.org,(913)802-2238x00834,2023-09-02,Postpaid
3342,Madison Brooks,andre81@example.net,+1-437-797-4734,2024-10-29,Prepaid
3343,Natalie Tran,melendezrandy@example.com,297-578-3055x47752,2024-09-15,Postpaid
3344,William Gomez,kjohnson@example.net,439.723.7597x3967,2023-10-07,Prepaid
3345,Victoria Leonard,murraytonya@example.org,(744)292-7862x3352,2023-11-15,Prepaid
3346,Anthony Patrick,gwright@example.com,001-989-878-8188x33697,2024-04-10,Postpaid
3347,David Cox,cynthia28@example.net,281.367.8752x6836,2024-10-05,Postpaid
3348,Jason Nichols,florescarmen@example.net,001-217-963-0256x8958,2025-02-08,Prepaid
3349,James Montoya,moralesanna@example.net,001-608-664-0138x0246,2025-04-14,Prepaid
3350,Danny Ferguson,lpatel@example.com,001-451-840-5679,2024-05-22,Postpaid
3351,Robert Curtis,joseph02@example.com,869.916.9910x66240,2025-03-01,Prepaid
3352,Christina Diaz,charles44@example.com,001-779-741-2867x74749,2024-08-26,Prepaid
3353,Kenneth Armstrong,nthompson@example.com,(847)702-0646x321,2024-08-08,Prepaid
3354,Melinda Robbins,hflores@example.com,+1-707-433-0435x80529,2023-06-04,Postpaid
3355,Terry Shelton,kimberly66@example.com,(350)701-2606x80821,2023-06-26,Postpaid
3356,Natalie Mitchell,lukecoleman@example.net,001-385-867-6866,2023-10-28,Prepaid
3357,Paul Roberts,egonzales@example.org,985.445.5654,2024-03-21,Prepaid
3358,Deborah Combs,mirandabrandon@example.org,+1-671-265-5860x575,2024-02-22,Prepaid
3359,Natalie Simmons,erodriguez@example.net,215.927.2174x20879,2024-04-07,Postpaid
3360,Craig Thomas,ogarcia@example.net,714.391.7391,2024-05-17,Postpaid
3361,Heather Kim,campbellmark@example.org,+1-245-811-8535x54986,2024-10-17,Postpaid
3362,Sara Khan,andersonderek@example.com,001-547-526-1177x1894,2024-10-30,Prepaid
3363,Jonathan Roberts,vhunt@example.com,578.359.1053x24103,2024-02-27,Prepaid
3364,Stephen Flores,jamesmay@example.net,+1-987-427-7015x128,2024-01-14,Postpaid
3365,Christina Ramirez,wendystevens@example.org,379.525.8924x2046,2023-07-18,Prepaid
3366,Brianna Lee,xcallahan@example.com,808-858-2908x8360,2025-04-26,Postpaid
3367,Gloria Carpenter,ryan56@example.net,+1-363-920-6727,2024-07-31,Postpaid
3368,Rhonda Romero,lisabridges@example.com,704.903.8326x828,2023-06-29,Prepaid
3369,Francisco Cook,eric57@example.org,990-858-6206,2024-02-22,Prepaid
3370,Mr. David Ramirez,ladams@example.com,+1-716-225-9417x5343,2024-06-10,Postpaid
3371,Nicholas Jones,rlara@example.com,(662)479-3090,2024-08-30,Postpaid
3372,James Howe,melissa98@example.com,+1-238-844-9566x2229,2024-06-29,Postpaid
3373,Cassandra Johnson,andrea85@example.com,937.770.1107,2024-05-29,Postpaid
3374,Heather Ramirez,boonekimberly@example.com,+1-399-578-4477x679,2024-12-25,Postpaid
3375,Amy Wood,clarkdeborah@example.com,593.372.0845,2025-03-26,Postpaid
3376,Zachary Valenzuela,tracywilliams@example.com,276-308-4047x12532,2024-07-22,Postpaid
3377,Travis Brooks,diazrobert@example.org,(665)462-9135,2024-02-11,Postpaid
3378,Keith Hoffman,reyestami@example.com,+1-593-476-7068x842,2023-08-15,Postpaid
3379,Amy Rodriguez,zhudson@example.com,262-848-7978,2024-05-26,Postpaid
3380,Terri Gibson,angelawalsh@example.com,808-596-7684x000,2024-03-02,Postpaid
3381,Jamie Coffey,qmorton@example.org,962.460.2702,2023-08-17,Postpaid
3382,Joshua Turner,omcintyre@example.net,4616773031,2025-02-23,Postpaid
3383,Edward Mays,xwilliams@example.net,504-248-6113x0688,2024-01-15,Postpaid
3384,Traci Fry,vancejuan@example.org,001-450-925-6458x63563,2023-12-24,Postpaid
3385,Laurie Cantrell MD,davidgilbert@example.org,001-288-307-6077,2024-11-22,Postpaid
3386,Amanda Mcgee,pauledwards@example.com,670-566-1650x0453,2023-05-29,Prepaid
3387,Crystal Le,mbuck@example.org,962-203-9108x57657,2023-11-12,Prepaid
3388,Adam Beard,seankeith@example.net,471.548.6601,2023-07-09,Prepaid
3389,Dorothy Stewart,umiller@example.net,+1-381-846-0333x57876,2023-05-20,Prepaid
3390,Joanna Chen,brianna79@example.org,432.413.0630x6412,2023-12-09,Prepaid
3391,David Barnes,heatherayala@example.net,+1-773-313-8805x08420,2025-04-13,Postpaid
3392,Timothy Young,jennifernelson@example.com,449.401.8247x11904,2024-03-31,Postpaid
3393,Mark Collins,kayla53@example.com,8546830305,2024-03-17,Postpaid
3394,Ryan Hanson,damon07@example.org,438-820-0064,2025-02-11,Prepaid
3395,Joshua Simmons,smccormick@example.net,850.439.4936x32893,2023-07-12,Prepaid
3396,Robert Bennett,nunezchristopher@example.com,+1-327-928-8427,2024-11-07,Postpaid
3397,Nathan Thompson,joneschad@example.com,001-420-403-7953x23133,2023-08-01,Prepaid
3398,Stephen Gomez,mclayton@example.com,+1-275-662-3245x86892,2023-10-23,Prepaid
3399,Jacob Yates,banksadam@example.net,455-321-0298,2023-11-28,Prepaid
3400,Robert Holloway,smorgan@example.net,657.797.6432x30102,2024-08-12,Postpaid
3401,Amy Hernandez,atkinsjose@example.com,(604)504-6942,2024-12-25,Prepaid
3402,Kimberly Walker,courtney61@example.org,(530)407-2829,2023-11-22,Prepaid
3403,Tracy Mcbride,heather66@example.org,001-359-544-6848x0252,2023-05-20,Postpaid
3404,Patricia Hart,mlong@example.org,(997)203-7136x6222,2023-06-08,Postpaid
3405,Lori Khan,melissaortega@example.org,563.771.4190,2024-04-26,Postpaid
3406,Anne Wolfe MD,bobby49@example.com,(778)828-3641x073,2024-01-17,Postpaid
3407,Joshua Wilson,patriciagilmore@example.com,(213)879-6672x4666,2024-02-15,Prepaid
3408,Robert Vaughn,ronald04@example.com,746.785.8772,2024-10-21,Prepaid
3409,Robert Little,cdominguez@example.org,756.770.4122x289,2023-08-31,Prepaid
3410,Matthew Singh,chamberswilliam@example.net,(858)392-5713x23769,2024-01-18,Prepaid
3411,Leah Odonnell,kathy44@example.net,618.323.7538x895,2025-03-05,Prepaid
3412,Charlene Perry,longjim@example.com,001-533-899-9308x8333,2025-01-12,Prepaid
3413,Rhonda Johnson,moyermelissa@example.org,001-381-688-3812x93173,2024-11-11,Prepaid
3414,Rebecca Wilcox,browningjeffrey@example.org,001-207-538-6614x18081,2023-06-18,Postpaid
3415,Mrs. Ashley Hawkins,christina84@example.net,5645883763,2025-01-04,Postpaid
3416,Patricia Rios,sarah29@example.org,001-863-512-3022,2024-12-26,Postpaid
3417,Scott Valdez MD,derek44@example.org,424-541-1824x2746,2023-11-15,Postpaid
3418,Samuel Watts,robert07@example.org,772-775-1314x4793,2024-08-01,Postpaid
3419,Larry Rowe,marcusbrown@example.net,001-520-357-3705x2750,2023-11-21,Postpaid
3420,Kristina Reed,zwilliams@example.org,+1-388-712-7424x172,2024-08-08,Prepaid
3421,Tyler Gray,brittanycruz@example.org,210.523.1584,2025-02-27,Postpaid
3422,Jamie Montgomery,joshua22@example.org,381.899.4486,2024-11-23,Postpaid
3423,Mr. Justin Mclean MD,longgary@example.com,001-914-290-1742x623,2023-08-09,Postpaid
3424,Elizabeth Skinner,nathanieldavis@example.net,(685)543-0420x729,2023-12-28,Prepaid
3425,Michael Ellis MD,spencer80@example.com,746-370-0053,2023-10-07,Prepaid
3426,Raymond Patel,againes@example.com,331-950-9003x20254,2024-08-19,Prepaid
3427,Michael Spencer,awhite@example.net,(261)351-5646x388,2024-04-29,Prepaid
3428,David Garcia,haley18@example.org,+1-486-985-0281,2023-09-02,Postpaid
3429,Terri Ruiz,zbrandt@example.net,(536)772-6717,2025-04-04,Prepaid
3430,Lori Martin,kimberlywhite@example.com,922-553-1981,2024-07-09,Postpaid
3431,Hannah Fisher,shaun44@example.com,+1-331-261-3293x634,2023-07-13,Prepaid
3432,Patricia Fuller,travis86@example.org,(289)465-6448x845,2024-11-18,Prepaid
3433,Stephanie Fernandez,laurabarber@example.com,3026450790,2024-10-11,Postpaid
3434,Brian Larson,angelawiggins@example.org,346.747.6733,2023-10-26,Postpaid
3435,Matthew Black,kerry24@example.net,(867)984-3450x421,2023-10-30,Prepaid
3436,Angelica Lane,fieldsdeanna@example.com,225-361-8151x265,2024-09-05,Postpaid
3437,Marcus Wade,qsavage@example.org,870.678.0710x8921,2024-09-29,Postpaid
3438,Benjamin Rios,jennalam@example.com,749-415-4701x909,2024-10-06,Postpaid
3439,Ruth Sanchez,karnold@example.com,(579)794-4737x343,2024-04-12,Prepaid
3440,Sarah Mason,hayleymorales@example.net,511-460-5922,2023-05-04,Prepaid
3441,Shane Hill,melissawarren@example.com,722.746.2562x314,2023-11-14,Prepaid
3442,Michelle Lewis,orussell@example.org,604-442-2116,2025-04-10,Postpaid
3443,Kaitlyn Spence,melissa11@example.net,419.568.9657x171,2023-07-05,Postpaid
3444,James Simpson,stevenruiz@example.org,001-983-200-5431,2024-11-08,Prepaid
3445,Katherine Adams,derrick36@example.com,(992)691-8877x27422,2024-08-20,Prepaid
3446,Jose Patterson,fwhite@example.net,414.853.8367,2023-05-18,Prepaid
3447,Diana Perez,steven59@example.org,743.700.9056x3724,2023-06-04,Prepaid
3448,David Harrington,thomasstone@example.com,(693)701-6615x83868,2024-01-14,Prepaid
3449,Nicholas Brown,paulgrace@example.net,001-881-257-6793x50430,2024-05-07,Postpaid
3450,Brandon Garrison,sharonsmith@example.com,411-209-1198x579,2024-05-31,Postpaid
3451,Rachel Kennedy,joseph01@example.com,432-429-7861x116,2023-12-02,Prepaid
3452,Kathy Mckenzie,francisco36@example.org,+1-485-881-7849,2025-02-25,Postpaid
3453,Marvin Hardin,diamondarnold@example.org,(702)336-7566x7444,2024-12-09,Postpaid
3454,Michael Bell,stephaniethomas@example.net,513-554-4152x398,2023-06-01,Postpaid
3455,Mr. Mark Scott MD,garciahannah@example.net,+1-545-609-5814,2023-12-16,Postpaid
3456,Kendra Ramirez,johnsonthomas@example.net,644.949.7444x2582,2024-04-06,Postpaid
3457,Kyle Ochoa,gcline@example.org,609-797-5353,2023-08-11,Postpaid
3458,Elizabeth Mitchell,gsmith@example.com,(609)632-0896,2024-10-06,Postpaid
3459,Patricia Davis,suttonjohn@example.org,001-620-253-7307x645,2024-02-23,Prepaid
3460,Denise Hardy,christinawhite@example.com,420-909-4282x54486,2024-08-12,Prepaid
3461,Kristin Smith,burnsshelby@example.com,638-778-5830,2024-07-08,Postpaid
3462,Kimberly Green,hjones@example.com,001-385-251-1413,2024-09-17,Postpaid
3463,Melissa Price,jill70@example.com,8777830929,2024-01-24,Prepaid
3464,Jerome Todd,patrickchapman@example.com,(235)596-4035x7431,2023-09-12,Prepaid
3465,Janet Dixon,davidevans@example.com,+1-653-701-0775,2024-08-23,Postpaid
3466,Angela Bailey,ewhite@example.com,(498)592-3230,2024-05-28,Prepaid
3467,Zachary Green,bkramer@example.org,(209)992-3039x68866,2025-01-25,Postpaid
3468,Michael Farmer,angeladixon@example.com,5178780892,2024-11-20,Postpaid
3469,Bruce Finley,debra07@example.com,(557)872-8304x5749,2024-10-19,Postpaid
3470,Kathleen Chase,traceystewart@example.net,373-664-5909x857,2024-11-22,Postpaid
3471,Curtis Mclaughlin,garciatonya@example.net,001-321-615-0595,2025-04-10,Prepaid
3472,Michael Erickson,david10@example.org,6007389165,2024-11-05,Prepaid
3473,Rachel Morales,theresanewton@example.com,758.568.8030x04275,2024-04-28,Prepaid
3474,Cassandra Brown,alyssa17@example.net,826.983.9149,2023-09-14,Prepaid
3475,Ralph Allison,javierquinn@example.com,461.282.9326x7096,2023-11-15,Prepaid
3476,Samuel Garcia,camposlori@example.net,+1-387-666-2941x43913,2024-10-23,Postpaid
3477,Warren Walker,melissa28@example.com,6292030550,2023-07-18,Postpaid
3478,Joseph Estes,ryan92@example.com,(934)341-9952x95294,2024-05-04,Prepaid
3479,Dr. Steven Perez,john74@example.com,480.856.9832,2023-05-16,Postpaid
3480,Ronald Soto,sparksleslie@example.com,553.722.6415x43869,2024-02-22,Prepaid
3481,Scott Chambers,ashley82@example.org,(820)248-0140x853,2024-12-07,Postpaid
3482,Jacob Conner,michaelabean@example.net,(214)344-0466,2024-12-31,Prepaid
3483,Samuel Robinson,hluna@example.net,425-958-6198x87500,2023-12-09,Prepaid
3484,Justin Bartlett,owebster@example.org,7998022281,2023-08-18,Prepaid
3485,Todd Choi,johnmassey@example.org,(953)836-3756,2024-11-07,Postpaid
3486,Robert Wallace,crossmariah@example.net,5995964151,2025-02-07,Postpaid
3487,Stephen Olsen,hollandmichael@example.org,500.687.2697x0689,2023-07-22,Postpaid
3488,Elizabeth Morrow,shawncarter@example.org,001-699-770-8835x54819,2024-03-14,Postpaid
3489,Shawn Diaz,pmiles@example.org,771.991.7165x562,2025-02-14,Postpaid
3490,Jacqueline Miranda,cgarcia@example.com,664.508.0278,2025-01-21,Prepaid
3491,Cynthia Spencer,michael07@example.org,7506890808,2023-09-28,Prepaid
3492,Michael Benson,cowanjennifer@example.com,7128555228,2023-05-11,Postpaid
3493,John Hicks,allisonhenderson@example.org,(301)854-2497x65731,2023-05-26,Postpaid
3494,Jennifer Harris,walteralexander@example.net,+1-967-775-8835x7750,2023-08-11,Prepaid
3495,Alan Turner,mooneyrobin@example.net,4705068231,2024-04-03,Prepaid
3496,James Fields,linda49@example.com,001-840-852-4885x9603,2023-10-09,Postpaid
3497,Tracie Williams,frederickdaniel@example.com,(368)805-0176x853,2024-06-25,Prepaid
3498,Kari Anderson,blake18@example.com,527.422.9600x9257,2024-11-28,Postpaid
3499,Jennifer Brooks DDS,keith45@example.net,888-836-4909x1894,2025-01-01,Prepaid
3500,Hannah Mann,richard80@example.net,(726)857-9613,2023-06-07,Postpaid
3501,Alexander Hawkins,tammylogan@example.net,839.591.3213,2025-04-16,Prepaid
3502,Jacob Acosta,brownbenjamin@example.net,(233)854-5753,2023-05-30,Prepaid
3503,Bruce Garcia,hallnathan@example.com,+1-300-365-2676x695,2024-05-25,Prepaid
3504,Christopher Wise,lyonsaaron@example.com,001-936-869-7420x821,2024-02-14,Prepaid
3505,Anne Gonzales,rrodgers@example.com,001-884-415-8046x967,2024-03-07,Postpaid
3506,Matthew Anderson,jrodriguez@example.com,(224)476-9381x88254,2025-02-02,Postpaid
3507,Shane Bennett,parkdonna@example.com,(558)658-2503x958,2023-12-12,Prepaid
3508,Cynthia Lopez,cpatrick@example.com,(328)974-1727,2023-06-22,Prepaid
3509,Jasmine Davis,fmeyers@example.net,454.686.8217x856,2024-09-02,Postpaid
3510,Mark Miller,powellalison@example.net,(331)201-2302,2024-01-16,Prepaid
3511,Jessica Collins,ecastaneda@example.com,301.836.8258x75529,2024-04-19,Prepaid
3512,Jay Kennedy,whiteraymond@example.com,234-666-0413x9495,2024-05-01,Postpaid
3513,Darlene Cole,bakertyrone@example.net,961.360.6193x21540,2023-05-28,Postpaid
3514,David Garza,anthonyfletcher@example.com,(886)218-9665,2024-08-03,Prepaid
3515,Sandra Woodard,beverly25@example.org,(502)876-8303x9692,2024-01-30,Prepaid
3516,Stephanie Michael MD,taylorbrad@example.net,6642966092,2025-04-29,Postpaid
3517,Andrew Mccoy,johnsoncarol@example.org,+1-765-584-3257x477,2023-11-25,Prepaid
3518,Rachael Ramirez,wduffy@example.com,871-486-6274x4906,2024-01-26,Prepaid
3519,Tiffany Mendoza MD,freemangerald@example.net,+1-669-225-3654x3669,2023-07-03,Postpaid
3520,Ashley Gonzalez,brittney76@example.org,001-869-689-8440,2024-03-10,Postpaid
3521,Karen Smith,bonniewilson@example.org,475-309-5108,2023-10-14,Prepaid
3522,Kimberly Hopkins,abigail48@example.com,976.541.4382,2023-06-20,Prepaid
3523,Samantha Smith,ismith@example.org,356-402-5021x2371,2025-04-15,Postpaid
3524,Diane Parker,nicole42@example.net,9619827897,2023-11-09,Postpaid
3525,Rebecca Montoya,ramirezsteven@example.com,287-244-2144,2023-12-23,Postpaid
3526,Ashley Wilson,eric05@example.com,271-449-4661,2023-11-30,Postpaid
3527,Zoe Dixon,laura94@example.com,352-409-5888x942,2025-03-28,Prepaid
3528,Zachary Baker,drakechristina@example.com,826-306-6484x83892,2025-04-30,Prepaid
3529,Brandy Cross,jose13@example.org,(205)891-2513x47213,2024-03-08,Postpaid
3530,Elizabeth King,nsantiago@example.net,(488)700-9769x3683,2024-03-19,Prepaid
3531,Erik Dalton,hgarcia@example.com,447-599-5464x4678,2023-12-28,Prepaid
3532,Alejandro Hunt,douglasgriffin@example.com,438.744.0622x513,2025-01-06,Prepaid
3533,Scott Webb,aodom@example.com,369.592.1536x05111,2024-12-11,Prepaid
3534,Mrs. Elizabeth Elliott DDS,jconrad@example.net,001-808-202-9167x78793,2023-05-01,Postpaid
3535,David Rivera,julia54@example.com,001-808-478-2928x912,2024-01-20,Prepaid
3536,Andrew Meyer,simpsonalan@example.net,+1-301-312-0948x358,2023-10-03,Postpaid
3537,Morgan Haynes,robbinsfrank@example.org,(655)241-0511,2025-04-30,Postpaid
3538,Timothy Anderson,jessica51@example.com,278-671-6466,2025-02-04,Prepaid
3539,Chelsey Evans,michaelingram@example.net,580.475.2372x5996,2024-09-05,Prepaid
3540,Gregory Tran,gardnerjennifer@example.org,001-636-683-0252,2024-02-11,Prepaid
3541,Daniel Barrera Jr.,stantonkristy@example.com,(313)621-2278,2024-06-16,Prepaid
3542,Christina Parker,tjackson@example.com,361-236-9989x8064,2024-05-09,Prepaid
3543,Stephanie Robinson,corey28@example.com,001-748-623-4260x40891,2025-04-25,Prepaid
3544,David Dennis,gonzalezkimberly@example.org,499.829.7744x44798,2023-08-27,Prepaid
3545,Laura Young,keithporter@example.net,970.523.7942x569,2023-09-30,Prepaid
3546,Cynthia Martin,murphycarol@example.com,2922204926,2025-02-21,Postpaid
3547,John Cole,amy29@example.com,(747)920-7738x80259,2025-02-15,Postpaid
3548,Makayla Hicks,zachary98@example.net,587.905.4071x48007,2025-02-10,Prepaid
3549,Adam Cardenas,pachecoaimee@example.org,816.750.8197x19935,2023-07-05,Postpaid
3550,Lawrence Wilson,lisa82@example.net,(242)730-8357x360,2024-07-25,Prepaid
3551,Evan Jones,jennifer21@example.net,920.357.2941,2023-05-21,Postpaid
3552,Donna Green,melissa40@example.net,329.891.7236x876,2023-10-12,Prepaid
3553,Andrea Jones,gloria77@example.com,9819635736,2023-12-07,Prepaid
3554,Tyler Taylor,rogerphelps@example.com,638-736-8412x51270,2024-11-16,Postpaid
3555,Kathryn Lozano,hector06@example.net,+1-217-852-4146x9636,2025-04-13,Postpaid
3556,Elaine Lewis,bgilmore@example.net,+1-987-284-9568x286,2023-11-27,Prepaid
3557,Lisa Conley,rwhite@example.com,931.517.1228,2024-06-04,Postpaid
3558,George Davis,usalas@example.com,847.468.1002,2023-10-02,Prepaid
3559,Todd Maynard,deborah54@example.net,6465227526,2023-09-11,Prepaid
3560,Ryan Frazier,dtapia@example.org,001-525-783-3676x66192,2025-02-02,Prepaid
3561,Jessica Miller,rodriguezjill@example.com,(506)983-1226x462,2025-03-18,Prepaid
3562,Ryan Haley,margaretchan@example.org,8335004304,2023-10-20,Postpaid
3563,Roberta Friedman,karen27@example.net,001-430-377-1963x149,2024-08-21,Prepaid
3564,Brittany Steele,jasmine08@example.com,(314)940-5637,2025-02-19,Postpaid
3565,Bryan Wolfe,connor73@example.org,782.741.1405,2024-12-28,Postpaid
3566,Debra Logan,blankenshiptina@example.com,4262248145,2025-04-05,Postpaid
3567,Lynn Phelps,cathyjimenez@example.net,869.265.4710,2024-07-23,Prepaid
3568,Alicia Cunningham,njensen@example.net,001-859-303-6817,2023-12-23,Prepaid
3569,Kristina Montes,christopher76@example.net,8396574049,2024-02-11,Postpaid
3570,Karen Boone,redwards@example.net,447.626.4586,2024-08-08,Postpaid
3571,Deborah Perez,kyleortiz@example.net,(379)821-1798,2025-03-23,Prepaid
3572,Matthew Saunders,karen02@example.com,803.356.8033x29244,2024-09-27,Prepaid
3573,Elizabeth Henry,brendaross@example.com,+1-546-306-0003,2023-12-22,Postpaid
3574,Lisa Morris,rojaseric@example.com,403.999.5941,2024-05-18,Postpaid
3575,Deborah Guzman,ywilson@example.net,8338707460,2023-08-22,Prepaid
3576,James Harris,angela01@example.org,(819)928-2096x5526,2023-12-08,Postpaid
3577,Ryan Morgan,chernandez@example.com,(277)211-2546x6865,2023-11-15,Postpaid
3578,Maxwell Pierce,jeanettesimmons@example.com,744.654.3443x931,2024-12-12,Postpaid
3579,Patricia Ward,garychoi@example.com,+1-579-951-6852x312,2023-05-10,Prepaid
3580,Michelle Chung,jonestravis@example.org,(780)328-1397,2023-06-03,Prepaid
3581,Brenda Johnson,simsrobert@example.com,+1-783-433-3608x4465,2024-08-02,Prepaid
3582,Jerry Lopez,melissayoung@example.net,001-876-630-6107x74968,2025-02-06,Prepaid
3583,Dawn Harvey,rebecca85@example.net,001-514-509-9914x240,2023-12-14,Prepaid
3584,Emily Yoder,douglasjennings@example.com,511-305-7902,2024-12-14,Prepaid
3585,Michelle Goodman,jacob78@example.org,001-569-685-6108x6810,2024-07-08,Postpaid
3586,David Morris,khenry@example.net,(908)485-2077,2025-01-24,Postpaid
3587,Christopher Richardson,thompsonmadison@example.org,628-265-4899x5427,2025-02-15,Postpaid
3588,Jacob Bailey III,dianaparker@example.org,454-573-8438x61817,2024-04-18,Prepaid
3589,Tamara Delacruz,williamsonpatricia@example.net,+1-907-434-4202x156,2024-03-03,Postpaid
3590,Taylor Johnston,rebeccasmith@example.org,378.468.1557x178,2024-11-02,Postpaid
3591,Edward Lee,obrienjeffrey@example.net,259.737.6322,2023-07-11,Postpaid
3592,Roger Tucker,robertmontgomery@example.net,327-814-9442x88331,2025-02-20,Postpaid
3593,John Bishop,iward@example.com,(864)732-4442,2024-11-17,Prepaid
3594,Alexandra Pham,jflores@example.net,+1-896-669-6432x740,2024-06-14,Prepaid
3595,Timothy Luna,dillon44@example.com,(493)320-3627,2023-08-22,Postpaid
3596,Melissa Diaz,ramseytammie@example.org,596-725-2831,2023-09-30,Prepaid
3597,Sara Copeland,lopezthomas@example.com,746.503.4256,2024-12-01,Postpaid
3598,Michael Wall,kevinwilson@example.org,507.562.2041,2025-01-03,Prepaid
3599,Jared Waters,kduran@example.org,001-634-694-5605,2024-05-21,Postpaid
3600,Stephen Webster,ianphillips@example.net,+1-753-676-9725x8036,2024-02-10,Prepaid
3601,Eric Mills,kweber@example.com,(994)935-4340,2023-07-06,Prepaid
3602,Jillian Lee,andersonangela@example.net,+1-820-484-3224x075,2023-06-05,Prepaid
3603,David Chambers,rubenhenson@example.com,258.460.5534x922,2023-12-08,Prepaid
3604,Tammie Chapman,sherryharrell@example.com,(950)504-1769,2023-10-03,Prepaid
3605,Donna Sharp,crystalvilla@example.net,939.818.5952,2023-12-19,Postpaid
3606,Devon Weber,ohenderson@example.com,001-802-307-9632,2024-07-09,Postpaid
3607,Mark Gomez,browntina@example.net,(868)806-8468x5005,2024-03-08,Prepaid
3608,Stacy Washington,tfitzpatrick@example.org,651-878-9714x7718,2024-09-06,Postpaid
3609,Alexander Smith,ztaylor@example.org,(785)750-1150,2023-09-22,Postpaid
3610,Barbara Neal,margarettorres@example.net,465.960.0168,2024-03-31,Prepaid
3611,Christopher Turner,michaelbarnes@example.net,479.727.5292x315,2024-03-07,Postpaid
3612,Lori Jones,agarrett@example.org,701-667-7383x644,2023-10-03,Postpaid
3613,Amanda Baker,dlee@example.com,7053414615,2023-06-02,Prepaid
3614,Jeremy Russo,megan61@example.com,612-303-3780x7169,2024-12-28,Prepaid
3615,Paul West,blairangela@example.com,219-359-1628x3809,2024-12-21,Postpaid
3616,April Wilcox,henryjoseph@example.net,(695)731-3792x96640,2023-11-23,Prepaid
3617,David Page,bennettmark@example.net,992.942.6046,2023-11-08,Prepaid
3618,John Donovan,hrios@example.com,(961)535-3223,2024-05-10,Prepaid
3619,Timothy Lang,salazarscott@example.net,+1-494-950-5800x443,2024-01-31,Postpaid
3620,Joyce Browning,aguirremichael@example.net,(312)994-2705x1542,2024-12-01,Postpaid
3621,Lisa Leach,christinefreeman@example.net,230.802.9225x583,2023-11-29,Postpaid
3622,Craig Cochran,michael87@example.net,453-599-5845,2024-04-30,Postpaid
3623,Bethany Morales,joshua11@example.com,(635)784-9948x04873,2023-07-03,Postpaid
3624,Craig Gray,palmerkelly@example.org,001-487-341-5286x523,2024-01-11,Prepaid
3625,Kevin Butler,lauren45@example.com,418.938.2164x73989,2024-03-20,Prepaid
3626,James Schaefer,khoward@example.org,614-496-4930x74858,2024-03-17,Postpaid
3627,Miranda Jensen,ronaldhuynh@example.net,640.753.7183,2023-06-06,Postpaid
3628,Dustin Pierce,rebecca26@example.com,730.902.8351x191,2024-10-28,Prepaid
3629,Mark Lambert,matthew71@example.org,+1-837-960-9483x30278,2024-09-25,Prepaid
3630,Shelly Sanchez,ericawallace@example.com,3689690785,2024-06-05,Prepaid
3631,Frank Reyes,aliciapeters@example.net,612-867-3968x93342,2024-11-20,Prepaid
3632,Kaitlyn Erickson,terrancehuang@example.net,300-240-3456,2023-10-23,Postpaid
3633,John Boone,irodriguez@example.net,001-441-954-3636x769,2024-01-23,Postpaid
3634,Nicole Robinson,rojaschristina@example.net,+1-745-730-4767x949,2024-06-23,Postpaid
3635,Michael Ramsey,tannergreene@example.org,(605)266-7612,2024-02-22,Prepaid
3636,Jared Anderson,srobinson@example.net,(930)494-8352x8176,2023-11-02,Prepaid
3637,Gerald Lopez,kaylamedina@example.com,001-921-636-0199,2023-05-20,Prepaid
3638,Jamie Mccall,hardingjulie@example.net,+1-750-231-7671x307,2023-09-05,Prepaid
3639,Amanda Avila,gjensen@example.org,4704197374,2023-06-09,Prepaid
3640,Mark Thompson,suzannehernandez@example.net,(736)897-4561x796,2025-03-27,Prepaid
3641,Sandra Wiggins,tgray@example.com,(359)480-9760,2023-06-28,Prepaid
3642,Suzanne Davis,dsalazar@example.org,519-790-1481,2023-10-29,Prepaid
3643,Kellie Harris,qpreston@example.com,575-817-6869,2024-04-15,Postpaid
3644,Hannah Petersen,anna47@example.com,383-235-5389x308,2023-10-31,Prepaid
3645,Alexander Arnold,ucarpenter@example.com,566.343.4042x864,2024-05-22,Prepaid
3646,Michael Wood,megan56@example.com,769.479.5927x07449,2025-01-05,Postpaid
3647,Nicole Pacheco,kstark@example.org,+1-628-699-6222,2023-10-01,Prepaid
3648,Mr. Tony Michael,justincruz@example.org,976.670.2797x920,2025-04-05,Postpaid
3649,Mary Martinez,fburns@example.com,977.326.0262,2024-11-11,Prepaid
3650,Daniel Wise,millerdenise@example.org,(347)398-2807,2024-11-26,Postpaid
3651,Nicole Vang,kristinagarrison@example.com,238-737-4019x308,2025-03-06,Postpaid
3652,William Luna,williamsnathan@example.net,(562)902-9372x5246,2023-05-28,Postpaid
3653,Erika Williams,robertschmidt@example.com,001-985-955-6860,2023-09-27,Postpaid
3654,Shawn Stone,melissajimenez@example.net,5447475179,2023-07-27,Postpaid
3655,Michelle Wilcox,gcoleman@example.net,766-292-0370,2023-11-25,Prepaid
3656,Anthony Meadows,andrewgilmore@example.net,+1-858-894-6750x82090,2023-05-09,Postpaid
3657,Olivia Jones,smithchristopher@example.org,(218)993-0623,2024-03-13,Prepaid
3658,Elizabeth Roth,djones@example.com,986.912.2573x56492,2024-05-03,Prepaid
3659,Justin Mcgrath,jennifermcdonald@example.net,+1-653-579-6653x7090,2023-07-30,Postpaid
3660,Ryan Strickland,joshuacooper@example.com,3417364545,2024-03-15,Postpaid
3661,Victor Olson,morakrista@example.com,+1-350-636-7996,2025-04-17,Prepaid
3662,Christine Barnes,arthurterry@example.org,001-752-930-6721,2024-12-11,Prepaid
3663,David Herrera,carlos52@example.com,001-518-306-7696x020,2023-10-12,Postpaid
3664,Joseph Brewer,flemingrebecca@example.com,237.992.5651x978,2025-02-15,Postpaid
3665,Kaitlyn Turner,davissteve@example.org,+1-509-711-5914,2023-08-14,Postpaid
3666,Kristen Jones,toddsamuel@example.org,+1-703-648-9613x2042,2024-09-25,Postpaid
3667,Darius Thomas,zachary60@example.com,656-812-7552x440,2025-01-23,Prepaid
3668,Emily Guzman,wilsonrobyn@example.net,(845)928-8268x7854,2025-04-16,Prepaid
3669,Elizabeth Elliott,ryan16@example.net,352-504-0496x839,2024-04-19,Prepaid
3670,Joel Moore,kelleynicole@example.org,(608)500-7431x7035,2024-02-10,Postpaid
3671,Shawn Duran,theresa15@example.net,001-576-857-8824x345,2024-07-25,Postpaid
3672,Alyssa Gonzales,amanda99@example.com,776.865.4933,2024-12-21,Prepaid
3673,Tara Gordon,bellterri@example.com,(427)547-0873x036,2024-03-10,Prepaid
3674,Danielle Buckley,joelfaulkner@example.net,+1-366-339-4188x5785,2023-10-13,Prepaid
3675,Eric Richards,keith71@example.net,001-934-504-1403x0694,2024-09-22,Postpaid
3676,Lonnie Phillips,gonzalezlindsay@example.com,948-995-1489,2023-12-21,Postpaid
3677,Troy Gross,asilva@example.com,230.416.6048x089,2025-01-17,Postpaid
3678,William Baldwin MD,kingisabel@example.net,+1-470-965-6630x1805,2024-09-28,Prepaid
3679,Derek Atkinson,kristina32@example.org,+1-202-946-8925,2023-07-14,Postpaid
3680,David Mcfarland,saracobb@example.com,(596)678-7807x71948,2023-10-04,Prepaid
3681,Sarah Martin,warnercarmen@example.com,9448087233,2024-12-25,Postpaid
3682,Tina Sanchez,sandramartin@example.net,501.239.1670x79980,2025-02-19,Prepaid
3683,Jonathan Harris,stuart67@example.net,708-963-5447,2024-02-05,Postpaid
3684,William Lloyd,lindseymurphy@example.org,284-697-6992x120,2024-09-14,Postpaid
3685,Sharon Bautista,yparker@example.net,+1-341-764-7977x758,2024-05-04,Prepaid
3686,Melissa King,donna94@example.net,+1-351-667-6264,2024-09-09,Postpaid
3687,Doris Morales,kjohnson@example.org,(698)722-0330x4590,2023-07-05,Prepaid
3688,Sarah Mcgee,holmesscott@example.com,412-957-2131x7489,2025-03-13,Postpaid
3689,Angela Larsen,hjones@example.com,(601)433-8618x62269,2024-11-08,Postpaid
3690,Michael Ross,tracey65@example.org,523.916.7914x487,2024-11-21,Prepaid
3691,Joseph Padilla,elizabeth10@example.net,(620)498-1109,2025-01-06,Postpaid
3692,Candace Berry,pattonmichael@example.org,793-483-5056,2024-06-23,Postpaid
3693,Renee Brown,qcardenas@example.com,8334937705,2025-01-25,Postpaid
3694,Kristina Willis,nmorris@example.net,+1-955-859-8471x06832,2024-04-01,Prepaid
3695,Anthony Thomas,francothomas@example.net,591.759.3749,2023-06-13,Prepaid
3696,Ashley Keller,watsonsamantha@example.net,001-248-374-8487x2298,2024-08-30,Prepaid
3697,Michele Roth,karen96@example.net,231.338.4626,2024-04-10,Prepaid
3698,Brian Fitzpatrick,amitchell@example.net,(908)411-3232,2025-01-23,Prepaid
3699,Jeremy Hernandez,sandra68@example.net,(821)319-7875,2024-07-29,Postpaid
3700,Sarah Hawkins,joshuasmith@example.org,6248772127,2024-07-13,Postpaid
3701,Rebecca Smith,davissarah@example.org,4707736249,2023-09-27,Prepaid
3702,Rachel Shaw MD,austinharrington@example.com,525-318-8162,2023-12-03,Prepaid
3703,Robert Blake,mariapeters@example.com,+1-791-357-6014,2024-03-14,Postpaid
3704,Allison Sandoval,hmclaughlin@example.com,001-650-895-1583x47203,2024-04-15,Postpaid
3705,Heather Rush,jessica22@example.com,(928)585-6786,2024-08-07,Prepaid
3706,Ruth Lin,wlee@example.org,830.480.2460,2024-05-25,Postpaid
3707,Aaron Warren,elizabeth06@example.net,(928)215-2650,2025-04-26,Postpaid
3708,Elizabeth Fernandez,oscardavis@example.org,+1-895-795-6455x73885,2024-05-25,Prepaid
3709,Evelyn Rios,vlove@example.org,862-681-1754x1749,2025-01-05,Prepaid
3710,Lauren Reed,garciachristine@example.org,001-898-493-9950x00792,2023-11-29,Postpaid
3711,Hannah Jones,kathrynrich@example.org,001-899-786-1711x23844,2025-03-31,Postpaid
3712,Todd Cochran,mccarthymercedes@example.net,281-347-5174x019,2024-04-02,Prepaid
3713,Christian Martinez,penaleah@example.com,(912)962-0965x4167,2025-04-29,Postpaid
3714,Samuel Nguyen,xperez@example.net,523-909-0099x515,2024-06-05,Postpaid
3715,Felicia Reese,lewisvanessa@example.com,524-899-7379x109,2025-01-12,Postpaid
3716,Veronica Taylor,mjohnson@example.com,001-409-560-3257x2808,2024-10-08,Postpaid
3717,Daniel Kidd,carrie18@example.net,620.966.3738x312,2024-07-16,Prepaid
3718,Darren Thornton,ortizcindy@example.net,357-914-4746x387,2023-08-05,Postpaid
3719,Joseph Sloan,misty59@example.org,911.765.1775,2023-09-02,Postpaid
3720,John Ryan,walkerjason@example.net,+1-343-304-1488x04908,2024-01-28,Prepaid
3721,Dean Becker,samantha65@example.net,(425)808-6425,2024-12-18,Prepaid
3722,Kelli Waters,bmartin@example.net,817.305.8572,2024-10-11,Prepaid
3723,Ronald Gray,bonniemoody@example.org,592.974.1908x606,2024-03-22,Prepaid
3724,Eddie Rodriguez,christopher09@example.net,(525)348-7614x45396,2025-01-17,Prepaid
3725,Amber Garrett,joshuafry@example.com,288-890-9610,2024-02-20,Postpaid
3726,Alexander Hampton,wanda59@example.org,+1-898-460-4162x750,2024-03-31,Postpaid
3727,Melissa Shaw,cruiz@example.net,(270)301-7922,2023-06-15,Prepaid
3728,Timothy Morris,tcrawford@example.net,748-579-2893x64367,2025-02-16,Postpaid
3729,Jason Thompson,johnsonbrendan@example.org,(755)305-4975,2023-07-25,Postpaid
3730,Donna Phelps,wellsdorothy@example.net,(363)940-2298x5519,2023-09-02,Prepaid
3731,Daniel Stanley,wendyrandall@example.net,+1-663-315-8132x4495,2023-11-13,Prepaid
3732,Ronald Robinson,kellycrystal@example.net,(699)774-7447,2024-08-07,Postpaid
3733,Julie Ford,cory41@example.net,+1-750-617-9358,2024-04-21,Postpaid
3734,Christine Duffy MD,coreybailey@example.org,001-762-626-1705x10672,2024-03-23,Prepaid
3735,Dustin Lewis,mrodriguez@example.com,632.204.3514x158,2024-09-05,Postpaid
3736,Brian Roth,qpeterson@example.net,(628)775-3677x1065,2024-02-19,Postpaid
3737,Chris Torres,taylor81@example.net,(973)378-8931x367,2025-02-01,Postpaid
3738,Chelsea Kennedy,mhernandez@example.org,(249)290-3820x476,2024-04-10,Postpaid
3739,Rebecca Jones,cassandra93@example.com,+1-983-369-6047,2023-10-06,Prepaid
3740,Tina Brennan DVM,patrickperez@example.net,001-540-417-6759,2025-01-21,Prepaid
3741,Jason Cummings,sonya92@example.net,(946)805-7757x4503,2025-01-20,Postpaid
3742,Melissa Deleon,sara43@example.net,721-587-5872x571,2025-04-26,Postpaid
3743,Tasha Barnett,diazdavid@example.net,+1-292-429-9636x06309,2023-12-06,Postpaid
3744,Kevin Washington,thomasmitchell@example.org,(867)799-8164,2024-06-01,Postpaid
3745,Joseph Hicks,greeneamanda@example.net,(408)266-8662,2023-09-08,Prepaid
3746,Mark Garrett,snowcassandra@example.com,591.522.0558x588,2024-10-14,Prepaid
3747,Annette Allen,kempneil@example.net,(507)540-7725x6896,2023-08-31,Prepaid
3748,James Obrien,schmidtadam@example.net,598-628-2833,2023-07-24,Postpaid
3749,Allen Young,lejames@example.org,001-991-831-8287,2024-01-03,Postpaid
3750,Dale Ashley,dunnnatalie@example.net,(829)730-4021x392,2024-10-29,Postpaid
3751,Micheal Park,lauren19@example.com,543.280.7438x280,2023-08-11,Prepaid
3752,Victor Dixon,cynthiawatson@example.org,001-955-834-3384x29400,2024-09-24,Prepaid
3753,Jocelyn Roberts,xnguyen@example.net,001-844-223-0839x74807,2024-07-29,Postpaid
3754,Eric Cline,wbanks@example.net,866-741-9415x0394,2024-01-05,Postpaid
3755,Kathryn Simpson,doris93@example.com,(579)266-3086x997,2023-06-01,Postpaid
3756,Michael Snyder,wjoseph@example.com,001-585-477-5727x0022,2024-05-09,Postpaid
3757,Susan Mueller,etaylor@example.org,519.334.6127,2024-10-27,Prepaid
3758,Michael Smith,john03@example.com,+1-317-385-1866x0208,2024-01-01,Prepaid
3759,Matthew Castro,sean08@example.org,389-470-3298,2024-07-08,Prepaid
3760,Sue Roberts,pollardwayne@example.org,704.284.1667x63000,2023-12-15,Postpaid
3761,Dan Turner,johnsonfrank@example.net,697-933-6325x49841,2025-04-20,Postpaid
3762,Natalie Jenkins,nwade@example.net,(321)898-8910x99947,2023-12-31,Postpaid
3763,Melanie Mckee,dburgess@example.net,747.541.3123x77280,2023-12-15,Postpaid
3764,Bob Small,danielle97@example.com,+1-705-558-9502x1657,2024-01-08,Prepaid
3765,Paige Hoover MD,gmcmahon@example.net,001-666-875-9171x87201,2023-10-22,Prepaid
3766,Steven Rios,drew91@example.org,+1-526-905-9608x6240,2024-12-30,Prepaid
3767,Amy Thompson,gblack@example.org,001-256-293-6111,2023-05-13,Prepaid
3768,Mark Dunn,millermelissa@example.org,(326)919-1167x7964,2025-02-03,Postpaid
3769,Emily King,philipparsons@example.net,258-678-4634,2024-04-09,Postpaid
3770,Kyle Hicks,paulbooth@example.com,702.245.6715x44107,2025-03-27,Postpaid
3771,Paul Davis,smithivan@example.org,495-940-4107x01438,2024-07-08,Postpaid
3772,Tiffany Johnson,shelia84@example.org,6246258630,2025-03-17,Prepaid
3773,Erik Tanner,pageedwin@example.net,392.676.8199x6805,2024-03-03,Postpaid
3774,Adrian Richards,rogersbrian@example.org,(278)898-1636x850,2024-10-20,Postpaid
3775,Julia Brown,rodrigueztyler@example.com,(989)237-3449x1058,2024-03-03,Postpaid
3776,Tammie Morton,ehiggins@example.org,246-798-2711x058,2024-09-07,Prepaid
3777,Andrew Glenn,nthomas@example.net,697-875-6719x64115,2025-02-10,Prepaid
3778,Joyce Hill,alyssasaunders@example.com,001-581-415-7565,2024-07-29,Postpaid
3779,Sean Maldonado,wjacobson@example.org,(466)292-5771x487,2023-10-12,Postpaid
3780,Timothy Harris,cathymeyers@example.org,001-980-432-7744x80853,2023-06-18,Postpaid
3781,Amber Jackson,sean89@example.com,6792169064,2025-02-21,Postpaid
3782,Bryan Berry,mitchelljulian@example.org,719.908.0672,2023-12-30,Prepaid
3783,Lori Pope,susanmontoya@example.org,661.452.9206x75721,2023-11-11,Prepaid
3784,Michael Walker,vandrade@example.com,001-311-733-5017x74157,2024-03-18,Prepaid
3785,Peter Young,kimjordan@example.net,999.416.8467x442,2024-02-27,Prepaid
3786,Jeremiah Mejia,loveapril@example.com,8313764030,2024-11-20,Postpaid
3787,Lindsay Berger,jenniferstrong@example.net,(497)388-7312x84469,2024-09-17,Postpaid
3788,Mia Kent,hollyclark@example.net,384-798-6450x34122,2023-11-23,Postpaid
3789,Jordan Schwartz,procha@example.com,232-449-2437x4674,2024-11-05,Prepaid
3790,Amanda White,sierrahickman@example.com,+1-468-997-7371,2025-04-24,Prepaid
3791,Anthony Campbell,coxsheila@example.org,935.822.0774x496,2023-11-25,Prepaid
3792,Kyle Wilson,kathleendavis@example.com,(317)278-5375,2024-06-29,Prepaid
3793,Benjamin Barry,jennifermartin@example.net,235-523-7207x84960,2024-04-25,Postpaid
3794,George Cox,maryjackson@example.net,705-647-2525,2024-08-03,Postpaid
3795,Katrina Webb,vking@example.com,649-979-8824x96033,2024-12-01,Prepaid
3796,Jennifer Griffin,qmiller@example.org,3444985369,2025-01-26,Prepaid
3797,Robert Cole,iconner@example.net,577-985-6763,2024-08-30,Postpaid
3798,Kathryn Benson,joe97@example.org,001-306-823-5513x83750,2025-03-01,Prepaid
3799,Joy Snyder,katie42@example.net,(364)304-6758,2025-04-17,Postpaid
3800,Lisa Schultz,sweeneyrobin@example.org,(332)671-7001,2023-06-19,Prepaid
3801,Eric Haley,dawn30@example.com,285.497.0871x5697,2025-02-12,Prepaid
3802,Daniel Gray,samuelbrown@example.com,766-575-3411x289,2024-07-01,Postpaid
3803,Lisa Williams,acunningham@example.com,715-764-6466x947,2025-02-02,Prepaid
3804,Daniel Dillon,garciadavid@example.net,+1-594-892-1463x676,2024-03-10,Prepaid
3805,Timothy Mercer,pattersontara@example.org,951.647.0055x38226,2024-06-04,Prepaid
3806,Nancy Mcmillan,carrie76@example.net,403.777.5346x4818,2025-04-18,Prepaid
3807,Michelle Roberts,alananderson@example.org,582.882.2465,2023-08-13,Postpaid
3808,Ricky Clark,coryayers@example.net,(988)633-4768x070,2024-10-30,Postpaid
3809,Dr. Larry Estrada,christopher43@example.com,698-326-3949x6845,2023-07-23,Prepaid
3810,Diana Hayes,foleyscott@example.net,319-701-6010x496,2024-10-29,Prepaid
3811,Stephanie Cardenas,claire57@example.com,903-565-5931x998,2024-11-28,Postpaid
3812,Cole Jefferson,mariaferrell@example.org,3625192580,2024-10-01,Postpaid
3813,Joseph Martin II,jeffreyrobbins@example.org,458.783.4097x8964,2024-05-10,Prepaid
3814,Scott Roberts,petersonelizabeth@example.com,893-868-7007x1111,2024-11-12,Postpaid
3815,Terry Clark,wadkins@example.net,+1-411-426-6129x72634,2024-11-28,Postpaid
3816,Erica Thornton,stephaniebarry@example.com,234-748-2885,2024-04-05,Prepaid
3817,Renee Davenport,michaelgardner@example.org,001-986-964-2552x45542,2024-05-09,Postpaid
3818,John Knapp,cindy57@example.net,996.960.6221x2117,2024-10-31,Postpaid
3819,Beverly Lee,tyler84@example.com,530-873-5901x0096,2024-10-14,Prepaid
3820,Brittany Smith,johnsonpamela@example.org,(327)571-5931,2023-11-19,Prepaid
3821,Karen Lopez,ajones@example.com,266-653-1489x65959,2023-08-03,Prepaid
3822,Sabrina Castillo,huntbeth@example.org,(243)842-8654,2023-12-18,Prepaid
3823,Ashley Gray,david54@example.com,657-914-8521x6863,2025-04-20,Prepaid
3824,Ashley Clark,kylepotter@example.com,(517)670-8159x88347,2024-08-24,Prepaid
3825,Mark Stevenson MD,todd49@example.com,001-701-671-9958x1394,2024-06-03,Prepaid
3826,Sarah Roman,courtneywhite@example.org,3579569143,2024-05-21,Prepaid
3827,Sharon Woods,perezsharon@example.net,916-735-3110x4774,2023-10-16,Postpaid
3828,Heather Wilkinson,jessica79@example.org,932.267.2982x558,2025-04-26,Postpaid
3829,Sean Holder,judith39@example.net,+1-586-607-3205x429,2025-03-02,Prepaid
3830,Michael Davis MD,mark98@example.net,399-286-0886,2024-03-17,Prepaid
3831,Tina Williamson,kaylaburke@example.org,547.292.6653,2024-07-01,Prepaid
3832,Jimmy Sosa,kimberly53@example.com,549-615-7432x11283,2024-02-24,Prepaid
3833,Donna Baird,mayalexander@example.com,001-965-677-1829x919,2023-08-15,Prepaid
3834,Dakota Norton,matthew00@example.com,001-945-696-1125x018,2023-06-23,Prepaid
3835,Richard Dickerson,millerdavid@example.com,(436)431-6223,2024-01-12,Prepaid
3836,Melissa Miller,arthurlee@example.com,555.949.0788x2304,2025-02-26,Postpaid
3837,Laura Le,carol64@example.com,539-654-2345x66770,2024-12-16,Prepaid
3838,Jenny Wall,gavincraig@example.org,(796)982-8375x6491,2024-09-20,Prepaid
3839,Mrs. Andrea Gomez MD,jasonbauer@example.com,001-238-223-6369,2024-10-25,Prepaid
3840,David Cochran,matthewgonzalez@example.org,697-709-2421,2024-03-19,Postpaid
3841,Shane Patterson,andrea78@example.org,(259)689-9414,2025-02-14,Prepaid
3842,Jennifer Murphy,evan94@example.com,+1-756-433-7798,2024-11-03,Prepaid
3843,Steven Johnson,parkercarrie@example.org,726-255-5882x584,2023-07-14,Postpaid
3844,Samuel Grant,james31@example.org,+1-909-290-0142,2023-07-11,Postpaid
3845,Jacob Singh,esmith@example.org,+1-455-789-5066x171,2023-10-28,Prepaid
3846,Jennifer Palmer,felicia73@example.org,001-936-918-4989x4825,2024-06-26,Prepaid
3847,Mrs. Tammy Ewing,bmata@example.com,(244)846-2818x626,2023-07-18,Postpaid
3848,Charles Davila,cfrey@example.net,(388)370-7929x2270,2024-08-23,Prepaid
3849,James Anderson,michaelanelson@example.net,430.284.8502,2024-09-05,Prepaid
3850,Robert Wright,wanderson@example.net,906.679.7158x47838,2024-07-31,Prepaid
3851,Richard Robinson,christinataylor@example.org,945.911.9731,2023-12-10,Postpaid
3852,Robert Leon,gloria35@example.com,4566799280,2024-06-05,Prepaid
3853,Samantha Gates,ramosmichael@example.org,(609)510-7456x447,2023-11-22,Postpaid
3854,Charles Freeman,jacobsphilip@example.org,001-950-489-0205x54129,2024-01-01,Postpaid
3855,Rebecca Cook,kennethgreen@example.net,(217)724-5163x6941,2023-10-27,Postpaid
3856,Joseph Powell,richaaron@example.net,871.929.8117x885,2024-01-09,Prepaid
3857,Jerry Perez,katherinewilliams@example.org,001-667-696-8919x022,2023-05-07,Prepaid
3858,Amanda Lawson,ronniemoore@example.net,902-260-3617,2023-05-10,Prepaid
3859,Cynthia Hernandez,christianwilson@example.net,+1-911-354-5919x4453,2024-10-15,Prepaid
3860,David Ibarra,arthurmoore@example.net,566-574-1056,2023-11-30,Postpaid
3861,Matthew Bell,hinesdevin@example.net,001-296-987-5986x16367,2025-01-05,Prepaid
3862,Joshua Weaver,johngibson@example.org,567.869.8671,2023-12-14,Postpaid
3863,Jordan Johnson,jason33@example.com,933.794.2452x98102,2023-10-27,Prepaid
3864,Mary Dennis,clogan@example.org,(707)890-4295x030,2025-03-26,Prepaid
3865,Danny Moran,andreaalexander@example.org,208-481-1192x9816,2024-05-19,Postpaid
3866,Nicholas Taylor,andrewhart@example.com,+1-688-902-8786x493,2024-03-26,Prepaid
3867,Erica Benson,shepherdnathan@example.com,442-546-7013x755,2023-08-27,Prepaid
3868,Raymond Vasquez,travishall@example.org,001-668-786-8100x23072,2023-05-01,Prepaid
3869,Katelyn Young,zcastillo@example.net,+1-347-556-9806x9729,2023-09-26,Postpaid
3870,Andrew Miller,whitneyrice@example.com,406-506-6477,2024-12-19,Postpaid
3871,Paul Hunter,benjamintaylor@example.com,2389310301,2023-07-12,Prepaid
3872,James Salazar,preynolds@example.org,001-586-612-1956,2024-08-27,Prepaid
3873,Tracy Ramirez,marcus50@example.org,416.482.9659,2024-12-08,Prepaid
3874,Kenneth Lynch,christopher50@example.net,+1-712-369-5235x8529,2024-09-03,Postpaid
3875,Karen Allen,vcampbell@example.com,930.559.4103,2024-10-03,Postpaid
3876,Steven Lang,danielleburns@example.org,+1-405-314-3594x596,2024-11-10,Prepaid
3877,Deborah Miller,mariahhill@example.org,7735323437,2024-04-02,Prepaid
3878,Jeffrey Castillo,marcmoore@example.net,(423)624-7722x544,2024-05-18,Postpaid
3879,Sean Adams,petersmith@example.org,+1-694-614-0889x24607,2025-04-03,Prepaid
3880,Christine Molina,osims@example.net,689-527-2678,2024-06-29,Postpaid
3881,Leah Sanford,zhoward@example.com,3919827645,2024-03-02,Prepaid
3882,Michael Harris,howarddouglas@example.org,873-605-4358x81992,2024-08-10,Prepaid
3883,Shirley Davis,chunt@example.net,492-213-2095x05000,2023-08-21,Prepaid
3884,Jamie Martinez,fshaw@example.com,392-565-6604,2024-08-27,Postpaid
3885,Allen Harrington,owoods@example.com,+1-855-669-7779,2025-01-18,Prepaid
3886,Jessica Williams,ksanchez@example.net,+1-619-811-7936x7979,2024-05-22,Prepaid
3887,Jason Cross,ashleylewis@example.net,001-661-641-3623x0410,2024-11-13,Prepaid
3888,Paul Webb,anthony41@example.org,271-432-0729x5898,2024-08-13,Prepaid
3889,Candice Hall,barbara63@example.net,001-836-810-3754x5313,2024-06-15,Prepaid
3890,Julia Pratt,davisjoel@example.net,590-494-2162,2024-03-16,Prepaid
3891,Erika Henderson,susan72@example.com,789-411-3930x156,2025-03-10,Prepaid
3892,Bonnie Ford,patricia27@example.net,382.525.2053x079,2024-10-29,Postpaid
3893,Kyle Carrillo,aliciawong@example.com,961.524.5173,2023-11-15,Prepaid
3894,Mark Dillon,kimberly73@example.com,207.929.6039,2023-11-27,Prepaid
3895,Joshua Evans,hughesdebbie@example.org,341.921.4753x421,2023-08-04,Prepaid
3896,Connie Bennett,awhite@example.org,(411)738-2076,2024-06-17,Postpaid
3897,David Anderson,matthew79@example.net,+1-410-765-0881x251,2023-10-02,Postpaid
3898,Jeffrey Weber,larry51@example.org,8237686602,2025-03-23,Prepaid
3899,Crystal Green,phillipmccoy@example.org,849-787-1401,2024-08-01,Prepaid
3900,Jeffrey Morrison,michael43@example.net,001-392-774-4339,2024-06-18,Prepaid
3901,Howard Avila,sanchezchelsea@example.net,001-784-836-7107x669,2024-09-15,Prepaid
3902,Alison Smith,robert85@example.com,506.962.3153x89898,2023-09-05,Prepaid
3903,Christy Krueger MD,stephaniematthews@example.com,276.475.6876x374,2024-10-23,Postpaid
3904,Daniel Casey,jessicabailey@example.net,283-509-2768x4709,2023-09-08,Postpaid
3905,Mary Pruitt,mcgeeryan@example.net,001-374-894-2622x2690,2023-09-25,Prepaid
3906,Melinda Anderson,tonyasolis@example.com,+1-239-720-6394,2025-02-27,Postpaid
3907,Mark Miller,scottcharles@example.org,001-511-264-7003x56484,2024-09-14,Prepaid
3908,Catherine Hardin,whitney55@example.com,001-887-317-4186x42919,2024-04-10,Postpaid
3909,Jeanette Turner,stephaniegray@example.com,001-506-604-7732x9485,2023-07-02,Prepaid
3910,Steve Garza,ryanrivas@example.net,9834718197,2023-07-20,Prepaid
3911,Sheila Kelley,gregory55@example.org,+1-583-549-1196x97266,2024-06-23,Postpaid
3912,David Miller,jerry04@example.com,(644)290-8257x8803,2024-04-02,Postpaid
3913,Alyssa Myers,clarktammy@example.com,(220)695-9594x5821,2024-08-29,Postpaid
3914,Bobby Camacho,mmeyers@example.com,(369)240-7495x28803,2023-05-22,Postpaid
3915,Steven Murphy,eibarra@example.org,263.317.3040,2023-09-10,Postpaid
3916,Terri Wolf,christopherevans@example.org,257-374-8665,2023-07-27,Prepaid
3917,Gregory Burke,tabitha92@example.com,+1-749-880-0522x685,2023-10-08,Postpaid
3918,Michelle Ewing,marshallmichaela@example.com,+1-929-577-5399x28213,2024-09-20,Prepaid
3919,Benjamin Chen,paulaprice@example.org,496.596.3352,2025-01-29,Prepaid
3920,Daniel Davis,brenthall@example.com,+1-714-445-6468x199,2023-12-06,Postpaid
3921,Denise Booker,anntaylor@example.com,(308)920-0745,2024-04-17,Prepaid
3922,Marissa Evans,jacob47@example.net,707-820-3237x43518,2023-07-13,Postpaid
3923,Angel Rodriguez,warrenpatrick@example.com,+1-467-402-1101,2024-04-02,Prepaid
3924,Michael Snyder,richardsonsamuel@example.com,(700)711-5541,2023-09-30,Prepaid
3925,Kevin Bennett,sneal@example.com,+1-717-502-4147x396,2023-11-02,Prepaid
3926,Christopher Mitchell,kennethwilliamson@example.org,644.776.5652x31047,2025-03-17,Prepaid
3927,Stanley Moran,marygray@example.net,001-996-955-9842,2024-02-06,Prepaid
3928,Jason Alvarez,dmclean@example.org,3383246104,2024-06-26,Prepaid
3929,Richard Mason,smartin@example.org,+1-497-588-3553,2024-02-22,Postpaid
3930,Amy Miller,vbush@example.net,001-388-803-4225x18492,2023-11-08,Prepaid
3931,Rachel Smith,mitchellcaleb@example.org,961.818.5308x4514,2023-12-02,Postpaid
3932,Tracy Powell,aaronluna@example.net,+1-790-706-3479x8168,2023-05-23,Postpaid
3933,Tara Hart,zphillips@example.com,734-239-5917x18758,2023-12-14,Prepaid
3934,Christy Harris,estradajessica@example.org,(531)907-8044x3759,2023-08-12,Prepaid
3935,Christopher Allen,emilyreyes@example.org,(628)884-5502x76991,2024-12-12,Prepaid
3936,Cody Gonzalez,erika95@example.net,+1-261-920-2548,2024-10-25,Postpaid
3937,Donna Armstrong,eric73@example.net,689-408-0112x570,2024-10-15,Postpaid
3938,Jack Mcguire,kellycarney@example.com,507-907-1709,2023-09-17,Postpaid
3939,Ashley Kent,xjohnson@example.com,001-517-815-0957x63693,2023-12-13,Postpaid
3940,Jonathan Shepherd,whitneyjessica@example.net,+1-598-716-6266x6203,2024-02-14,Prepaid
3941,Anthony Franklin,alexanderwhite@example.org,948.895.0061x343,2023-07-03,Prepaid
3942,Billy Dudley,ljuarez@example.org,5497513416,2024-08-23,Prepaid
3943,Tanner Snow,sgarner@example.com,001-590-961-7428x73196,2023-12-28,Postpaid
3944,Devin David,kimberlywilliams@example.com,749.884.0187x69311,2023-08-28,Prepaid
3945,Shannon Erickson,bauerkenneth@example.net,980.908.1039,2025-02-15,Prepaid
3946,Julia Carter,chad66@example.org,(220)366-9561x2414,2024-11-07,Prepaid
3947,Taylor Nichols,angela64@example.org,808.861.2686x5928,2024-02-16,Prepaid
3948,Rodney Norris,mcguirekenneth@example.org,(940)800-4519x81872,2024-08-12,Prepaid
3949,Donald Butler,hamiltonbenjamin@example.net,(454)435-7500,2023-12-27,Postpaid
3950,Jeffrey Sanchez,andrew17@example.net,(523)908-1651x636,2023-11-22,Prepaid
3951,Christopher Norman,mellison@example.com,001-575-824-5999,2023-11-25,Postpaid
3952,John Lewis,kimberlywilliams@example.org,2182273412,2023-06-13,Prepaid
3953,Teresa Mooney,jessicabrooks@example.net,(947)695-2582x413,2024-05-08,Prepaid
3954,Bradley Baker,kara04@example.net,+1-860-888-2626x116,2025-01-23,Postpaid
3955,Francisco Curry,parrishjulie@example.com,+1-892-425-2117x552,2023-09-25,Postpaid
3956,Joanna Walker,andrew31@example.net,001-684-984-9135x6312,2024-03-08,Prepaid
3957,Timothy Graham,melissamartinez@example.net,001-631-630-4101x3425,2023-11-25,Prepaid
3958,Daniel Stevens,diazdylan@example.com,882.792.8886x449,2024-12-04,Postpaid
3959,Barbara Ayala,jadepatterson@example.org,+1-225-689-8696x7811,2025-04-10,Prepaid
3960,Kathleen Villanueva,dodsonlisa@example.org,320-891-9417,2024-09-27,Prepaid
3961,Melissa White,michellearcher@example.net,710-679-9868x11936,2023-05-13,Prepaid
3962,Alexandra Lee,matthew28@example.net,001-397-273-1382x391,2025-03-24,Prepaid
3963,Adam Reed,christopher94@example.com,001-998-898-4027x7023,2025-01-26,Postpaid
3964,Jonathan Spears,vsimmons@example.net,+1-686-216-7978x04293,2024-04-09,Postpaid
3965,Jessica Haney,dannyjones@example.org,001-580-955-1954x448,2023-11-24,Postpaid
3966,Christian Powell,ryanrichard@example.org,939-368-1595x1374,2024-09-20,Prepaid
3967,Jodi Quinn,nguyenroberta@example.net,001-438-268-4768x17066,2024-08-14,Postpaid
3968,Charles Hartman,jmunoz@example.org,768.361.2334x719,2025-01-05,Prepaid
3969,Corey Vance,gonzalesshannon@example.net,413-852-3497x095,2024-04-29,Postpaid
3970,Natasha Lee,martinezkristen@example.net,478-323-2210,2024-12-26,Prepaid
3971,Caitlin Jones,michael76@example.net,001-686-966-7541,2024-03-03,Prepaid
3972,Joseph Carter,markbooth@example.org,(394)339-5447,2024-01-27,Prepaid
3973,William Sharp,ashleyboyd@example.net,604-423-6283,2024-11-29,Postpaid
3974,William Griffin,gregorymcmahon@example.org,828-537-6342x5961,2024-01-25,Prepaid
3975,Logan Boyd,hayley77@example.net,871-515-4707x95620,2024-12-02,Prepaid
3976,Dr. Chelsea Green MD,aprilrodriguez@example.com,001-484-341-4380x414,2024-03-23,Prepaid
3977,Tyler Mcclure,kyle44@example.com,+1-998-956-3494x5079,2023-11-04,Prepaid
3978,Diana Montgomery,andrea88@example.com,+1-464-695-2857,2024-12-25,Prepaid
3979,Kevin Gross,susan67@example.org,+1-853-619-6660,2023-12-07,Prepaid
3980,Peter Reed,jacksonxavier@example.net,001-501-226-9003x506,2024-10-17,Postpaid
3981,Thomas Schmitt,logan18@example.net,533-924-4657x11677,2025-01-15,Prepaid
3982,Kathryn Ellis,millervictor@example.org,(638)350-8348,2025-03-30,Prepaid
3983,Susan Hall,xjones@example.com,(997)928-0849x361,2025-03-23,Postpaid
3984,Kevin Dawson,valerienelson@example.net,+1-877-580-0899x179,2023-12-11,Prepaid
3985,Toni Williams,juliemccullough@example.net,+1-484-786-7959x66151,2023-07-22,Prepaid
3986,Vanessa Holland,howardkatherine@example.com,928.222.6333x1487,2024-11-16,Postpaid
3987,Joshua Allen,jordansara@example.net,240-919-8350x80617,2024-02-12,Prepaid
3988,Susan Smith,sandersmark@example.com,(572)718-7638,2024-07-29,Prepaid
3989,Michael Andrews,kenneth55@example.com,552-724-6560,2025-03-27,Postpaid
3990,Jennifer Fox,courtneyzimmerman@example.com,(651)386-5399,2023-11-05,Postpaid
3991,Kyle Jordan,hilljacob@example.net,316-861-3794x303,2025-02-12,Postpaid
3992,William Jimenez,brentstephenson@example.net,507-501-9012,2024-11-27,Prepaid
3993,Tara Bennett,kmoreno@example.org,6656650336,2023-05-02,Postpaid
3994,Tara Wilkinson,joshua56@example.com,817-686-6664x20839,2025-02-22,Postpaid
3995,Nancy Butler,wleach@example.org,001-967-602-2730x767,2024-12-02,Postpaid
3996,Steven Turner,thomascrystal@example.org,7147574442,2023-06-23,Postpaid
3997,Tina Lawrence,ufuller@example.com,(357)899-2064x067,2024-06-10,Postpaid
3998,Mark Hall,rbender@example.net,568-802-0469x5412,2024-07-04,Prepaid
3999,Rebecca Hale,brandonmcclure@example.com,8813460354,2023-08-10,Postpaid
4000,Michael Holland,ipark@example.net,640.789.9805x41408,2023-08-20,Prepaid
4001,Tammie Shaw,daniel24@example.net,402.671.5835x9748,2024-02-26,Postpaid
4002,Kathryn Davenport,huffjennifer@example.net,837.664.7809x8582,2023-10-24,Prepaid
4003,Julie Morales,codyallen@example.com,+1-613-264-5895x90927,2024-09-13,Postpaid
4004,Kayla Walters,swalton@example.org,953-815-5495,2024-07-26,Postpaid
4005,Joanne Ortiz,mark18@example.com,288-545-9241,2024-11-12,Postpaid
4006,Matthew Grimes,christianjohnson@example.com,774.897.0904,2023-06-29,Prepaid
4007,Teresa Brown,dylan08@example.net,488-964-6519,2024-07-05,Postpaid
4008,Annette Jones,kellyfoster@example.org,(646)313-3612x674,2024-06-17,Prepaid
4009,Jessica Watson,christopher45@example.net,(770)364-3722x5495,2023-10-11,Postpaid
4010,Erin Freeman,parkstephen@example.com,001-618-584-4695x9734,2024-10-02,Postpaid
4011,Christopher Chapman,krichardson@example.net,001-379-915-1054x4355,2024-05-07,Postpaid
4012,Dawn Morales,antoniolyons@example.org,914.774.1066x9864,2024-03-16,Prepaid
4013,Joseph Tran,rebekahanderson@example.net,(316)969-8679,2024-03-25,Prepaid
4014,Angela Lang,robrien@example.net,930-245-5079x216,2024-07-28,Prepaid
4015,Christina Woods,sean50@example.org,+1-905-910-9104x7343,2024-11-20,Prepaid
4016,Taylor Jones,asmith@example.com,+1-726-367-8636x63309,2024-11-01,Prepaid
4017,Tony Huff,maldonadoandrea@example.org,8412505477,2023-09-12,Postpaid
4018,Dylan Williams,julieclark@example.com,500-232-1631,2024-01-15,Postpaid
4019,Donald Hernandez,clarkmatthew@example.org,(327)813-4578x0109,2024-08-17,Postpaid
4020,Scott Mccarthy,herrerajohn@example.com,+1-325-838-7474x774,2023-09-14,Postpaid
4021,Rebecca Ingram,xperez@example.org,451-707-8734x0400,2024-03-26,Prepaid
4022,Annette Griffin,itran@example.net,315-494-0891x29561,2024-04-20,Postpaid
4023,Dean Sanchez,melvinsnyder@example.net,863.323.1858x61408,2023-08-11,Prepaid
4024,Adam Johnson,michael95@example.com,001-664-551-6134x85634,2024-03-01,Prepaid
4025,John Salinas,hendersonnicholas@example.com,655.355.8838x3576,2025-02-28,Postpaid
4026,Phillip Knight,jgreen@example.org,396-519-3797x774,2024-08-16,Prepaid
4027,Cristian Stewart,russell55@example.org,(995)554-5567x79892,2025-03-18,Prepaid
4028,Wayne Mcclure,xhoward@example.net,(379)223-4775,2023-11-28,Prepaid
4029,Matthew Austin,jimcooper@example.net,001-550-409-3136x176,2023-08-07,Prepaid
4030,Kayla Moss,oconnorkayla@example.com,001-862-429-7673,2024-12-23,Postpaid
4031,Kristi Todd,llopez@example.org,8753716209,2023-07-10,Postpaid
4032,Rachel Hood,scottjeff@example.org,(718)387-3243x155,2024-11-02,Postpaid
4033,Paul Harris,marie84@example.org,001-857-447-5832x8524,2023-11-27,Postpaid
4034,Kim Watson,edwardreyes@example.org,364.802.0894x1279,2024-10-17,Prepaid
4035,Marvin Arnold,brent84@example.net,952-623-6619x7438,2024-04-06,Postpaid
4036,Jillian Salazar,douglas68@example.org,(353)221-0569x6510,2024-12-26,Postpaid
4037,Tracy Jones,april61@example.com,608.325.4344,2025-02-06,Prepaid
4038,Jeffrey Mcdaniel,blakejesus@example.net,+1-533-584-3944,2025-01-13,Postpaid
4039,Danielle Ramos,gonzalezsamuel@example.com,546.426.1632x6086,2024-01-14,Prepaid
4040,Joseph Baxter,jonesrickey@example.net,835.957.2690x985,2023-11-28,Postpaid
4041,Paul Brown,john47@example.org,001-839-845-5268x721,2024-04-06,Prepaid
4042,Steven Guzman,tararivers@example.com,3622619052,2024-09-13,Prepaid
4043,Derrick Hawkins,larsenstephanie@example.com,642.747.9583x81697,2024-01-26,Postpaid
4044,Ray Boyer,rickeyruiz@example.com,(830)290-3800x045,2024-12-15,Prepaid
4045,Rachel Riley,jacobneal@example.com,(368)712-0964,2024-12-02,Postpaid
4046,Clifford Martin,jdavis@example.net,204-556-6288x445,2023-11-10,Prepaid
4047,Angela Long,ustevenson@example.net,(515)845-5580,2024-07-24,Prepaid
4048,Brandon Gilbert,cassiehansen@example.com,333.896.2774x8337,2024-04-16,Postpaid
4049,Kelly Valentine,nfrench@example.com,4712176921,2024-06-03,Postpaid
4050,Ruth Green,ledaniel@example.com,(782)966-0897,2024-12-21,Prepaid
4051,Crystal Cortez,danayork@example.org,+1-926-215-3550,2024-11-23,Postpaid
4052,Keith Little,brian50@example.com,7509318458,2023-11-27,Postpaid
4053,Sarah Robinson,emily71@example.net,265-312-6311x124,2025-03-03,Prepaid
4054,Kathryn Perez,duncancolton@example.com,641-560-6253,2023-12-15,Prepaid
4055,Keith Barnes,dawnsmith@example.net,510.467.7447,2024-07-20,Postpaid
4056,Heather Hernandez,marycarpenter@example.org,(699)201-7342,2024-03-29,Postpaid
4057,Grant Scott,kenneth79@example.net,468-429-7146,2024-12-25,Postpaid
4058,Jessica Osborn,adam76@example.net,928-655-2668x3866,2023-10-10,Postpaid
4059,Kimberly Williams,cooperaaron@example.net,+1-537-854-0533,2024-07-05,Postpaid
4060,Rodney Ruiz,wigginsvalerie@example.org,001-563-938-6496x543,2023-10-01,Postpaid
4061,Julie Gonzalez,hernandezrobin@example.net,001-620-529-6337x52935,2025-03-07,Postpaid
4062,Lauren Rubio,evansanna@example.com,+1-967-648-3366x11343,2024-01-30,Postpaid
4063,Mike Wilson,rrodriguez@example.net,369-662-5419x3701,2023-09-18,Prepaid
4064,Kimberly House,urhodes@example.com,001-984-443-1219x56179,2023-10-19,Postpaid
4065,Andrew Flores,eugene38@example.com,247.390.7861x83314,2023-05-11,Postpaid
4066,Joshua Wilson,teresa27@example.org,628-457-7541,2024-03-25,Prepaid
4067,Christopher Swanson,lindsaypeterson@example.net,6785315724,2024-11-21,Prepaid
4068,Sara Alexander,bondsherri@example.net,(945)714-8249,2025-02-18,Postpaid
4069,Kyle Monroe,manuel42@example.net,+1-554-892-5090x3888,2023-11-22,Postpaid
4070,Kevin Thomas,framos@example.com,891-991-5032x318,2024-06-19,Postpaid
4071,Nathaniel Cannon,kelli66@example.net,5486021167,2024-03-16,Prepaid
4072,Kristina Richardson,vrodriguez@example.org,(589)839-3186,2023-08-31,Prepaid
4073,Arthur Lewis,pfuller@example.com,001-434-920-6210x681,2025-01-31,Postpaid
4074,Jason King,marioshelton@example.org,(972)406-3684x9854,2025-01-09,Postpaid
4075,Caitlin Henson,marthalane@example.org,232-724-1610,2023-05-27,Postpaid
4076,Derrick Morris,imiller@example.net,+1-303-222-6641x346,2024-06-22,Prepaid
4077,Ann Daniels,ann11@example.org,001-841-479-7494x0651,2024-07-26,Prepaid
4078,Christine Young,sarah02@example.net,001-779-220-1171x8342,2024-03-26,Postpaid
4079,James Acosta,angelica10@example.com,929-611-7128x440,2024-05-14,Postpaid
4080,Joseph Carr,karenyoung@example.org,(540)876-8757,2025-03-13,Postpaid
4081,Maria Neal,taylorsoto@example.com,(251)642-6144x94189,2023-12-21,Prepaid
4082,William Cooper,dorothy58@example.com,335-772-2292x789,2024-07-24,Prepaid
4083,Lori White,jill41@example.org,001-479-840-4849x866,2025-04-06,Prepaid
4084,Jennifer Lara,bmcdaniel@example.net,+1-328-834-2470x59934,2024-06-01,Postpaid
4085,Hunter Haas,tmorales@example.com,227.834.0059x744,2023-05-28,Postpaid
4086,Kristin Mccarthy,shawjohn@example.org,001-384-650-0144x46330,2023-05-04,Postpaid
4087,Kyle Freeman,bradley31@example.org,001-727-264-1176x050,2025-04-03,Postpaid
4088,Maurice Smith,sharon28@example.org,825-668-9834,2023-07-14,Postpaid
4089,John Perez,fbrock@example.org,(382)896-7276x157,2023-05-16,Postpaid
4090,Latoya Neal,bhughes@example.com,604-725-5157,2024-08-23,Prepaid
4091,Robert Santos,leslie53@example.net,+1-556-909-6760x2521,2023-07-08,Prepaid
4092,David Dunn,nwest@example.net,+1-818-653-9214x74913,2024-02-03,Postpaid
4093,Nicholas Nunez,joannchavez@example.com,628.870.3740,2024-01-05,Prepaid
4094,Michael Howell,brittneyscott@example.org,+1-815-278-1534,2024-01-21,Prepaid
4095,Michelle Graham DDS,josedawson@example.org,001-512-494-5668x885,2023-07-05,Prepaid
4096,Jennifer Sutton,michael53@example.com,244.446.4178x7672,2023-09-01,Prepaid
4097,James Clark,carla22@example.org,001-858-346-1673x331,2024-06-24,Postpaid
4098,John Fowler,daviddavis@example.org,(997)419-9806x8545,2024-04-16,Postpaid
4099,Gail Allen,hernandezjohn@example.com,(803)261-9328x24168,2024-09-15,Postpaid
4100,Chad Gonzalez,romerojoshua@example.net,(560)756-5059,2024-03-12,Postpaid
4101,John Vega,jon96@example.com,5013863594,2024-01-23,Postpaid
4102,Mr. Donald Baker Jr.,thompsonjennifer@example.org,8919775275,2024-11-05,Prepaid
4103,Abigail Williams,lchavez@example.com,001-535-897-9644x192,2024-05-24,Prepaid
4104,Daniel Pruitt,snydergail@example.net,001-712-355-5480x966,2024-02-22,Postpaid
4105,Jennifer Romero,bnorman@example.org,001-740-598-6389x274,2023-09-27,Prepaid
4106,Susan Peterson,kmarshall@example.org,+1-579-252-7297x83730,2025-04-28,Postpaid
4107,Karen Walker,eric52@example.com,9279932440,2024-08-20,Prepaid
4108,Tammy Matthews,sara81@example.net,585-568-3995x522,2024-07-09,Postpaid
4109,Tara Murray,cheyenneanderson@example.org,001-965-980-8472,2024-01-26,Postpaid
4110,Mrs. Amanda Baker,tyler82@example.com,+1-984-637-1883x16176,2023-06-17,Prepaid
4111,Debra Mitchell,xalexander@example.com,434.697.9515,2024-01-23,Postpaid
4112,Alexander Davis,wedwards@example.com,7779658287,2024-03-18,Postpaid
4113,Sarah Lee,shaun50@example.org,001-235-243-0751x2469,2024-03-21,Postpaid
4114,John Fox,cross@example.net,+1-559-823-1862x23112,2025-04-22,Prepaid
4115,Crystal Ho,ihill@example.com,408-498-2796,2024-10-09,Postpaid
4116,Keith Baker,ryan80@example.com,928.376.6587,2025-04-27,Postpaid
4117,Laurie Little,pamela88@example.org,+1-933-666-0436x359,2025-01-23,Prepaid
4118,William Johnson,alejandrajohnson@example.com,+1-497-705-4277,2025-02-23,Postpaid
4119,Wendy Carney,jasminedodson@example.org,(246)533-1500,2025-03-06,Prepaid
4120,Carrie Cox,shawn47@example.net,829.627.3622,2023-08-09,Postpaid
4121,Peter Williams,vincent47@example.net,906-688-0646x8667,2023-06-16,Prepaid
4122,Andrew Lewis,cantuchristopher@example.org,5109157685,2023-10-21,Prepaid
4123,Clayton Freeman,shenry@example.com,436-926-2805x9350,2024-12-02,Postpaid
4124,Isabel Dorsey,halltiffany@example.net,998.667.5512x67610,2024-01-02,Postpaid
4125,Amanda Reid,laurasmith@example.net,271.676.0234,2023-06-06,Prepaid
4126,Chad Mcneil,pattersonlinda@example.com,486.221.3196,2025-02-19,Postpaid
4127,Jacqueline Wiggins,jenniferdoyle@example.com,648-848-9689x017,2023-09-07,Prepaid
4128,Aaron Sawyer,glen12@example.com,8827601597,2024-07-17,Prepaid
4129,Matthew Hughes,astevens@example.org,+1-610-464-2807x1809,2024-10-18,Prepaid
4130,Dawn Rojas,julie91@example.net,(370)262-4797x14184,2025-01-24,Prepaid
4131,Jeffrey Taylor,nharding@example.net,001-619-411-2203,2025-02-22,Prepaid
4132,David Reed,morgan20@example.org,(399)312-1703x87655,2023-08-13,Postpaid
4133,Debra Hanna,matthew13@example.net,566.868.1702x4374,2024-07-30,Prepaid
4134,Kristin Gallagher,daniel05@example.org,001-640-915-8200x800,2023-12-10,Postpaid
4135,Erica Walsh,robert36@example.org,882.541.9650x4642,2023-07-01,Prepaid
4136,Jamie Simmons,robert81@example.com,(927)762-1800x78672,2025-03-07,Postpaid
4137,Mary Delacruz,rrichardson@example.net,640.602.3190x3577,2024-06-26,Postpaid
4138,Mike Wright,swashington@example.net,622.646.3275x11599,2024-05-04,Prepaid
4139,Robert Williams,rayantonio@example.com,001-324-715-6925x0772,2023-08-08,Prepaid
4140,Michelle Smith,whitechad@example.org,861-368-9968,2023-08-29,Prepaid
4141,Carolyn Rodriguez,zspears@example.com,(214)562-3166x4832,2025-03-11,Prepaid
4142,Sarah Smith,harmstrong@example.org,211.201.7439,2025-04-15,Postpaid
4143,Rita Gomez,jamessilva@example.org,(311)449-5612,2025-02-22,Prepaid
4144,Ashley Kirk,rtorres@example.org,(473)332-0423,2025-04-23,Postpaid
4145,Kelsey Brooks,rochashelley@example.org,472-718-9741x732,2023-09-06,Prepaid
4146,Chad Smith,msteele@example.org,+1-686-745-8114x5723,2023-10-27,Prepaid
4147,Ruben Fowler MD,woodmichael@example.com,770.203.8184x01393,2024-04-27,Prepaid
4148,Melvin Mendez,adkinsbrittney@example.org,662.201.8433x5738,2024-01-22,Prepaid
4149,Kevin Arnold,montesalicia@example.com,7146319223,2023-12-30,Prepaid
4150,Heather Haynes,burnsjustin@example.org,001-503-430-8804x1316,2023-08-17,Prepaid
4151,Michelle Harris,obarton@example.org,898-865-2217,2024-03-19,Postpaid
4152,Heather Yates,jasminstewart@example.org,001-850-634-9049x737,2023-11-16,Prepaid
4153,Sandra Berry,hkidd@example.com,934.258.7254x446,2024-01-10,Postpaid
4154,Sarah Adams,proberts@example.com,725-907-4246x419,2023-11-30,Prepaid
4155,Michelle Thomas,santossean@example.net,001-205-551-1246x05749,2025-02-09,Prepaid
4156,Anthony Stevens,debra20@example.org,+1-892-942-8290,2024-02-20,Postpaid
4157,Blake Nichols,johnsonkatherine@example.org,(423)517-2358x07858,2023-09-28,Prepaid
4158,Erika Nguyen,warrensandra@example.net,614.964.3971,2024-02-29,Prepaid
4159,Cody Ramirez,janetfischer@example.com,509.644.2505x16092,2024-05-25,Postpaid
4160,Michael Gonzalez,ericacevedo@example.org,+1-788-367-7662,2023-05-27,Postpaid
4161,Cheyenne Washington,gherman@example.org,001-670-417-5059x853,2023-12-04,Prepaid
4162,Elizabeth Taylor,wendymullins@example.com,+1-381-840-9755x9398,2024-11-30,Postpaid
4163,Jason Owens,lancekennedy@example.net,+1-957-579-0387x94431,2024-01-01,Postpaid
4164,Alyssa Mills,uhammond@example.com,816-456-3663x306,2025-04-21,Postpaid
4165,Justin Morris,cmorrison@example.org,+1-297-496-0225x6150,2024-02-19,Postpaid
4166,Angela Anderson,jenniferanderson@example.net,210-624-0696,2023-07-26,Prepaid
4167,Brandon Lee,tlawrence@example.com,836-252-7183,2024-12-27,Prepaid
4168,Stacy Baker,kimberly11@example.com,456.430.2913,2023-06-04,Postpaid
4169,Eric Benton,gary04@example.net,+1-365-616-5453,2025-02-18,Prepaid
4170,Bonnie Orr,odavis@example.net,9689231304,2024-11-28,Prepaid
4171,Taylor Townsend,vgraves@example.org,(919)332-1711,2023-05-25,Prepaid
4172,Adrian Wilson,corey51@example.net,2987077052,2024-12-01,Prepaid
4173,Kenneth Moore,johnmoore@example.com,644-551-2150,2023-12-30,Prepaid
4174,David Rowe,jennifer11@example.com,001-531-682-4646x4450,2024-06-26,Prepaid
4175,Johnathan Jones,pferguson@example.org,(752)820-4487x4484,2023-05-28,Postpaid
4176,Bob Johnson,michelle81@example.com,+1-518-860-8871x751,2025-04-08,Postpaid
4177,Anthony Williams,foxtiffany@example.com,675-913-1211x20615,2023-06-26,Postpaid
4178,Danielle White,amandaramirez@example.com,627-473-7969,2025-04-13,Prepaid
4179,Joshua Alvarez,youngkathleen@example.net,804.705.1582x1401,2025-03-28,Postpaid
4180,Eric Hernandez,fsmith@example.net,864-768-2078x63507,2024-09-10,Postpaid
4181,Jeremy Heath,flemingdeborah@example.com,(509)932-3971x18651,2024-06-07,Prepaid
4182,Kayla Preston,tatehelen@example.org,675.239.6140x100,2024-08-22,Prepaid
4183,James Nguyen,kellerjill@example.net,001-410-268-0648,2023-05-27,Postpaid
4184,Erika Jones,meganrogers@example.org,+1-859-934-8094x19640,2024-01-05,Postpaid
4185,Timothy Miles,dudleymarisa@example.net,(788)203-6787,2024-01-29,Prepaid
4186,Anthony Hicks,mary41@example.org,001-474-892-1812x06708,2025-02-21,Prepaid
4187,Nancy Bonilla,audreymorales@example.org,(884)653-0569x635,2024-06-06,Postpaid
4188,Shannon Fisher,vazquezlindsey@example.com,(722)939-7824,2024-10-04,Prepaid
4189,Dr. Kathy Costa,rodrigueztammy@example.org,602-595-0245x4518,2025-04-07,Postpaid
4190,Robert Acevedo,marywilliams@example.org,(200)443-3574,2024-10-28,Postpaid
4191,Eric Shaffer,peterschristy@example.com,(743)836-4469x69582,2024-08-01,Postpaid
4192,Michael Chambers,dorseyallison@example.net,942-653-6902x63463,2024-05-25,Prepaid
4193,Paul Todd,scott98@example.net,243.301.9653x1298,2024-07-07,Prepaid
4194,Alyssa Jackson MD,rodriguezsheila@example.org,001-527-943-4664,2023-07-01,Postpaid
4195,Michael Casey,williemiller@example.com,9877266058,2024-07-14,Prepaid
4196,Tamara Flowers,xortiz@example.com,361.619.9116,2024-11-30,Postpaid
4197,Alan Robles,gabriellechapman@example.com,(389)657-3135x37384,2024-08-21,Postpaid
4198,Evan Montoya,michael25@example.org,001-569-579-3574x21766,2023-10-19,Postpaid
4199,George Brown,hschroeder@example.net,374-286-8094x6856,2024-07-25,Prepaid
4200,Matthew Thomas,reneeharrison@example.com,606.554.3409x547,2023-10-14,Prepaid
4201,Michael Hernandez,tferrell@example.org,3236715213,2024-01-29,Postpaid
4202,Frank Cooper,izimmerman@example.org,(608)922-0203x136,2024-04-09,Prepaid
4203,Mark Wyatt,cryan@example.com,569.480.5091x50905,2025-04-13,Prepaid
4204,Daniel Keith,allisonjennifer@example.org,501-225-2928x0350,2023-12-18,Prepaid
4205,Mary Hall,kingcarla@example.org,+1-624-650-9987x2471,2023-11-24,Postpaid
4206,Heather Taylor MD,jacksonbrad@example.net,(565)834-7038,2023-09-28,Prepaid
4207,Thomas Klein,janeschaefer@example.com,001-466-808-2742x1872,2023-06-14,Postpaid
4208,James Campbell,ricekeith@example.net,001-411-610-4584x5938,2023-11-20,Postpaid
4209,Amanda Cain,morrisonbrandon@example.com,001-447-281-1676x37453,2024-11-05,Prepaid
4210,Kara Hill,marymartin@example.net,001-550-320-9636x555,2024-11-09,Postpaid
4211,Kevin Ochoa,sarah40@example.org,001-389-232-5885x478,2024-09-26,Postpaid
4212,Justin Hopkins,kathy07@example.net,001-320-604-8244x42079,2024-08-21,Postpaid
4213,Stephanie Johnson,katielittle@example.org,418-743-5203x054,2024-04-18,Postpaid
4214,Julie Robinson,peter52@example.com,001-300-213-1657x835,2023-05-01,Postpaid
4215,Daniel Stone,dale65@example.net,(351)898-8060x644,2024-05-28,Postpaid
4216,Kenneth Anderson,beasleyandrea@example.org,(748)607-4012x40051,2024-04-17,Postpaid
4217,Stacey Baker,coreypowell@example.net,478-346-7286x34918,2024-01-29,Postpaid
4218,Michelle Higgins,derrickatkinson@example.org,+1-288-433-7994x673,2023-10-31,Prepaid
4219,John Rasmussen,xhernandez@example.net,613.630.6291,2025-01-14,Prepaid
4220,Mark Marsh,angie63@example.net,+1-961-305-0263x2284,2025-04-15,Prepaid
4221,Denise Avila,catherine93@example.net,001-303-282-1480x45535,2024-04-22,Postpaid
4222,Roy Andrade,qkemp@example.org,933-435-7774,2024-08-01,Prepaid
4223,Brett Hill,allisontyler@example.org,+1-954-339-6327x040,2024-08-28,Postpaid
4224,Steven Gomez,ashaffer@example.org,(417)829-4611,2023-08-16,Postpaid
4225,Mr. Bradley Bennett,dominguezkyle@example.org,433.332.6247x869,2025-01-28,Prepaid
4226,Brandon Yu,zthomas@example.net,652-530-5074x654,2023-12-04,Postpaid
4227,Brandon Lindsey,martinjoshua@example.org,+1-278-777-0908x257,2024-05-09,Prepaid
4228,Dalton Kim,michael24@example.com,566-568-3304x85919,2024-11-23,Prepaid
4229,Denise Padilla,lstephens@example.com,001-268-438-2381,2024-01-11,Postpaid
4230,Thomas Smith,acontreras@example.org,(511)701-8835x0513,2025-01-09,Postpaid
4231,Marcus Fletcher,solisfrancisco@example.net,(826)684-7053,2024-12-16,Prepaid
4232,Patrick Freeman,brentmoore@example.net,788.226.7931,2024-08-19,Postpaid
4233,Susan Bond,rebecca84@example.com,433-619-3063,2024-08-13,Postpaid
4234,Michael Willis,martin80@example.net,(609)429-5726x397,2024-07-07,Postpaid
4235,Timothy Smith,angelacuevas@example.net,+1-713-438-7567,2023-08-21,Prepaid
4236,Shannon Allen,emma39@example.org,(256)617-4320x0385,2024-02-12,Postpaid
4237,Joshua Lin,davidharris@example.org,821.542.7311x5065,2024-10-20,Postpaid
4238,Sara Santos,jwallace@example.net,001-764-450-2590x36123,2023-10-08,Prepaid
4239,Keith Collins,joanna18@example.com,001-549-656-7892x7931,2023-07-14,Prepaid
4240,Lindsey Hughes,blakegates@example.net,804.834.1897,2023-05-21,Prepaid
4241,Patrick Brown,beth91@example.org,789.262.3528,2025-02-24,Prepaid
4242,Rodney Brown,julie47@example.net,001-394-978-6782x688,2023-10-04,Prepaid
4243,Victoria Tran,theresamoore@example.com,3954841662,2025-02-10,Postpaid
4244,Jaclyn West,zrichardson@example.net,481.583.4426,2024-07-10,Postpaid
4245,Denise Ball,bowmanmichael@example.com,806-453-8409x9657,2023-08-19,Prepaid
4246,Whitney Young,steven27@example.net,489-228-7305,2023-05-14,Postpaid
4247,Chad Murphy,alexmueller@example.org,5059427308,2023-08-21,Prepaid
4248,Nancy Weaver,idavis@example.com,(620)404-6469,2024-10-20,Postpaid
4249,Daniel Maldonado,qyoung@example.com,+1-798-811-7909,2024-06-14,Postpaid
4250,Charles Dixon,margaret38@example.org,+1-947-605-0026x96981,2024-12-27,Prepaid
4251,Stephanie Alexander,moorebrandi@example.net,487.925.4350x02421,2024-04-24,Postpaid
4252,Amy Rodriguez,gpitts@example.com,+1-982-699-5182,2024-09-26,Postpaid
4253,Jessica Jones,jarviscynthia@example.com,661.589.9896x7989,2025-03-02,Prepaid
4254,Christopher Rice,tjohnson@example.net,(661)309-2717x7336,2024-05-21,Prepaid
4255,Jimmy Houston,brian15@example.com,664-271-1283x378,2024-05-13,Postpaid
4256,Angela Stewart,ymartinez@example.net,486.719.2540x349,2023-12-03,Postpaid
4257,Jason Smith,derek08@example.com,001-715-710-6354x4182,2025-03-24,Postpaid
4258,Alice Velasquez,tcolon@example.net,001-696-497-4920x4933,2024-04-19,Prepaid
4259,Lauren Cooper,devin88@example.net,001-969-460-5743x69579,2023-07-27,Postpaid
4260,Michael West,johnsonlinda@example.net,772-952-2259x3357,2023-09-27,Prepaid
4261,Sara Miller,vargasmark@example.com,+1-729-395-8622x1598,2025-02-28,Postpaid
4262,Karen Davis,smithdiane@example.org,+1-623-629-7057x97887,2023-11-18,Postpaid
4263,Katherine Gonzalez,robert71@example.com,(601)764-6099x56065,2023-06-07,Prepaid
4264,Eric Gay,clarkebradley@example.com,722.425.6968x4443,2025-01-28,Prepaid
4265,Jamie Walters,ashley14@example.net,627.584.9957x56211,2024-02-01,Postpaid
4266,Carol Coleman,zwilliams@example.org,786.424.3764,2025-03-06,Postpaid
4267,Yvonne Turner,williamsonlori@example.net,247-602-1561x145,2023-12-04,Prepaid
4268,Adam King,sherylbarrera@example.net,665.841.2884,2024-02-11,Prepaid
4269,Dr. Andres Ward,thomas78@example.net,(230)950-1808,2023-06-25,Prepaid
4270,Luis Allen,huynhandrew@example.net,(374)380-7399x077,2023-12-02,Prepaid
4271,Travis Stewart,eluna@example.net,(676)528-0516x32009,2024-06-14,Prepaid
4272,Crystal Ballard,johnlowe@example.org,001-456-631-4799x6894,2023-08-08,Prepaid
4273,Karen Harris,warrensydney@example.org,001-978-309-6759x85957,2023-11-07,Postpaid
4274,Mrs. Mary Stanley,yromero@example.org,597.650.9595,2024-02-04,Postpaid
4275,Stephanie Graves,michellemarquez@example.com,773.284.6737,2024-06-09,Prepaid
4276,Joshua Norris,yfoster@example.com,+1-336-821-9105,2023-07-05,Postpaid
4277,Vincent Gray,heidigomez@example.com,001-981-200-1828,2024-02-04,Prepaid
4278,Tiffany Miller,mitchellchristopher@example.org,4977092463,2025-01-16,Prepaid
4279,James Graham,wjones@example.org,525-410-5373x6007,2024-02-16,Prepaid
4280,Lisa Conrad,nguyendawn@example.net,633-387-0989x214,2023-12-13,Prepaid
4281,Jeffrey Hopkins,geraldcraig@example.net,001-862-494-6286x01634,2024-11-07,Prepaid
4282,Elizabeth Brooks,wmyers@example.net,978.229.0317,2023-10-22,Postpaid
4283,Jeremy Williams,samantha29@example.org,(760)506-6744,2024-05-01,Postpaid
4284,Cameron Green,medinacharlotte@example.org,5648143570,2024-06-08,Prepaid
4285,Brian Fowler,greeneshannon@example.org,846-804-9768x4771,2023-09-06,Prepaid
4286,Janet Miller,todd77@example.com,978.948.0872x811,2023-05-20,Prepaid
4287,Teresa George,jonathan58@example.com,+1-955-633-3256x13661,2025-01-25,Postpaid
4288,Donna Huff,freemanemily@example.com,001-320-979-5644x5682,2024-03-02,Postpaid
4289,Sandra Mendoza,rebecca08@example.net,001-422-737-0048,2024-03-05,Postpaid
4290,John Keller,olsencarolyn@example.org,(342)492-6297x7790,2023-09-08,Prepaid
4291,Sean Cabrera,berrymario@example.com,330.494.4293x2595,2023-11-08,Postpaid
4292,Nathan Hernandez,zachary04@example.net,6905200320,2023-11-24,Postpaid
4293,Ashley Ward,shawn34@example.net,(818)724-0334,2024-11-07,Prepaid
4294,Lauren White,markmurray@example.org,+1-672-614-2544x97624,2024-03-24,Postpaid
4295,Joel Burns,orichardson@example.com,687.227.1481x0603,2024-02-15,Prepaid
4296,Mr. Pedro Reyes,kcharles@example.com,+1-981-351-6875x240,2023-12-31,Prepaid
4297,Theresa Tyler MD,hallen@example.com,(908)818-4960x1682,2025-01-21,Prepaid
4298,Samuel Stone,greenregina@example.com,903-265-3385x94045,2024-10-20,Prepaid
4299,Theresa Bryant,williamlee@example.net,452.863.4302,2024-05-22,Prepaid
4300,Alan Johnson,virginiacruz@example.org,332-926-1367x38034,2025-04-20,Prepaid
4301,Tony Calderon,michaelporter@example.net,+1-686-896-2921x871,2023-12-08,Postpaid
4302,Carlos Wallace,pfuller@example.org,256.571.8236x69839,2024-08-14,Postpaid
4303,Tracy Walker,terrelljay@example.com,366.733.9760,2024-09-02,Prepaid
4304,Victor Cobb,schmittwilliam@example.com,+1-365-746-0609,2024-11-22,Prepaid
4305,Angela Huber,lestercarmen@example.net,+1-476-359-1269x5470,2024-04-22,Prepaid
4306,Jonathan Ramsey,lauren90@example.com,001-460-520-3823x7633,2023-08-02,Postpaid
4307,Rebecca Stout,sherry61@example.net,7143709882,2023-07-05,Postpaid
4308,Aaron Jones,rjones@example.com,744.424.9784x6313,2025-04-24,Postpaid
4309,Justin Thomas,melissamacdonald@example.net,553.305.0778,2024-12-22,Prepaid
4310,Amanda Bates,ktorres@example.com,(887)954-9111,2023-05-22,Prepaid
4311,Laura Freeman,ycastillo@example.com,436-397-6227x726,2025-03-09,Postpaid
4312,Jerry Graham,judy75@example.net,566-395-1905,2025-03-23,Postpaid
4313,Alec Serrano,paul75@example.com,(316)700-0807x6905,2024-04-07,Postpaid
4314,Mandy Griffin,michael93@example.com,680.748.4556x24037,2023-11-13,Postpaid
4315,Joseph Chung,suarezjill@example.org,(948)901-8094x80556,2024-08-15,Postpaid
4316,Luis Lin,mwhitaker@example.com,(439)354-1923x6446,2024-06-09,Postpaid
4317,Christopher Decker,gomezdiane@example.net,+1-351-307-1482x3664,2023-08-21,Postpaid
4318,Matthew Thompson,xcarey@example.org,(212)843-6181,2024-03-13,Prepaid
4319,Vicki Gonzalez,heathermeyers@example.net,7718986191,2023-05-27,Postpaid
4320,Ian Cantu,collinsian@example.net,001-838-948-8079x55481,2023-09-28,Postpaid
4321,Catherine Booth,carpentercourtney@example.net,001-749-653-3585x7655,2023-09-03,Prepaid
4322,Jason Evans,joseph67@example.net,+1-810-679-3980x093,2023-07-31,Postpaid
4323,Crystal Nichols,renee96@example.org,614-470-2917,2024-09-03,Prepaid
4324,Jennifer Patterson,jcantrell@example.com,656.950.9111x878,2025-01-28,Prepaid
4325,Ashley Chavez,judy85@example.net,+1-634-774-0477x48729,2024-12-18,Prepaid
4326,Joseph Walker,xturner@example.org,+1-933-771-3095,2024-10-21,Prepaid
4327,Regina Martin,carrdavid@example.com,(716)881-1891,2024-08-31,Postpaid
4328,Kimberly Thomas,jsmith@example.net,953.652.5465,2023-12-16,Prepaid
4329,Jeffrey Morris,angela46@example.org,+1-204-387-6538x7547,2024-04-09,Postpaid
4330,Mr. Timothy Smith,thomaskeller@example.net,+1-730-757-2665x23894,2024-04-13,Postpaid
4331,Steven Anderson,darrenlynch@example.net,336.371.2631x20672,2023-08-21,Prepaid
4332,Tiffany Weaver,angelaroberson@example.com,525.839.0199,2025-01-29,Prepaid
4333,William Gay,randolphann@example.com,707.466.3250x7371,2023-11-06,Postpaid
4334,Charles Ortiz,mccarthyelizabeth@example.net,433-372-8561,2024-04-04,Prepaid
4335,Sandra Wells,james95@example.com,364.502.7232x83230,2023-12-03,Postpaid
4336,Kristy Kirk,joneserin@example.org,472.618.9773,2024-12-09,Postpaid
4337,Angela Mcmahon,rodney67@example.net,+1-985-333-5369x6392,2023-07-21,Prepaid
4338,Anthony Cannon,jason41@example.org,537-222-5403x1570,2023-11-23,Prepaid
4339,Amanda Gutierrez,obyrd@example.net,(292)607-5272x76627,2023-10-08,Postpaid
4340,Karen Huff,kthomas@example.org,(967)406-8109,2023-10-20,Postpaid
4341,Mitchell Jordan,scott81@example.com,(498)954-6413,2024-11-06,Postpaid
4342,Amy Kennedy,william57@example.net,+1-711-227-8857x17180,2024-02-07,Postpaid
4343,Julie Esparza,tina13@example.org,001-525-495-9626x06922,2024-02-20,Prepaid
4344,Joseph Cannon,cookephillip@example.net,864.449.7670x082,2023-10-05,Prepaid
4345,Cody Rhodes,griffithnicole@example.com,(456)665-5166x42056,2023-11-06,Postpaid
4346,Douglas Johnson,kristiejames@example.com,(812)252-6541x3007,2024-08-18,Prepaid
4347,Teresa Hanson,elizabeth55@example.net,(706)704-9284,2024-02-23,Prepaid
4348,Stephen Ortega,lalexander@example.com,549-240-1277x22201,2025-02-22,Postpaid
4349,Andrew Baker,marysanders@example.org,(228)419-9439x246,2024-02-22,Postpaid
4350,Michael Smith,davismelissa@example.net,001-684-791-5182,2024-01-28,Prepaid
4351,John Palmer,jacob36@example.org,866.656.7331x0160,2023-09-04,Postpaid
4352,Tabitha Scott,kwilcox@example.net,(507)491-5432x2684,2023-05-27,Postpaid
4353,Kathy Sheppard,anthony16@example.net,662-376-8606,2023-11-14,Postpaid
4354,Travis Baker,blacklisa@example.net,+1-909-752-8782x2653,2023-08-22,Postpaid
4355,Sandra Rivera,simonbryan@example.net,+1-219-512-3972,2023-09-22,Prepaid
4356,Adam Singh,laurenwolf@example.com,703-299-8388,2023-08-18,Prepaid
4357,Christine Reynolds,christine03@example.org,363-760-4569,2024-01-09,Prepaid
4358,Patricia Reed,xmanning@example.org,+1-244-951-0305x113,2024-01-29,Prepaid
4359,James Dixon,xschroeder@example.net,357.224.8990,2024-10-07,Postpaid
4360,Edwin Lindsey,ginajames@example.com,+1-893-822-4123x2907,2024-11-08,Postpaid
4361,Robert King,michael05@example.net,(210)231-2204x5040,2024-10-26,Postpaid
4362,Mitchell Thompson,victoriafreeman@example.net,+1-566-916-1099,2023-11-17,Prepaid
4363,Thomas Walker,gibsonjaclyn@example.com,642-210-9009x572,2024-05-11,Prepaid
4364,Melissa Cabrera,kmartinez@example.org,751-236-4673x63254,2024-03-25,Prepaid
4365,Danielle Gilbert,robert31@example.org,001-346-744-3931x8661,2025-04-16,Postpaid
4366,William Lester,acampbell@example.net,986.587.0272,2023-06-17,Prepaid
4367,Kerry Martinez,tinabrown@example.com,891-797-9312x96704,2025-03-19,Postpaid
4368,Timothy Abbott,gravesmolly@example.com,001-229-759-5685x076,2024-05-07,Postpaid
4369,Wesley Klein,oconnellhannah@example.com,521-251-8777x33765,2023-10-31,Postpaid
4370,Adriana Sweeney,durhamwilliam@example.org,(211)513-4298,2024-06-07,Postpaid
4371,Jay White,jennifer42@example.org,(750)278-2830x2514,2023-05-26,Prepaid
4372,John Smith,mperez@example.org,945-808-0283x10985,2024-10-31,Postpaid
4373,Jorge Mckinney,qpeters@example.org,629.808.4844,2023-12-10,Prepaid
4374,Brendan Miller,sandra77@example.net,435.725.5297,2023-06-01,Postpaid
4375,Sabrina Johnson,thomasblake@example.net,263.254.8890x90535,2023-06-06,Postpaid
4376,Dean Chan,fcampbell@example.org,(492)489-6168x088,2024-09-01,Prepaid
4377,Monica Macias,michael93@example.com,561-614-4975,2024-05-19,Postpaid
4378,Jose Martinez,cbell@example.net,(511)804-0191x3383,2024-03-23,Prepaid
4379,Benjamin Bates,xbrooks@example.org,5268643985,2024-01-09,Postpaid
4380,Jordan Lee,kathleen66@example.net,+1-787-390-8855x6351,2024-07-30,Postpaid
4381,Jillian Bright,richard58@example.com,643-544-5467,2024-11-22,Postpaid
4382,Melissa Hernandez,sheryllindsey@example.com,001-636-276-5951x726,2024-01-19,Prepaid
4383,John Reed,james64@example.com,001-229-802-8690,2024-06-12,Prepaid
4384,Lauren Rogers,jason11@example.org,831.293.5148x88111,2024-09-27,Prepaid
4385,Shannon Robinson,clarkricardo@example.net,001-918-321-7945x273,2023-10-15,Postpaid
4386,Connor Reid,contrerasscott@example.org,3558650672,2023-07-17,Prepaid
4387,Mr. Troy Hall,daniel19@example.org,001-892-990-4331x41142,2023-09-24,Postpaid
4388,Charles Fox,gcampbell@example.org,455.905.5683x777,2025-01-05,Postpaid
4389,James Montgomery,yrogers@example.org,973.523.8532,2023-12-25,Prepaid
4390,Laura Warren,kgolden@example.org,+1-642-358-2505,2023-10-19,Postpaid
4391,Richard Dominguez,jaycarpenter@example.org,+1-316-564-2757x302,2024-07-21,Postpaid
4392,Holly Reynolds,wilsonzachary@example.net,001-681-505-7866x15888,2023-10-18,Prepaid
4393,Brian Sampson,cooleykaren@example.com,001-801-487-0300x356,2024-11-06,Postpaid
4394,Andrea Jacobs,claybryan@example.net,369-649-2815,2025-02-01,Prepaid
4395,Misty Smith,oneilllucas@example.com,803-492-3140x607,2024-11-27,Prepaid
4396,Jason Hernandez,russelljessica@example.org,(838)830-5678,2023-08-17,Postpaid
4397,Kimberly Skinner,charles12@example.net,502.516.8104x868,2024-06-10,Prepaid
4398,Thomas Esparza,vnorton@example.org,2025132811,2024-04-24,Prepaid
4399,James Brewer,wolferichard@example.net,852.725.2309x452,2023-09-13,Postpaid
4400,John Diaz,solisjeffery@example.org,572.330.5366x25886,2024-07-18,Postpaid
4401,Sabrina Rios,tanyahall@example.net,834-610-1008,2023-08-16,Postpaid
4402,Hannah Johns,caroline70@example.com,+1-830-204-1763,2023-06-24,Prepaid
4403,Emily Black,shepherdkenneth@example.net,(260)446-3148,2024-10-03,Postpaid
4404,Steven Carr,deborahdaniel@example.com,223-964-6367,2024-08-10,Postpaid
4405,Angel Andrews,molly95@example.net,266.200.7856x806,2024-01-09,Prepaid
4406,Garrett Garcia,lynnmunoz@example.com,5072371492,2024-06-07,Prepaid
4407,Angela Powell,watkinspeter@example.net,001-817-915-5547x6346,2023-08-21,Prepaid
4408,William Nelson,gonzalezdanielle@example.org,(270)738-8126x3003,2025-04-15,Postpaid
4409,Brian Ball,william76@example.com,+1-229-278-6590x5522,2023-06-15,Postpaid
4410,Mariah Brown,mjohnson@example.net,(390)320-0292x32625,2023-12-05,Prepaid
4411,Barry Case,anthony26@example.org,316-483-8152x7300,2024-09-01,Postpaid
4412,Mark Murphy,clifford92@example.net,(986)421-2531,2025-04-11,Prepaid
4413,Kelly Henderson,michelleburke@example.org,709-283-7550x11836,2023-07-04,Postpaid
4414,Lauren Tucker,davisjoshua@example.com,(829)670-7419x546,2023-08-25,Postpaid
4415,Michael Oneal,yperez@example.net,+1-200-265-9831x3239,2025-01-28,Postpaid
4416,Lawrence Nicholson,opowell@example.net,684.900.8348x25262,2024-05-20,Prepaid
4417,Valerie Palmer,williamcampbell@example.com,(611)311-9339x866,2024-06-04,Postpaid
4418,Christopher Ross,rjohnson@example.org,585-875-7293,2025-04-19,Postpaid
4419,Rhonda Grant,amandawilson@example.org,(764)362-9384,2023-12-04,Postpaid
4420,George Osborne,caseyjohnson@example.org,+1-417-948-6634x00305,2024-06-08,Prepaid
4421,Mr. Tyler Burgess,ujames@example.net,603.569.6319x5505,2024-01-08,Postpaid
4422,Susan Underwood,gina82@example.net,(224)950-0280x90206,2023-09-30,Postpaid
4423,Veronica Harding,montesmakayla@example.com,+1-339-528-9005x5412,2023-05-23,Prepaid
4424,Christopher Pugh,ronaldolson@example.org,001-996-421-2343,2024-09-11,Postpaid
4425,Sara King,villarrealeric@example.org,+1-632-248-0717,2023-06-13,Postpaid
4426,Donna Wilson,bullockjennifer@example.org,228.282.6698x758,2023-11-27,Prepaid
4427,Steven Wang,cathy47@example.net,(693)270-7290,2024-06-05,Prepaid
4428,Theresa Smith,davidsonluis@example.net,+1-555-683-1326x13576,2025-01-06,Prepaid
4429,Joshua Smith,waltersmisty@example.net,+1-965-965-9177x45940,2023-09-20,Prepaid
4430,Debra Ryan,johnsondarius@example.org,(618)714-1849x2560,2024-09-07,Postpaid
4431,John Barrett,xruiz@example.org,(211)498-5649x2846,2025-04-28,Prepaid
4432,Jeffrey Miller,lawsonrichard@example.org,443.995.9250,2023-10-05,Postpaid
4433,Donald Bryant,janetwilson@example.com,991.678.5065x94889,2024-09-06,Prepaid
4434,Cynthia Martin,michellealvarado@example.com,(285)751-4981,2023-08-19,Prepaid
4435,David Carr,elizabethgray@example.org,(943)759-5298x57255,2024-09-26,Postpaid
4436,Ronald Collins,vschroeder@example.org,992-270-5378x947,2024-11-22,Prepaid
4437,Kristi Finley,kkelly@example.net,001-626-616-6485x244,2024-02-09,Prepaid
4438,Kimberly Ruiz,pmoore@example.org,331-380-0871,2023-06-26,Prepaid
4439,Lauren Harper,armstrongrichard@example.org,(831)646-6725x8664,2024-07-08,Prepaid
4440,Kevin May,nicholasrobinson@example.net,+1-688-382-3789x7864,2024-07-23,Postpaid
4441,Sheryl Hicks,avilafrank@example.com,(917)397-1817,2023-06-27,Postpaid
4442,William Thomas,stevenporter@example.com,666.430.1775,2023-11-11,Prepaid
4443,Jorge Johnson,floydtammy@example.org,979.446.5323,2023-12-01,Postpaid
4444,Christy Clark,nguyengabrielle@example.net,+1-856-505-9981x47129,2024-01-29,Postpaid
4445,Mark Blackburn,ophillips@example.com,+1-496-844-4314x990,2024-09-03,Prepaid
4446,Leah Vaughan,ricardotrujillo@example.org,450.645.9985x76874,2023-11-27,Prepaid
4447,Gregory Allen,thomas34@example.com,237-415-6213x56099,2025-01-25,Postpaid
4448,Emily Sanchez,annajones@example.org,(982)485-4332x074,2024-11-15,Prepaid
4449,Randy Brown,kristen28@example.com,9264578829,2024-09-04,Postpaid
4450,Roger Oconnell,nancy29@example.com,001-793-230-8927x994,2023-07-05,Prepaid
4451,Christopher Gilbert,tfox@example.net,871.620.5431x6915,2023-08-09,Prepaid
4452,Morgan Bass,brownbrenda@example.com,+1-373-421-4769x7535,2024-11-24,Prepaid
4453,Kevin Ochoa,carol50@example.net,576-207-2795x036,2023-09-07,Postpaid
4454,Dylan Richardson,qsanchez@example.com,665-276-1196x53384,2024-07-28,Prepaid
4455,Benjamin Rogers PhD,rachaellutz@example.com,+1-632-431-6878x1504,2024-02-09,Postpaid
4456,Lisa Webb,silvadawn@example.com,+1-779-671-0518,2024-01-01,Prepaid
4457,Brian Parrish,donaldwhite@example.net,+1-961-528-7991x607,2025-03-01,Prepaid
4458,Julie Fox,amy02@example.com,511.331.6380,2024-03-15,Prepaid
4459,Mary Allen,descobar@example.org,468-204-8975x918,2024-02-17,Postpaid
4460,Xavier Ramirez,ucoleman@example.org,001-876-322-7153x8593,2024-02-21,Postpaid
4461,Paul Middleton,matthewkeith@example.com,001-584-661-0966x838,2023-10-16,Prepaid
4462,Amy Brooks,christopherjackson@example.net,001-689-288-5453x023,2025-02-07,Prepaid
4463,Debra Knight,williamrobertson@example.net,001-503-909-9489x86053,2023-12-14,Postpaid
4464,Makayla Schwartz,dylanevans@example.com,001-233-349-0137x084,2024-09-04,Prepaid
4465,Kimberly Owens,hallison@example.org,+1-787-464-6304x7146,2023-08-09,Prepaid
4466,Jessica Mccormick,codyrichardson@example.net,821.851.9631,2023-11-03,Postpaid
4467,John Mack,justin49@example.com,+1-587-414-5963,2023-07-12,Prepaid
4468,Brenda Burch,williamwaters@example.net,+1-962-751-9675,2024-04-25,Postpaid
4469,Sarah Francis,elliottkristopher@example.org,815-201-4480x82701,2023-11-03,Postpaid
4470,Michael Moore,baileyseth@example.net,576-360-8150,2024-09-15,Postpaid
4471,Cody Gilmore,kevin16@example.net,(503)745-0069x63229,2024-06-02,Prepaid
4472,Sabrina Hill,amytate@example.org,001-939-327-0134x670,2024-03-13,Prepaid
4473,Michael Graham,ramirezdonald@example.net,001-655-250-4332x62379,2024-08-08,Postpaid
4474,David Hughes,jeffreycarter@example.net,743.724.9433x0552,2024-08-29,Postpaid
4475,Brandon Adams,walkerbrittany@example.com,916-981-6546x64388,2023-07-10,Postpaid
4476,Cynthia Velazquez,frankkayla@example.com,840-534-5094x1065,2023-07-01,Postpaid
4477,Rachel Walker,hernandezmegan@example.com,373.623.1760x95188,2025-01-31,Prepaid
4478,Theresa Fuentes,tanderson@example.net,(257)484-4831x946,2023-07-08,Postpaid
4479,Andrew Taylor,nelsonjennifer@example.net,428.266.5140x8012,2024-04-20,Prepaid
4480,Jacob Summers,sjones@example.org,950.587.3121,2023-06-29,Postpaid
4481,Nicole Johnson,sschneider@example.org,001-390-421-6513x8993,2023-08-19,Postpaid
4482,Gabrielle Gaines,vdunn@example.com,(428)237-4077,2023-11-23,Postpaid
4483,Julie Woods,cordovajulie@example.net,838-522-4072,2025-03-24,Prepaid
4484,Vicki Ruiz,margaretwebster@example.org,(849)674-0387x83204,2024-02-23,Prepaid
4485,Bruce Lee,kelly49@example.net,749.581.5044,2024-06-24,Postpaid
4486,Ann Best,lrocha@example.net,453.911.4729x391,2023-07-07,Prepaid
4487,Darrell Gutierrez,mullenheidi@example.org,+1-659-453-7655x1365,2023-05-19,Prepaid
4488,Austin Miles,gcrane@example.org,9255487137,2024-04-06,Prepaid
4489,Gina Thomas,christinacampbell@example.com,(295)616-0850x221,2023-12-10,Postpaid
4490,James Rojas,kimberlybrennan@example.com,780.625.0538x2450,2025-02-26,Prepaid
4491,Michael Flowers,heidiprice@example.org,001-959-302-0352x47697,2023-12-20,Postpaid
4492,Jordan Kirk,valdezkimberly@example.org,789-716-2967x305,2024-05-08,Postpaid
4493,Lisa Rodriguez,pcook@example.net,001-266-260-3501x4707,2023-09-11,Prepaid
4494,Charles Miller,justinrobinson@example.org,344.567.1757,2023-05-14,Prepaid
4495,Julia Miller,tpeterson@example.net,768-259-7008x09282,2023-10-08,Postpaid
4496,Laura Stewart,amy98@example.com,(539)855-5017x12671,2025-04-12,Postpaid
4497,Kimberly Blackwell,davidbrown@example.com,+1-571-750-0410x39401,2025-02-16,Prepaid
4498,Maria Dominguez,jennifermcneil@example.net,+1-518-886-8882x0234,2023-12-06,Prepaid
4499,John Marshall,christopherdavis@example.net,753-899-6661,2023-06-30,Postpaid
4500,Sheila Dawson,christopher17@example.org,(915)400-5624,2023-08-26,Prepaid
4501,Vanessa Turner,ysuarez@example.org,878.836.6858,2023-07-27,Postpaid
4502,William Myers,wbridges@example.com,001-821-625-2035,2025-02-12,Postpaid
4503,Charles Hardy,uarmstrong@example.org,(484)715-3371x38973,2024-11-14,Prepaid
4504,Melissa Pierce,chase92@example.net,842-777-2377,2024-12-01,Postpaid
4505,Henry Hebert,wbarnes@example.org,689.219.4458x63213,2025-01-29,Prepaid
4506,Megan Blake,monicapalmer@example.net,(639)234-1142x2714,2024-01-31,Postpaid
4507,John Friedman,whitesandra@example.org,+1-819-273-6776x977,2023-10-14,Prepaid
4508,Anna Adams,bonnie24@example.net,(498)337-6998,2024-09-22,Postpaid
4509,Joshua Palmer,steve39@example.org,659-759-4974x12524,2024-09-05,Prepaid
4510,Kathryn Duke,zjohnson@example.com,611.368.7032x28299,2023-08-05,Postpaid
4511,John Smith,michellemurphy@example.net,(401)649-5189x25518,2023-08-17,Prepaid
4512,Kayla Waters,nicholsrobert@example.com,+1-963-412-3615x31880,2025-01-31,Prepaid
4513,Paul Schroeder,kristinwood@example.net,(391)430-9075,2023-05-02,Prepaid
4514,Nancy Schroeder,greg96@example.net,+1-291-295-6129x1626,2024-10-19,Postpaid
4515,Dennis Nielsen,dpratt@example.net,001-499-747-1797,2024-07-05,Postpaid
4516,John Long,kylejones@example.net,(874)875-9542x49092,2023-10-21,Postpaid
4517,Robert Gross,rodriguezstacey@example.org,941.258.6604,2024-11-28,Prepaid
4518,Peter Davis,jessica35@example.net,(717)931-2775,2024-05-28,Prepaid
4519,Steven Wilkins,shieldscassandra@example.com,001-502-414-8132,2024-05-18,Prepaid
4520,Allen Perkins,alexisthomas@example.org,+1-537-846-0387x80778,2025-02-13,Postpaid
4521,Kyle Ochoa,toddmendez@example.org,+1-979-742-9046x0635,2024-04-26,Prepaid
4522,Michael King,qjones@example.com,+1-351-399-2729x088,2023-09-10,Postpaid
4523,Charles Kim,ggarcia@example.org,001-695-495-6320x29093,2024-02-17,Prepaid
4524,Mrs. Amy Carter DDS,elizabethschmidt@example.net,001-762-201-0296x410,2023-10-30,Postpaid
4525,Tina Mccarthy,ingramian@example.org,(931)380-0934x6155,2024-04-11,Prepaid
4526,Courtney Clay,vmays@example.org,001-602-391-6222,2023-05-17,Postpaid
4527,William Thomas,hubbardcarl@example.com,2242879135,2024-02-18,Prepaid
4528,James Nguyen,christinawillis@example.com,(584)590-1900x50564,2024-11-04,Postpaid
4529,Dr. James Turner,emiller@example.com,948-751-8117x20080,2024-09-23,Postpaid
4530,Stephanie May,morenoryan@example.net,664-342-0628x52877,2024-11-14,Prepaid
4531,Erik Miller,oweiss@example.net,+1-498-870-9003,2023-06-15,Prepaid
4532,Timothy Martinez,howardnathan@example.com,001-604-979-8465,2024-08-19,Prepaid
4533,Ronald Hobbs,joneseric@example.org,(868)347-3737x6729,2025-01-03,Prepaid
4534,Courtney Johnson,vaughnbrooke@example.net,+1-982-314-9698x2251,2023-09-27,Prepaid
4535,Craig Robinson,brownkatherine@example.org,(977)625-7152,2023-08-18,Postpaid
4536,Michael Joseph,cindyanderson@example.org,510-784-4732x01340,2024-08-21,Prepaid
4537,Stephen Porter,obutler@example.org,(405)458-9870x601,2024-02-09,Prepaid
4538,Nancy Gonzalez,andersonmegan@example.org,001-712-401-4080,2023-08-12,Postpaid
4539,Joshua Johnson,odavidson@example.org,632.277.9224x8867,2025-03-06,Postpaid
4540,Julie Martinez,james48@example.org,772-823-2020x74375,2025-03-28,Postpaid
4541,Jennifer Fields,nsanchez@example.com,300.428.0106,2024-06-22,Postpaid
4542,Sarah Anderson,cynthiareyes@example.org,+1-332-286-0365,2024-09-08,Postpaid
4543,Cindy Reyes,phernandez@example.com,001-242-561-6830,2023-12-12,Prepaid
4544,Jason Morris,iberry@example.net,8646424921,2024-01-17,Postpaid
4545,Hannah Glenn,efreeman@example.org,(512)410-1527,2025-03-14,Postpaid
4546,Amber Marshall,dreeves@example.net,403.595.2948,2024-10-21,Prepaid
4547,Scott Gonzalez,elizabeth06@example.net,330.452.3042,2024-12-07,Prepaid
4548,Thomas Hamilton,julianmatthews@example.org,+1-382-336-2156x6703,2025-03-19,Prepaid
4549,Jacob Gomez,parkerkrista@example.org,673.256.2280x271,2024-01-18,Prepaid
4550,Richard Huber,clementsalexandria@example.com,+1-889-765-5361,2023-05-03,Postpaid
4551,Ashley Morris,robertskimberly@example.com,823-872-1644x235,2024-04-21,Prepaid
4552,Jesse Bauer,daltonsanders@example.net,+1-679-870-6701x8408,2023-05-04,Prepaid
4553,Eric James,carlcooley@example.com,758.853.0919x29693,2025-03-15,Prepaid
4554,Chloe Davis,roy39@example.net,541-392-1462x606,2024-12-29,Prepaid
4555,Joe Becker,bartonbelinda@example.net,980.369.5789,2024-11-08,Prepaid
4556,William Horton,amandadavies@example.org,001-499-458-7679,2025-02-03,Postpaid
4557,Jimmy Shaw,lisa82@example.net,001-970-956-1399x7480,2023-09-20,Postpaid
4558,Derrick Velasquez,osbornecindy@example.com,458.316.7354x4658,2024-09-02,Prepaid
4559,Alejandro Johnson,patrick87@example.org,373.620.2712,2024-03-22,Postpaid
4560,Amanda Watkins,garciasherri@example.org,(617)893-7715,2024-12-27,Postpaid
4561,Denise Powers,vchandler@example.net,+1-786-466-1915x7410,2025-02-12,Prepaid
4562,Holly Williams,parkerryan@example.net,001-310-496-5714x53995,2024-02-10,Prepaid
4563,Joseph Moore,aaustin@example.com,001-935-875-0365,2024-11-19,Prepaid
4564,Rebecca Banks,wwallace@example.org,7229472644,2024-04-20,Prepaid
4565,John Riley,jameskimberly@example.net,394-653-3411x344,2024-03-17,Postpaid
4566,Mr. Scott Hoffman,scrawford@example.org,583-218-5214,2025-01-02,Prepaid
4567,Stephanie Mueller,russellerin@example.net,338-683-4574,2023-11-26,Postpaid
4568,Jason Foster,reedmegan@example.com,456.390.6318x45714,2024-11-19,Postpaid
4569,April Melendez,timothy64@example.org,555.473.5851,2025-01-17,Prepaid
4570,Sandra Buckley,cookmark@example.org,5503893094,2023-12-07,Postpaid
4571,Joann Johnson,smithtanya@example.org,(408)812-6512x6417,2025-03-12,Prepaid
4572,Mary Owens,bellemily@example.com,(500)643-0776x08385,2025-04-06,Prepaid
4573,Joshua Holder,kyle13@example.com,001-257-751-1242x698,2024-06-23,Prepaid
4574,Robyn Price,sherri79@example.net,911-713-0387,2023-09-08,Prepaid
4575,Cynthia Smith,tyler66@example.com,653-392-4519x72424,2023-05-30,Postpaid
4576,Tyler Arroyo,kurt82@example.org,390.669.9543x76040,2024-03-13,Prepaid
4577,Kristina Stevens MD,debra48@example.net,582-792-2713,2025-02-07,Postpaid
4578,Karen Burgess,mpayne@example.net,(656)916-7101x418,2023-06-04,Postpaid
4579,Meredith Bryant,millerjanice@example.org,001-608-654-3319x934,2024-04-06,Prepaid
4580,Kyle Peters,bnorris@example.org,812-365-4963,2023-05-24,Postpaid
4581,Erica Petty,paulaflores@example.com,+1-602-538-8472,2024-05-18,Postpaid
4582,Margaret Collins,bernardmyers@example.org,(764)750-5102x75810,2024-02-11,Postpaid
4583,Connie Thompson,johnsonmario@example.com,(527)209-0337x96214,2025-02-16,Prepaid
4584,Christopher Rivera,leah08@example.org,+1-658-997-6901x88156,2023-12-07,Prepaid
4585,John Greer,andersondestiny@example.net,511-305-3588x94011,2024-01-10,Prepaid
4586,Donald Harrell,kmcdonald@example.org,489-256-5951x1923,2024-06-27,Prepaid
4587,Mr. Allen Murphy,sara63@example.net,+1-410-507-3431x68943,2024-07-03,Prepaid
4588,Rebecca Perez,sandersdebra@example.net,001-700-805-2538x509,2025-03-07,Prepaid
4589,Edgar Peterson,andre49@example.org,888.652.7329x7885,2024-10-26,Postpaid
4590,Joseph Porter MD,olivia25@example.com,(627)661-5110,2025-03-21,Postpaid
4591,Lisa Vasquez,fkirby@example.com,001-836-949-7883,2024-06-06,Postpaid
4592,Ariana Dean,ugreene@example.net,448-548-6323x0770,2023-09-01,Postpaid
4593,Patricia Robbins,joelperry@example.net,(591)367-0732,2025-04-02,Postpaid
4594,Katherine Miller,dlawson@example.com,(442)342-6553x76111,2024-01-22,Postpaid
4595,Rachel Ellis,urodriguez@example.com,947.895.4737x439,2023-12-14,Postpaid
4596,Karen Flores,alyssa70@example.com,(204)923-4627,2024-10-21,Prepaid
4597,Jeffrey Clark,lawsonjeremy@example.org,873-961-1987,2024-08-09,Postpaid
4598,Carmen Cook,christopher60@example.net,851.923.2577x13785,2025-03-21,Prepaid
4599,Adam Johnson,kadams@example.com,(586)605-1062x87758,2023-05-15,Postpaid
4600,Michele Jones,williamskevin@example.org,350-751-8260,2023-06-30,Postpaid
4601,Richard Martinez,isaacbrown@example.com,361.341.6670x441,2025-02-22,Prepaid
4602,Traci Whitney,jennifer24@example.net,001-888-654-0441x0037,2023-11-01,Prepaid
4603,Mrs. Valerie Young,denniskristin@example.net,2165780143,2024-11-07,Prepaid
4604,Roger Huang,hallevelyn@example.org,(498)765-9361x7227,2023-11-20,Prepaid
4605,Sarah Clark,elliottamanda@example.com,233-666-4832,2023-06-23,Postpaid
4606,Breanna Roberts,melissamendez@example.net,938.573.1985x94989,2024-08-11,Prepaid
4607,Crystal Graham,wendycunningham@example.com,001-313-772-0729x44541,2024-07-07,Postpaid
4608,Jessica Roberts,sarah95@example.org,+1-371-581-8979x62254,2023-05-31,Prepaid
4609,Shelby Lutz,anthonymills@example.net,(386)394-3833x877,2023-10-21,Prepaid
4610,John Medina,jasongarcia@example.net,845.931.4198x8353,2024-08-09,Postpaid
4611,Erica Riddle,georgejose@example.net,547-636-9374,2024-09-09,Postpaid
4612,Ellen James,bellevan@example.org,636.715.9072x0451,2023-10-29,Prepaid
4613,Christopher Velez,michael82@example.net,806.977.3073x4144,2024-11-14,Postpaid
4614,Robert Clark,ericasuarez@example.org,784-326-1081x6975,2024-06-18,Postpaid
4615,Deborah Hayes,jason64@example.org,001-342-406-7955x01508,2024-09-19,Postpaid
4616,Miguel Jensen,yho@example.net,+1-681-649-5389,2024-10-30,Prepaid
4617,Michelle Daniel,kathrynrice@example.net,+1-986-751-1973x296,2023-09-25,Postpaid
4618,Donald Woods,jasminegriffin@example.com,325.623.8735x24231,2024-07-21,Prepaid
4619,Pam Dennis,rblankenship@example.net,(578)986-5554x8758,2023-09-08,Prepaid
4620,Theresa Donovan,bmiles@example.net,001-438-893-4278,2023-06-04,Prepaid
4621,Julie Davidson,erin44@example.net,(363)480-8226x9275,2024-07-14,Prepaid
4622,Kaitlin Chang,joanross@example.org,(492)500-2324x7211,2024-08-10,Postpaid
4623,Nathan Castaneda,amy16@example.org,757.982.2329,2025-04-07,Postpaid
4624,Taylor Peterson,christian10@example.net,001-690-898-0767,2024-12-16,Postpaid
4625,Jill Taylor,diazstephen@example.org,001-207-201-2729x8560,2023-09-03,Prepaid
4626,Ronald Hartman,derrick93@example.net,220.862.6390,2024-08-20,Prepaid
4627,Dennis Wade,terrineal@example.net,776-403-0639x8007,2024-02-13,Postpaid
4628,Michael Woods,jburns@example.org,369.731.1340x093,2025-02-07,Prepaid
4629,Stephanie Taylor,mikezavala@example.net,(538)239-5968,2024-07-05,Prepaid
4630,David Young,cindyjohnson@example.com,001-584-269-0301,2024-07-07,Postpaid
4631,Melissa Patterson,xvasquez@example.net,001-218-495-2555,2023-12-10,Prepaid
4632,Tamara Hansen,brittneywallace@example.org,+1-928-516-4497,2025-04-25,Prepaid
4633,Sherry Adams,emma71@example.net,+1-878-900-5460x7045,2025-02-04,Postpaid
4634,Christine Walker,walkerwilliam@example.org,851-888-4512x0919,2024-11-21,Postpaid
4635,Patrick Christensen,qjones@example.org,989-303-9721,2023-09-23,Postpaid
4636,Lauren Allen,wendyryan@example.com,+1-223-573-9970x18942,2023-11-16,Postpaid
4637,Sherry Cole,lbarrett@example.com,247-872-7010,2025-03-18,Postpaid
4638,Kaitlin Phillips,john76@example.net,484.467.7338,2024-08-06,Postpaid
4639,Jacqueline Reed,marywelch@example.net,(586)938-9423x4517,2023-05-24,Postpaid
4640,Brianna Parks,laurafritz@example.org,470-980-7359x36375,2025-04-14,Prepaid
4641,Amy Moreno,oavila@example.org,818.599.0275x6397,2023-06-14,Postpaid
4642,Julie Harris,zsmith@example.com,+1-945-837-9539x74816,2024-01-20,Prepaid
4643,Cynthia Smith,michaelshepherd@example.net,001-410-227-0476x6289,2023-08-18,Prepaid
4644,Heather Mcdonald,millerdavid@example.org,423.406.1148,2024-02-10,Postpaid
4645,Denise Mills,sherrikeller@example.net,001-270-563-9905x511,2025-02-17,Postpaid
4646,David Hernandez,ftaylor@example.org,+1-837-458-9224x407,2024-12-05,Prepaid
4647,Jeffrey Reyes,john21@example.net,(565)351-7400,2024-09-05,Prepaid
4648,Tyler Williamson,bautistamelissa@example.org,795.640.7432,2023-11-25,Prepaid
4649,Lauren Jennings,brianmiller@example.com,(892)253-6522x89549,2024-11-05,Postpaid
4650,Malik Campbell,kyledavidson@example.net,6973120017,2025-02-09,Postpaid
4651,Janice Collins,rachel85@example.com,6166466576,2023-05-17,Postpaid
4652,Howard White,thompsoncarl@example.net,001-662-336-8015x62597,2023-06-20,Prepaid
4653,Anthony Smith,susan89@example.com,285-962-3025,2024-03-03,Prepaid
4654,Adam Russo,fatkinson@example.net,(271)221-5599,2024-10-12,Postpaid
4655,Morgan Lee,djones@example.org,+1-519-318-3572x338,2024-08-21,Postpaid
4656,Anna Brown,daniellerobinson@example.org,001-253-283-3602x94722,2024-01-04,Postpaid
4657,Angela Dean,dgordon@example.org,409.703.5734,2023-10-10,Prepaid
4658,Alex Nelson,perezjacob@example.com,8056939976,2023-05-08,Postpaid
4659,Reginald Drake,bradley85@example.net,320-332-9624,2024-10-30,Postpaid
4660,Natalie Lane,sarah37@example.net,001-464-506-5251x5443,2024-01-24,Postpaid
4661,George Reyes,sbarnett@example.org,(747)327-5603x8146,2023-06-24,Prepaid
4662,Lisa Huber,hrussell@example.net,556.429.8225,2023-09-22,Postpaid
4663,Micheal Larsen,teresaruiz@example.com,(559)774-7371,2024-02-18,Prepaid
4664,Jennifer Taylor,jessicawilson@example.net,001-327-648-6501x9356,2023-05-08,Postpaid
4665,Emily Strickland,kjohnson@example.net,+1-804-952-9744,2024-03-22,Postpaid
4666,Brendan Harris,robertbarnett@example.org,001-910-218-3095,2024-05-31,Prepaid
4667,Taylor Wilcox,justin87@example.com,001-794-405-1580x884,2023-10-26,Prepaid
4668,Deborah Harris,franklopez@example.net,9383200102,2023-10-14,Prepaid
4669,Elizabeth Lewis,levymark@example.net,374.787.2554x21131,2023-09-23,Prepaid
4670,Christian Bonilla,wrightmark@example.com,(383)219-3715x63064,2024-03-27,Postpaid
4671,Johnathan Ballard,johntaylor@example.com,+1-813-792-3648x5482,2024-11-12,Postpaid
4672,Amy Fuller,riversjoseph@example.org,445-873-7698x33016,2024-06-18,Postpaid
4673,Scott Lewis,cjohnston@example.com,664-782-5688x166,2024-06-04,Prepaid
4674,Andrew Johnston,freynolds@example.com,847-373-6441,2024-06-13,Prepaid
4675,Jennifer Jordan,michaelgonzalez@example.org,001-241-692-1787x788,2025-01-12,Prepaid
4676,Annette Woods,kolsen@example.org,673-406-1460x683,2023-07-04,Postpaid
4677,Ricky Sweeney,jacksonlori@example.com,386-616-1531x5425,2024-06-11,Prepaid
4678,Taylor Harris,douglasmartinez@example.com,254.342.4381,2024-08-03,Prepaid
4679,Catherine Vasquez,ayalakimberly@example.com,940.972.2826x4389,2023-12-11,Prepaid
4680,Alan Hays,perezkenneth@example.com,328.690.9743x471,2024-04-19,Postpaid
4681,Christopher Murray,matthewjohnson@example.net,3489079421,2023-10-10,Prepaid
4682,Anne Gomez,fmartin@example.net,392.624.5692,2024-07-08,Prepaid
4683,Patrick Lopez,dlong@example.com,(364)555-8206x25184,2023-07-08,Prepaid
4684,Jennifer Sweeney,stevenpowers@example.org,(293)602-9686x9887,2023-11-03,Postpaid
4685,Stephanie Griffin,hamptonkimberly@example.net,(352)255-8732x975,2024-12-09,Postpaid
4686,Stephanie Kirk,mary26@example.net,001-240-305-2569x0567,2023-07-19,Prepaid
4687,Heather Martinez,lance90@example.com,389-216-2761x9680,2024-04-26,Postpaid
4688,Kendra Curtis,jenniferroberts@example.org,(282)429-9300,2023-06-29,Prepaid
4689,Meghan Hunt,sarah32@example.org,(355)905-6025x771,2023-05-29,Prepaid
4690,Paul Williamson,sampsontiffany@example.net,+1-486-885-1026,2024-12-23,Postpaid
4691,Nathaniel Chen,jon64@example.com,001-270-221-4431x90874,2023-09-15,Prepaid
4692,Jennifer Blanchard MD,cruzrichard@example.net,(530)672-1695x90399,2024-04-29,Postpaid
4693,Ashley Hoover,ehays@example.com,(846)231-1785,2024-01-13,Prepaid
4694,Claudia Lopez,morrissarah@example.org,677-897-4228x7364,2023-06-04,Postpaid
4695,Paul Townsend,bhamilton@example.com,+1-697-805-0809,2024-01-22,Postpaid
4696,Reginald Woods,morenojuan@example.org,(838)686-9300x570,2024-01-05,Postpaid
4697,Michael Lopez,gstanley@example.org,001-712-578-5365x31070,2025-04-09,Prepaid
4698,Andrea Perkins,phillip17@example.org,827-994-9465,2024-09-22,Prepaid
4699,Karen Gonzalez,rebekahlopez@example.org,650.649.5252x73762,2025-03-11,Prepaid
4700,Bradley Thompson,dwright@example.com,593-654-2411,2024-05-11,Postpaid
4701,Veronica Davis,ethan20@example.org,(867)435-3969,2023-11-28,Postpaid
4702,Devon Skinner,margaretlee@example.org,288.325.6080x7236,2024-07-16,Prepaid
4703,Samuel Brock,staceycampbell@example.net,001-286-899-5083,2025-03-10,Prepaid
4704,Mariah Melendez,tyler44@example.org,465.727.3572x9911,2024-04-24,Prepaid
4705,Shawna Reed,leah90@example.net,001-670-402-5641x83033,2024-02-05,Postpaid
4706,Brandon Clarke,jorgemiller@example.org,6058987423,2023-11-03,Postpaid
4707,Mark Garcia,mtaylor@example.net,660.911.5085,2023-11-05,Postpaid
4708,Antonio Bright,mbeck@example.org,+1-262-234-7736x32350,2023-08-24,Postpaid
4709,Vicki Schmitt,kyleorozco@example.org,+1-586-232-2976x2795,2025-01-16,Prepaid
4710,Jeffrey Gilbert,matthewstone@example.org,(473)568-8760x3549,2023-05-19,Postpaid
4711,Aaron Chapman,rodriguezbreanna@example.net,+1-441-692-4332,2025-02-16,Prepaid
4712,Jennifer Riley,joshua68@example.net,+1-222-775-7175x4338,2024-03-24,Prepaid
4713,Jeffrey Wise,jillcampbell@example.net,362-451-4030,2024-05-30,Prepaid
4714,Hannah Pope,heathermoreno@example.com,+1-627-389-8899,2025-02-09,Prepaid
4715,Bethany Aguilar,bproctor@example.net,596.554.1260x9358,2024-08-10,Postpaid
4716,Nicole Harrison,rhartman@example.net,(979)244-7094x293,2024-12-02,Postpaid
4717,Randall Nelson,erinramos@example.org,(585)474-4483x28790,2025-04-18,Prepaid
4718,Terri Weber,jennifersmith@example.com,001-742-348-6178,2023-10-07,Postpaid
4719,Robert Estes,edwardluna@example.net,(808)975-7452,2023-08-15,Prepaid
4720,Deborah May,dennisyoung@example.com,453.703.3184x234,2023-06-10,Prepaid
4721,Allen Moore,jessica51@example.net,+1-247-394-7934,2025-03-23,Prepaid
4722,Ashley Watkins,david96@example.net,+1-842-264-3905x5671,2023-07-07,Postpaid
4723,Ms. Laura Rodriguez,glennalvarez@example.net,001-202-275-1966x826,2024-01-06,Prepaid
4724,Caleb Mcknight,jacobbutler@example.org,+1-958-814-5463,2023-05-23,Prepaid
4725,Anna Bradley MD,melissa51@example.net,225-463-2020x563,2025-02-10,Postpaid
4726,Darlene Ford,wendy58@example.org,748-692-7345x341,2025-03-20,Prepaid
4727,Brian Spencer,gabriel34@example.org,448.828.9532x7968,2025-01-29,Prepaid
4728,Jamie Atkinson,timothybaker@example.com,+1-653-424-0976x555,2023-08-08,Prepaid
4729,Nancy Johnson,bmorse@example.net,+1-834-664-9639x627,2025-03-29,Postpaid
4730,Kyle Lee,pclark@example.com,(250)459-6941x3157,2024-11-16,Postpaid
4731,Tyler Keller,natashamclaughlin@example.com,643-456-4378x82090,2023-11-13,Postpaid
4732,Robert Jones,tamara93@example.net,9969898587,2024-02-29,Prepaid
4733,Jimmy Frazier,vstone@example.com,485.926.0553x49785,2024-08-05,Postpaid
4734,Melissa Miller,stephaniewillis@example.org,770-546-7738x4046,2025-03-29,Prepaid
4735,Mark Lopez,owilcox@example.org,382.628.4005x70667,2023-06-08,Prepaid
4736,Lauren Johnson,qwoodward@example.com,599-551-1828x743,2023-09-27,Postpaid
4737,Erica Williams,rchan@example.org,+1-810-500-3413x694,2024-04-10,Prepaid
4738,Brandon Mendoza,alex73@example.net,770.763.2744x8411,2024-11-01,Postpaid
4739,Thomas Carter,matthewbanks@example.net,(232)390-3016x1483,2024-04-27,Prepaid
4740,Michael Pope,robert76@example.net,001-702-784-2893,2025-03-31,Postpaid
4741,Sharon Andrade,jonathandavis@example.com,+1-640-631-9008,2024-12-21,Postpaid
4742,Sharon Jensen,bclark@example.org,626-750-2487x370,2023-08-19,Prepaid
4743,Shannon Evans,ehernandez@example.net,001-647-865-7095x591,2023-09-10,Postpaid
4744,Christopher Chandler,nelsonandrew@example.net,(307)891-8525x578,2023-09-04,Postpaid
4745,James Nguyen,garciajason@example.com,(961)321-0850,2024-05-01,Postpaid
4746,Gregory Dyer,swilliams@example.com,8173067488,2024-10-21,Prepaid
4747,Jacqueline Cummings,michaelfischer@example.org,+1-434-413-8063,2024-04-23,Postpaid
4748,Sarah Jones,joneskimberly@example.org,2349089872,2023-11-15,Prepaid
4749,Albert Reed,haydenkayla@example.org,001-620-481-6595x717,2023-05-26,Prepaid
4750,Andrea Mcdonald,christophersims@example.org,(787)544-4548x089,2024-07-23,Postpaid
4751,Stephanie Holloway,duane13@example.com,001-514-256-2735x32979,2024-04-22,Postpaid
4752,Jim Walker,haydenhailey@example.com,(429)349-5368,2024-07-17,Postpaid
4753,Steven Scott,robert89@example.org,772.639.4394,2023-08-21,Prepaid
4754,Cindy Howell,casedavid@example.net,+1-455-340-5347,2025-04-21,Postpaid
4755,Jason Costa,lynchloretta@example.net,827-496-6573x605,2024-09-17,Postpaid
4756,Earl Jones,qpage@example.com,001-848-362-6897x700,2023-05-05,Postpaid
4757,Susan Young,florescarmen@example.net,2933888476,2023-09-18,Postpaid
4758,Stacy Obrien,amberharper@example.org,(231)236-5105x696,2024-12-01,Prepaid
4759,Jordan Evans,carlosrobinson@example.org,(768)571-8390x6994,2023-06-12,Prepaid
4760,Tracey Lewis,andrea34@example.net,(433)255-8249,2023-09-02,Prepaid
4761,Jason Garcia,hreid@example.com,+1-823-648-4511x091,2024-07-22,Postpaid
4762,Anne Peterson,glynn@example.com,001-470-721-0820x991,2024-06-30,Prepaid
4763,Morgan Roach,ronald09@example.org,8102142704,2024-12-30,Postpaid
4764,Dana Duarte,jennifer31@example.net,785.261.4739,2025-02-14,Prepaid
4765,Edwin Hernandez,lisaburton@example.net,001-661-785-0088,2024-07-20,Prepaid
4766,Rebecca Rios,marywilliams@example.com,+1-945-927-7742,2024-04-01,Postpaid
4767,Crystal Young,shellymiller@example.org,001-813-380-1510x14863,2024-03-11,Postpaid
4768,Ian Garcia,jameswest@example.net,(469)969-4498x8881,2023-05-16,Prepaid
4769,Megan Young,jdunn@example.net,900.312.3626x77879,2025-04-26,Postpaid
4770,Bridget Estrada,charleneryan@example.org,(986)406-6401x70200,2025-03-30,Prepaid
4771,Bryan Martin,aprilpierce@example.org,(569)527-3299x70904,2023-10-04,Prepaid
4772,Kimberly Black,james14@example.com,201-276-1792,2024-03-20,Prepaid
4773,Leah Stewart,qgeorge@example.org,(942)880-0692x7345,2025-03-13,Postpaid
4774,Pamela Flores,bpeterson@example.com,458-508-6357x042,2024-02-12,Prepaid
4775,Bianca Anderson,ecole@example.net,796-840-4461x14951,2024-10-08,Postpaid
4776,Tyler Davis,westandrew@example.org,650.878.4126,2024-01-04,Prepaid
4777,Jody Willis,fwright@example.com,476-222-9654x01195,2024-03-06,Postpaid
4778,William Ferrell,rodgersrichard@example.org,(844)970-3524x2967,2024-08-14,Prepaid
4779,Cameron Jimenez,joseph22@example.com,001-952-751-3140,2024-05-24,Postpaid
4780,Gary Cole,paularocha@example.com,+1-502-479-2992,2023-10-27,Postpaid
4781,James Kelly,patriciastewart@example.net,(461)754-6136,2024-08-29,Postpaid
4782,Connie Phillips,dmccarthy@example.org,+1-378-895-2716,2024-11-27,Postpaid
4783,Beth Miller,athompson@example.org,570-378-9383,2024-02-28,Postpaid
4784,Kimberly Wells,madelinerodriguez@example.net,232-587-1611,2023-09-16,Prepaid
4785,Victoria Mooney,charleskennedy@example.net,(399)216-9535,2023-05-23,Postpaid
4786,Michelle Myers,raymond00@example.org,001-410-510-0800x9888,2024-11-16,Postpaid
4787,Amy Gonzalez,barbara33@example.com,001-963-406-6018,2023-09-04,Prepaid
4788,Robert Fletcher,carpenterjesus@example.net,8257637715,2023-11-08,Postpaid
4789,Michael Becker,joneskim@example.org,+1-484-600-1001x21520,2023-08-29,Prepaid
4790,Chris Miller,michael53@example.net,930-787-8421x30993,2024-09-28,Postpaid
4791,Desiree Serrano,carl48@example.net,+1-305-725-6050x0034,2024-11-29,Postpaid
4792,Michael Nelson,vcoleman@example.org,+1-815-629-8600,2024-05-11,Prepaid
4793,Courtney Jenkins,ugallagher@example.net,+1-882-568-0069x9634,2025-02-07,Postpaid
4794,Taylor Noble,bbrown@example.org,7819728611,2023-12-10,Postpaid
4795,Aaron Wood,lrussell@example.com,001-452-266-0876x7582,2024-06-02,Postpaid
4796,David Hughes,jeffreyrichardson@example.com,001-563-249-6460,2024-01-23,Prepaid
4797,Samantha Zuniga,billypowers@example.org,742-745-1242x06196,2024-01-02,Postpaid
4798,Erik Quinn MD,muellersally@example.net,+1-956-476-1011x84652,2025-02-27,Prepaid
4799,John Torres,houseelizabeth@example.org,+1-985-892-5654,2024-09-27,Postpaid
4800,Gail Welch,alejandra73@example.com,607.685.6909x2507,2024-08-23,Prepaid
4801,Virginia Rush,jacobhull@example.org,+1-853-975-0319x5834,2023-11-18,Postpaid
4802,Mark Martinez,stephanierandolph@example.org,(590)527-2325x6791,2024-04-12,Prepaid
4803,Melody Vang,johnnunez@example.org,(383)897-5398x8216,2024-01-21,Prepaid
4804,Chad Stephens,pbowers@example.com,238-214-2482,2024-10-20,Postpaid
4805,Sandra Morgan,gdrake@example.org,001-227-527-3056x9394,2023-12-26,Postpaid
4806,Jeffery Taylor,michaelperez@example.net,001-575-514-5957x38451,2025-01-30,Postpaid
4807,Michael Johnson,james77@example.org,(239)572-2862x8292,2023-11-11,Prepaid
4808,Jessica Hamilton,danny29@example.org,(302)685-6650,2024-02-04,Prepaid
4809,Damon Nelson,troyhester@example.org,876.737.7179,2025-01-29,Prepaid
4810,Terri Barber,nathaniellee@example.org,705.587.6276x86195,2023-12-01,Postpaid
4811,Andrea Fernandez,michaelrivers@example.org,907.593.0346x7904,2024-07-30,Postpaid
4812,Randy Alvarado,allisonapril@example.org,989-211-2968x637,2024-09-16,Postpaid
4813,Matthew Mcguire,christopher95@example.org,573-800-2052x499,2024-05-15,Postpaid
4814,Patrick Townsend,jameshoward@example.com,700.248.1414,2025-03-11,Prepaid
4815,Jake Phillips,sawyerscott@example.net,682-218-7222,2025-04-28,Postpaid
4816,Melanie Fuller,annamora@example.net,552-253-2804,2023-05-26,Postpaid
4817,Gina Chavez,matthew02@example.org,001-529-841-2729x436,2024-08-13,Postpaid
4818,Elizabeth Greer,tylermitchell@example.net,5418177958,2024-03-18,Prepaid
4819,Daniel Martinez,rodriguezruben@example.net,001-732-697-3832,2024-05-07,Postpaid
4820,Nicolas Hunter,julie49@example.com,+1-601-844-6555x514,2025-03-15,Postpaid
4821,Heather Chang,millerchristina@example.net,463-876-9482x1446,2025-04-07,Postpaid
4822,Melissa Campbell,ebeck@example.org,984.984.8390x2922,2025-01-01,Postpaid
4823,Sarah Hayes,peterhudson@example.com,285.704.1733,2024-04-02,Prepaid
4824,Andrew Garrison,gregory63@example.org,799.573.2795,2025-03-04,Prepaid
4825,Valerie Peters,amandajohnston@example.net,(255)247-5385,2024-12-16,Postpaid
4826,David Abbott,hesterwilliam@example.net,914-602-7816x823,2024-04-22,Prepaid
4827,Laura Collier,amy14@example.com,7015054645,2023-09-13,Prepaid
4828,Mark Barrett,moralessandra@example.com,986.516.9868x51065,2023-09-13,Postpaid
4829,Brittany Bowen,samantha11@example.org,941.652.5112,2024-08-28,Prepaid
4830,Vincent Lang,santiagochristina@example.org,4874127749,2024-12-10,Prepaid
4831,Cheryl Maddox,kathydelacruz@example.com,559-986-9481x2634,2023-10-22,Postpaid
4832,Dwayne Arellano,taylorshannon@example.org,227-960-6968x43322,2024-09-01,Postpaid
4833,Stacey Jimenez,nataliedavidson@example.com,582.862.4757x535,2024-09-09,Prepaid
4834,Joshua Olson,rjohnson@example.com,+1-231-497-6751,2024-08-06,Prepaid
4835,Jennifer Durham,stephanie79@example.net,(798)781-7302x11492,2024-11-04,Postpaid
4836,Taylor Ferguson,wyattchad@example.org,001-570-757-1798,2025-03-03,Prepaid
4837,Thomas Pacheco,dustinrobinson@example.net,797-557-3486x742,2024-01-02,Postpaid
4838,Austin Frye,kennethboone@example.net,773.867.6893x402,2024-12-24,Prepaid
4839,Emily Jackson,amanda09@example.net,001-601-259-0845,2024-02-18,Prepaid
4840,Dawn Harris,andrewdavis@example.net,+1-370-577-1129,2024-03-21,Prepaid
4841,Amanda Santiago,denise05@example.org,001-471-763-2780x9453,2024-05-02,Postpaid
4842,Sarah Smith,deannaestes@example.org,557-973-3970,2024-08-13,Prepaid
4843,Amy Hunt,sgiles@example.net,001-675-371-7481x2216,2024-12-22,Prepaid
4844,Shannon Walker,floydthomas@example.com,369.693.8752,2024-11-26,Prepaid
4845,Stephanie Jenkins,gregoryderek@example.net,885-258-2597,2024-04-08,Prepaid
4846,Seth Patel,brucecaldwell@example.com,(634)981-0548,2024-09-16,Postpaid
4847,Ann Lee,roger15@example.com,(982)327-6917x9911,2024-03-03,Prepaid
4848,Melody Clark,mathewsrachel@example.com,917-863-3335x8046,2023-07-06,Prepaid
4849,Steven Carroll,cruzholly@example.org,+1-351-285-3546x525,2023-12-17,Prepaid
4850,Stephen Martinez,xcarter@example.com,488-886-5469x12819,2023-06-08,Prepaid
4851,Raymond Rice,barbarageorge@example.org,001-691-625-8641x74525,2023-06-17,Prepaid
4852,Mrs. Sara Mccarthy DDS,tracy00@example.org,4104503517,2024-06-17,Postpaid
4853,Danielle Davis,williammartin@example.com,(842)652-0538,2024-03-21,Postpaid
4854,Danielle Cunningham,rjohnson@example.net,(377)431-2064,2024-01-29,Postpaid
4855,Bonnie Wilson,jessica54@example.net,001-830-863-4102,2024-05-03,Prepaid
4856,Alison Schaefer,rebecca70@example.com,287-684-4247,2023-08-16,Postpaid
4857,David Brown,ywilliams@example.org,+1-550-663-0475x9505,2023-07-25,Postpaid
4858,Adam Rhodes,nicholas41@example.com,2967282741,2024-06-08,Prepaid
4859,Lauren Gibson,robert19@example.com,(973)265-4994x790,2024-04-28,Prepaid
4860,Jesse Mcfarland,kramerjonathan@example.net,926-331-0469x1612,2024-08-26,Prepaid
4861,Jocelyn Green,michelefernandez@example.com,(883)434-6355x196,2024-09-09,Postpaid
4862,Allen Hernandez,edward06@example.net,+1-884-730-9408x058,2025-01-22,Postpaid
4863,James Oconnor,jerrybrown@example.org,758-987-1400x71685,2024-12-23,Postpaid
4864,Hannah Gutierrez,heather16@example.com,976.528.7319x605,2024-07-19,Postpaid
4865,Elizabeth Charles,jessicagreen@example.com,001-400-509-3447x600,2024-08-15,Prepaid
4866,Holly Scott,waterspaula@example.com,701.923.9785x0807,2023-06-28,Postpaid
4867,Mandy Benjamin,dturner@example.net,930.831.0857,2023-07-14,Postpaid
4868,Kenneth Rodriguez,ygarza@example.net,256.452.4474,2023-08-20,Postpaid
4869,Tonya Frye,julie05@example.org,3788545357,2025-03-30,Postpaid
4870,Megan Diaz,jasonjohnson@example.net,431-785-7385x68768,2024-08-17,Postpaid
4871,Terrence Anderson,bbarber@example.org,824-469-3034,2024-10-20,Prepaid
4872,Brian Campbell,scott36@example.org,917.457.3128,2025-04-05,Prepaid
4873,Brenda Castillo,xwalsh@example.org,(853)554-3403,2024-05-16,Prepaid
4874,Kelly Robinson,davidmartin@example.com,(370)513-7321,2024-11-27,Prepaid
4875,Eric Davis,mhooper@example.com,(497)702-4604x181,2024-01-19,Postpaid
4876,Erika Ortega,michael29@example.net,4646810313,2024-04-02,Prepaid
4877,Jamie Prince,jamessmith@example.org,(343)358-8084,2023-06-05,Prepaid
4878,Amber Anderson,jprince@example.com,(760)527-1676x31254,2023-05-17,Prepaid
4879,Jennifer Myers,amberclark@example.org,(247)603-3234x242,2023-10-26,Prepaid
4880,Kelly Riley,baileyjessica@example.org,+1-280-688-7838x81689,2024-10-24,Postpaid
4881,Frank Martin,gregory30@example.org,(796)968-7420x6000,2024-05-14,Postpaid
4882,Chris Myers,grossjulie@example.com,(458)348-1135,2024-03-12,Prepaid
4883,Haley Jones,anthony25@example.com,777-774-2517x4911,2023-11-24,Postpaid
4884,Timothy Rodriguez,morenophillip@example.net,(704)965-2315x8115,2023-09-19,Prepaid
4885,Daniel Williams,alexandra36@example.org,918-541-2546x2016,2023-11-07,Postpaid
4886,Regina Riley,ryan87@example.org,001-970-228-0827x7616,2023-09-01,Postpaid
4887,Rebecca Horn,nhenderson@example.com,779-519-1162,2023-05-10,Prepaid
4888,Keith Wilson,joy74@example.net,001-612-317-8586x55501,2024-03-01,Postpaid
4889,Kathleen Hurst,lauranorton@example.org,(243)994-6493,2023-09-29,Postpaid
4890,Heather Turner,caleb71@example.com,(786)211-5180x8478,2024-06-19,Postpaid
4891,Christian Bryant,iwiley@example.org,521-608-5615,2025-01-26,Prepaid
4892,Vanessa Martinez,matthewmoore@example.net,283-785-6669x838,2024-09-14,Postpaid
4893,Matthew Blake,xgibbs@example.net,(990)883-5163x734,2023-09-17,Postpaid
4894,Nicholas Hays,petermcbride@example.com,001-849-913-8361,2025-04-29,Prepaid
4895,Daniel Bailey,qkemp@example.com,+1-894-763-9120,2023-11-30,Prepaid
4896,Joann Lane,rmaxwell@example.com,001-547-657-4512x1067,2024-11-12,Prepaid
4897,Jason Howell,lisamonroe@example.com,261.789.7054x577,2024-04-08,Prepaid
4898,Shawn Cox,amberduke@example.com,(587)335-3474,2024-04-10,Prepaid
4899,Michael Adams,parkseric@example.com,(353)228-6437x03866,2024-08-06,Prepaid
4900,Jason Richardson,omccormick@example.org,835-864-9452x561,2024-11-17,Prepaid
4901,Mary Washington DDS,mark28@example.com,+1-557-464-3638x24794,2024-07-20,Postpaid
4902,Paul Boyd,williamscarol@example.com,+1-210-460-2001x30202,2024-09-17,Postpaid
4903,Amy Castro,beasleyalexa@example.com,925.538.1932x9069,2025-04-29,Prepaid
4904,Mark Cooley,kpena@example.org,560-511-7367,2025-02-20,Prepaid
4905,Mary Ross,zflores@example.com,487-606-1478,2024-09-14,Postpaid
4906,Richard Clark,david60@example.net,6878787711,2024-09-30,Prepaid
4907,Jacob Smith,johnpalmer@example.net,842-953-3598,2023-05-05,Postpaid
4908,Brittany Dixon,kimberly90@example.net,(325)955-3877x446,2023-10-20,Postpaid
4909,William Walker,gouldjennifer@example.org,373.837.4115,2025-02-08,Prepaid
4910,John Best,knappandrew@example.org,+1-893-659-2344,2024-08-23,Prepaid
4911,Karen Garner,gibbsronald@example.org,001-649-555-4742x468,2023-12-14,Prepaid
4912,Brandon Green,carl42@example.net,+1-570-602-0604x883,2024-03-02,Prepaid
4913,Ronald Smith,jasonmendoza@example.org,218.366.3089x6911,2023-08-03,Prepaid
4914,Katherine Whitehead,ginafletcher@example.com,550-705-1888,2023-08-07,Prepaid
4915,Christy Allen,donaldlawson@example.com,247-866-7291x6785,2024-02-24,Prepaid
4916,Seth Hill,danielpope@example.net,+1-976-291-6128,2023-12-14,Prepaid
4917,Lisa White,tylerhernandez@example.com,001-213-677-3978,2023-06-11,Prepaid
4918,Steven Davis,butlerjustin@example.com,001-974-279-2411,2024-06-16,Postpaid
4919,Richard Torres,careyrobert@example.com,941-356-1246x8526,2024-08-14,Prepaid
4920,Sonya Williams,ashleybates@example.org,+1-656-597-3258x275,2023-05-05,Postpaid
4921,Brandon Peters,ericholland@example.org,(215)330-9257x3178,2025-02-28,Postpaid
4922,Christine Patel,hflowers@example.org,9174928610,2024-04-10,Postpaid
4923,Andrew Grant,simpsonrenee@example.org,(984)904-8432x958,2024-05-01,Postpaid
4924,Mallory Haynes,jessica19@example.org,925.828.0459x740,2024-03-27,Postpaid
4925,Sandra Jenkins,hsanchez@example.org,(227)831-0347x6784,2023-10-03,Prepaid
4926,Karen Rhodes,oolson@example.net,001-817-855-9656x073,2024-03-05,Prepaid
4927,Brenda Hull,fullertony@example.com,702-820-4049x57925,2023-12-12,Postpaid
4928,Donna Huynh,rthornton@example.net,(615)770-6062x56180,2023-12-01,Prepaid
4929,Samantha Gonzalez,lewistimothy@example.org,001-557-791-8256x605,2023-08-06,Postpaid
4930,Tim Hudson,angela80@example.net,+1-640-297-9001x7930,2024-06-07,Postpaid
4931,Michele Higgins,agriffin@example.com,992-202-8251x401,2023-08-08,Postpaid
4932,Brittany Walker,bowmantimothy@example.net,(880)224-1368x646,2024-08-02,Postpaid
4933,Steven Obrien,troy79@example.com,4107068411,2023-09-03,Postpaid
4934,Kenneth Miller,vruiz@example.com,6877822974,2024-04-11,Prepaid
4935,Sandra Zuniga,karenoconnell@example.org,422-630-3767x043,2024-04-15,Prepaid
4936,Kevin Livingston,jillian09@example.com,(813)677-9280x2336,2024-12-12,Postpaid
4937,Melinda Lowe,jennifergray@example.org,(321)875-9606x52288,2024-03-02,Postpaid
4938,Phyllis Bradley,nicole78@example.net,001-218-375-3587x921,2024-05-20,Prepaid
4939,Alexandra Meyers,matthew97@example.com,(718)783-7855,2023-12-21,Postpaid
4940,Catherine Smith,jhunt@example.net,412.650.9200x081,2023-11-29,Prepaid
4941,Aaron Carr,bschmidt@example.net,001-350-309-5971,2025-03-19,Postpaid
4942,Timothy Fleming,mosesedward@example.org,+1-901-721-9133x85480,2025-03-26,Prepaid
4943,Katherine Valentine,mary87@example.org,452.227.9902x796,2025-01-31,Prepaid
4944,Rachael Brown,robert12@example.net,(307)434-1399x29220,2023-10-30,Prepaid
4945,Katherine Kelley,megan36@example.net,2358317463,2023-12-23,Postpaid
4946,Penny Bell,simpsonsusan@example.org,3573043612,2025-03-03,Prepaid
4947,Cynthia Burch,sanchezjeremy@example.com,739-662-3947x4125,2024-06-23,Prepaid
4948,Julie Glenn,jthomas@example.com,661.761.9842x9206,2024-12-16,Prepaid
4949,Brian Sullivan,arellanodonald@example.org,9645183995,2025-03-13,Prepaid
4950,Jeffrey Price,mwalters@example.org,964.736.6420,2024-03-04,Prepaid
4951,Samantha Hoover,obrock@example.org,001-546-836-8770,2025-04-26,Postpaid
4952,Joseph Schmidt,qstewart@example.org,(273)740-8928,2024-07-17,Prepaid
4953,Michelle Wright,baileymoore@example.org,949-576-5121x261,2023-06-11,Prepaid
4954,Christina Mckee,elliottjohnny@example.net,607.227.8862x185,2024-04-09,Prepaid
4955,Jacqueline Gordon,xbonilla@example.net,+1-469-653-7655x774,2023-09-03,Postpaid
4956,Katherine Yang,bartonchristina@example.net,(738)435-2805,2023-09-11,Prepaid
4957,Jasmine Mills,willie68@example.net,+1-438-258-3987x48135,2025-03-31,Prepaid
4958,Valerie Walker,sjones@example.org,8125027281,2023-12-28,Prepaid
4959,Paul Miller,jimenezjesus@example.com,001-296-827-0577,2025-01-16,Postpaid
4960,Monica Saunders,thomascory@example.net,+1-721-421-0040x98783,2024-09-15,Prepaid
4961,David Lee,amandafrederick@example.org,(572)847-5305x046,2023-08-29,Prepaid
4962,Kimberly Terry,lecharles@example.net,806.627.0405x9773,2024-09-28,Postpaid
4963,Anthony Barrett,williamsdestiny@example.org,(291)582-5774x08311,2023-07-03,Postpaid
4964,Anita Espinoza,kristen27@example.com,+1-809-991-6926,2024-02-14,Postpaid
4965,Tonya Martinez,hford@example.net,+1-448-860-7265x79208,2025-01-04,Postpaid
4966,Katelyn Horton,cherylkeller@example.org,+1-874-641-0677x82165,2024-11-19,Postpaid
4967,Pamela Ramos,courtney27@example.com,(579)601-9863x27918,2025-01-24,Postpaid
4968,Ryan Horn,afarmer@example.org,001-991-789-0578,2024-05-06,Postpaid
4969,Jeanne Johnson,katelyn59@example.com,(340)632-7317x9887,2025-04-03,Postpaid
4970,Christine Arellano,josephjohnson@example.org,001-722-590-8972,2024-02-16,Prepaid
4971,Jamie Stevens,petercurtis@example.com,9294478063,2023-05-01,Postpaid
4972,Nicole Anderson,morabrandon@example.com,001-597-507-6863x17517,2024-10-07,Prepaid
4973,Aimee Cohen,jeremy49@example.org,546-759-7532x974,2024-12-27,Prepaid
4974,Michael Kemp,jesusjackson@example.org,001-904-390-7550x2966,2023-12-29,Postpaid
4975,James Hansen,megan39@example.com,+1-929-287-7273x5652,2023-05-07,Prepaid
4976,Sandra Kirby,georgechristopher@example.org,8476111558,2024-12-22,Prepaid
4977,Mary Brown,whitakerkelly@example.com,342-782-9523x4399,2023-10-31,Prepaid
4978,Angela Ochoa,allenpeter@example.net,(812)589-4076x73676,2024-07-07,Postpaid
4979,Sara Hunter,gregoryanthony@example.com,(242)511-7248x50785,2023-08-16,Postpaid
4980,Emily Harris,alisha81@example.com,217-341-8834,2025-03-03,Postpaid
4981,Michael King,dbradley@example.com,001-830-373-1044,2024-11-26,Postpaid
4982,Christopher Lindsey,michaelcaldwell@example.com,955.218.4913x302,2024-09-21,Postpaid
4983,Ryan Banks,marshmarie@example.org,001-324-615-3604x02357,2025-03-26,Prepaid
4984,Kelly Cisneros,panderson@example.org,(558)218-3405,2024-01-23,Prepaid
4985,Katelyn Turner,millerroger@example.org,483-998-6288x9626,2023-06-05,Postpaid
4986,Haley Hoffman,darrell08@example.net,(380)624-8499x091,2024-03-20,Prepaid
4987,Kelly Pena,lisa21@example.org,+1-235-432-4291,2023-06-19,Postpaid
4988,John Kirby,williamsmith@example.org,462-500-5188,2024-07-02,Postpaid
4989,Rachel Figueroa,penachristine@example.com,(761)455-4237,2024-04-23,Postpaid
4990,Ryan Stone MD,christopherdunn@example.org,001-769-592-9701x2968,2024-09-05,Prepaid
4991,David Moran,gramirez@example.com,001-240-464-3001,2023-12-22,Prepaid
4992,Wesley Richardson,adamsangela@example.net,460.352.8449x6838,2025-03-23,Prepaid
4993,Tyler Flores,stephanietorres@example.org,351-763-6144,2023-11-12,Postpaid
4994,Lisa Beard DVM,whernandez@example.org,502.909.6635,2024-07-03,Postpaid
4995,David Rubio,zbecker@example.com,(403)717-4767x601,2024-08-08,Postpaid
4996,Rose Jones MD,michaelspencer@example.net,(258)928-3623x93814,2024-11-29,Prepaid
4997,Scott Krause,hbrooks@example.net,679.369.7911x5999,2024-06-03,Postpaid
4998,Mark Hill,hansenjacqueline@example.org,001-479-571-0865x228,2024-07-29,Prepaid
4999,Debra Rodriguez,kimberlyholden@example.net,(803)632-1889x09283,2023-05-04,Postpaid
5000,Danielle Lopez,blanchardrobert@example.org,386.460.5013,2024-05-09,Prepaid
5001,Jennifer Nicholson,steventyler@example.org,911.267.5026,2023-05-26,Postpaid
5002,Denise Hart,ryan41@example.org,001-913-524-5401,2024-11-24,Prepaid
5003,Judy Wilson,julie60@example.com,545.303.3243x868,2024-02-12,Postpaid
5004,Elizabeth Frost,panderson@example.org,(282)717-3046,2024-07-31,Postpaid
5005,Rhonda Dunn,dawn06@example.net,807-840-1509x7618,2023-09-22,Prepaid
5006,Evelyn Newman,cartermatthew@example.net,+1-575-484-7403x3678,2024-06-02,Postpaid
5007,Stephanie Barker,bjohnson@example.com,8348410307,2023-06-08,Prepaid
5008,Melanie Clark,jennifer36@example.org,(820)923-2203,2023-06-15,Prepaid
5009,Melissa Tran,patrick00@example.org,232.778.0052,2023-12-01,Prepaid
5010,Carlos Ray,jamesmartin@example.net,708-679-9730x675,2024-06-01,Prepaid
5011,Mr. Jeremy Cannon,garciarachel@example.com,569-322-6719x8057,2024-04-16,Prepaid
5012,Sierra Ellison,fsmith@example.org,316.915.3739x6697,2024-08-12,Prepaid
5013,Tonya Turner,laura43@example.net,507.234.8512,2024-11-24,Postpaid
5014,Adriana Murphy,perrymatthew@example.net,281-415-9820,2024-07-27,Postpaid
5015,Tina Torres,mistyperry@example.com,(692)884-8603,2023-10-24,Prepaid
5016,Marvin Gutierrez,lisasullivan@example.org,(331)207-5247x700,2025-03-12,Postpaid
5017,Megan Shea,ian87@example.net,001-234-662-2554x427,2025-04-20,Postpaid
5018,Brenda Hernandez,fglass@example.org,001-362-625-0637x796,2024-10-18,Prepaid
5019,Lynn Price,mccormickjoseph@example.com,400.942.0027x47079,2024-01-07,Prepaid
5020,Juan Ball,james19@example.com,+1-314-822-7705x891,2024-07-04,Prepaid
5021,Brooke Robinson,zbanks@example.com,(824)417-1796x607,2024-02-28,Postpaid
5022,Roger Johnson,evincent@example.com,001-894-712-3459,2025-03-13,Prepaid
5023,James Paul,marshallsteven@example.org,5677401105,2024-11-13,Prepaid
5024,Marilyn Newman,fraziergregory@example.com,001-642-479-4327,2023-12-01,Postpaid
5025,Joseph Houston,mcardenas@example.org,+1-483-930-3394,2024-01-03,Postpaid
5026,Mitchell Jackson,anthony21@example.com,315-264-6580x50314,2024-01-13,Prepaid
5027,Brenda Salas,qsilva@example.net,384.672.3147x5676,2024-08-09,Prepaid
5028,Kimberly Kelley,david24@example.com,721-321-4199x9483,2025-02-14,Prepaid
5029,Amanda Roy,maryjones@example.org,(563)431-6991,2024-03-02,Postpaid
5030,Dawn Carter,campbellmichael@example.com,001-798-963-3955x03946,2024-09-20,Postpaid
5031,Yvonne Jones,albertgarcia@example.net,(254)340-8997,2024-09-23,Postpaid
5032,Blake Jones,zcarey@example.org,868.738.7201x446,2024-10-12,Postpaid
5033,Lisa Simmons,rsanchez@example.org,703.246.0243x335,2024-11-05,Prepaid
5034,Tommy Barber,andersonjill@example.org,864-889-6928x083,2023-12-17,Postpaid
5035,John Dean,joan86@example.net,(518)929-5289x0742,2023-09-06,Prepaid
5036,Caroline Garrison,samuel62@example.com,(842)619-0355,2024-02-20,Prepaid
5037,Kathleen Bowen,collinsmorgan@example.net,(797)467-6384x904,2024-02-02,Postpaid
5038,Mrs. Stacy Nielsen DDS,mendozabryan@example.com,909.819.9487x43283,2024-12-22,Postpaid
5039,Phillip Schultz,craig73@example.org,(465)925-7996,2023-12-27,Prepaid
5040,Angela Patel,gcantu@example.com,959.320.5032,2024-09-30,Postpaid
5041,Shane Armstrong,johnsonvincent@example.org,675-487-7404x338,2023-09-21,Postpaid
5042,Jeremy Bruce,markbartlett@example.com,982.898.8151,2023-08-28,Postpaid
5043,Anthony Mckee,jonesdebra@example.com,+1-546-864-7364x362,2024-07-22,Postpaid
5044,Brandon Johnson,kingvalerie@example.net,817-238-0021x0704,2024-01-09,Prepaid
5045,Mark Martin,garrett89@example.net,950-947-4726,2023-12-17,Postpaid
5046,Kimberly Oliver,dean80@example.com,261.606.6665x6951,2023-06-12,Postpaid
5047,Joel Johnson PhD,hwatson@example.com,222-500-0059x184,2023-05-25,Prepaid
5048,Jason Rodriguez,candice48@example.org,+1-402-231-0437x795,2024-05-15,Prepaid
5049,Steven Davis,trogers@example.net,001-482-343-7515x20210,2025-03-25,Prepaid
5050,Angela Jordan,lpeck@example.org,(396)602-5075x4913,2023-05-26,Postpaid
5051,Kim Jennings,stevendean@example.com,674-518-7803,2025-01-25,Prepaid
5052,Annette Williams,ibennett@example.org,(875)425-7777,2024-09-26,Prepaid
5053,Noah Shelton,ramosjeremy@example.org,631-614-7499,2024-11-19,Postpaid
5054,Tonya Peterson,sara32@example.org,001-866-836-6743x0819,2024-10-26,Prepaid
5055,William Clark,allisonmaldonado@example.net,(917)600-9756x99944,2023-12-24,Prepaid
5056,Cathy Martin,richardjordan@example.com,001-492-908-2835x15344,2025-02-13,Prepaid
5057,Jeffrey Howell,jasmine96@example.org,623-252-4471,2023-05-14,Postpaid
5058,Mary Green,carol00@example.com,249.532.0059x757,2024-03-21,Postpaid
5059,Joanne Avery,nguyenkerri@example.com,537-903-3982x89319,2023-08-02,Prepaid
5060,Jacqueline Orr,kristenmartin@example.net,934-621-1436x13754,2025-03-17,Postpaid
5061,Samuel Andrews,kimberly88@example.net,552.700.0508,2024-08-12,Prepaid
5062,Mary Randall,zjones@example.net,+1-473-503-0229,2023-05-05,Postpaid
5063,Vincent Dudley,daniel09@example.com,(838)259-7191x96972,2023-11-24,Postpaid
5064,Kelly Carney,marksoto@example.net,522.686.0483x4614,2025-03-16,Prepaid
5065,Stacy Kidd,martha28@example.net,001-722-919-6620,2024-06-15,Prepaid
5066,Katherine Wilson,khankristen@example.com,(348)543-0133x89296,2024-08-15,Postpaid
5067,Ellen Jensen,hhubbard@example.org,(952)752-4662x752,2023-06-26,Postpaid
5068,Tracy Smith MD,myersphilip@example.net,8708473050,2023-06-18,Postpaid
5069,Amber Perkins,ojohnson@example.org,527.610.2094,2024-03-31,Postpaid
5070,Philip Blake,maddencrystal@example.com,(848)415-2506,2023-05-12,Postpaid
5071,Mark Kramer,nelsonkimberly@example.net,3182639310,2025-04-09,Postpaid
5072,Alicia Ellis,christophersmith@example.org,+1-257-685-6004,2025-04-04,Postpaid
5073,Paula Kelley,bwright@example.org,(718)458-7212x824,2024-08-21,Prepaid
5074,Jennifer Rodriguez,vasquezkatrina@example.com,(298)791-2723,2023-10-04,Prepaid
5075,Laura Davis,aaron63@example.com,574.858.5607,2024-04-15,Postpaid
5076,Andrea Weber,anthonychapman@example.net,953-847-5967,2024-06-10,Prepaid
5077,Geoffrey Santiago,samanthasandoval@example.org,(701)264-3941x75880,2023-08-13,Prepaid
5078,Daisy Harrison,jgarcia@example.net,+1-662-481-7982x98742,2023-06-22,Postpaid
5079,Tiffany Henry,cjohnson@example.net,2093122804,2025-03-22,Postpaid
5080,Mary Lutz,wcarroll@example.org,535-485-9008,2023-11-23,Postpaid
5081,Brandon Baker,lisa88@example.org,(763)244-1588x769,2023-05-30,Postpaid
5082,Michael Smith,amber93@example.net,499-390-3127x7454,2024-10-30,Postpaid
5083,Miranda Lawrence,alexis13@example.com,(837)498-9858x567,2023-09-23,Prepaid
5084,Lisa Espinoza,crystal51@example.net,912-445-2666x48238,2024-05-18,Postpaid
5085,Nathaniel Perez,msmith@example.org,(627)370-0597,2025-03-25,Prepaid
5086,David Abbott,bbrown@example.net,332-210-2124x9061,2024-05-02,Postpaid
5087,Jennifer Bailey,rmorgan@example.net,577.494.1143x54954,2023-12-21,Postpaid
5088,Emma Gray,michael64@example.org,+1-832-337-6003x473,2025-03-24,Prepaid
5089,Devin Harrington,elliottrobert@example.net,+1-909-673-4660x8825,2024-12-10,Postpaid
5090,Darren Aguilar,vaguirre@example.net,001-411-583-7030x7426,2023-10-22,Postpaid
5091,David Williams,hawkinstamara@example.com,001-274-719-7550,2024-08-07,Prepaid
5092,Denise Carr,kathy43@example.org,577-982-3792,2025-04-03,Prepaid
5093,Billy Pierce,djohnson@example.com,590.587.9820,2025-01-11,Postpaid
5094,Richard Schmitt,brandi05@example.org,(885)227-1771x1952,2023-07-08,Postpaid
5095,Donna Hart,ucurry@example.org,534-928-5381x6305,2025-04-15,Prepaid
5096,Michael Tyler,amandawilson@example.net,+1-658-465-7942x097,2024-09-28,Postpaid
5097,Kaitlyn Clark,donna72@example.org,001-516-856-1706x9492,2025-04-22,Prepaid
5098,Kathleen Dalton,david60@example.net,(337)596-4855x30764,2024-08-15,Prepaid
5099,Andrew Wright,armstrongbenjamin@example.com,+1-760-959-2064,2024-08-27,Prepaid
5100,Timothy Chen,william65@example.org,(645)583-1636,2024-11-13,Prepaid
5101,Cynthia Williams,vcastro@example.net,241-474-1144,2023-07-18,Prepaid
5102,Jonathan Lee,jacksonbeverly@example.com,8756951813,2024-09-07,Postpaid
5103,James Bowman,amandataylor@example.com,877-594-2635x1059,2023-06-20,Prepaid
5104,Elijah Smith,vsteele@example.net,+1-956-351-5816x671,2023-08-05,Postpaid
5105,Heather Hansen,michaeledwards@example.net,(797)523-1347,2024-09-20,Prepaid
5106,Nicole Ward,stephanieschwartz@example.com,+1-484-961-4008x313,2024-06-13,Prepaid
5107,Joshua Bauer,zsims@example.net,(761)577-9445,2024-08-15,Prepaid
5108,Andrew Meadows,dthomas@example.com,+1-921-828-4123x91285,2024-03-24,Postpaid
5109,Lance Lozano,carol45@example.net,+1-596-354-6439x54056,2024-05-12,Postpaid
5110,Karen Hart,doconnor@example.org,8369796470,2024-11-07,Prepaid
5111,Laurie Johnston,rodgerspeter@example.net,001-203-809-0997x172,2023-06-06,Postpaid
5112,Danielle Turner,lisa08@example.com,(466)690-7051x808,2024-08-06,Prepaid
5113,Marvin Montes,wellis@example.net,(232)483-0955x2685,2025-04-28,Prepaid
5114,Michael Mcfarland,michaelhogan@example.net,001-387-999-2983x93662,2024-10-26,Prepaid
5115,Kim Harris,reyeskatherine@example.com,(923)779-7903x525,2024-06-11,Postpaid
5116,Charles Rocha,vwilson@example.com,393.566.4458x09616,2024-11-17,Postpaid
5117,Michelle Reeves,andersonrobert@example.net,(237)656-3550x641,2024-10-18,Prepaid
5118,Anthony Jones,zwhite@example.net,001-393-601-5949x157,2024-07-15,Prepaid
5119,Leon Maddox,david59@example.org,(644)790-3210,2024-07-23,Postpaid
5120,Elizabeth Jimenez,hollylyons@example.net,(738)744-3055,2024-02-17,Prepaid
5121,Cameron Baxter,john41@example.com,(719)680-8158x717,2025-02-16,Prepaid
5122,Zachary Benson,caitlynmccullough@example.net,(522)614-1154,2025-01-31,Prepaid
5123,Dr. Robert Santana,fodom@example.net,(408)470-1982x1438,2024-06-24,Prepaid
5124,Kim Murphy,calvindavidson@example.net,001-541-550-1326x3127,2025-01-05,Prepaid
5125,Eric Brown,audreymacdonald@example.com,(807)743-0999x7873,2023-07-31,Prepaid
5126,Daniel Brady,moralestony@example.org,001-234-925-0656,2023-05-18,Postpaid
5127,Deborah Porter,hjackson@example.com,431-996-9346,2024-02-10,Prepaid
5128,Yvonne Nguyen,karenobrien@example.org,609-531-4428x861,2024-06-27,Prepaid
5129,James Lutz,uperry@example.net,+1-352-568-9137x1507,2023-08-16,Postpaid
5130,Kevin Dudley,torreserika@example.com,001-287-479-2909x845,2024-03-18,Postpaid
5131,Jeffrey Morgan,leahburke@example.org,001-263-322-5074x69396,2024-07-10,Postpaid
5132,Charles Gordon,jcuevas@example.org,+1-362-370-7969x17103,2024-04-04,Postpaid
5133,Heather Bell,angelapeters@example.net,900.863.4708,2024-12-11,Postpaid
5134,Marcus Ray,oharris@example.org,+1-308-857-1563x57477,2023-05-13,Postpaid
5135,James Wade,trevor23@example.org,911-811-7725x82335,2023-08-05,Prepaid
5136,Melissa Ingram,brewerrobert@example.net,001-824-733-5682,2024-01-07,Prepaid
5137,Kenneth Boyle,campbelljamie@example.com,+1-850-531-1562x903,2025-04-04,Postpaid
5138,Alan Nelson,sarahparker@example.org,+1-822-753-7015x246,2025-03-25,Prepaid
5139,Cody Bright,danalin@example.com,001-323-444-0725x7023,2023-07-12,Prepaid
5140,Kevin Schmidt,rperez@example.com,946.769.2889,2023-07-27,Prepaid
5141,Jessica Patterson,casey87@example.net,583.769.3336,2024-06-17,Postpaid
5142,Monica Boyd,jessicafrancis@example.net,001-336-423-5321,2024-01-14,Postpaid
5143,Kristina Mack,hurstsarah@example.org,(793)811-7630,2023-12-02,Postpaid
5144,Amy Flowers,fsmith@example.com,001-838-623-7402x38665,2023-12-12,Prepaid
5145,Linda Horn,dherrera@example.com,(555)909-3992x993,2023-10-01,Postpaid
5146,Tyler Vaughn,stephanie20@example.org,899.977.9393x764,2023-06-28,Postpaid
5147,John Burnett,tsparks@example.org,001-301-995-9053x401,2024-06-30,Prepaid
5148,Mark Stewart,nataliekelly@example.com,247-280-9369x04415,2025-02-16,Postpaid
5149,Jennifer Austin,jasonrivera@example.org,388.831.5743x0237,2023-08-03,Postpaid
5150,Andrew Blair,williamsonmary@example.org,617.942.9635x893,2023-11-11,Postpaid
5151,Bobby Thompson,cwells@example.net,274.628.3917,2024-01-07,Postpaid
5152,Jessica Moore,marissa76@example.org,236-817-4034,2025-01-15,Prepaid
5153,Crystal Gray,christopherhoward@example.org,966-633-0145,2023-05-14,Prepaid
5154,Anna Christensen,davidshaffer@example.net,635.839.1681,2025-02-24,Prepaid
5155,Robert Thompson,dfitzpatrick@example.net,+1-802-430-4329x6736,2023-07-10,Prepaid
5156,Alicia Padilla,kristenwallace@example.org,001-315-833-9576x98383,2024-08-27,Postpaid
5157,Natasha Butler,preston76@example.com,+1-544-571-6727x797,2024-11-08,Postpaid
5158,Douglas Warren,cmyers@example.net,(543)732-4261,2024-07-05,Postpaid
5159,Caleb Hill,hgamble@example.net,001-674-351-8818x5773,2024-08-03,Prepaid
5160,Daniel Curtis,samanthahunter@example.net,352-239-1399x473,2025-03-19,Postpaid
5161,Michael Nichols,amy98@example.net,8342879776,2024-06-03,Prepaid
5162,Heidi Lee,jstanley@example.net,946.323.9911x7541,2025-03-18,Prepaid
5163,Tammy Hall,joneslisa@example.net,981.934.7329x6235,2023-07-21,Prepaid
5164,Suzanne Chavez,robertmiles@example.net,+1-700-519-9626x627,2023-08-11,Postpaid
5165,Ricardo Nguyen,achandler@example.org,8938445979,2024-01-25,Postpaid
5166,Jason Ramirez,brian36@example.org,851.353.6125x103,2024-03-01,Prepaid
5167,Henry Lopez,savagegary@example.org,001-584-329-3653x77828,2025-01-03,Prepaid
5168,Joseph Knight,rzimmerman@example.org,888-812-8240,2024-10-06,Postpaid
5169,Curtis Wallace,michaeljennings@example.com,353.545.1499x78624,2024-07-03,Postpaid
5170,Mary Walker,fdaniels@example.com,4723360902,2024-08-03,Postpaid
5171,Vincent Jones,peter49@example.com,001-932-949-4113x7377,2024-09-21,Postpaid
5172,Chase Jennings,theodorehood@example.net,+1-458-927-5703,2024-07-21,Prepaid
5173,Justin Rogers,richardsonethan@example.net,001-450-672-6130x6721,2024-06-30,Postpaid
5174,Zachary Flores,ywhite@example.org,587.375.0229,2023-06-21,Postpaid
5175,Mrs. Melanie Sanders,nicoletate@example.org,742-632-3255x911,2024-02-15,Postpaid
5176,Kevin Jones,bonnie19@example.org,602.996.7627x08085,2023-08-30,Prepaid
5177,Brian Lewis,christine43@example.org,(730)398-6117x6075,2023-11-03,Prepaid
5178,Anthony Hebert,sosavirginia@example.org,910-209-8436x8936,2025-04-15,Postpaid
5179,Brenda Miller,baldwintracy@example.net,+1-771-682-0338x43108,2024-10-23,Postpaid
5180,Daniel Leon,ryanli@example.org,+1-414-290-0075,2025-01-10,Prepaid
5181,Daniel White,russellphillips@example.net,269-864-7818,2024-02-25,Postpaid
5182,William Walker,davidroberson@example.com,6348728471,2023-10-14,Prepaid
5183,Lindsey Rhodes,trevor27@example.com,637-467-1694x9234,2023-11-19,Postpaid
5184,Marcus Ramirez,yellison@example.net,001-342-432-6469x800,2024-02-12,Prepaid
5185,Brian Reed,lsmith@example.net,846.881.3688x666,2025-04-01,Postpaid
5186,Christina Thomas,uraymond@example.com,001-507-555-0176x4514,2024-09-15,Prepaid
5187,Thomas Crawford,edaniels@example.net,001-488-740-2918x1637,2023-07-03,Prepaid
5188,Alyssa Perez,clarkharold@example.com,+1-238-689-8803x9293,2024-08-17,Prepaid
5189,Jeffrey Jacobs,luis15@example.net,889.446.8023,2024-12-13,Postpaid
5190,Jeff Chavez,ericabrown@example.org,+1-574-588-0378x9331,2023-05-18,Postpaid
5191,John Mccarthy,trocha@example.com,763-233-3570x6786,2023-05-06,Postpaid
5192,Jason Branch,tomrivera@example.org,+1-657-858-0450x28633,2023-07-26,Postpaid
5193,Amy Caldwell,tiffanyparker@example.org,888.698.9063,2023-07-30,Postpaid
5194,Jesse Jordan,danielhinton@example.com,001-737-285-8369x03469,2023-08-27,Postpaid
5195,Laurie Bush,jesse03@example.net,+1-914-545-4422,2024-12-17,Postpaid
5196,Brian Johnson,fmarsh@example.org,+1-781-496-4077x399,2024-01-20,Prepaid
5197,Mark Thompson,moorejennifer@example.org,839.481.2919,2024-06-10,Postpaid
5198,Anthony Perez,rojaskaren@example.com,001-542-967-2694x237,2025-02-15,Prepaid
5199,Dawn Lewis,hatfieldkaren@example.org,(803)542-3946x4729,2023-06-26,Postpaid
5200,Brenda Mitchell,steven76@example.org,(825)721-1829x09248,2023-12-02,Prepaid
5201,Lauren Richardson,justinrussell@example.net,(553)751-2114,2024-12-24,Prepaid
5202,Robert Davis,zarmstrong@example.net,545-768-2864x095,2024-12-06,Prepaid
5203,Barbara Medina,kbrock@example.net,6646284392,2024-11-03,Prepaid
5204,Judy Buck,shanesmith@example.org,963-350-0647x22311,2023-08-18,Postpaid
5205,Steven Dennis,melissaprice@example.net,(274)658-4788,2024-09-08,Prepaid
5206,Andrew Mcdonald,smithblake@example.net,(220)527-2637x06991,2023-07-05,Postpaid
5207,Frank Sandoval,karen10@example.org,(404)857-0486x05506,2023-11-29,Postpaid
5208,Craig Garcia,jennifer30@example.net,+1-608-706-5525x77269,2023-09-10,Postpaid
5209,James Rice,lorisims@example.com,6279454154,2024-08-10,Prepaid
5210,Michael Foster,penanicole@example.net,865.684.1414,2023-06-08,Postpaid
5211,Frank Young,nicole77@example.net,853-846-9685,2024-07-29,Prepaid
5212,Carlos Cannon,megangraham@example.com,517-262-5207x8809,2024-10-08,Prepaid
5213,Alejandro Bryant,rhammond@example.net,001-414-994-6782x03491,2025-04-16,Prepaid
5214,Alexandra Cruz,jennifer28@example.org,629.710.9850x3376,2024-06-14,Postpaid
5215,Melissa George,roger19@example.com,001-837-757-2888,2024-12-02,Postpaid
5216,Allison Jones,robertsonlaura@example.net,668-601-2311x0277,2024-11-17,Postpaid
5217,Andrew Rivera,isanders@example.com,(345)580-8587x91885,2024-07-19,Postpaid
5218,Kirk Hart,qnicholson@example.net,8779082110,2024-02-09,Postpaid
5219,Shawn King,yujason@example.com,(815)638-6488x96700,2024-10-18,Postpaid
5220,Joshua Hernandez,taylorshannon@example.com,243-272-3296x2865,2023-07-23,Prepaid
5221,Ellen Ramirez,alvaradomatthew@example.org,(377)603-1496x07684,2023-07-23,Prepaid
5222,Valerie Brennan,christinamullen@example.net,907-227-6216,2025-01-08,Prepaid
5223,Spencer Garner,forbesray@example.net,805-336-1062,2025-03-31,Prepaid
5224,Tracy Martinez,sarahmayo@example.net,344-764-9192x078,2023-08-26,Prepaid
5225,Jessica Bush,petersenmonica@example.com,661.266.6899x0051,2023-05-28,Prepaid
5226,Nicole Whitaker,christopher88@example.com,6929812243,2024-04-01,Prepaid
5227,Danny Mason,jessicarodriguez@example.org,+1-209-405-0287x87190,2025-02-03,Prepaid
5228,Isaac Hendrix,lindsey23@example.org,001-371-856-6547x5713,2024-04-04,Postpaid
5229,Bryan Carter,johnallen@example.net,+1-324-356-9718x013,2024-02-06,Prepaid
5230,Robert Odom,dixonjillian@example.net,289-381-1061,2023-06-18,Postpaid
5231,Edward Frank,hvasquez@example.com,+1-301-459-4308x68771,2024-05-06,Prepaid
5232,Kimberly Vargas,allison63@example.net,785-809-9884,2025-03-07,Postpaid
5233,Jaclyn Patterson,christophercox@example.com,353.871.0091x3293,2024-07-07,Postpaid
5234,Stacy Paul,timothy55@example.org,3752772533,2023-09-09,Postpaid
5235,Kevin Vasquez,zachary99@example.net,(312)858-2341,2023-05-15,Postpaid
5236,Tracy Luna,fpeck@example.org,(914)664-8202x08758,2023-11-05,Postpaid
5237,Toni Robinson,omichael@example.net,+1-497-399-1514x3657,2023-08-29,Postpaid
5238,Donald Williams,bobbychapman@example.com,414.273.2720x576,2023-08-03,Prepaid
5239,Michael Brown,amanda82@example.com,411.873.3594,2024-04-19,Prepaid
5240,Heidi Dyer,james96@example.org,+1-619-361-4891,2024-02-16,Prepaid
5241,Jesse Roberson,waltersnatalie@example.net,(591)426-4418x93119,2023-11-14,Prepaid
5242,Michelle Jarvis,justin07@example.net,346-539-3782x271,2023-11-25,Prepaid
5243,Larry Harvey,valerieyoung@example.net,(565)366-9371x533,2023-11-09,Prepaid
5244,Alexis Odonnell,woodbenjamin@example.org,001-731-533-1336x82526,2025-01-15,Postpaid
5245,Michael Jones,fbuchanan@example.com,(200)359-6915x8641,2024-02-18,Postpaid
5246,Monica Hamilton,watsonjustin@example.net,001-849-947-1502x3736,2024-11-09,Postpaid
5247,Ashley Mcmillan,hamptonjames@example.com,754.720.1476x4224,2024-12-02,Prepaid
5248,Elizabeth Cook,alanmcdonald@example.net,310-774-3746x1193,2024-12-25,Postpaid
5249,Mark Guzman,theresagutierrez@example.org,481-535-2054,2025-03-28,Prepaid
5250,Jose Davis,bjohnson@example.net,5153789294,2023-11-11,Prepaid
5251,Julia Paul,matthewstone@example.com,001-913-798-1449,2024-09-09,Prepaid
5252,Mrs. Brenda Andersen,margaretperez@example.com,(338)462-3093x01055,2024-10-05,Postpaid
5253,Lynn Luna,nweber@example.com,001-596-758-3894x5135,2025-03-15,Postpaid
5254,Brenda Hill,comptonjoseph@example.net,764-732-7312,2025-03-18,Postpaid
5255,Joel Rice,katherinewinters@example.net,6234878413,2023-11-26,Prepaid
5256,Patricia Mcclain,nataliegolden@example.com,(960)266-4794,2024-10-23,Prepaid
5257,Mathew Williams,jerry38@example.org,+1-260-295-8673x489,2024-02-02,Postpaid
5258,Michael Marshall,barrettdavid@example.com,543.877.2125x40549,2024-02-12,Prepaid
5259,Daniel Anderson,jacob18@example.org,212.440.6510x8617,2024-01-27,Postpaid
5260,Lauren Stafford,ryan01@example.com,(982)389-9674x22402,2024-10-11,Postpaid
5261,Barbara Williams,haleyjerry@example.org,668-252-0003x912,2024-02-10,Postpaid
5262,Edward Cabrera,qbaker@example.net,+1-926-810-7419x519,2024-12-10,Prepaid
5263,Jamie Clark,ljones@example.net,484.869.1009,2023-08-25,Postpaid
5264,Adrienne Williams,andrea24@example.net,001-490-295-1220x121,2025-03-22,Prepaid
5265,William Flores,katherinekerr@example.com,+1-942-556-4862,2024-01-22,Postpaid
5266,Maria Moreno,xdavis@example.com,001-783-221-1268x7710,2024-03-25,Prepaid
5267,Justin Mitchell,zacharycalhoun@example.com,734.930.1950x765,2023-09-13,Postpaid
5268,Mary Gonzalez,osmith@example.com,450-745-9099,2023-09-17,Postpaid
5269,Regina Clark,byrdmary@example.org,556-500-8529x86289,2024-12-31,Postpaid
5270,Elizabeth Ramos,jennifer91@example.org,885-289-3398x54007,2023-10-09,Prepaid
5271,Leah Barrera,petersonanna@example.org,(238)313-7806x340,2023-08-03,Postpaid
5272,William Newman,huntstephanie@example.com,9842764624,2023-11-25,Prepaid
5273,Marc Harris,umartinez@example.net,482-726-6179,2024-12-29,Prepaid
5274,Danielle Clay,katherinesmith@example.com,001-648-399-0732x9800,2024-11-05,Prepaid
5275,Corey Watson,cherylbrock@example.com,+1-460-214-0792x81493,2023-11-30,Postpaid
5276,Samantha Lopez,cooperdaniel@example.com,979-720-3577,2023-06-15,Postpaid
5277,Kevin Harris,padillajennifer@example.com,224-937-6639x173,2025-04-05,Postpaid
5278,Courtney Woods,benjamin81@example.com,(385)852-7272x73273,2024-07-23,Postpaid
5279,Emily Brown,jamestammy@example.com,831.880.5234x42446,2024-05-28,Prepaid
5280,Brian Johnson,ngreen@example.net,+1-613-530-5936x811,2024-10-30,Prepaid
5281,Carrie Smith,jill93@example.com,297-782-6819,2024-03-11,Postpaid
5282,Melissa Fritz,hartkenneth@example.net,(241)590-9557x9428,2024-09-08,Prepaid
5283,Rachel Simpson,michaelbarnes@example.org,2392664036,2024-06-07,Prepaid
5284,Ryan Perez,jeffrey25@example.net,656-972-2887,2024-04-17,Prepaid
5285,Deborah Watts DVM,nschroeder@example.net,9483284987,2024-02-02,Prepaid
5286,Derrick Sanford,duncaneric@example.net,206.711.9193,2024-06-19,Postpaid
5287,Brian Reyes,amy21@example.org,343-267-8955x0502,2024-05-04,Postpaid
5288,Sean Barr,lramos@example.net,900-246-8768x66544,2023-11-18,Prepaid
5289,Marissa Mahoney,martindillon@example.net,(440)783-1188,2024-08-14,Postpaid
5290,Angela Baker,troyduarte@example.org,2763681880,2023-12-03,Prepaid
5291,Gregory Ayala,wendy84@example.com,248-882-8566,2023-06-05,Postpaid
5292,Laurie Montoya,jessica68@example.org,3334238650,2023-11-20,Postpaid
5293,Lisa Smith,kellyoneill@example.org,731-421-4405,2024-06-11,Prepaid
5294,Scott Kelley,gbonilla@example.com,710-584-3063x8018,2025-04-15,Prepaid
5295,Ronald Henderson,kbeard@example.com,(719)663-5347,2024-06-03,Postpaid
5296,April Jarvis,kmartin@example.net,(964)981-0871,2025-04-28,Postpaid
5297,Kelly Brooks,imartin@example.com,6285560942,2024-11-14,Prepaid
5298,Pamela Duncan,jeffreybell@example.net,001-961-777-1348x64986,2024-12-09,Postpaid
5299,Aaron Hudson,kaylajoseph@example.org,702.879.1228,2024-06-04,Prepaid
5300,Chelsea Hawkins,johnnydunn@example.com,(365)392-3160x786,2024-12-05,Postpaid
5301,Ian Graham,jonesstephen@example.com,643-243-6042,2024-06-12,Postpaid
5302,Katherine Olson,tina85@example.org,(380)332-7563x410,2023-06-13,Prepaid
5303,Tammy Walker,dunncheyenne@example.net,+1-890-865-8020x734,2024-04-24,Prepaid
5304,Luke Larson,josephrobinson@example.net,001-472-699-2440,2023-07-22,Prepaid
5305,Christopher Petersen,joseph20@example.org,345-668-1432,2024-08-25,Postpaid
5306,Vickie Chandler,kimberlygutierrez@example.org,(760)857-1228x1021,2023-06-10,Prepaid
5307,Andrea Mann,andrewsmith@example.org,+1-527-538-0035,2024-02-21,Prepaid
5308,Joseph Harris,biancahorne@example.net,+1-462-316-0642x87835,2023-12-16,Postpaid
5309,Wayne Walton,osanchez@example.com,(902)509-8046,2024-01-12,Postpaid
5310,Amanda Brooks,selena22@example.org,+1-656-538-2745x30988,2025-03-17,Postpaid
5311,Jessica Thornton,brian10@example.com,+1-375-964-5568x884,2023-11-25,Prepaid
5312,Shelly Andersen,mhodge@example.com,464.351.8353x583,2025-04-03,Prepaid
5313,Debra Hall,edwardsjon@example.org,001-277-828-7160x996,2025-03-09,Prepaid
5314,Alvin Bridges,sherryharding@example.com,414-833-6127x79872,2025-01-21,Prepaid
5315,Kayla Taylor,xfisher@example.org,001-775-281-5978x03720,2023-08-24,Postpaid
5316,Melissa Morton,sbrooks@example.org,(527)693-3474x2538,2024-12-09,Prepaid
5317,Michael Miller,sarafoster@example.com,419.888.4487,2023-05-23,Prepaid
5318,Taylor Taylor,ramosdaniel@example.net,366-434-6532x6866,2024-12-05,Prepaid
5319,Thomas Christensen,yfernandez@example.org,412-766-8969,2025-04-18,Prepaid
5320,Charles Garcia,stephen77@example.org,813-993-5605x756,2023-05-05,Prepaid
5321,David Fischer,natashahall@example.net,(648)667-4148,2024-06-15,Postpaid
5322,Richard Gray,smccoy@example.net,(865)749-3372x299,2023-10-20,Prepaid
5323,Charles Marshall,emily60@example.org,452-281-1639,2024-04-27,Prepaid
5324,Zachary Watson,david28@example.com,5994369739,2024-07-29,Postpaid
5325,Rachel Gomez,sandra90@example.net,(611)755-1871x7337,2023-12-31,Postpaid
5326,Caitlin Marshall,caitlyn76@example.org,(268)535-9161,2024-10-02,Postpaid
5327,Brianna Dean,stephanie15@example.com,9979461667,2024-08-28,Prepaid
5328,Phillip Perez,lgraves@example.org,444-246-1442x218,2023-09-20,Prepaid
5329,Lisa Dennis,hernandezrita@example.org,(874)880-4732,2025-02-01,Prepaid
5330,Virginia Gardner,wroberts@example.net,001-436-559-9427x244,2023-08-28,Prepaid
5331,Garrett Jones,josephsoto@example.org,(328)822-8162x67665,2023-07-04,Prepaid
5332,Richard Rhodes,cunninghamjoshua@example.org,+1-845-644-5813x461,2023-08-05,Postpaid
5333,Megan Jones,franciscowyatt@example.com,771-787-0116,2024-01-16,Prepaid
5334,Sandra Vang,james76@example.com,(670)629-3859,2024-08-28,Postpaid
5335,Angela Jordan,elizabethphillips@example.org,+1-551-847-2564x13011,2024-08-03,Prepaid
5336,Jon Jennings,richardwagner@example.net,288.388.2616x36429,2024-11-10,Prepaid
5337,Patricia Taylor,deborahthomas@example.net,9346340694,2023-06-13,Prepaid
5338,James Robertson,mitchelldillon@example.com,391-436-6562x65924,2024-11-02,Postpaid
5339,Robert Schwartz,jennifergonzales@example.com,603.514.0395x99612,2024-02-26,Postpaid
5340,Michael Kennedy,markoneill@example.org,+1-887-388-5729x1236,2024-09-06,Prepaid
5341,George Lawson,michelemoss@example.net,437.697.6710x025,2023-06-16,Prepaid
5342,Courtney Clark,jaime88@example.com,001-497-666-8868x8085,2024-04-21,Prepaid
5343,Teresa Lutz,nealapril@example.com,(944)219-0290,2023-11-22,Postpaid
5344,Wanda Williams,william76@example.com,+1-645-648-1950x486,2024-07-12,Prepaid
5345,Michael Peters,ivalencia@example.org,001-606-252-7985x9258,2023-12-08,Prepaid
5346,Peter Hernandez,vwillis@example.net,+1-813-446-9858,2024-05-08,Postpaid
5347,Brandon Watkins,kaylajohnson@example.org,812.966.6924x25583,2023-05-25,Postpaid
5348,Patricia Knight,jose66@example.com,493.421.2590x455,2024-05-02,Postpaid
5349,Samantha Gonzalez,karenhernandez@example.net,300.946.8396,2024-11-03,Postpaid
5350,Beth Sanders,thomasfox@example.net,(533)596-4434x8200,2025-04-19,Postpaid
5351,Raymond Cox,william42@example.com,(828)485-3886x356,2024-03-09,Prepaid
5352,Melissa Schultz,michelle42@example.org,223-780-0415,2025-01-28,Prepaid
5353,Alan Thomas,patriciagreene@example.net,270-790-3371,2023-05-03,Postpaid
5354,Michael Jackson,brendancampbell@example.org,001-552-820-2192x414,2024-03-23,Prepaid
5355,James Owens,smclaughlin@example.com,(483)811-8928x374,2025-02-03,Postpaid
5356,Robert Griffin,matthew36@example.net,5599908856,2023-11-21,Postpaid
5357,Rodney Wilson,lisaperry@example.org,+1-206-973-7715x9580,2023-09-04,Postpaid
5358,Gregory Cook,masonkyle@example.net,702.954.4030x80670,2023-07-07,Postpaid
5359,Tyler Miller,carloslewis@example.com,(296)639-5556x0894,2024-06-29,Postpaid
5360,Justin White,yoderbrian@example.net,968-915-8916x54744,2024-07-31,Postpaid
5361,Amanda Gonzalez,shanefarrell@example.org,(919)248-5016,2025-02-09,Postpaid
5362,Chelsea Taylor,omckee@example.net,(489)633-9492x686,2024-03-16,Postpaid
5363,Ebony Shah,doughertyandrea@example.net,494-632-2292x652,2025-04-23,Postpaid
5364,Erica Evans,mary61@example.net,(973)222-8958x68553,2024-10-16,Postpaid
5365,Tammy Patel,angel84@example.com,486-959-7025,2023-09-26,Prepaid
5366,Samantha Anderson,robinsoncody@example.net,(978)846-6525,2024-03-21,Postpaid
5367,John Miles,leecarol@example.com,(327)502-7408,2024-12-22,Prepaid
5368,Alicia Jones,syoung@example.com,(717)290-4198,2024-08-08,Postpaid
5369,Corey Carter,bishoptyler@example.com,+1-983-340-3353x2769,2024-07-03,Postpaid
5370,Patrick Mayer,vangmegan@example.com,+1-391-949-9599x188,2025-04-15,Postpaid
5371,Lawrence Blake,dorseymichael@example.net,4656026086,2024-08-03,Prepaid
5372,Johnny Wagner,millerlinda@example.org,(827)668-9066,2024-07-11,Postpaid
5373,Jacqueline Cordova,ashleycoleman@example.org,+1-582-476-2907x832,2024-05-03,Postpaid
5374,Alexis Cox,toddpeter@example.org,(909)303-0386,2023-12-30,Postpaid
5375,Alejandra Herrera,colonrichard@example.com,204-209-4813x913,2025-04-07,Prepaid
5376,Linda Douglas,brownsteve@example.com,553-685-5469x98135,2025-02-18,Prepaid
5377,Elizabeth Stanley,anthony83@example.com,215-430-2341x643,2023-11-19,Postpaid
5378,Mark Frost,richardmaxwell@example.net,464.433.3741x3915,2024-01-02,Prepaid
5379,Veronica Harris,benjaminwilliams@example.com,9996967699,2024-03-02,Postpaid
5380,Todd Ware,jonesdavid@example.net,647.692.3132,2024-07-10,Postpaid
5381,Madison Pena,huntermario@example.net,296.949.1440,2023-11-18,Postpaid
5382,Tony Pratt,brandonalexander@example.org,914-254-2300x3969,2025-01-22,Prepaid
5383,Heather Powers,goodwinnicole@example.net,001-987-483-3059x2007,2024-05-03,Postpaid
5384,Cheryl Copeland,jenkinslinda@example.org,644.397.2835x01443,2024-02-23,Postpaid
5385,Travis Young,morenogeorge@example.com,001-970-958-8513,2023-08-25,Prepaid
5386,Michael Jarvis,hdunlap@example.org,625.350.4106x705,2024-11-05,Prepaid
5387,David Reyes,joelcunningham@example.com,+1-813-829-3472x3184,2024-06-29,Prepaid
5388,Karen Adams,clarkjose@example.com,208.577.4041x219,2024-02-15,Postpaid
5389,Clayton Williams,jamesgood@example.net,001-803-633-3723x78685,2024-10-01,Prepaid
5390,Charles Ayala,collinhernandez@example.org,(692)353-6631x24685,2025-03-23,Postpaid
5391,Teresa Doyle,iharrison@example.org,001-605-955-2987x99537,2023-05-02,Postpaid
5392,Erin Johnson,pamelamaddox@example.com,752-921-3405,2023-05-31,Prepaid
5393,Bailey Smith,kylemartin@example.net,467-407-4228x95770,2024-08-05,Prepaid
5394,Andrea Greene,hardymichelle@example.org,488-455-1546x214,2024-01-31,Prepaid
5395,William White,rramos@example.com,671.942.4803,2024-07-23,Postpaid
5396,William Cross,kevin57@example.com,+1-243-581-6019x57599,2024-12-14,Prepaid
5397,Mark Townsend,monicajensen@example.net,395.623.0781x55894,2024-08-29,Prepaid
5398,Daniel Hutchinson,rsingh@example.com,(269)491-1549x40093,2024-11-28,Prepaid
5399,Susan Jackson,bryanbrown@example.net,001-828-852-3356x4193,2025-03-02,Postpaid
5400,Willie Mckenzie,robert70@example.com,2552353514,2025-01-02,Postpaid
5401,Chris Holmes,fbrown@example.net,5519272748,2023-11-18,Prepaid
5402,Mr. Carl Daniels,hobbsjustin@example.org,001-536-272-9547x486,2023-06-20,Postpaid
5403,Monica Jenkins,whitemary@example.com,001-379-323-1635,2023-12-03,Postpaid
5404,George Knight,kburke@example.org,(994)850-7167x47584,2023-10-15,Prepaid
5405,Denise Adams,kanejames@example.org,(422)807-0324x33778,2024-05-18,Postpaid
5406,Catherine Shaw,brownerik@example.com,(349)288-5484x240,2024-10-02,Prepaid
5407,Christina Smith PhD,fullerwayne@example.com,(263)358-2619x58126,2023-09-09,Postpaid
5408,Cameron Andrews MD,isimmons@example.org,867-680-3588,2023-12-14,Prepaid
5409,Jordan Dorsey,christopher19@example.org,396-420-2321,2025-03-08,Postpaid
5410,Zachary Ramirez,ylopez@example.org,001-543-405-7783x979,2023-08-22,Prepaid
5411,Madison Martinez,jonesmonique@example.net,(613)223-6630x2290,2024-02-15,Postpaid
5412,Edward Miller,colindavidson@example.net,(247)333-1524x9922,2023-11-25,Prepaid
5413,Danielle Dominguez,stanleysheryl@example.net,781.305.3878x28009,2024-04-26,Postpaid
5414,Patricia Mclean,jeffrey54@example.org,001-945-973-8467,2023-11-19,Prepaid
5415,Kelly Walker,chapmandakota@example.net,(460)422-6496x3053,2024-01-24,Postpaid
5416,Amanda Hernandez,april25@example.net,(918)564-3596,2024-02-23,Prepaid
5417,Ann Espinoza,ramseyjohn@example.net,001-856-962-3229x4942,2023-11-23,Prepaid
5418,William Fuentes,susan30@example.net,479.530.3250x8955,2024-10-19,Postpaid
5419,Alexander Reed,johnsanchez@example.org,001-999-853-9123,2024-09-19,Postpaid
5420,William Goodman,bishopalicia@example.org,506.586.1047,2025-04-06,Postpaid
5421,William Stout,hwalker@example.com,460-320-3962x30902,2023-11-28,Postpaid
5422,Brittany Rogers,molinajeff@example.org,727-985-3703x244,2025-02-26,Prepaid
5423,Julia Haynes,michael96@example.net,724-910-5564x629,2024-11-30,Postpaid
5424,Bailey Velasquez,samanthafrederick@example.org,613.998.9344,2024-04-21,Prepaid
5425,Megan Richards,adamrowe@example.org,325-500-8227,2023-10-11,Postpaid
5426,Michael Allen,richardrobert@example.com,001-743-977-7448x8014,2023-10-14,Postpaid
5427,George Owen,joseph22@example.com,945.411.0791,2025-02-01,Postpaid
5428,Vicki Rios,heather98@example.net,759.262.8437x383,2025-01-26,Postpaid
5429,Roger Morris,michael45@example.org,(723)267-3541x48803,2024-05-18,Prepaid
5430,Carol Barnett,gregorysullivan@example.net,493.515.4209x8966,2023-11-19,Prepaid
5431,Ashley Schroeder,jennifer91@example.net,001-717-780-5259,2024-06-18,Postpaid
5432,Eric Martinez,nelsonnicole@example.com,6503103470,2023-10-10,Prepaid
5433,Benjamin Harris,wernercraig@example.org,001-636-232-4686x45631,2024-02-19,Postpaid
5434,Latoya Fuller,john59@example.com,5369687594,2023-12-20,Postpaid
5435,Kelly Griffith,mpadilla@example.com,+1-728-216-2707x8219,2023-11-03,Prepaid
5436,Brian Kirk,kimberlycosta@example.net,(696)942-2187x7126,2024-05-21,Postpaid
5437,Sean Castro,patrick31@example.com,321.738.1321x959,2024-05-31,Postpaid
5438,Cheryl Allen,daniel03@example.com,891.334.5342x6260,2023-05-10,Prepaid
5439,Joshua Stuart,mmorton@example.org,+1-811-654-3784x25764,2024-01-20,Postpaid
5440,Amanda Ryan,vgross@example.com,(912)405-9078x22193,2023-10-10,Postpaid
5441,Bradley Hahn,watsonlauren@example.net,+1-830-998-2848,2025-03-07,Prepaid
5442,Zachary Rodriguez,christopher48@example.net,(522)360-0922x47318,2024-12-30,Postpaid
5443,Ryan Hayes,rachelmata@example.net,974.854.2706x007,2024-08-07,Postpaid
5444,James Brown,iyang@example.net,+1-213-525-8229x45742,2025-02-26,Prepaid
5445,Daniel Johnson,fabbott@example.net,954-864-3255x881,2023-09-26,Prepaid
5446,Jessica Barrett,pamela08@example.org,6138846266,2025-01-25,Postpaid
5447,Allison Sandoval,james24@example.net,+1-847-474-9267x311,2023-10-26,Prepaid
5448,John Bennett,jillwolfe@example.org,236-237-3686x681,2025-04-24,Prepaid
5449,Sara Lowe,davidhammond@example.net,442-288-0702x421,2024-04-19,Postpaid
5450,Ian Eaton,foxjennifer@example.net,+1-333-280-8415x9982,2025-03-20,Prepaid
5451,Katie Lewis,kcastaneda@example.com,001-824-381-9526,2024-06-12,Postpaid
5452,Claudia Francis,guzmanveronica@example.org,(690)978-5884,2023-10-25,Prepaid
5453,David Davis,johnnynguyen@example.org,9667886199,2024-04-28,Postpaid
5454,Mary Fleming,jonathan47@example.org,965-211-8900x8564,2023-08-04,Postpaid
5455,Hunter Moore,cassidymontoya@example.com,001-417-409-6223x73794,2024-03-24,Prepaid
5456,Kevin Collins,emunoz@example.net,+1-644-436-2896x85357,2024-01-11,Postpaid
5457,Stephanie Gray MD,jamessilva@example.net,224-958-5602x447,2025-03-28,Postpaid
5458,Edward Moore,ibarratodd@example.com,+1-246-839-1658,2024-05-24,Postpaid
5459,Pamela Boone,pittsrachel@example.com,466-914-6317x79198,2024-11-25,Postpaid
5460,David Ortiz,ccopeland@example.com,+1-395-561-4577x90173,2024-10-11,Postpaid
5461,Thomas Cooper,darlenemiller@example.net,(493)479-1322,2024-01-24,Prepaid
5462,Daniel Burke,zlynn@example.com,760-282-0704x5507,2024-04-07,Prepaid
5463,Rachel Horne,gpetersen@example.net,+1-937-579-6339x423,2023-12-15,Postpaid
5464,Victoria Hurst,adamsbelinda@example.org,+1-702-575-5597x44275,2023-06-07,Prepaid
5465,Sean Jackson,uwilliams@example.com,697.349.8505,2025-01-06,Prepaid
5466,Anthony Rivera,winterscheryl@example.org,001-772-283-5671,2023-10-08,Postpaid
5467,Oscar Molina,mcknightlatasha@example.net,869-993-1002x41981,2024-04-14,Postpaid
5468,Megan Smith,costasarah@example.org,911.418.2806x871,2025-02-10,Prepaid
5469,Tommy Parker,hollandsandra@example.net,(548)236-0446,2023-11-11,Prepaid
5470,Cynthia King,ystewart@example.org,(778)484-3022,2024-03-26,Prepaid
5471,Brenda Mays,david03@example.com,001-511-571-1002x2802,2023-06-15,Prepaid
5472,John Gutierrez,robertskenneth@example.net,(744)400-3147x546,2024-02-28,Prepaid
5473,Gary Cook,slane@example.com,+1-831-619-9735x875,2023-07-16,Postpaid
5474,Mary Hines,carrieburgess@example.org,001-630-902-2838x14483,2023-12-01,Postpaid
5475,Monique Woods,pschneider@example.org,001-732-445-0365x4790,2024-02-20,Prepaid
5476,David Miller,shelbyweeks@example.org,(651)309-3792,2023-11-14,Postpaid
5477,John Johnson,george61@example.net,(931)721-3682x95134,2024-12-17,Postpaid
5478,Donald Smith,roneill@example.org,(683)878-6952x613,2025-03-15,Prepaid
5479,Jeffrey Lowe,rebeccamullins@example.com,(397)523-8520x114,2024-11-07,Prepaid
5480,Maria Kelley,shelley19@example.org,7423561054,2023-09-10,Prepaid
5481,Justin Lee,joe51@example.org,984-851-3842x20045,2023-11-11,Postpaid
5482,Jordan Silva,brian30@example.com,488.649.1798x080,2025-03-05,Postpaid
5483,Kenneth Smith,larryreid@example.org,(534)535-5916x89961,2024-03-02,Postpaid
5484,Andrew Nichols,nicholas58@example.net,953.703.7147x39107,2024-02-09,Postpaid
5485,Christina Smith,thomasyang@example.net,584.337.9709x83748,2023-12-10,Postpaid
5486,Monique Clark,rsmith@example.org,(647)557-3531,2024-09-09,Postpaid
5487,John Price,cody33@example.net,(657)698-4630,2024-01-07,Prepaid
5488,Kristin Bradshaw,ujohnson@example.net,+1-826-272-9381x061,2024-02-15,Prepaid
5489,Jacqueline Warren,smithrichard@example.com,(287)557-1470,2025-04-25,Postpaid
5490,Sean Salas,eddie39@example.net,001-846-743-9365,2025-01-11,Prepaid
5491,Rodney Fry,esmith@example.org,619.756.3848x787,2024-01-19,Prepaid
5492,Zachary Chan,lcombs@example.net,+1-982-637-1497x8920,2025-03-01,Prepaid
5493,Michael Jordan,andre48@example.org,(410)719-8697x247,2023-05-13,Postpaid
5494,Timothy Rush,longdebra@example.net,683-794-8077x59983,2024-11-28,Prepaid
5495,Audrey Roy,smithkatherine@example.net,436-203-5690,2024-10-24,Prepaid
5496,William Hernandez,daniel09@example.net,+1-290-225-7640,2023-11-18,Prepaid
5497,Valerie Jenkins,hallbethany@example.com,(462)751-5242,2023-07-21,Prepaid
5498,Dr. Bobby Long,robinthompson@example.org,823-461-7762x765,2024-03-13,Prepaid
5499,Nathaniel Bray,roypatricia@example.org,512-423-6205x24897,2025-01-10,Postpaid
5500,Susan Jackson,shanecobb@example.org,214-927-7092x222,2024-08-28,Postpaid
5501,Nicholas Bradshaw,xlozano@example.net,+1-595-916-6593x2269,2023-08-21,Prepaid
5502,Kyle Torres,victoriaballard@example.net,8626072074,2024-04-02,Prepaid
5503,Beth Wright,madisoncalderon@example.org,302.861.8145x0879,2024-03-05,Prepaid
5504,Valerie Gonzalez MD,fordbobby@example.com,(382)417-8453x9040,2025-03-10,Postpaid
5505,Whitney Walker,johnsonchristopher@example.com,001-277-467-4052x92135,2024-11-18,Postpaid
5506,Daniel Cook,debbiewells@example.net,404.701.7511x0072,2024-12-08,Prepaid
5507,Marisa Webb,smithjudy@example.com,001-995-945-8641,2024-05-05,Prepaid
5508,Robert Snyder,martinkristen@example.net,518.570.9414,2024-09-06,Postpaid
5509,Crystal Wolf,zamoradavid@example.org,333.374.8798,2023-10-13,Postpaid
5510,Karen Mejia,treyes@example.com,(341)419-2087x7990,2025-03-19,Prepaid
5511,Douglas Lopez,michaelfisher@example.com,(560)605-3930x9820,2023-08-23,Postpaid
5512,Randy Barnes,jessica53@example.net,234.414.9373x5065,2024-10-29,Prepaid
5513,John Burke,crystaldaniels@example.org,616.228.3401,2023-11-05,Postpaid
5514,Gary Johnson,morganjacob@example.com,292-233-3875,2024-04-24,Postpaid
5515,Veronica Baker,sshepard@example.net,+1-229-509-8064x10731,2024-05-14,Prepaid
5516,Joyce Johnson,duartechristopher@example.net,+1-771-954-4302x632,2025-03-13,Postpaid
5517,Audrey Coleman,jacqueline89@example.net,(980)729-8159,2024-08-20,Postpaid
5518,Heather Huffman,hunterzachary@example.com,920.722.2648,2023-07-27,Prepaid
5519,Rachel Parker,megan20@example.com,944-754-8950x39777,2024-01-11,Prepaid
5520,Russell Luna,julie37@example.com,3706500932,2024-06-03,Prepaid
5521,Jacob Cook,traviswhitney@example.org,+1-794-703-4014x378,2024-04-12,Prepaid
5522,Faith Vargas,hdecker@example.org,391-953-4841x9878,2024-08-19,Postpaid
5523,Carrie Cox,dennis60@example.net,(206)758-6731,2025-03-25,Postpaid
5524,Mark Jacobs,frosthannah@example.org,(479)389-7396x017,2024-06-25,Prepaid
5525,Ariel Torres,stevencarter@example.org,389.734.5085,2025-04-06,Prepaid
5526,Shane Murillo,clarkmichael@example.net,586.606.3458,2025-03-23,Postpaid
5527,Leslie Schroeder,lisa63@example.com,315-531-3948x7941,2025-02-11,Postpaid
5528,Joseph Palmer,cunderwood@example.net,+1-312-444-2067x3323,2023-06-09,Prepaid
5529,Alyssa Reed,eric68@example.net,(521)803-7865x552,2023-09-17,Postpaid
5530,Amy Edwards,devinshort@example.com,(349)718-6720,2024-01-03,Postpaid
5531,Kenneth Howell,knoxangela@example.net,976.232.6567x6400,2024-04-30,Prepaid
5532,Peter Brennan,michelle91@example.net,970.603.2217,2025-02-07,Postpaid
5533,Nicole Morrison,cookpamela@example.org,324-841-0393,2025-01-14,Prepaid
5534,Robin Alexander,heatherbell@example.org,+1-716-210-1187x18995,2023-07-01,Prepaid
5535,David Roy,dalegarcia@example.com,374-511-4780x268,2024-09-25,Postpaid
5536,Sean Gomez,tiffany54@example.net,553-922-6383x1112,2024-03-05,Prepaid
5537,Janice Soto,zacharysellers@example.org,714.407.1416x32075,2024-06-24,Postpaid
5538,Teresa Roberts,yferrell@example.net,301-874-8217x64971,2023-10-23,Postpaid
5539,Andrea Reed,curtis87@example.org,+1-320-271-3122x539,2024-01-18,Prepaid
5540,Kevin Hernandez,laurenyoung@example.net,412-299-3422x7764,2023-10-29,Prepaid
5541,Julie Houston,twells@example.com,700-445-0481x3388,2023-06-09,Prepaid
5542,Brandon Jones,bestjose@example.org,974.641.9539x5085,2023-11-15,Prepaid
5543,Sean Williamson,fday@example.org,(708)943-6662x1813,2023-07-10,Prepaid
5544,Lucas Hurst,rossbecky@example.net,+1-555-625-2583,2023-05-24,Postpaid
5545,Darlene Campos,craneamy@example.com,(228)618-9929,2024-03-27,Prepaid
5546,Jaime Owens,briannatucker@example.com,609.276.1477,2023-09-06,Postpaid
5547,Matthew Lynch,sara48@example.com,881.706.1918,2024-10-25,Postpaid
5548,James Bryant,moranjennifer@example.com,7962969138,2025-04-11,Postpaid
5549,Melissa Greene,rparker@example.org,(538)793-7475,2024-05-01,Postpaid
5550,Patrick Hill,jason94@example.org,683-562-7972,2024-11-15,Prepaid
5551,John Juarez,margaret46@example.net,+1-649-846-6482x87711,2024-02-05,Prepaid
5552,Toni Brown,tammyarnold@example.com,(622)654-4934,2025-02-01,Postpaid
5553,David Cross,mirandalee@example.net,001-564-539-5944x6594,2023-10-31,Postpaid
5554,Amanda Ruiz,milleramy@example.org,981.502.8761,2023-06-28,Postpaid
5555,Michelle Morris,sblake@example.org,5059803200,2024-08-02,Prepaid
5556,Brianna Martin,campbellshannon@example.net,213-954-6222x10700,2023-10-25,Postpaid
5557,Elizabeth Morrison,scott19@example.net,001-876-812-7584x93158,2023-06-18,Postpaid
5558,Russell Martinez,tfrench@example.net,267-859-9559x071,2024-11-21,Prepaid
5559,Stacy Jimenez,ronaldrobinson@example.net,(381)477-0783x427,2024-08-29,Prepaid
5560,Ashley Jacobson,zcampbell@example.org,883-234-5752x292,2024-02-18,Prepaid
5561,Leah Oneal,zyoung@example.net,(592)687-3385x017,2023-08-12,Postpaid
5562,Rebecca Davis MD,sloansusan@example.org,(204)667-0079x674,2024-12-09,Postpaid
5563,Carol Robinson,joseph69@example.net,+1-406-495-8311x5959,2025-03-04,Postpaid
5564,Debra Ruiz,christopher85@example.com,7889092327,2024-01-05,Prepaid
5565,Brandon Ellis,nancy69@example.net,+1-281-309-2349x24187,2025-01-27,Postpaid
5566,Donna Clark,joseph13@example.org,(209)870-3857,2024-09-12,Prepaid
5567,Jennifer Martinez,meganmartin@example.com,(741)529-8522x38050,2023-07-04,Prepaid
5568,Margaret Jones,kevinjackson@example.com,687.208.2254x882,2023-09-14,Prepaid
5569,Mia Johnson,grahamsusan@example.org,001-931-803-4502,2025-02-01,Postpaid
5570,Kaitlin Pugh,cory71@example.org,242.820.3843,2025-02-15,Prepaid
5571,Maria Holt,twhite@example.com,+1-270-861-1423x647,2024-04-13,Postpaid
5572,Brooke George,paul49@example.org,+1-482-239-1680x772,2024-11-30,Prepaid
5573,Jordan Medina,ccox@example.com,(221)897-7083,2024-01-20,Prepaid
5574,Keith Garcia,stephenswilliam@example.com,+1-384-224-4260x886,2024-09-21,Prepaid
5575,David Simmons,jennifercarson@example.org,930.296.7705x844,2023-08-28,Prepaid
5576,Sarah Payne,hcantrell@example.net,(500)470-6717x42938,2025-02-28,Prepaid
5577,Michael Walker,elijahtaylor@example.com,441-569-8159x921,2023-07-20,Prepaid
5578,Jessica Wilson,ortizrobert@example.org,3167935529,2024-08-17,Prepaid
5579,Kevin Frank,ssmith@example.org,434-935-0935x1019,2023-12-09,Prepaid
5580,Vanessa Robinson,joshuamcdonald@example.com,(843)888-7073,2025-04-15,Prepaid
5581,Jacob Melendez,foxaaron@example.net,001-555-218-0345x89696,2023-05-03,Prepaid
5582,Mark Nelson,kyle82@example.org,313.869.1630,2024-09-08,Postpaid
5583,Douglas Chapman,carl16@example.net,001-800-858-9575x27366,2024-03-01,Prepaid
5584,Kenneth Brown,dylanwebb@example.net,(234)988-9332x5877,2023-05-02,Prepaid
5585,Mckenzie Gonzalez,ericmiller@example.net,546-414-2684,2024-01-26,Prepaid
5586,Eugene Gilmore,dale71@example.com,+1-364-634-3686,2024-07-02,Prepaid
5587,Joel Clark,aclark@example.org,(321)815-2480x9276,2023-07-28,Prepaid
5588,Sara Gomez,schroederemma@example.org,(878)679-9287x683,2024-04-08,Prepaid
5589,Darrell Freeman,traci59@example.com,495.984.9413x2198,2024-09-16,Postpaid
5590,Paul Aguirre,uking@example.org,261.534.9336x604,2025-03-10,Postpaid
5591,Amy Ferguson,lbowers@example.org,001-854-517-8416x71654,2024-07-10,Postpaid
5592,Lindsey Moore MD,myoung@example.com,(396)779-6626x1850,2024-11-27,Prepaid
5593,Lisa Jackson,amandamedina@example.org,+1-874-216-4392x06276,2025-01-10,Postpaid
5594,Jesus Kaiser,luislewis@example.net,001-268-878-4142,2024-07-16,Postpaid
5595,Kenneth Anderson,hernandezheidi@example.com,610.419.4174x6883,2024-02-25,Postpaid
5596,Paul Montoya,egarrett@example.com,917.408.4765x384,2023-09-07,Prepaid
5597,Veronica Johnson,fgonzalez@example.org,+1-652-977-9145x4406,2023-10-27,Postpaid
5598,Mr. Joseph Crawford DDS,aruiz@example.org,827.824.7243,2023-05-22,Postpaid
5599,Austin Watts,wperez@example.net,001-976-971-3036x156,2024-03-12,Prepaid
5600,Reginald Todd,hvega@example.com,384-781-9567,2023-12-07,Prepaid
5601,Ryan Vance,katherinejones@example.org,510.248.2876x8405,2023-08-21,Prepaid
5602,Raymond Chung,vcole@example.net,001-949-569-4752x5066,2023-11-22,Prepaid
5603,Erin Jackson,hammondvirginia@example.com,6089405922,2024-06-25,Postpaid
5604,Susan Owens,samuel51@example.com,(807)555-4062x7460,2023-09-05,Postpaid
5605,Douglas Stark,garyadams@example.com,704.610.7279x509,2023-06-23,Postpaid
5606,Matthew Moran,omiller@example.com,(513)816-2045x92934,2023-11-23,Prepaid
5607,Theresa Duarte,michelle30@example.com,001-346-997-5844x43252,2024-01-27,Prepaid
5608,Christopher Collins,rhondacruz@example.net,549-625-1885x49329,2023-11-23,Postpaid
5609,Julia White,nelsonjames@example.net,670-637-2593x432,2023-08-01,Prepaid
5610,James Swanson,xcampbell@example.org,639-931-2861x61000,2025-03-14,Prepaid
5611,Antonio Davis,ricardonguyen@example.org,9508948051,2023-09-27,Postpaid
5612,Tonya Dawson,lisa95@example.com,236.606.0368x03617,2023-06-13,Postpaid
5613,Anthony Medina,lauren82@example.com,+1-939-694-8547x76302,2024-12-30,Postpaid
5614,Sheila Stephens,jameswhite@example.com,3646624715,2024-12-08,Prepaid
5615,Sabrina Jordan,pboyd@example.org,(529)798-1730x537,2023-11-15,Postpaid
5616,Makayla Gonzalez,bryanmiller@example.net,795-718-8228,2023-05-31,Postpaid
5617,Alexander Johnson,tara49@example.net,+1-828-505-1040x2045,2024-07-14,Prepaid
5618,Robert Dixon,anne88@example.com,(867)353-3130x1385,2023-05-07,Prepaid
5619,Norma Conley DDS,angelasingleton@example.com,(355)947-1801,2024-08-20,Prepaid
5620,Charles Martinez,danielwilson@example.net,+1-898-539-1204x048,2025-03-06,Postpaid
5621,Francis Coffey,qcopeland@example.net,552.897.7219x70289,2023-09-27,Prepaid
5622,Sandra Dunn,sharon57@example.net,001-986-996-6668,2023-11-04,Postpaid
5623,Jennifer Gonzales,mark85@example.com,323-586-1807x0896,2023-12-23,Postpaid
5624,Steven Frazier,dwebb@example.org,752-847-3555x89840,2024-10-31,Postpaid
5625,Rachel Hill,annette45@example.net,859.263.1530,2024-01-11,Prepaid
5626,Jennifer Morse,cassandramckenzie@example.org,001-583-929-2059,2024-04-27,Prepaid
5627,Sherri Duncan,pierceteresa@example.com,333.470.1939x2015,2023-10-31,Prepaid
5628,Karen Beard,kimberly22@example.org,(365)787-3676x986,2023-12-21,Postpaid
5629,Paul Kelly,katherine88@example.org,513.436.8732x55399,2025-03-15,Postpaid
5630,Charles Franklin,katiebeard@example.net,+1-311-931-1400x3907,2023-08-20,Prepaid
5631,Kevin Lindsey,eddieglass@example.com,(542)973-0392x050,2023-05-17,Prepaid
5632,Phyllis Wells,sbrooks@example.com,505-603-3892x66202,2023-06-13,Postpaid
5633,Elizabeth Herman,laurieperry@example.org,(527)830-0981x825,2025-04-28,Postpaid
5634,Francisco Nguyen,jeffreyreyes@example.com,523.408.6210,2024-07-26,Prepaid
5635,Shelley Meyer,christopherdeleon@example.net,001-256-865-5863x10062,2023-07-23,Postpaid
5636,Melissa Mendoza,sarahhaynes@example.net,001-747-591-1489x9545,2024-05-06,Postpaid
5637,Jordan Hendricks,marshallmelanie@example.net,2997542280,2024-06-12,Postpaid
5638,Norma Frost,richardrachel@example.net,(829)468-8863,2023-05-27,Prepaid
5639,William Montoya,juliajenkins@example.org,001-580-464-3937x284,2024-11-12,Postpaid
5640,Sarah Arias,gordonbarbara@example.net,538.862.9707x712,2023-07-11,Prepaid
5641,Brian Salazar,reginapham@example.com,(684)436-8712x8979,2024-05-18,Prepaid
5642,Daniel Welch,bowenrussell@example.com,+1-296-773-9274x4441,2024-06-08,Prepaid
5643,Jacqueline Parker,josephsnyder@example.org,675-267-1333x0256,2025-01-05,Postpaid
5644,Shannon Richards,danielle15@example.org,001-273-301-9038,2023-07-16,Postpaid
5645,Amanda Smith,ncalderon@example.net,8185911481,2023-09-23,Postpaid
5646,Darrell Hutchinson,anthony93@example.net,001-963-619-0123x6145,2023-07-25,Prepaid
5647,Aaron Murphy,fordrebecca@example.net,(975)228-9657x9629,2025-03-21,Postpaid
5648,Mr. William Henderson,mrusso@example.org,(656)901-4345x6885,2024-11-19,Postpaid
5649,Julie Mcneil,pmckinney@example.com,879-420-6170x7365,2024-06-26,Prepaid
5650,Nathan Gilbert,angela97@example.net,965-395-0521x656,2023-10-26,Prepaid
5651,Kristen Flynn,oriley@example.org,8752054425,2024-05-25,Prepaid
5652,Michael Hill,ycampbell@example.org,756-700-4838x75524,2024-12-11,Prepaid
5653,Terri Coleman DDS,marie88@example.org,711.663.4516x42162,2023-09-19,Postpaid
5654,Lynn Washington,mary31@example.org,673-375-2960,2025-03-24,Prepaid
5655,Cameron Murphy,jack13@example.net,5599806389,2023-06-02,Prepaid
5656,Jacob Cook,mcfarlandbrett@example.net,5395295312,2023-09-17,Prepaid
5657,James Boyer,bsmith@example.com,826.893.5779x710,2023-09-26,Prepaid
5658,Joseph Woods,kaylamiranda@example.net,001-226-943-8465,2023-11-03,Postpaid
5659,Edwin Jackson,andrea05@example.com,727-414-2350x11512,2023-08-11,Postpaid
5660,Dennis Brown,ronaldcosta@example.org,881-423-6679x19347,2023-07-12,Postpaid
5661,Nicholas Morris,michael95@example.net,551.934.2646x07756,2024-06-24,Prepaid
5662,David Stevens,zmiller@example.com,+1-452-202-6599x1265,2023-06-12,Prepaid
5663,Lucas Morris,santanaeric@example.net,836.264.1272x8369,2023-07-17,Postpaid
5664,Joseph Aguilar,xflores@example.org,228-434-2281,2023-10-07,Postpaid
5665,Bonnie Young,abbottdustin@example.com,+1-848-522-0122x09598,2024-08-28,Postpaid
5666,Nicholas Martinez,heidirojas@example.org,(532)825-7696x57283,2025-04-05,Postpaid
5667,Kristopher Sanders,linda08@example.com,001-826-353-8760,2024-12-14,Prepaid
5668,Laura Collins,moorecarlos@example.net,001-870-652-4765x166,2023-09-01,Prepaid
5669,Gina Rhodes,bjohnson@example.net,429-926-3554,2023-06-10,Postpaid
5670,Ashley Medina,zacharyramirez@example.com,001-752-883-2267x39344,2025-01-08,Prepaid
5671,Cody Davis,goldenjeffrey@example.com,634-369-9618,2023-07-23,Postpaid
5672,Rick Evans,rduran@example.com,+1-446-213-3091x532,2025-03-05,Postpaid
5673,Tracy Bush,ggraves@example.org,(205)972-5905,2024-09-04,Postpaid
5674,Jacob Stevens,kevincole@example.com,6093235575,2023-05-06,Postpaid
5675,William Bell,rogerwatkins@example.com,9553484849,2023-05-22,Prepaid
5676,David Salazar,sarahedwards@example.org,366-799-3301,2024-03-03,Postpaid
5677,Erin Lucas,kellylatoya@example.com,923-288-2884x11484,2023-11-04,Prepaid
5678,Marie Allen,adaniels@example.net,398.277.8998x87280,2023-11-03,Postpaid
5679,Patricia Allen,mckenziemichael@example.com,734-454-5734x806,2025-03-07,Postpaid
5680,Mrs. Lisa Hicks,kflores@example.com,(940)521-7934x47575,2023-10-06,Prepaid
5681,Carol Steele,millschristopher@example.com,+1-310-302-0813x1913,2024-10-04,Postpaid
5682,Daniel Roberts,jarvisrobert@example.net,3909459175,2023-06-08,Prepaid
5683,Heather Santiago,gsanders@example.com,001-942-229-4392x331,2023-08-24,Postpaid
5684,Cody Mcguire,andersonmary@example.net,001-611-716-4644,2023-08-06,Prepaid
5685,Amanda Osborn,gonzalesrachel@example.org,+1-390-412-8895x09496,2023-07-07,Postpaid
5686,Jamie Ray,wrightjennifer@example.com,001-584-518-6184x357,2024-09-16,Postpaid
5687,Daniel Johnson,bdavis@example.org,+1-575-549-7272x1537,2025-03-25,Postpaid
5688,Brandon Morton,arogers@example.net,001-753-627-5634,2024-08-29,Prepaid
5689,William Mcgrath,jameshart@example.com,(870)629-2963,2024-05-03,Prepaid
5690,Justin Alexander,david75@example.net,5363703625,2024-02-29,Postpaid
5691,Jacqueline Graham,whitneywatson@example.com,352.407.6702x300,2024-01-19,Prepaid
5692,Bonnie Mcintosh,zjones@example.net,001-262-975-5779,2024-01-22,Prepaid
5693,Stephen Payne,gregory42@example.com,001-756-954-3043x2740,2024-04-08,Prepaid
5694,Aaron Everett,sanchezsusan@example.net,001-685-849-9403,2023-10-07,Prepaid
5695,Tracy Oconnor,qlewis@example.net,+1-491-597-9403x74118,2023-10-10,Prepaid
5696,Diane Brown,darrellmoore@example.org,(251)559-3572,2025-01-20,Prepaid
5697,Robin Soto,rodriguezbrianna@example.org,001-598-525-9989,2023-06-03,Prepaid
5698,Mrs. Heather Ferrell,ana53@example.org,+1-673-868-7792x173,2024-10-25,Prepaid
5699,Kimberly Hughes,joseph34@example.com,001-989-997-0327x889,2023-07-07,Prepaid
5700,Timothy Sanders,tellis@example.net,+1-743-227-5596x8634,2023-09-03,Postpaid
5701,Lawrence Gutierrez,gonzalesashley@example.com,(519)366-1970x193,2024-02-11,Postpaid
5702,Stanley Ferguson,bguerrero@example.net,427-895-2653,2023-08-27,Prepaid
5703,Debra Williams,brandonbean@example.org,850.253.7922x56453,2025-04-11,Postpaid
5704,Whitney Hoover,susan97@example.net,(553)311-7560x14349,2024-05-10,Prepaid
5705,Mr. William Guzman,dreynolds@example.net,001-704-734-9302x3489,2023-10-12,Postpaid
5706,Jillian Day,adambautista@example.com,001-955-346-6527x51551,2024-01-26,Postpaid
5707,Jessica Evans,lwalsh@example.org,+1-790-667-0283x137,2023-12-27,Postpaid
5708,Eric Thomas,debbiejones@example.net,954-350-9548,2023-05-10,Postpaid
5709,Jessica Hamilton,chad45@example.org,+1-467-276-4947x1296,2023-05-07,Postpaid
5710,Wendy Johnson,murphykyle@example.org,001-900-633-5255x01375,2023-10-23,Postpaid
5711,Kristopher Tucker,courtney39@example.com,001-917-209-8820,2023-07-07,Prepaid
5712,Tracy Thomas,danielallen@example.org,599.210.7982x60237,2023-07-29,Postpaid
5713,Elizabeth Harrington,klopez@example.com,(443)918-7530x6224,2023-10-09,Postpaid
5714,Matthew Higgins,huntercurtis@example.com,410.665.9577x8219,2024-01-09,Prepaid
5715,Jillian Moore,ocamacho@example.net,2272139323,2024-02-20,Prepaid
5716,Joseph Cannon,juarezwesley@example.net,550.946.7404x889,2023-08-12,Prepaid
5717,Curtis Hernandez,lray@example.com,750-608-8699,2023-09-10,Postpaid
5718,Diane Orr,andersondiane@example.org,399-355-9287x267,2024-08-27,Prepaid
5719,Jeffrey Evans,nancyobrien@example.net,001-485-284-9095x398,2024-05-12,Postpaid
5720,Caleb Wilson,thomaslaura@example.net,420-227-2210x18325,2024-07-03,Postpaid
5721,Tiffany Martin,millerwilliam@example.com,932-617-5205,2023-12-16,Prepaid
5722,Jacob Robertson,candice85@example.com,+1-329-261-2880x57452,2023-09-14,Prepaid
5723,Nicole Paul,charles14@example.net,4963950109,2023-07-27,Prepaid
5724,Christine Williams,christopher89@example.org,851-923-3377x66835,2025-01-26,Postpaid
5725,Sabrina Spence,jordan56@example.com,605.631.6128,2024-09-29,Prepaid
5726,Anthony Moore,cblair@example.org,596-670-2232x25307,2023-08-29,Postpaid
5727,Casey Powell,stacyberry@example.net,627.680.7622,2023-10-23,Postpaid
5728,Morgan Stevenson,laurennguyen@example.net,+1-761-523-2969x43119,2023-12-01,Prepaid
5729,Mr. Gregory Wallace,robert18@example.org,(717)822-2520x4533,2023-12-23,Postpaid
5730,Carrie Roberts,james18@example.com,001-961-410-2390x1115,2024-03-07,Prepaid
5731,David Mitchell,iwebb@example.net,777.798.1272,2023-12-08,Prepaid
5732,Joseph Lopez,monicastewart@example.org,281-321-1092,2025-03-21,Postpaid
5733,Victoria Murray,jennifer30@example.net,5232396464,2024-04-09,Postpaid
5734,Cody Olson,esilva@example.org,685.383.4442x244,2024-02-21,Postpaid
5735,Carrie Smith,yjohnson@example.com,390.465.7973,2023-08-08,Prepaid
5736,Ryan Wolfe,abigailmitchell@example.org,988.649.8622x90755,2025-04-07,Postpaid
5737,Jamie Lewis,qfleming@example.org,(486)267-9030x51185,2024-08-07,Postpaid
5738,Victoria Martinez,maryjohnson@example.net,001-228-841-3711x329,2024-05-19,Postpaid
5739,Kristin Oliver,michael29@example.org,841.796.5969,2024-03-14,Postpaid
5740,Daniel Walsh,nicholas32@example.net,(291)306-0584x6975,2024-03-14,Prepaid
5741,James Miller,nicholaswilliams@example.org,384-825-0445x7571,2024-02-15,Postpaid
5742,Phyllis Frazier,jonathan99@example.org,367.577.2568x25240,2023-12-24,Postpaid
5743,Chad Jordan,owenschristopher@example.com,(550)987-0615,2023-07-26,Prepaid
5744,Tiffany Wise,anita37@example.net,562.503.3253x81803,2023-07-06,Prepaid
5745,Christopher Elliott,tamaratanner@example.org,(570)734-6778x5033,2023-10-25,Prepaid
5746,Andrea Jackson,stokesrachel@example.net,269-894-3174,2023-10-22,Postpaid
5747,Adam Wong,stevenssavannah@example.net,410-717-0263x823,2023-11-20,Postpaid
5748,Melissa Duke,dcarter@example.org,230.428.9597x8963,2023-12-12,Prepaid
5749,Alexis Riley,joshuahuerta@example.com,001-370-966-4321x25674,2024-04-07,Postpaid
5750,Jean Wheeler,mbaker@example.com,001-683-501-4166x373,2024-04-12,Postpaid
5751,Steven Stone,fgordon@example.net,5979106509,2025-01-03,Prepaid
5752,Barbara Smith,yowens@example.org,(446)362-0422x09481,2025-02-10,Postpaid
5753,Sierra Ward,acastillo@example.org,(931)520-6056,2024-06-04,Postpaid
5754,William Hatfield,shannonharris@example.net,+1-706-732-9124x66116,2023-08-11,Prepaid
5755,Kyle Bartlett,ulin@example.net,499-971-1210x305,2024-05-11,Postpaid
5756,Angelica Jacobson,sharvey@example.net,(592)913-6087x537,2023-11-24,Postpaid
5757,Kurt Fisher,jessicamunoz@example.net,751.305.4010,2024-10-06,Prepaid
5758,Natalie Green,fosterbrittany@example.net,349-623-1446,2025-01-17,Prepaid
5759,Joanna Potter,fthomas@example.net,+1-972-918-3315,2024-05-07,Postpaid
5760,Wendy Barnes,moorejeffrey@example.com,+1-961-522-6944x7813,2023-12-18,Postpaid
5761,Ryan Rose,joseph41@example.com,+1-336-278-3034,2025-04-15,Postpaid
5762,Tamara Carlson,adrienne77@example.net,4315776105,2023-05-27,Prepaid
5763,James Coleman,jacqueline20@example.net,+1-874-482-8836x07693,2023-06-29,Prepaid
5764,Erin Campbell,richardsonaaron@example.net,(379)780-4760x10568,2025-03-20,Prepaid
5765,Jesus Mejia DDS,johnmoore@example.org,001-926-368-8954,2024-11-21,Postpaid
5766,Nathaniel Gibson,agallegos@example.org,307.734.1890x00357,2024-02-02,Prepaid
5767,Lindsay Larsen,cynthiahernandez@example.org,776-702-2357,2023-10-30,Prepaid
5768,Chelsea Alvarez,justin33@example.org,001-741-323-8589x17973,2023-12-14,Prepaid
5769,Emily Gonzalez,broberts@example.net,766.269.6720,2024-06-13,Postpaid
5770,Laura Mccullough,dylan09@example.org,001-473-397-8827x5954,2025-03-12,Postpaid
5771,Nicole Weber,sandra66@example.net,7932403487,2025-02-14,Prepaid
5772,Teresa Anderson,johnsondanielle@example.com,+1-543-570-1216x765,2024-05-11,Postpaid
5773,Jessica Miranda,ndiaz@example.net,785.358.9660x63173,2024-01-12,Postpaid
5774,Russell Wagner,wagnertyler@example.org,243-837-0250,2023-08-30,Postpaid
5775,Donna Tran,austinrobinson@example.org,861-287-9337x196,2024-12-26,Prepaid
5776,Katie Day,daniellewong@example.com,727-601-4294x64302,2025-02-19,Postpaid
5777,Kimberly Allen,kristinegarcia@example.org,001-544-284-0172x3361,2023-06-26,Postpaid
5778,Victoria Williams,mary36@example.com,001-577-870-7874x84848,2024-12-15,Postpaid
5779,Sandra Hernandez,normanrebecca@example.com,2433564553,2024-11-29,Postpaid
5780,Teresa Montgomery,ericksonandrew@example.org,+1-410-955-3378x8388,2024-10-20,Postpaid
5781,Laura Stevens,smithnancy@example.com,859.456.9256,2023-11-21,Prepaid
5782,Richard Gordon,eperez@example.net,554-927-3923x52132,2024-04-11,Prepaid
5783,Kenneth Martin,qlopez@example.com,(641)765-4480x68328,2023-09-22,Prepaid
5784,Jennifer Wilson,ostein@example.org,769.920.0435,2025-02-20,Postpaid
5785,Jose Walton,raykathryn@example.org,001-568-462-2906x854,2024-01-17,Prepaid
5786,Jasmine Garcia,davidsonapril@example.org,(891)873-8176x0569,2024-03-23,Prepaid
5787,Brandon White,matthew95@example.org,539-742-0596,2024-04-08,Prepaid
5788,Jessica Green,tdavis@example.org,623-957-7426x6930,2024-10-03,Postpaid
5789,Nicholas Castillo,rburns@example.org,847.902.6365,2023-06-05,Postpaid
5790,Theresa Baker,johnsonmartha@example.net,(242)743-7260x4431,2023-06-29,Prepaid
5791,Brian Berry,khenry@example.com,(352)599-1695,2024-03-02,Prepaid
5792,William Weeks,gabrielle31@example.org,(426)229-4243x1332,2024-07-28,Postpaid
5793,Shannon Chang,rdavis@example.net,735-642-1465,2024-05-23,Postpaid
5794,Jessica Page,mileslaurie@example.org,(721)640-5680,2025-04-05,Postpaid
5795,Diana Joseph,kyoung@example.org,(300)606-7161x1439,2025-02-27,Postpaid
5796,Rebecca Hill,chris80@example.com,+1-441-689-2816,2024-07-22,Prepaid
5797,Christopher Pierce,jaimeandrews@example.com,001-681-558-2007,2024-11-26,Prepaid
5798,Amy Warner,npatrick@example.org,5858631642,2023-06-01,Postpaid
5799,Crystal Davidson,gcole@example.org,001-993-963-0359x2946,2024-04-30,Postpaid
5800,Jeremy Pearson,matthewmurray@example.net,651-402-8649x937,2024-02-26,Postpaid
5801,Brian Olsen,cunninghamluis@example.com,228.716.5400x455,2024-11-22,Prepaid
5802,Karl Chapman,aaronyoung@example.net,001-472-299-7319x85715,2025-01-26,Postpaid
5803,Anthony Byrd,daniellecarpenter@example.com,7969445508,2024-09-30,Postpaid
5804,Renee Miller,melissa49@example.org,984.289.3320x386,2024-10-01,Postpaid
5805,Marc Barnes,johnny96@example.org,404.727.9505,2024-01-09,Prepaid
5806,Noah Bryant,rlopez@example.com,399.228.3096,2023-08-12,Prepaid
5807,Michael Villanueva,rburgess@example.com,(980)588-6821x707,2023-12-29,Prepaid
5808,Dennis Copeland,michaelmejia@example.org,845-734-7259x952,2023-10-12,Prepaid
5809,Dylan James,alexaramirez@example.com,001-225-374-5372x392,2024-01-10,Prepaid
5810,Karen Willis,haynesyvonne@example.com,001-656-343-1211,2024-07-21,Prepaid
5811,Sandra Owens,peter88@example.net,+1-310-564-3234x94361,2024-08-04,Prepaid
5812,Janice Charles,lamallen@example.com,+1-978-941-4647x691,2023-07-15,Postpaid
5813,Robert Patterson,ggregory@example.org,+1-600-642-5596x8154,2023-10-19,Prepaid
5814,Madison Cervantes,maryjohnson@example.org,(261)335-1956,2024-02-26,Prepaid
5815,Bradley Scott,tsanders@example.net,(273)592-0686,2023-08-04,Prepaid
5816,Christopher Hendricks,colemanmichelle@example.com,(498)500-0982,2024-04-03,Postpaid
5817,Brenda Espinoza,qcastillo@example.net,308.994.9040x707,2024-10-16,Postpaid
5818,Michael Oliver,kdavis@example.org,8264173276,2024-06-01,Postpaid
5819,Kelly Simpson,victormitchell@example.net,(635)228-7790x1935,2025-04-10,Postpaid
5820,Deanna Lewis,connordavidson@example.org,+1-850-436-1292x13853,2023-09-03,Prepaid
5821,Kevin Montgomery,orozcoalexandra@example.org,+1-706-289-4114,2024-12-19,Postpaid
5822,Scott Lopez,tcherry@example.org,+1-980-351-3204,2024-12-01,Prepaid
5823,Debra Herrera,wscott@example.com,(853)840-2718,2024-10-14,Postpaid
5824,Brandon Montes,kevin95@example.com,215.668.4354x87066,2024-09-20,Prepaid
5825,Jody Espinoza DVM,onealjoyce@example.net,887-840-9567,2024-04-01,Prepaid
5826,Andrew Schultz,hurleychristopher@example.org,001-701-898-8126,2024-11-20,Postpaid
5827,Vernon Berry,tburns@example.org,692-949-9523x992,2023-11-29,Prepaid
5828,Audrey Velazquez,qthompson@example.com,(245)901-1190,2024-02-13,Postpaid
5829,Brenda Lewis,michael69@example.org,(899)605-0040x5233,2023-06-09,Postpaid
5830,Scott Henry,stephen44@example.com,001-507-876-7414x85472,2025-01-19,Postpaid
5831,Krista Thomas,smithsarah@example.com,001-727-905-8887x281,2025-01-19,Postpaid
5832,Michael Bowen,amandamontgomery@example.com,+1-722-800-6793,2023-09-22,Prepaid
5833,Sandra Snyder,pamelacox@example.net,671.592.9374x61805,2025-01-30,Postpaid
5834,Bridget Wright,ryanbrown@example.net,322-790-1736x84946,2023-11-10,Postpaid
5835,Ricardo Duncan,robertmcclain@example.net,999.640.6193x287,2024-12-05,Prepaid
5836,Jeremy Welch,kellyjones@example.com,782-611-7822x386,2023-12-30,Postpaid
5837,Jill Hernandez,urosales@example.org,865.224.8379x92592,2024-02-04,Postpaid
5838,Ray Lee,karenbennett@example.com,001-796-607-7854x142,2023-07-06,Prepaid
5839,Mr. Richard Miller,rebecca27@example.org,(499)249-0960,2024-09-24,Prepaid
5840,Jackson Strong,halljessica@example.com,711.319.9450,2024-06-09,Postpaid
5841,Jennifer Henderson,adrianlynch@example.org,218-694-8776x115,2024-09-19,Prepaid
5842,Phillip Velasquez,cody38@example.org,001-411-420-8742,2025-02-13,Postpaid
5843,Ann Scott,christian67@example.net,+1-839-989-0538x871,2023-07-17,Postpaid
5844,Kimberly Williams,anitabell@example.com,380-924-5556,2023-12-14,Prepaid
5845,Jonathan Wright,bscott@example.net,(469)710-9030x67601,2024-03-08,Prepaid
5846,Charles Singleton,wking@example.org,270-844-2343x902,2023-06-09,Postpaid
5847,Kevin Fuller,alexandriacrane@example.org,200.594.8146,2023-08-16,Postpaid
5848,Jennifer Harris,crossamanda@example.net,+1-218-651-0763x43117,2023-08-19,Prepaid
5849,Calvin David,collinsedward@example.net,615.503.0845,2024-03-03,Postpaid
5850,James Cooper,ykirby@example.org,8353684513,2023-11-21,Prepaid
5851,Antonio Dunn,kjackson@example.com,900-872-3448x90836,2023-06-13,Prepaid
5852,Sarah Moss,elizabeth92@example.com,001-468-759-3798,2024-06-20,Postpaid
5853,Anthony Williams,xwilliams@example.com,+1-245-609-0851x25877,2024-10-27,Postpaid
5854,Wesley Foster,ryanmiller@example.com,001-331-859-6123x5588,2023-05-01,Prepaid
5855,Jonathan Espinoza,ccooper@example.org,001-680-248-1098x710,2024-10-07,Postpaid
5856,Tyler Nelson,odickson@example.net,001-554-246-7775x2723,2023-12-07,Prepaid
5857,Courtney Anderson,yolanda60@example.net,(425)502-1300,2024-02-14,Postpaid
5858,Mark Kaufman,vnelson@example.net,(642)428-3463x57539,2023-05-24,Prepaid
5859,Frank Rodriguez,johnthomas@example.net,(878)718-8145,2023-06-16,Prepaid
5860,Gabriela Sloan,michael52@example.net,325-963-5395x61967,2023-09-30,Prepaid
5861,Johnny Johnson,tuckerstephen@example.net,321.459.2187,2025-04-28,Postpaid
5862,Sheila Jackson,patrick88@example.com,+1-370-941-8703,2024-09-20,Postpaid
5863,Jasmine Chavez,yroberson@example.org,624-443-6878x052,2023-11-16,Postpaid
5864,Felicia Nguyen,jimmy99@example.org,390-523-9072,2024-12-03,Prepaid
5865,Joseph Gonzalez,howellpaul@example.net,(817)416-8519x78846,2024-11-12,Postpaid
5866,Timothy Simmons,harpershawna@example.org,(568)749-2280x5353,2023-05-05,Postpaid
5867,Alyssa Kelley,kyle81@example.net,(566)241-6974,2025-04-10,Prepaid
5868,Robert Torres,ydavies@example.org,(557)219-5245x6381,2024-11-08,Prepaid
5869,Christine Craig,melaniejohnson@example.com,(840)308-2976,2023-06-12,Prepaid
5870,Christopher Jenkins,jenniferkey@example.net,405-261-2402x13947,2024-05-05,Postpaid
5871,Nathan Ayala,kathleen14@example.com,(350)861-1310x718,2023-09-27,Postpaid
5872,Heather Bradford,jeremiah54@example.com,2102784670,2024-06-25,Prepaid
5873,Susan Ingram,roachsusan@example.com,442.656.4664x73775,2024-04-08,Postpaid
5874,Daniel Wood,garzasteve@example.org,894.386.3069,2024-11-26,Prepaid
5875,Joseph Russell,autumnmarks@example.com,001-967-937-4944x581,2024-11-12,Prepaid
5876,Carol Harris,michelle94@example.com,878.537.4107,2023-07-20,Prepaid
5877,Mark Daniel,jacksonmichael@example.net,496.748.9242,2023-10-21,Prepaid
5878,Christopher Garcia,aaron07@example.org,+1-826-939-6189x86504,2025-04-04,Prepaid
5879,Jasmine Davila MD,eturner@example.com,001-517-420-8301x306,2024-01-16,Postpaid
5880,Leah Schultz,marcjones@example.com,(458)910-3768x09295,2023-05-16,Prepaid
5881,Mary Garcia,julieblack@example.com,248-488-7581,2023-07-04,Postpaid
5882,Jessica Johnson,asmith@example.org,001-828-839-2257x0154,2025-01-07,Prepaid
5883,Candace Lopez,morristimothy@example.net,233-515-4307,2024-10-27,Postpaid
5884,Justin Ramirez,woodsmichelle@example.com,001-246-745-6920x115,2023-07-17,Prepaid
5885,Elizabeth Medina,fgreene@example.org,8384980253,2024-01-03,Postpaid
5886,Mark Montoya,jonathanlambert@example.net,6723915686,2023-07-22,Postpaid
5887,Ryan Peterson,wrightalbert@example.net,+1-582-357-9613x2790,2024-10-20,Prepaid
5888,Amber Carter,jfox@example.com,001-202-981-2950x6766,2024-10-16,Postpaid
5889,Jaime Lopez,steven29@example.org,+1-601-669-7912x7556,2025-03-08,Prepaid
5890,Robert Howard,burnettelizabeth@example.com,9889208597,2024-05-26,Prepaid
5891,Mary Taylor,bretthenderson@example.org,(640)211-3441,2025-04-09,Prepaid
5892,Andrea Wagner,jeffreyhays@example.net,(381)875-3113x4334,2024-11-20,Postpaid
5893,Laura Stark,ashleyvanessa@example.com,001-515-604-4973x1685,2024-06-12,Postpaid
5894,Sean Knight,valerieestrada@example.org,+1-278-330-5095x875,2024-03-21,Postpaid
5895,Ann Morrow,warrenmatthew@example.com,001-508-389-9016x1868,2024-09-12,Postpaid
5896,Elizabeth Vasquez,everettmiguel@example.org,(332)791-2562,2023-09-05,Postpaid
5897,Tamara Peterson,poolebrenda@example.net,(875)655-7830,2024-09-12,Prepaid
5898,Paula Diaz,villaalexander@example.org,+1-607-468-5132x087,2024-10-06,Postpaid
5899,Kevin Willis,johnsonmelissa@example.net,398.367.9954,2023-06-30,Postpaid
5900,Hunter Ball,johnny72@example.net,759.937.0216,2024-10-29,Prepaid
5901,Christopher Rodriguez,juliemurphy@example.org,423.955.7815,2024-11-23,Postpaid
5902,Brandy Miller,rjohnson@example.net,469.938.4384x2479,2024-09-17,Prepaid
5903,Paul Underwood,julieburns@example.net,+1-960-506-4682x24116,2024-02-25,Prepaid
5904,Marilyn Lang,matthew00@example.com,834-589-3243x9753,2023-08-31,Prepaid
5905,Lindsey Vega,hmejia@example.org,+1-930-623-9167x75719,2024-07-18,Postpaid
5906,John Johnson,nicholaswilliams@example.com,525-287-6362x9825,2023-07-30,Prepaid
5907,Bradley Giles,samuel59@example.org,(697)543-2107x0868,2024-07-20,Postpaid
5908,William Jones MD,michelle81@example.net,762-926-6868,2024-06-08,Prepaid
5909,Richard Ramsey,millstina@example.com,+1-799-485-8711x11786,2024-07-21,Postpaid
5910,Kyle Murphy,rhuffman@example.com,917-471-3054,2024-10-20,Prepaid
5911,Bruce Gonzales,sanchezallison@example.org,+1-479-348-4224x391,2024-02-23,Postpaid
5912,Justin Weber,raymond92@example.org,+1-927-652-1947x75454,2025-03-08,Postpaid
5913,Frank Evans,rose86@example.org,(938)687-0958x12752,2024-05-11,Postpaid
5914,Kylie Flores,pyoung@example.net,714.552.0808x418,2024-12-21,Prepaid
5915,Jesse Coleman,grossryan@example.org,(393)615-1928x921,2023-05-20,Prepaid
5916,Joshua Williams,qvaldez@example.com,(271)504-8889x47409,2024-03-10,Prepaid
5917,Kenneth Miller,earlbernard@example.org,879-623-1302x9151,2024-07-30,Prepaid
5918,Anthony Patton,briancobb@example.net,3336792285,2025-01-28,Prepaid
5919,Meredith Baird,christinacook@example.net,919.856.3928,2025-01-19,Prepaid
5920,Katelyn Mcconnell,hromero@example.net,562.263.7726,2024-05-01,Postpaid
5921,Ashley Walker,wellskenneth@example.net,+1-621-548-5506x606,2025-02-08,Prepaid
5922,Mr. Paul Allen Jr.,tylerlevy@example.net,001-230-274-7885x27608,2024-03-01,Postpaid
5923,William Rose,davidboyd@example.net,(227)515-0546x6068,2024-04-02,Prepaid
5924,Patricia Hamilton,cameronjames@example.net,+1-414-326-0530,2023-12-14,Prepaid
5925,Matthew Cisneros,jenniferevans@example.net,266-537-2363x089,2023-09-13,Prepaid
5926,Mr. Mike Wells,dana46@example.net,345.576.0891x1175,2024-05-07,Prepaid
5927,James Mitchell,dwells@example.org,314.208.8577,2024-01-06,Postpaid
5928,Jared Barrett,dcampbell@example.net,8268888088,2024-02-27,Prepaid
5929,John Beck,robertwilkinson@example.net,(613)599-7562x5023,2023-07-08,Postpaid
5930,Sheila Hammond,valerie84@example.com,(832)475-9160x97089,2023-11-18,Postpaid
5931,Tina Anderson,ipham@example.net,(702)982-1112x72438,2024-04-03,Postpaid
5932,Ann Brown,cwilliams@example.com,2215638881,2023-09-20,Prepaid
5933,Kathleen Mccarty,terry85@example.org,+1-914-495-3564,2023-11-28,Postpaid
5934,Sophia Park,ericdavis@example.net,(789)975-7783,2024-07-24,Postpaid
5935,Rodney Lee,jacob69@example.org,640-641-6682x9267,2024-09-16,Prepaid
5936,Mary Johnson,kcampbell@example.net,736-292-2290,2024-02-17,Postpaid
5937,Brianna Ortega,afisher@example.com,+1-548-973-1835x354,2024-04-18,Postpaid
5938,Tricia Castillo,osmith@example.org,246.748.3218,2024-02-09,Prepaid
5939,Joseph Golden,rachel01@example.org,(313)576-1286x5362,2024-06-03,Postpaid
5940,Caleb Pope,williamnewman@example.net,(214)992-3261,2023-06-01,Postpaid
5941,Kevin Reynolds,kelsey68@example.net,731-560-5340,2024-05-04,Postpaid
5942,Tracy Bonilla,michellekrause@example.com,+1-648-717-2867x8638,2024-08-28,Postpaid
5943,Paula Clarke,stephaniehicks@example.net,557-976-4727,2023-07-19,Postpaid
5944,Dalton Rosario,wrightrichard@example.org,+1-907-503-4913x046,2023-09-18,Postpaid
5945,Glen Lynch,catherine73@example.org,979-589-5742x523,2024-07-11,Postpaid
5946,Debbie Baker,mramirez@example.com,(558)623-2132,2024-08-31,Prepaid
5947,Sheila Jones,coltonmaynard@example.org,(561)710-0163x86775,2024-06-26,Postpaid
5948,Timothy Landry,david56@example.com,001-808-375-2206x16990,2024-05-26,Postpaid
5949,Dennis Gibson,mnewman@example.org,(579)234-0048,2025-01-29,Postpaid
5950,Sara Richards,susan43@example.net,001-996-602-3465x46324,2024-03-03,Postpaid
5951,Martin Davidson,zwhite@example.net,670.376.6220x215,2023-10-02,Postpaid
5952,Ashley Lambert,karen31@example.net,294.296.6581x99124,2024-04-12,Prepaid
5953,Steven Fisher,qmiller@example.com,+1-528-456-6997x11393,2025-03-13,Prepaid
5954,Randy Fisher,valerielopez@example.com,(752)547-8640,2024-10-25,Postpaid
5955,James Austin,muellermichael@example.com,+1-823-594-0856x17918,2024-08-08,Postpaid
5956,Rebekah Mckay,kristinsmith@example.com,8454617196,2024-03-06,Postpaid
5957,Justin James,wrightlawrence@example.org,833-696-3731x29331,2025-02-16,Postpaid
5958,Jessica Andrews,nblack@example.net,374.958.1981x241,2023-09-17,Prepaid
5959,Paul Wiley,kimberly61@example.org,(423)815-5347x569,2023-05-21,Prepaid
5960,Theodore Medina,morrisonamy@example.net,982-838-6419x628,2024-10-28,Prepaid
5961,Maria Carlson,mbush@example.org,9693551327,2024-08-06,Postpaid
5962,Sergio Johnson,vcunningham@example.net,898-468-9808,2024-02-20,Postpaid
5963,Ashley Meyer,jean56@example.org,001-445-473-8677x6524,2023-05-14,Prepaid
5964,Preston Pacheco,victoria70@example.com,(265)375-2757,2024-08-07,Prepaid
5965,Brandon Hall,andrew51@example.org,241.877.2020x1927,2024-02-27,Postpaid
5966,Samantha Edwards,glopez@example.org,001-802-460-9004x3663,2024-03-15,Prepaid
5967,Julie Boyer,brandon40@example.org,3987339388,2024-12-17,Prepaid
5968,Rebecca Myers,collinsbrianna@example.com,001-211-307-5081x67317,2024-08-31,Prepaid
5969,Monica Sanchez,zliu@example.org,(522)459-0903,2024-06-27,Prepaid
5970,Theresa Lynch,valvarez@example.org,745.668.9259,2025-04-14,Prepaid
5971,Deborah Barton,meghan03@example.org,489.413.0804x2037,2024-04-01,Prepaid
5972,Anna Thompson,schwartzlori@example.com,(928)454-2015,2024-01-10,Postpaid
5973,Nathan Cooper,hrice@example.net,721.845.4166x81733,2024-01-17,Postpaid
5974,Donna Thompson,evelynthompson@example.com,465.367.7201,2024-05-15,Postpaid
5975,Tony Jarvis,wallerelizabeth@example.org,438.974.8255,2025-01-30,Postpaid
5976,Sharon Ruiz,wilsondeborah@example.org,(844)321-0038,2024-07-18,Postpaid
5977,Ruben Chapman,zimmermanfrancisco@example.net,579.746.8952x29733,2024-12-07,Postpaid
5978,Michele Davidson,pugheric@example.com,638.903.1591,2025-01-21,Prepaid
5979,Clinton Ford,qmorris@example.org,(655)325-5681x45871,2024-05-28,Prepaid
5980,Alyssa Robinson,holdenchristine@example.net,809.923.6411x5848,2024-12-02,Prepaid
5981,Christine Watson,sarah71@example.net,652.329.8716,2025-03-02,Prepaid
5982,Michael Mack,diazjessica@example.net,001-579-219-7760,2023-06-19,Postpaid
5983,Melinda Russell,jessicaperez@example.com,929-320-4031x48205,2024-03-01,Prepaid
5984,Emma Boyd,yuheather@example.net,2172337079,2024-03-27,Prepaid
5985,Harry Taylor,jramirez@example.org,(571)628-2849x14982,2024-09-26,Postpaid
5986,Matthew Montoya,elizabeth15@example.com,+1-706-727-1788x59493,2023-06-12,Prepaid
5987,Carla Glover,thomas15@example.org,(444)276-7779x2549,2024-06-16,Postpaid
5988,Rebecca Bryant,karengonzalez@example.org,(371)404-1663,2023-05-25,Postpaid
5989,John Ramos,vmurray@example.net,+1-304-314-3882,2023-10-23,Prepaid
5990,Melissa Bautista,randalljulie@example.org,327.607.5059x16041,2024-07-21,Prepaid
5991,Karen Myers,ortegashannon@example.net,001-521-584-5375x3379,2023-05-15,Postpaid
5992,Carlos Moore,garciajennifer@example.com,5912076410,2023-05-08,Postpaid
5993,Nicole Cross,thompsonpaul@example.org,001-969-597-5392x5239,2023-10-04,Prepaid
5994,Ronald Arnold,amays@example.com,(950)497-7522x595,2023-12-24,Prepaid
5995,Johnathan Sherman,martinezmaria@example.net,+1-572-371-7802x5355,2024-08-04,Prepaid
5996,Rebecca Anderson,brewerjeffrey@example.com,595-228-7139x9879,2024-10-10,Prepaid
5997,Tiffany Rodgers,ramirezsarah@example.net,001-603-921-6640x2920,2023-06-28,Prepaid
5998,Stephanie Burke,raykelsey@example.net,489.338.9816x189,2023-08-09,Prepaid
5999,Patrick Miller,victoriamontoya@example.com,(854)797-7808x71049,2025-02-25,Postpaid
6000,Corey Ruiz,erikajackson@example.net,001-715-449-9807x17150,2023-07-20,Postpaid
6001,Kimberly Norris,kcampbell@example.com,497.786.9501,2023-05-24,Postpaid
6002,Robert Johnson,brianandrews@example.com,001-591-220-0145x01754,2024-06-19,Postpaid
6003,David Rodriguez,lrivera@example.com,+1-560-864-7370x193,2024-05-10,Prepaid
6004,Barbara Welch,jeremywhite@example.org,594-536-0748x1091,2024-01-28,Prepaid
6005,Mr. Steven Lewis,hhuerta@example.org,5022154778,2023-08-07,Postpaid
6006,Amy Weaver,rharris@example.net,(267)633-0634x35482,2024-07-04,Prepaid
6007,Haley Ruiz,vazquezsamantha@example.org,913-747-8314x1608,2024-05-22,Prepaid
6008,Abigail Wilson,jennifer41@example.com,+1-704-547-6022x0427,2024-12-26,Prepaid
6009,Alexandra Meyer,hailey05@example.com,001-360-624-5347x240,2023-07-19,Prepaid
6010,Kathleen Arroyo,timothy73@example.org,+1-704-325-5316x02493,2023-07-15,Prepaid
6011,Steven Stevenson,gstrickland@example.com,+1-881-576-8687x86465,2023-05-20,Prepaid
6012,Robert Whitaker,dannypatterson@example.com,316-916-2466x7434,2023-06-08,Prepaid
6013,Justin Wood,wayneduncan@example.com,707.919.0675x3863,2023-10-25,Prepaid
6014,Nicholas Perry,nicolecollins@example.org,001-885-455-6193,2024-08-19,Prepaid
6015,Carolyn Armstrong,flamb@example.org,294.388.2054x256,2024-06-08,Postpaid
6016,Thomas Castro,jessicamayer@example.org,(688)352-0497x357,2023-07-12,Prepaid
6017,James Sims,john89@example.org,6977563785,2024-07-17,Prepaid
6018,Justin Lopez,ellen27@example.org,+1-612-552-6664,2024-04-08,Postpaid
6019,Amy Smith,jlewis@example.com,(791)702-3392x790,2023-12-27,Prepaid
6020,Robert Jackson,murphyjasmine@example.net,719-884-7363,2024-01-08,Prepaid
6021,David Evans,fross@example.com,(881)602-2968x770,2024-08-30,Postpaid
6022,Lorraine Aguilar,sandovaledward@example.org,+1-625-684-3918x5824,2024-07-10,Postpaid
6023,Kelly Holt,jasonmanning@example.org,731.874.6343x7580,2025-01-14,Prepaid
6024,Valerie Jordan,kevin42@example.net,(217)611-7136,2024-09-03,Prepaid
6025,John Reese,collinsbobby@example.org,895.612.4275,2024-05-13,Postpaid
6026,Autumn Morgan,daisybooth@example.com,001-887-381-7600x45873,2024-12-26,Prepaid
6027,Sean Gonzalez,alfred41@example.net,(451)475-3120,2023-09-10,Postpaid
6028,Steve Moore,boothjeremy@example.com,3083102645,2024-02-15,Postpaid
6029,Richard Chaney,nicholas08@example.com,407.646.4228,2024-11-06,Postpaid
6030,Sandra Fitzgerald,bmartin@example.com,+1-465-423-4616x463,2023-12-25,Postpaid
6031,Natalie Hernandez,erikafrederick@example.net,001-484-606-3015x250,2024-09-04,Prepaid
6032,Shannon Graham,simssusan@example.com,519.975.6341,2025-04-02,Postpaid
6033,Ashley Jensen,steven90@example.org,+1-502-227-7655x832,2023-08-29,Prepaid
6034,Jerry Rivera,jacobsgabriel@example.net,(683)981-5857x91621,2024-05-03,Postpaid
6035,Chad Good,melissawilson@example.com,9555525036,2024-11-30,Prepaid
6036,Nicole Ashley,erika57@example.com,(521)989-2607x39612,2024-04-12,Postpaid
6037,David Cherry,cohenjay@example.com,001-822-518-7414x189,2023-12-08,Prepaid
6038,James Baker,wrichardson@example.net,731-589-9279x2697,2024-04-01,Prepaid
6039,Rachel Mccarthy,aerickson@example.com,(540)205-5698x4679,2023-07-10,Prepaid
6040,Julie Escobar,pearsonshelley@example.net,831-214-8264,2024-01-04,Postpaid
6041,Kenneth Bartlett,hutchinsonjustin@example.org,760.219.4842,2025-01-23,Postpaid
6042,Courtney Molina,bwhite@example.net,693.283.4062,2023-09-27,Postpaid
6043,Timothy Adams,qelliott@example.net,574-504-4415,2024-12-25,Prepaid
6044,Stephanie Bell,nancy62@example.org,636.908.4217x02026,2024-11-24,Postpaid
6045,Nicole Duncan,morganjefferson@example.net,613-244-9837,2024-06-02,Postpaid
6046,Scott Robinson,david53@example.com,(897)631-5352,2023-06-04,Prepaid
6047,Scott Cooper,jameschan@example.org,692.284.5111,2024-10-11,Prepaid
6048,Jill Gibson,lindsey50@example.org,+1-221-863-7177x353,2024-12-01,Postpaid
6049,Morgan Burton,hectorrivas@example.com,405.652.8185x93805,2024-04-13,Postpaid
6050,Barbara Cortez,mark01@example.com,5939288152,2024-12-09,Postpaid
6051,Donna Dawson,rosslisa@example.com,(497)519-4448,2023-07-11,Postpaid
6052,Chris Roth,patrickcraig@example.org,312-393-5681x55610,2024-10-29,Prepaid
6053,Kristen Wood,stewartsamuel@example.org,8912430847,2025-01-07,Prepaid
6054,Christopher Fernandez,hansonmichael@example.net,(640)742-0341x233,2023-07-28,Postpaid
6055,Heather Smith,jonathon77@example.net,228.521.9895x91879,2025-02-05,Postpaid
6056,Sergio Fuller,xcarter@example.org,498-211-8710x99317,2023-08-23,Postpaid
6057,Connie Cook,zrodriguez@example.net,001-227-280-1508x2586,2023-10-31,Postpaid
6058,David Crane,sperkins@example.com,001-939-962-9250x6293,2024-01-24,Postpaid
6059,Clarence Williams,ebradshaw@example.net,(457)359-9558,2025-04-22,Postpaid
6060,Gina Shah,rita35@example.com,(965)932-9570,2023-12-29,Postpaid
6061,Philip Mosley,sandrashaw@example.com,+1-473-967-5499x9747,2025-01-16,Postpaid
6062,John Rios,lmartin@example.org,(352)443-1916x14562,2024-01-28,Postpaid
6063,Christopher Fuller,garnernina@example.com,001-607-977-5486x81791,2024-09-06,Postpaid
6064,Ariel Hernandez,clarkjack@example.org,+1-794-810-0289x02377,2024-10-25,Postpaid
6065,Lori Gilmore,kfisher@example.com,338.810.6595x5801,2023-09-09,Postpaid
6066,John Valdez,lindakennedy@example.net,9982450556,2023-08-26,Prepaid
6067,Ivan Smith,luisfoster@example.com,7492187835,2024-08-30,Postpaid
6068,Ruth Gonzales,wolfeclaire@example.org,343.782.3885x70918,2024-03-13,Postpaid
6069,Patricia Smith,pauljoseph@example.com,912.839.1494,2024-06-04,Postpaid
6070,Shaun Adams,cooperkevin@example.com,(360)901-6048x42177,2024-08-07,Prepaid
6071,James Steele,davisdaniel@example.net,001-522-639-3915x456,2025-04-30,Postpaid
6072,Dawn Boyd,craiglindsey@example.com,392-543-9515x215,2023-05-25,Postpaid
6073,Michael Johnson,katherinejackson@example.org,+1-658-411-3244,2024-07-10,Postpaid
6074,Ryan Walker,hgay@example.com,7318327493,2024-03-08,Postpaid
6075,Taylor Green,shannon66@example.com,(762)275-8322x45150,2025-03-10,Prepaid
6076,Colleen Mcclure,melissastewart@example.com,642-997-4935x852,2025-01-23,Prepaid
6077,Cindy Murphy,osullivan@example.org,(635)209-2295,2024-04-29,Prepaid
6078,Shelly Zavala,isavage@example.org,659-787-4552,2023-12-18,Postpaid
6079,Jennifer Thomas,davidrichard@example.com,+1-439-272-6308x4547,2025-01-09,Prepaid
6080,Jennifer Gonzalez,mandy21@example.net,646.617.3989x351,2024-11-12,Prepaid
6081,Beth Edwards,icompton@example.com,3926896491,2023-08-16,Postpaid
6082,Anne Doyle,thomastyler@example.com,9178160400,2025-03-20,Prepaid
6083,Caroline Richmond,keithjohnson@example.com,001-324-727-4575,2024-11-13,Prepaid
6084,Richard Underwood,lindsayhernandez@example.com,001-671-393-1609,2024-05-18,Prepaid
6085,Brian Kelly,bbowen@example.org,001-266-829-1166x90941,2023-06-30,Postpaid
6086,Heather Hurley,pamelaford@example.net,+1-287-284-2444x9622,2023-11-11,Postpaid
6087,William Price,pamela47@example.net,283-416-7481x3344,2024-05-22,Prepaid
6088,Seth Young,jamesellis@example.net,6478851144,2023-06-15,Postpaid
6089,Christopher Davis,ywatson@example.net,(447)628-9047x0387,2023-09-05,Prepaid
6090,Carla Fry,james07@example.com,001-550-679-8503x016,2023-10-02,Prepaid
6091,Michelle Mccormick,dwilliams@example.net,+1-867-906-5692,2025-03-27,Prepaid
6092,Kevin Bennett,philipdunlap@example.com,(606)557-4888,2023-09-20,Prepaid
6093,Kelly Rodriguez,cpaul@example.net,+1-846-343-9103x8930,2023-05-17,Postpaid
6094,Keith Mccormick,smendez@example.org,8852353218,2025-04-26,Postpaid
6095,Troy Allen,melinda45@example.com,494.884.2201,2024-10-21,Postpaid
6096,Anthony Ortiz,krystal48@example.net,830-809-0338x9006,2023-06-07,Prepaid
6097,Danny Burch,brownjonathan@example.net,776-823-3292x58451,2024-07-26,Postpaid
6098,Miss Amanda Kim,john03@example.org,617.456.7675x46117,2023-10-14,Postpaid
6099,Robert Johnson,paulafrost@example.net,(742)616-9432x13351,2023-10-24,Prepaid
6100,Tracy Glenn,craigeric@example.org,543.752.4124,2024-09-12,Postpaid
6101,Scott Castaneda,jennifer16@example.net,001-866-404-9559x00217,2024-11-28,Postpaid
6102,Heather Turner,jbartlett@example.net,5053701519,2024-01-05,Prepaid
6103,Dawn Roberts,jroy@example.org,001-606-588-7293x78947,2025-03-18,Prepaid
6104,Mathew Pham,ihobbs@example.com,210.481.4907x140,2023-08-25,Prepaid
6105,Rachel Villarreal,jody89@example.net,968.545.6125,2025-01-04,Prepaid
6106,Donna Hernandez,david88@example.net,(662)925-3216,2024-11-21,Postpaid
6107,Jeff Ramirez,sarah78@example.org,853-476-6521x25874,2024-07-20,Postpaid
6108,Anthony Rojas,solisamanda@example.net,917-571-5266x15508,2023-12-30,Prepaid
6109,David Skinner,folsen@example.com,935.752.5390,2024-01-30,Postpaid
6110,Aaron Gilbert,jason36@example.com,573-310-9363x62162,2024-11-07,Postpaid
6111,Stephanie Martin,angela11@example.net,001-800-546-5471x1464,2023-09-23,Prepaid
6112,Jonathan Blake,mark04@example.com,5289539398,2023-05-28,Postpaid
6113,David Mitchell,fieldsbrendan@example.net,983.928.5012x51824,2024-07-15,Prepaid
6114,Jeffrey Bishop,dereklam@example.com,+1-725-226-9451x12718,2023-12-06,Prepaid
6115,Hector Burns,tjohns@example.org,779-845-6323x92668,2023-09-10,Prepaid
6116,Robin Matthews,fitzpatrickgeorge@example.com,7003607229,2024-09-28,Prepaid
6117,Cynthia Burnett,charles85@example.com,269-248-3352x0328,2024-08-27,Prepaid
6118,Lori Martin,clawrence@example.net,+1-454-843-3108x1780,2023-09-16,Prepaid
6119,Paul Oneill,davidtapia@example.org,(302)281-4456x68109,2025-03-22,Prepaid
6120,Taylor Hopkins,karenmiller@example.org,+1-254-535-8573x791,2024-06-21,Prepaid
6121,Anna Moreno,andre70@example.net,5463967881,2025-02-07,Postpaid
6122,Paul Castillo,moralesmichael@example.com,+1-857-615-0954x8576,2024-08-23,Postpaid
6123,Patrick Cisneros,stephen22@example.net,294.594.5473x40026,2024-01-27,Postpaid
6124,David Harris,xfrank@example.com,590-203-8398,2024-04-01,Prepaid
6125,Jessica Richard,ypotts@example.org,8157959166,2025-01-29,Prepaid
6126,Diane Zhang,lindakelley@example.com,(285)723-9376x7859,2024-05-31,Prepaid
6127,Larry Shannon,jillian69@example.net,(799)613-4956,2024-06-29,Postpaid
6128,Joshua Goodwin,wreed@example.org,(505)560-5120,2023-06-30,Postpaid
6129,Victoria Huffman,reynoldsseth@example.com,001-429-632-7295x33455,2024-05-01,Postpaid
6130,Walter Dixon,karensmith@example.com,(617)778-1445,2024-02-16,Prepaid
6131,Amy Hamilton,hendersonbrandon@example.org,366-982-1676,2023-09-05,Postpaid
6132,Tony Cohen,tamarajohnson@example.org,(439)728-5228,2023-11-30,Postpaid
6133,Karen Scott,heather86@example.org,(417)512-8998x5362,2023-12-02,Postpaid
6134,Jason Richards,robert27@example.org,(640)743-7127,2023-05-18,Prepaid
6135,Mr. Michael Contreras,jill66@example.org,4614218244,2023-07-23,Postpaid
6136,Andrew Roy,humphreystephanie@example.org,772.983.4544x4528,2025-02-24,Postpaid
6137,Kathleen Hernandez,thompsonsusan@example.org,662-513-0135x2288,2024-05-27,Postpaid
6138,Cindy Miller,cynthiajohnson@example.com,(677)713-5938,2023-07-22,Prepaid
6139,David Schneider,justindrake@example.com,(778)611-1721x121,2025-01-13,Postpaid
6140,Vanessa Hendrix,jonathanmorales@example.org,984-523-6445x9637,2023-10-10,Prepaid
6141,John James,morenosean@example.com,001-923-313-9247x618,2025-02-05,Prepaid
6142,Kristine Bailey,franceshamilton@example.com,001-533-943-1268x13340,2025-01-22,Prepaid
6143,Stephanie Harvey,johnsonpaula@example.net,(882)781-3699x4526,2023-11-17,Postpaid
6144,Bradley Wheeler,bruceroy@example.com,001-957-428-6489x819,2023-12-19,Prepaid
6145,Anthony Richardson,aclark@example.net,(891)953-0200x615,2023-07-26,Postpaid
6146,Theresa Davis,jchen@example.org,363-638-3685x166,2023-05-08,Postpaid
6147,David Curtis,pbrown@example.net,640.746.5809x1752,2024-10-02,Prepaid
6148,John Baxter,jeffreymorris@example.net,224.417.8946,2024-09-26,Postpaid
6149,Anthony Smith,gregory80@example.org,288.558.4701x69828,2024-03-01,Postpaid
6150,Jessica Cohen,kimroberts@example.net,(652)681-3981,2024-06-26,Prepaid
6151,Nathaniel Boone,whitehaley@example.com,(682)381-8844x54291,2025-01-25,Prepaid
6152,Morgan Tucker,bensondarrell@example.net,323.788.9469,2023-09-10,Prepaid
6153,Benjamin Richardson,ehardy@example.org,452-922-9360,2025-03-19,Postpaid
6154,Phillip Gonzales,jessicabennett@example.org,(579)403-1134x9866,2023-05-25,Prepaid
6155,Stephanie Nguyen,christopher86@example.com,001-676-266-0743x265,2024-12-05,Prepaid
6156,Lindsey Paul,christopher34@example.org,479-899-9436x4084,2024-08-01,Prepaid
6157,David Jones,katherinenguyen@example.net,+1-216-623-5009x2602,2023-08-14,Postpaid
6158,Adam Mcfarland,lopezlisa@example.com,(292)791-8091x90083,2024-08-30,Postpaid
6159,Lauren Gay,rogersalexander@example.net,+1-442-463-5463x43485,2025-04-15,Postpaid
6160,Michelle Woodard,martinezmary@example.org,001-763-592-7720x81212,2023-06-23,Prepaid
6161,Ruth Knox,jodygriffith@example.com,(952)746-6857x62805,2025-04-04,Prepaid
6162,Kevin Smith,andrewthompson@example.com,(225)894-1285x3348,2025-01-18,Prepaid
6163,Debbie Gonzalez,williesimmons@example.net,(946)930-0716,2023-12-23,Postpaid
6164,Victor Richardson,kgay@example.net,+1-556-748-4588x387,2024-12-22,Postpaid
6165,Stacy Patton,soneill@example.net,860-257-8150x61465,2024-07-30,Postpaid
6166,David Boyle,bestes@example.org,656.824.4663x072,2025-02-09,Postpaid
6167,Cynthia Murray,ksmith@example.net,(723)417-8913x304,2023-09-09,Prepaid
6168,Tracy Lynch,candace48@example.com,327-823-9011x608,2023-11-11,Postpaid
6169,Kylie Gutierrez,reyesjoseph@example.com,+1-477-246-9425x92628,2024-05-18,Postpaid
6170,Cheryl Townsend,tsparks@example.com,205-313-1853,2024-02-24,Prepaid
6171,Hannah Shepherd,bradleyblake@example.com,(317)289-7275,2023-12-07,Postpaid
6172,Anthony Thompson,rothgerald@example.org,(245)557-8305x59708,2024-04-21,Postpaid
6173,Emily Parker MD,joseph79@example.com,+1-241-890-6628x222,2024-08-05,Postpaid
6174,April Richardson,millerthomas@example.com,879-418-3274x1071,2024-02-25,Postpaid
6175,Brandon Valenzuela,dennis20@example.com,(349)590-0000x9095,2023-11-14,Prepaid
6176,Jeffrey Mcdonald,hsmith@example.com,(707)946-8375x10737,2024-06-17,Postpaid
6177,Lindsay Fields,fadams@example.org,001-414-772-1976x00183,2024-08-10,Prepaid
6178,William Smith,cynthiagraham@example.org,553.708.5152,2024-08-16,Postpaid
6179,Jesse Jones,marshalljocelyn@example.com,733.327.4236x1678,2024-01-22,Prepaid
6180,Scott Pearson,yvonnevaldez@example.org,742.757.6544x166,2024-04-11,Prepaid
6181,Amanda Brooks,sandraford@example.net,001-454-741-0005x662,2023-10-30,Postpaid
6182,Gregory Massey,martinezedward@example.org,361.517.8173x5373,2023-12-21,Postpaid
6183,John Newton,steven76@example.org,493.583.8813x08394,2025-01-06,Postpaid
6184,Stacy Bradley,montgomeryjessica@example.net,(254)756-5742,2023-11-15,Postpaid
6185,Michael Thomas,mli@example.com,001-422-462-2684,2023-09-11,Prepaid
6186,Michael Conway,christina80@example.org,338-271-0789x05508,2025-03-08,Prepaid
6187,David Green,joshuaanderson@example.org,+1-755-520-4545x42429,2025-03-25,Prepaid
6188,Patrick Davis,lisawallace@example.com,(763)421-9723x06023,2023-12-18,Prepaid
6189,John Reed,omar35@example.org,900-594-4499,2023-08-20,Postpaid
6190,Kaitlyn Baker,jeremy54@example.org,001-799-683-3672x45971,2024-06-30,Postpaid
6191,John Butler,burkeaaron@example.com,001-216-718-6984x1877,2024-06-17,Postpaid
6192,Ashlee Cummings,lisa80@example.org,+1-892-544-7317,2024-08-18,Postpaid
6193,Kimberly Haley,vscott@example.net,001-509-384-9234,2024-10-23,Postpaid
6194,David Mcbride,diane63@example.com,626-972-2704x403,2025-01-27,Prepaid
6195,Joshua Reed,skinnermary@example.net,907-252-8105x68308,2024-10-03,Prepaid
6196,Angela Johnson,ptaylor@example.org,(954)706-4362,2024-05-06,Postpaid
6197,Kevin Fletcher,osmall@example.net,840.667.3718,2024-01-21,Prepaid
6198,Robert Hester,ijohnson@example.org,001-705-731-3305,2023-10-19,Postpaid
6199,Brian Schwartz,maryjohnson@example.com,651.526.3729,2023-11-01,Prepaid
6200,Cynthia Miller,rogersmercedes@example.net,+1-366-319-7760x028,2024-10-11,Postpaid
6201,Rebecca Barber,ufoster@example.com,(442)908-0106x17271,2023-10-11,Prepaid
6202,Crystal Lee,scottgary@example.com,469-878-5484x159,2025-03-15,Postpaid
6203,Joseph Drake,teresa02@example.com,(652)363-3304x911,2024-07-20,Postpaid
6204,Timothy West,josephthomas@example.com,528-615-6264x282,2023-08-31,Postpaid
6205,Jessica Navarro,sbell@example.org,504-700-7094x81736,2024-06-01,Postpaid
6206,Travis Gonzalez,nwest@example.org,565-752-2223,2023-06-07,Prepaid
6207,Dillon Johnson,charrison@example.org,294.278.6175x3276,2024-05-04,Prepaid
6208,Amanda Robbins,tbond@example.net,+1-977-528-1818x954,2024-04-20,Postpaid
6209,Yvonne Meza,amber10@example.com,(322)841-8274,2025-04-03,Prepaid
6210,Daniel Orr,brandonmartin@example.net,+1-398-788-4359x0937,2025-01-08,Prepaid
6211,Justin Goodman,taylordarrell@example.net,+1-495-548-3558x69440,2025-04-14,Prepaid
6212,Shelley Turner,brucejohnston@example.org,001-267-544-3345,2023-06-18,Prepaid
6213,Kevin Hall,stanleyeric@example.com,245-433-7810x42397,2023-09-27,Postpaid
6214,Adam Smith,muellerallison@example.org,+1-831-298-4688x44230,2024-04-24,Postpaid
6215,Mary Crawford MD,michelegarrison@example.net,853-994-9208,2024-05-15,Postpaid
6216,Julie Bennett,mayjean@example.com,001-744-524-8209x70342,2024-01-27,Prepaid
6217,Colin Lewis,doris17@example.net,+1-767-447-4491x5454,2024-09-01,Prepaid
6218,Andre Ochoa,brownmatthew@example.org,498.246.9180x8749,2023-09-24,Postpaid
6219,David Smith,cassandra04@example.net,+1-735-862-2935,2024-11-17,Postpaid
6220,Victoria Green,fergusonmorgan@example.com,461.769.1906,2023-08-18,Prepaid
6221,Veronica Jones,carlagarcia@example.net,983-208-4768,2024-12-13,Postpaid
6222,Charles Boyd,jharrell@example.net,001-326-482-0952,2024-12-10,Postpaid
6223,Mr. Daniel Williams,newmanpaul@example.org,686-760-6833x46071,2024-09-12,Prepaid
6224,Michael Walker,tbrennan@example.net,(513)985-9996x16789,2023-05-06,Prepaid
6225,Sean Logan,yrodriguez@example.com,(387)317-7346,2023-12-30,Postpaid
6226,Monica Chaney,donaldwelch@example.org,(941)934-8056x09598,2023-05-01,Prepaid
6227,Sarah Bentley,nhayes@example.net,(335)504-7448x75446,2024-02-21,Postpaid
6228,Lisa Cortez,derekevans@example.net,(481)203-6890x6427,2024-10-22,Postpaid
6229,Joann Crawford,nathanielcox@example.net,201.620.5257,2024-07-21,Postpaid
6230,Kristy Mays,ruthmanning@example.org,+1-239-513-2331x57883,2024-06-17,Prepaid
6231,Samantha Travis,xhatfield@example.com,+1-639-262-0065,2023-08-14,Prepaid
6232,Carrie Mitchell,eduardo40@example.net,293.829.0718,2024-06-01,Prepaid
6233,Christopher Wells,meltonshawn@example.net,667-536-3704,2023-05-07,Postpaid
6234,Maria Owens,lauraward@example.com,+1-401-371-4868x05057,2024-02-22,Postpaid
6235,Nancy Mcguire,mbell@example.net,001-893-446-9738x71933,2024-06-14,Prepaid
6236,Jose Marshall,jamescabrera@example.net,001-547-721-0086,2024-03-03,Prepaid
6237,Michael Holmes,paynejustin@example.org,538.601.4927,2024-09-11,Prepaid
6238,Andrea Moore,ychristensen@example.com,001-495-239-8379,2025-02-03,Postpaid
6239,Kimberly Todd,jwatson@example.com,932.756.5172x24935,2023-07-16,Prepaid
6240,Robert Hatfield,charles68@example.org,233.442.1364x209,2023-10-25,Postpaid
6241,Katie Alvarez,xshort@example.com,001-886-847-5790,2024-10-09,Postpaid
6242,Jeffrey Mendez,tracybowen@example.org,001-524-886-6623x3302,2025-04-21,Prepaid
6243,Mercedes Cortez,derrick94@example.net,(554)334-4648x1585,2024-06-30,Prepaid
6244,Shelia Thomas,hughesjacob@example.org,001-401-689-8806x203,2023-09-19,Postpaid
6245,Heather Holmes,nmaldonado@example.org,001-737-738-3492x991,2025-02-22,Postpaid
6246,Amber Robinson,smithphilip@example.com,(902)510-7203x8190,2024-08-05,Prepaid
6247,James Peterson,weberjulia@example.org,299-664-5097x652,2024-09-05,Postpaid
6248,Frank Hoover PhD,fhaney@example.org,4429397857,2024-09-17,Postpaid
6249,John Smith,patriciascott@example.com,6413064743,2024-07-05,Postpaid
6250,Billy Mcdaniel,vheath@example.com,662-712-3743x3928,2024-02-24,Prepaid
6251,Mary Lee,dean60@example.org,659-714-1807x250,2024-01-08,Prepaid
6252,Kyle Dixon,melissamitchell@example.com,559.800.5727x417,2025-04-08,Postpaid
6253,Robin Zhang,katherinefrost@example.com,371-644-3697,2023-11-10,Prepaid
6254,Stephanie Johnson,williamfields@example.org,+1-865-849-0426x40780,2025-01-28,Postpaid
6255,Corey Gibson,petersonjeffrey@example.com,001-904-459-8224x28930,2023-07-24,Prepaid
6256,Lisa Simpson,smithsonya@example.com,677-393-4479x811,2025-04-23,Postpaid
6257,Timothy Terrell,tracy61@example.net,6287497360,2024-10-17,Prepaid
6258,Carol Leon,wilsonbrian@example.org,(487)271-6627x070,2023-12-08,Prepaid
6259,Melissa Torres,shermanrobert@example.com,666.792.5412,2024-08-19,Postpaid
6260,Joseph Lane,alexanderdawn@example.com,001-331-263-4508x9224,2024-05-04,Prepaid
6261,Matthew Barker,carolyn19@example.com,+1-311-967-1383x95603,2024-04-03,Prepaid
6262,Danielle Ballard,jill84@example.org,463-577-7875x817,2025-03-08,Prepaid
6263,Jordan Baldwin,murphykari@example.com,709-656-2192,2024-03-09,Prepaid
6264,Nicholas Wilson,isaac62@example.com,001-831-332-6347,2024-01-08,Prepaid
6265,Angel Kirk,turnervincent@example.com,001-339-435-0851x72232,2024-05-09,Prepaid
6266,Monique Wheeler,tina07@example.com,618.940.4416x4518,2023-12-28,Postpaid
6267,Jesse Knight,lowebryan@example.com,(745)224-3326x36804,2023-08-18,Prepaid
6268,Joshua Gonzalez,carlsonconnie@example.org,851-945-0206,2025-02-26,Postpaid
6269,Katherine Fowler,qforbes@example.org,245.569.2016x89148,2024-04-03,Prepaid
6270,Jessica Morgan,vfritz@example.org,(227)797-5136x6571,2023-09-20,Prepaid
6271,Jaime Warren,lfrank@example.com,460.911.1890x821,2023-12-25,Prepaid
6272,Stefanie Carey,sabbott@example.org,+1-338-970-4585x8881,2024-07-22,Prepaid
6273,Jon Clark,asmith@example.net,+1-701-219-3842x0480,2025-04-14,Postpaid
6274,Sandra Jackson,williampeck@example.com,317-948-9286,2023-06-01,Postpaid
6275,Ann Anderson,weberbeth@example.net,+1-713-555-4861,2024-12-04,Prepaid
6276,Kimberly Kim,blacklinda@example.com,942-579-4337x172,2023-09-03,Prepaid
6277,David Smith,lhester@example.net,001-443-588-1184x6317,2024-06-20,Prepaid
6278,Karen Calderon,kingcharles@example.com,435.906.2811x294,2023-09-22,Prepaid
6279,Heather Green,emiller@example.org,+1-518-970-3380,2024-01-24,Prepaid
6280,Brett Conway,nataliestephenson@example.com,(455)309-7618,2024-09-25,Prepaid
6281,Laura Higgins,melissa69@example.net,(824)994-9627x2993,2024-04-24,Postpaid
6282,Jeffrey Hicks,hbrown@example.org,8049182619,2025-02-16,Prepaid
6283,Richard Liu,cassidy63@example.net,512-359-4501x682,2025-03-04,Postpaid
6284,John Myers,tylerwilliams@example.net,+1-558-553-6119x771,2024-12-12,Postpaid
6285,Patricia Guerrero,joshua35@example.org,(519)968-8209x709,2023-07-11,Prepaid
6286,David West,jenniferdelacruz@example.com,977.223.4838x181,2024-04-25,Prepaid
6287,Kaitlyn Smith,lawrencelinda@example.net,500-800-1723x21914,2023-10-16,Prepaid
6288,Randy Chang,michaelwilson@example.net,881.516.1612x5761,2023-06-28,Prepaid
6289,Andrea White,michaeltorres@example.net,001-530-313-6638x2922,2024-08-23,Postpaid
6290,Kathleen Montgomery,tracyhoffman@example.com,+1-637-469-1599x196,2024-01-07,Postpaid
6291,Denise Molina,stevengonzalez@example.com,992-547-6180x8460,2023-08-15,Postpaid
6292,Jessica Ochoa,julie82@example.org,001-735-242-7927x8762,2024-10-23,Prepaid
6293,David Oliver,jessicanavarro@example.com,9677852989,2025-02-11,Prepaid
6294,Robert Gilmore,rowecharles@example.net,(801)649-2851,2023-07-28,Postpaid
6295,Richard Berg,anna23@example.com,471-493-5287x9364,2024-08-17,Postpaid
6296,Shelby Gonzalez,jeremy74@example.org,+1-899-504-6017,2024-05-07,Prepaid
6297,Vanessa Castillo,hillalicia@example.com,746-751-1872x81693,2024-11-03,Prepaid
6298,Lisa White,sydneyford@example.org,(269)750-8602,2023-06-06,Prepaid
6299,Carmen Graham,williammoran@example.com,353-508-6575x0091,2024-11-02,Prepaid
6300,Tiffany Avila,larry29@example.org,436-921-9648x41623,2024-06-20,Postpaid
6301,Robert Johnston,jasoncollier@example.com,882.787.2953,2024-04-04,Prepaid
6302,Victoria Bradley,ywallace@example.com,523.709.4493,2024-01-15,Postpaid
6303,Andrew Lewis,sean53@example.net,4582466967,2023-11-17,Postpaid
6304,Kevin Miller,rbyrd@example.net,236.255.4994,2024-01-10,Prepaid
6305,Anthony Baxter,adamsmichael@example.net,359.316.2231,2025-01-20,Prepaid
6306,David West,jason37@example.net,001-412-552-5495x272,2024-07-13,Postpaid
6307,Jason Collins,josephfarley@example.com,638.691.9796,2024-05-04,Postpaid
6308,Kimberly Ford,lewischad@example.net,(776)486-9584x206,2024-08-11,Postpaid
6309,Betty Garcia,kayla24@example.org,(809)311-7068,2025-04-23,Prepaid
6310,Dennis Jones,davisjuan@example.org,490-627-8699x514,2023-11-03,Prepaid
6311,Anne Garcia,anna88@example.org,(555)806-7656x402,2023-06-17,Prepaid
6312,Erik Hardy,hortonbrittany@example.org,(883)425-4887x0276,2023-07-02,Prepaid
6313,Judy White,teresafigueroa@example.org,566.620.3572,2023-05-15,Prepaid
6314,Stephen Hurley,deborah43@example.net,602-808-7207,2024-11-24,Postpaid
6315,David Cain,anthonymoreno@example.com,(457)391-7270x738,2025-01-23,Postpaid
6316,Jacob Acevedo,jonathan12@example.org,(855)621-9131x02693,2024-11-12,Postpaid
6317,Yesenia Summers,winterseileen@example.org,001-378-749-2468,2025-04-05,Postpaid
6318,Curtis Mcbride,robert89@example.org,672-477-3330,2023-09-05,Postpaid
6319,Jennifer Walker,gary12@example.org,(795)495-1750x201,2025-04-12,Prepaid
6320,Philip Wade,eking@example.org,(365)795-4717x27643,2023-06-09,Postpaid
6321,Shelley Curtis,kevinblankenship@example.org,725.813.4891,2024-04-26,Prepaid
6322,Joseph Avila,sarahsanchez@example.net,+1-735-393-8209x2409,2025-04-21,Prepaid
6323,Christopher Kim,fmeyer@example.com,980.429.9162x9795,2024-07-23,Prepaid
6324,Kathleen Griffith,tarasellers@example.org,001-930-635-9442x460,2025-02-27,Prepaid
6325,Kyle Rodriguez,sabrinamcknight@example.com,+1-272-849-0185,2023-05-20,Prepaid
6326,David Chen,jasonhall@example.org,766.786.6857x038,2024-06-20,Prepaid
6327,Emily Simmons,brownpamela@example.net,661.262.1861x72987,2023-07-19,Postpaid
6328,Jeremiah Thomas,nguyentheresa@example.com,+1-950-800-8744x79766,2024-06-27,Prepaid
6329,Jennifer Berg,andreamiranda@example.com,(592)255-4660x471,2023-08-18,Postpaid
6330,Anna Jones,mary26@example.com,285.835.0544,2025-04-07,Postpaid
6331,Cassandra Morrison,jbuck@example.org,+1-539-528-0731x06372,2024-10-08,Prepaid
6332,James Washington,akim@example.org,445.485.0043,2025-01-10,Prepaid
6333,Billy Melton,creed@example.org,+1-728-855-0000x97683,2024-01-13,Postpaid
6334,Shane Rose,zoegarza@example.com,767-597-4696x9428,2024-12-21,Prepaid
6335,Cody Reese,darlene35@example.net,796.741.5083x299,2024-04-03,Prepaid
6336,Mark Stephens,morenosean@example.net,(718)265-2292,2023-07-21,Prepaid
6337,Nicole Gordon,bennettjaclyn@example.com,5948602972,2024-12-18,Prepaid
6338,Mary Yang,oscarcasey@example.org,797-976-8026x3798,2024-09-03,Prepaid
6339,Chad Martin,ugordon@example.org,250.995.4480x5795,2025-04-09,Postpaid
6340,Jeremiah Hill,ptaylor@example.com,+1-334-510-2675x97997,2024-04-13,Postpaid
6341,Bryce Davis,mshannon@example.net,277.232.3872,2024-09-22,Postpaid
6342,David Duncan,alexandernorton@example.com,(348)549-5055x00300,2023-12-31,Prepaid
6343,Paul Anderson,mitchell82@example.org,(284)212-3399,2023-12-17,Prepaid
6344,Darrell Jackson MD,vleon@example.net,001-446-295-1571x709,2023-08-22,Prepaid
6345,Yvonne Pratt,sdavis@example.org,876-569-0838,2024-12-09,Postpaid
6346,Denise Beltran,jonesjessica@example.net,323-536-1741x51724,2024-10-02,Postpaid
6347,Max Galloway,smithbrittney@example.org,001-650-820-9580x201,2024-06-13,Prepaid
6348,Tina Matthews,ramirezsamantha@example.net,597-699-0271x10900,2024-05-19,Postpaid
6349,Kevin Miles,ltucker@example.org,926-666-6792,2024-10-05,Prepaid
6350,Kathy Weiss,kevin57@example.net,633.979.3267x814,2024-11-16,Postpaid
6351,Dr. Joseph Rivera DDS,lisa17@example.net,+1-781-243-2851x35886,2024-09-01,Postpaid
6352,Erin Johnson,brittany02@example.org,529-492-2814,2023-06-28,Postpaid
6353,Antonio Smith,xavier16@example.org,550-311-4717x93817,2025-04-25,Postpaid
6354,Aaron George,whitemary@example.org,+1-320-324-7717x45176,2023-05-28,Postpaid
6355,Michele Gonzalez,alisonbrown@example.net,489.487.2297,2023-10-07,Postpaid
6356,Steve Ramirez,chad09@example.net,001-990-280-8496x00072,2024-11-19,Prepaid
6357,Carla Young,deannadavidson@example.org,803-966-9673,2023-11-20,Postpaid
6358,Rebecca Tucker,julie02@example.org,(422)556-9847,2023-06-10,Prepaid
6359,Aaron Ramos,chloe72@example.net,5919696380,2025-03-17,Prepaid
6360,Michael Riley,xmitchell@example.net,660-651-2048x091,2023-12-03,Prepaid
6361,Anna Thornton,andrew89@example.com,+1-650-996-5631x99088,2024-08-11,Prepaid
6362,Natalie Nolan,westcharles@example.net,889-919-9161,2024-07-11,Postpaid
6363,Wyatt Wilson,mlee@example.net,+1-330-428-2914x02820,2023-10-28,Prepaid
6364,Anna Vargas,cpatterson@example.net,737.374.6453x1134,2024-10-03,Postpaid
6365,Kevin Riddle,tayloralyssa@example.net,405-815-0938x9126,2024-10-26,Postpaid
6366,Jason Sanchez,madison81@example.org,001-612-757-3942x267,2023-05-16,Postpaid
6367,Brian Lane,kevinrush@example.com,824.807.4712,2024-10-16,Prepaid
6368,Chris Quinn,along@example.org,(615)303-7608x74436,2023-07-19,Prepaid
6369,Joseph Jones,dickersontammy@example.com,777-835-9518x11175,2023-08-02,Postpaid
6370,Matthew Gutierrez,mark74@example.com,(696)853-6895x8527,2024-06-28,Postpaid
6371,David Andrade,lisaramirez@example.com,(382)256-2426x6580,2024-12-06,Postpaid
6372,Melissa Smith,jeffrey63@example.com,+1-939-574-2612x45472,2024-06-10,Prepaid
6373,Crystal Baker,comptonamanda@example.org,466.457.4550,2025-04-13,Postpaid
6374,Rachel Martinez,davidrice@example.com,7978950523,2023-10-04,Postpaid
6375,Robert Moore,deannamiller@example.net,868.893.8099,2024-08-23,Prepaid
6376,Whitney Ford,ehamilton@example.net,001-936-306-3325,2023-10-16,Postpaid
6377,Barbara Butler,gcoffey@example.com,794-221-8930x102,2023-06-19,Postpaid
6378,Alexis Johnson,aliciafox@example.org,(393)887-1354x51379,2024-01-29,Postpaid
6379,Brian Espinoza,james77@example.com,001-938-855-6741,2024-03-01,Prepaid
6380,Mark Cook,duranmaria@example.net,(816)974-1613x61514,2024-04-03,Prepaid
6381,Ashley Gray,porterjackie@example.org,660.479.3146x099,2024-02-23,Postpaid
6382,Timothy Spencer,coleyvonne@example.org,(729)248-1893x9419,2024-02-19,Postpaid
6383,Jorge Wright,william82@example.org,001-588-945-3484x9384,2023-11-17,Postpaid
6384,Andrew Krause,onelson@example.com,(948)661-5503,2024-10-13,Prepaid
6385,Sharon Graham,mhernandez@example.org,6323731053,2024-02-29,Prepaid
6386,Lucas Rodriguez DVM,jenniferraymond@example.net,001-700-709-0057,2024-06-21,Prepaid
6387,Douglas Smith,christopherlawson@example.net,8648405020,2023-06-01,Postpaid
6388,Brandon Miller,andrewjones@example.net,423-669-8795x89199,2024-03-11,Postpaid
6389,Andrew Green,jeffreyperez@example.net,001-969-280-8893,2025-02-02,Prepaid
6390,Richard Mckinney,lindseyvaughan@example.org,884.217.6801x59302,2023-07-15,Postpaid
6391,David Wheeler,dawn29@example.com,355-667-8113x120,2024-03-02,Prepaid
6392,Jesse Morales,matthewclay@example.net,537.287.0239x7143,2024-01-10,Prepaid
6393,Tony Matthews,wflynn@example.org,(516)977-2435x8647,2025-02-18,Prepaid
6394,David Chavez,johnsonryan@example.net,001-354-460-6545x9801,2025-02-13,Prepaid
6395,Alexander Anderson,russellparker@example.net,248-401-3132x4966,2024-01-28,Postpaid
6396,Teresa Santos,timothy44@example.org,710-327-8754,2023-06-25,Postpaid
6397,Michael Newman,qbarrera@example.com,+1-944-548-4519x629,2023-08-20,Prepaid
6398,Natalie Hubbard,victoria76@example.net,798-701-9931,2024-08-26,Postpaid
6399,William Sosa,amandaedwards@example.com,(720)579-1468x5514,2024-09-03,Postpaid
6400,Robert Spears,scottwilliams@example.net,+1-204-425-3819x937,2024-09-24,Postpaid
6401,Brenda Moore,melissa30@example.com,(916)714-8900x7578,2025-01-03,Prepaid
6402,Sandra Anderson,christian72@example.net,339.297.4717x4763,2024-07-23,Prepaid
6403,Susan Cisneros,brianaspencer@example.net,959.372.7887,2023-09-04,Prepaid
6404,Karen Fox,wward@example.net,001-992-677-9904,2025-02-15,Prepaid
6405,Christopher Munoz,audrey35@example.com,680-855-0774,2025-03-24,Postpaid
6406,Charles Lawrence,hbrown@example.org,907.718.5786x7325,2025-02-10,Prepaid
6407,Teresa Roach,vevans@example.com,(706)589-6522x571,2024-11-15,Prepaid
6408,Dr. Cindy Hayes,cassandrasmith@example.org,(312)344-1437x481,2024-03-30,Postpaid
6409,Miguel Jones,isharp@example.net,7728887277,2023-08-02,Postpaid
6410,Brian Rodgers,arangel@example.net,+1-654-699-7035x34813,2025-01-31,Prepaid
6411,Stephen Green,murphyantonio@example.com,+1-365-744-4193,2023-07-20,Postpaid
6412,Stephen Parker,torresanthony@example.com,946.239.6367x29785,2024-06-28,Postpaid
6413,Dakota Middleton,kelly31@example.net,379.769.4291x6862,2025-01-06,Postpaid
6414,Jennifer Jones,wellsjoanne@example.org,+1-621-507-4256x61154,2024-01-18,Postpaid
6415,Carolyn Martin,jose10@example.net,386-583-7759x6898,2023-09-20,Prepaid
6416,Marcus Munoz,sara57@example.org,+1-300-384-4677,2024-12-20,Postpaid
6417,Patricia Huffman,ryan29@example.com,+1-546-469-0108x646,2025-04-11,Postpaid
6418,Samantha Gates,tammy49@example.org,376.650.5787x6395,2025-02-12,Prepaid
6419,Jennifer Evans,brianna09@example.com,253.912.5687x1007,2024-09-17,Prepaid
6420,Daniel Noble,omayo@example.com,(344)329-5554,2023-11-01,Postpaid
6421,Phillip Martinez,bakerjames@example.net,329-956-3828x4840,2025-03-10,Prepaid
6422,Thomas Cordova,lisalin@example.com,+1-761-717-2753,2024-11-06,Prepaid
6423,Craig Horn,john29@example.com,+1-408-743-2477x964,2023-10-19,Prepaid
6424,Kenneth May,tammyfernandez@example.org,+1-696-965-3644x43137,2024-06-06,Postpaid
6425,James Brown,nicholasvance@example.org,770-548-3087x5579,2025-02-02,Prepaid
6426,Morgan Davila,wsmith@example.org,580-402-0244x735,2024-03-20,Prepaid
6427,Linda Baker,justinwells@example.net,574-978-2213x3758,2023-09-08,Postpaid
6428,Walter Andrews,seanstone@example.org,+1-318-428-5649x96684,2024-05-24,Prepaid
6429,Adam Raymond,vblack@example.net,+1-981-930-0316x442,2024-07-28,Prepaid
6430,Scott Pena,sarahgarrett@example.net,001-993-933-1287x15042,2023-11-16,Postpaid
6431,Christian Farrell,omarquez@example.org,660-990-1847,2024-05-03,Postpaid
6432,Mary Smith,brandtgregory@example.net,+1-473-900-6387,2024-01-14,Postpaid
6433,Thomas Davila,tgonzalez@example.net,001-653-338-6997x1665,2023-12-11,Postpaid
6434,Kenneth Mack,jamesrasmussen@example.org,671-322-5525,2023-06-17,Prepaid
6435,Julia Perkins,millermary@example.org,9326664586,2023-12-24,Prepaid
6436,Jennifer Rogers PhD,ytownsend@example.com,001-889-900-2374x0961,2025-02-20,Prepaid
6437,Renee Bean,andreaoconnor@example.com,699.810.3744x9909,2024-01-03,Prepaid
6438,Sarah Mosley,millerstephen@example.org,242.628.2104,2024-02-13,Prepaid
6439,Derek Mosley,marshallbeth@example.org,271.491.2660,2023-08-19,Postpaid
6440,Jason Arnold,christina81@example.com,+1-669-648-5163x19700,2025-03-03,Prepaid
6441,Diana Foster,john01@example.com,906-599-5252,2024-02-09,Prepaid
6442,Joseph Estrada,carrietaylor@example.net,001-700-732-9882x97592,2025-02-03,Prepaid
6443,Edward Foster,michael65@example.com,398-276-0834,2023-05-21,Prepaid
6444,Angela Newman,brianawilliams@example.com,001-627-960-3945x70532,2023-05-14,Postpaid
6445,Jerry Perez,krystal49@example.net,+1-247-931-1825,2024-08-17,Postpaid
6446,Chelsey Garrett,brocknathan@example.com,285.416.0345x4021,2025-02-14,Postpaid
6447,Sarah Chapman,masseyvictor@example.org,+1-971-666-7928,2023-11-18,Postpaid
6448,Andrew Martin,rraymond@example.org,001-351-997-2212x699,2023-08-03,Postpaid
6449,Todd Acosta,morrismartha@example.org,001-408-874-5307,2025-01-22,Prepaid
6450,Paul Patel,buckshane@example.com,(714)745-9487,2023-09-13,Prepaid
6451,Johnathan House,benjamin46@example.com,+1-933-943-3229x194,2024-06-18,Prepaid
6452,Paula Ballard,jared66@example.org,(677)571-1128x1855,2024-04-07,Postpaid
6453,Tyler Mason,hugheslinda@example.com,847.293.1373x4475,2024-08-28,Postpaid
6454,Paula Watson,obrown@example.org,001-352-976-3465x26549,2025-02-12,Postpaid
6455,Rebecca Terrell,brandymoreno@example.org,5407023887,2025-02-03,Postpaid
6456,Rebecca Conner,valdezkelsey@example.com,(660)784-3634x875,2023-08-04,Prepaid
6457,Sheila Patton,cindy59@example.org,202-859-2255x218,2024-06-05,Postpaid
6458,Ashley Graham,reginaldcox@example.org,227-202-9423,2023-05-27,Prepaid
6459,Joseph Murphy,samuelevans@example.org,882.259.6629,2024-06-09,Prepaid
6460,Calvin Perez,craigcarroll@example.com,2283270172,2024-06-23,Postpaid
6461,Sean Matthews,deborahkaiser@example.com,444.538.1825,2023-07-05,Prepaid
6462,Cathy Chang,bennettjaime@example.com,660.933.1896,2023-11-01,Prepaid
6463,Walter Gray,erikagallegos@example.com,(524)496-6975x1146,2025-02-27,Prepaid
6464,Cody Cooper,melissamiranda@example.com,(584)219-1702,2025-04-15,Postpaid
6465,Jamie Miller,james32@example.org,+1-438-922-0302x80426,2024-10-18,Postpaid
6466,Alejandra Mitchell,gzimmerman@example.org,234-312-0321x243,2024-02-16,Prepaid
6467,Clifford Brown,courtneyanderson@example.com,001-703-683-2330x609,2023-08-23,Prepaid
6468,Cynthia Sandoval,jlawson@example.com,001-895-581-2686,2024-11-27,Prepaid
6469,Vanessa Cummings,marissa40@example.com,+1-980-414-4469x1644,2025-02-18,Prepaid
6470,Larry Steele,kimberly93@example.com,(630)769-0009,2025-01-17,Prepaid
6471,Laurie Wilkerson,justin54@example.net,298-424-7778,2025-01-14,Postpaid
6472,John Aguirre,ahawkins@example.net,916.956.4838,2023-11-22,Prepaid
6473,Ann Mccarthy,jduffy@example.com,2264307772,2025-01-09,Postpaid
6474,Justin White,stevenhernandez@example.org,401-280-5147,2024-03-03,Prepaid
6475,John Hughes,psanchez@example.net,5265270861,2024-06-28,Postpaid
6476,Michelle Brown,campbellrebecca@example.com,+1-666-959-0515,2024-10-11,Prepaid
6477,Melissa Smith,lambertsamantha@example.net,+1-212-796-5785x7092,2024-02-23,Prepaid
6478,Margaret Garcia,janetjackson@example.com,442-278-4873,2023-11-19,Prepaid
6479,Aimee Oconnell,michellemathews@example.com,001-828-631-7015x37829,2024-12-05,Prepaid
6480,Abigail Santos,ryanlopez@example.com,001-379-962-8598,2024-07-04,Prepaid
6481,Morgan Smith,wallsjoshua@example.org,520.723.1295x29269,2023-05-25,Prepaid
6482,Alyssa Murphy,melanieparker@example.org,538-863-6399x3083,2023-08-23,Prepaid
6483,Rhonda Martinez,dholland@example.org,+1-498-521-7339x762,2025-01-05,Postpaid
6484,Jillian Coleman,charlesweber@example.com,926-266-9972x72510,2024-12-04,Postpaid
6485,Steven Mercado,jonesjohn@example.org,(328)978-0519x649,2023-08-14,Prepaid
6486,Justin Jackson,sharon86@example.com,001-335-866-0228x10525,2025-03-05,Postpaid
6487,Martin Richardson,carterelizabeth@example.org,(226)752-4054x1450,2025-04-24,Postpaid
6488,Paul Crawford,jbarnes@example.net,737.809.7053x024,2025-03-22,Postpaid
6489,Jacob Cox,vanessa40@example.com,+1-852-736-8489,2024-08-06,Prepaid
6490,Alex Bernard,donnabaldwin@example.org,240.949.4591,2024-09-11,Postpaid
6491,Jeremy Taylor,oboyle@example.org,362.459.1448x73046,2024-02-06,Prepaid
6492,Kathy Montes,hschmidt@example.com,381.770.7371,2023-07-24,Postpaid
6493,Tina Hill,christine54@example.net,001-907-857-2552x86067,2024-12-02,Postpaid
6494,Teresa Garcia,beardtimothy@example.net,+1-932-695-7302x80545,2024-05-23,Prepaid
6495,Rebecca Harris,christinehunter@example.org,+1-640-647-1509x112,2024-03-01,Postpaid
6496,Scott Santana,lewisthomas@example.com,678-732-2854x886,2024-01-22,Prepaid
6497,Raymond Johnson,wagnerjohn@example.net,001-840-522-3176x546,2024-10-12,Prepaid
6498,Troy Casey,wadefrederick@example.org,204-399-9472,2024-10-31,Postpaid
6499,Amy Webb,atownsend@example.net,253.615.7034x224,2024-12-26,Prepaid
6500,Angel Bennett,adamssharon@example.net,001-871-781-0812x1971,2023-10-30,Postpaid
6501,Brian Rodriguez,browncasey@example.net,823-289-6436,2025-02-21,Postpaid
6502,Martin Clayton,waltersgabrielle@example.org,(740)312-7937x95103,2024-12-03,Postpaid
6503,Ryan Coleman,williemorgan@example.org,906.296.8348,2024-11-21,Prepaid
6504,Martin Nelson,jeffrey05@example.com,295-528-0112,2024-09-26,Prepaid
6505,Cody Morales,xmitchell@example.com,001-686-313-1536x2069,2025-04-15,Postpaid
6506,Michele Rodriguez,thompsonkeith@example.com,647.773.5724,2023-10-12,Postpaid
6507,Teresa Mitchell,tiffanywilson@example.net,590-735-6071,2024-08-06,Postpaid
6508,Frank Mullins,nhunt@example.net,001-652-418-8747x290,2025-03-05,Postpaid
6509,Donald Lutz,diane54@example.org,(722)213-0246,2023-05-07,Postpaid
6510,Tiffany Daniels,lisajohnson@example.org,+1-943-667-5801x376,2024-10-19,Postpaid
6511,Michael Hamilton,ohorton@example.com,562.596.1065x81553,2024-07-19,Postpaid
6512,Mary Kaiser,samanthamorse@example.org,373-503-7703x699,2024-05-13,Prepaid
6513,Alicia Pearson,rroy@example.org,+1-605-424-0729,2023-07-26,Prepaid
6514,James Rollins,stanley57@example.net,001-372-524-6375,2024-05-17,Prepaid
6515,Tyler Charles,johnburns@example.net,6588814140,2023-05-19,Prepaid
6516,Anita Williams,nelsonlori@example.org,001-425-464-3924,2023-11-19,Postpaid
6517,Nicole Weiss,wagnerwilliam@example.org,+1-870-389-5197x57825,2025-03-04,Prepaid
6518,Rebecca Jones,crawfordjustin@example.net,001-735-620-3451x965,2023-09-26,Postpaid
6519,Rebecca Freeman,grivers@example.com,+1-356-422-2655x85403,2024-08-09,Prepaid
6520,Juan Reeves,leonardyoung@example.com,274.330.4290x848,2024-01-29,Postpaid
6521,Carolyn Moss,william35@example.org,001-672-460-1028,2024-08-05,Postpaid
6522,Daniel Gonzalez,qhenderson@example.net,4456311584,2023-07-11,Postpaid
6523,Rebecca Smith,michael31@example.com,8079060375,2024-06-01,Postpaid
6524,Rebecca Bryant,mknight@example.org,(229)853-2346,2024-03-29,Postpaid
6525,Thomas Roth,wilsonjeremiah@example.com,001-646-396-6926x589,2023-07-17,Postpaid
6526,Joseph Henson,douglastaylor@example.org,+1-650-632-4735x33656,2023-08-18,Prepaid
6527,Katelyn Harper MD,jacksonpeter@example.net,6154497009,2024-01-27,Prepaid
6528,Megan Ramos,mgallegos@example.org,+1-545-840-9792x3997,2024-01-30,Prepaid
6529,Tracy Sanders,moorejesse@example.net,699-456-7421x9622,2023-06-27,Postpaid
6530,Vincent Kennedy,angelagonzalez@example.com,+1-231-634-0784x6882,2024-07-05,Prepaid
6531,Randy Brown,kevin72@example.org,001-383-334-9649x27915,2024-08-30,Prepaid
6532,Katelyn Haynes,dmelton@example.org,001-985-580-6199x1759,2024-08-25,Prepaid
6533,Nathaniel Greene,john68@example.net,357-224-9906x48641,2024-08-10,Postpaid
6534,Dominique Richards,ecasey@example.com,+1-743-392-2339x282,2024-04-17,Postpaid
6535,Natalie Williams,anncontreras@example.com,246-668-0179x80383,2024-08-14,Prepaid
6536,Kayla Francis,johnny87@example.net,410-264-6599,2025-01-12,Prepaid
6537,Laurie Evans,ibrown@example.com,3817447983,2023-09-06,Postpaid
6538,Mrs. Alexa Nash,pcantu@example.net,987-588-7164x7179,2023-12-12,Prepaid
6539,Melissa Hodge,lonnie24@example.com,001-257-490-8121x706,2024-02-11,Prepaid
6540,Nicholas Mcmillan,thomasjohnny@example.net,(940)724-7160x5858,2025-03-15,Postpaid
6541,Terri Montgomery,tammyward@example.net,368-710-9544,2024-09-21,Prepaid
6542,Jacqueline Carlson,fbennett@example.com,965-635-0269x871,2023-10-17,Prepaid
6543,Edwin Miller,elizabethchan@example.com,(259)569-7969,2023-10-11,Postpaid
6544,Ryan Lam,brian60@example.net,+1-772-789-3555,2023-07-14,Prepaid
6545,Jeffrey Yoder,gillespielisa@example.com,(649)232-2365x4548,2025-01-24,Prepaid
6546,Jennifer Nelson DDS,burtonamber@example.com,+1-628-270-2184x745,2024-08-22,Prepaid
6547,Tiffany Hernandez,hollyjohnson@example.org,(569)256-6583,2024-06-16,Postpaid
6548,Andrew Rodriguez,elizabethlarsen@example.com,(223)752-1119x1504,2024-06-26,Prepaid
6549,Jesse Rice,anthonywinters@example.com,504.280.3999x9001,2023-07-09,Postpaid
6550,Samantha Scott,skinnermatthew@example.com,(249)790-2215x872,2023-10-28,Postpaid
6551,Ernest Peterson,sanchezashley@example.org,441-829-7719x25498,2024-02-22,Postpaid
6552,Kelly Shannon,mccallmatthew@example.net,347-553-1578x08177,2024-11-23,Postpaid
6553,Donald Perez,parkeramanda@example.org,(396)401-9021,2025-03-24,Prepaid
6554,Jared Knapp,dawn33@example.org,301-691-0830,2024-12-06,Postpaid
6555,John Buck,laurieallison@example.org,530.476.1998x222,2024-12-21,Postpaid
6556,Jonathon White,paynealan@example.com,+1-425-651-3693,2024-04-27,Postpaid
6557,Angela Carter,hrose@example.org,407-674-6836,2024-02-27,Postpaid
6558,Leslie Duffy,jeremiahdavenport@example.com,+1-419-774-5053,2023-06-18,Postpaid
6559,Teresa Hall,adamwarner@example.net,(401)480-9263x1742,2024-11-28,Postpaid
6560,Jennifer Zimmerman,quinnpamela@example.org,(445)218-9541,2024-12-05,Prepaid
6561,Tabitha Brown,rebecca75@example.org,929.923.0828,2024-02-22,Postpaid
6562,Todd Alexander,brittneycurry@example.org,2449581367,2023-07-24,Postpaid
6563,Katherine Patrick,watsonbrittany@example.net,+1-334-623-8503x4009,2023-07-29,Postpaid
6564,Tony Hampton,zrivers@example.org,815.771.0390,2023-06-27,Postpaid
6565,Christopher Randall,bentleyedward@example.net,203-367-1510x55621,2023-05-29,Prepaid
6566,Kim Martin,benjamin04@example.com,453-941-1188,2024-11-24,Postpaid
6567,Gregg Vargas,lauren85@example.net,638.217.5209,2025-01-19,Prepaid
6568,Ebony Black,shepherdbrian@example.org,3824455559,2024-10-12,Prepaid
6569,Jennifer Richardson,danielsnatalie@example.net,001-744-923-8794,2024-06-14,Prepaid
6570,Robert Chavez,ulawrence@example.org,584-819-7372x3211,2025-02-01,Prepaid
6571,Julia Wilcox,eodom@example.com,+1-361-957-0091x4773,2025-01-01,Postpaid
6572,Taylor Herrera,iharris@example.com,+1-842-353-5698x158,2024-05-19,Postpaid
6573,James Cannon,nhernandez@example.net,+1-990-744-8571x70799,2023-10-01,Postpaid
6574,Shaun Thomas,hstephens@example.com,(616)475-9095,2024-03-19,Postpaid
6575,Scott Bennett,isweeney@example.org,984.761.3738,2024-04-13,Postpaid
6576,Jennifer Johnson,perezmarcus@example.net,001-846-742-5932,2024-07-03,Prepaid
6577,Debra Wilson,danielsjorge@example.org,+1-948-936-4723x266,2024-01-31,Prepaid
6578,Andrew Kirby,arnoldshawn@example.org,+1-397-828-5980,2025-03-25,Prepaid
6579,Justin Harris,miguel86@example.com,+1-618-651-2730x950,2024-12-24,Prepaid
6580,Michael Adams,rodriguezkathryn@example.net,(227)563-8219,2024-11-25,Postpaid
6581,Dawn Ryan,singletonkyle@example.org,431.533.2057x1876,2023-12-03,Prepaid
6582,Mrs. Mary Gilmore,kstewart@example.net,+1-429-296-7874x991,2024-03-03,Postpaid
6583,Michael Hill,sharon94@example.com,(978)538-3325,2024-06-18,Postpaid
6584,William Garza,michaelanderson@example.net,001-310-395-0984,2024-12-27,Prepaid
6585,Amy Hill,whitejoe@example.net,871.477.0905,2024-07-27,Prepaid
6586,Brian Williams,ithompson@example.net,+1-942-574-1274,2025-01-12,Prepaid
6587,Mary Reyes,john65@example.org,642-663-2762,2023-07-30,Postpaid
6588,Michelle Gray,jamescollins@example.org,(536)366-4428x92550,2023-10-24,Prepaid
6589,George Wilson,jeffreyhayes@example.com,+1-223-692-1083x707,2024-08-21,Prepaid
6590,Michael Castillo,thomasjason@example.org,333-273-0479x232,2023-08-17,Prepaid
6591,Daniel Douglas,cameronkerr@example.org,360.505.9626,2024-06-22,Prepaid
6592,Veronica Wilson,emeza@example.org,848-908-4357x21571,2023-05-02,Prepaid
6593,Dawn Floyd,timothy88@example.org,893-211-4244x6214,2024-05-25,Prepaid
6594,Grant Martin,johnsmith@example.org,(402)675-7110x270,2024-06-20,Prepaid
6595,Kiara Ross,michele39@example.com,+1-689-961-3857x5314,2023-08-02,Postpaid
6596,Christina Butler,coopermargaret@example.com,8125650728,2023-09-14,Prepaid
6597,Matthew Smith,campbellpaul@example.net,001-732-637-2711,2024-02-27,Prepaid
6598,John Malone,chadward@example.org,3496200155,2023-07-03,Postpaid
6599,Lisa Morgan,angela92@example.org,824.848.7365x312,2023-09-01,Prepaid
6600,Robert Scott,rdouglas@example.com,3207099434,2025-03-01,Prepaid
6601,Thomas Parrish,kimberly78@example.com,407-387-3478x004,2024-12-02,Postpaid
6602,Laura Martin,heather81@example.org,502-613-6817x3355,2024-09-11,Postpaid
6603,Lindsey Henderson,lisa92@example.org,(748)407-4382,2024-11-22,Postpaid
6604,William Le,rachelkerr@example.com,896-506-7308x0042,2024-11-27,Postpaid
6605,Andrea Jenkins,ygarcia@example.org,+1-918-899-4932x24077,2023-12-29,Postpaid
6606,Kevin Fuller,mgarcia@example.net,6752166586,2024-03-24,Prepaid
6607,Jasmine Williams,sheajames@example.com,775.485.4972,2024-07-10,Postpaid
6608,Shannon Morgan,mccarthyandrew@example.net,574.570.4325,2025-01-25,Prepaid
6609,Sarah Warner,hoganemily@example.net,(576)666-9150x46554,2024-01-10,Prepaid
6610,David Fox,woodwardkimberly@example.org,8584701945,2024-06-24,Prepaid
6611,Jill Nelson,chad75@example.org,+1-405-745-8097,2024-10-30,Prepaid
6612,Elizabeth Madden,janderson@example.com,887-995-1016x69664,2024-12-06,Prepaid
6613,Cameron Lopez,zsmith@example.org,+1-840-623-1363x7650,2025-02-01,Prepaid
6614,Molly Alexander,jacksonstefanie@example.net,314-329-6325x509,2025-01-16,Prepaid
6615,David King,josephjackson@example.org,716-615-2157x64664,2023-09-09,Prepaid
6616,Scott Harris,watkinson@example.com,698-308-7671x8989,2024-11-21,Postpaid
6617,William Soto,markschultz@example.org,(325)367-4489,2024-01-27,Prepaid
6618,Reginald Gutierrez,bryantjulia@example.org,254-219-9512,2024-09-17,Prepaid
6619,Leslie Alexander MD,aarongarcia@example.com,(705)311-9245x93738,2023-05-31,Postpaid
6620,Darius Cook,martinsamuel@example.com,322.288.9523x5499,2023-10-07,Prepaid
6621,Valerie Parks,hernandeztony@example.org,321.330.4769x31489,2024-11-21,Prepaid
6622,Casey Vasquez,schneiderkathy@example.com,303.281.1122x13552,2024-03-23,Prepaid
6623,Ronald Kim,aaronmiller@example.org,001-764-908-0205x4131,2024-07-21,Postpaid
6624,Cody David,danieljohnson@example.org,+1-359-896-1882x41805,2024-06-24,Prepaid
6625,Shari Ayala,sabrina88@example.org,571.473.8252,2025-03-20,Postpaid
6626,Leah Cowan,alyssayoung@example.net,305-286-9625x8615,2024-09-22,Postpaid
6627,Lisa Gonzalez,jacob69@example.com,001-320-826-4454,2024-07-08,Postpaid
6628,Holly George,lewisariana@example.org,827-254-2575,2024-06-19,Prepaid
6629,Christopher Silva,ddixon@example.org,(399)615-5686,2024-08-21,Postpaid
6630,Sarah Gardner,bwhite@example.com,901-437-2894x661,2023-10-24,Prepaid
6631,Amanda Adams,newtoncarl@example.net,(523)661-8474,2024-03-10,Prepaid
6632,Jennifer Williams,jenniferphillips@example.org,001-683-887-8930x778,2023-10-24,Prepaid
6633,Marcus Avila,danielhughes@example.net,5904311365,2024-08-27,Postpaid
6634,Lindsay May,blankenshipchristopher@example.org,542-417-8698x1988,2023-09-07,Prepaid
6635,Emily Martinez,richardsherman@example.com,(203)486-4436,2023-10-12,Prepaid
6636,Gary Ross,nwilliams@example.net,(427)239-6939x8832,2024-03-05,Postpaid
6637,Joseph Thompson,dixoncathy@example.org,+1-343-420-4646x6345,2023-07-04,Postpaid
6638,Steven Williams,tamara19@example.com,913-307-6467x402,2024-07-14,Prepaid
6639,Jacqueline Reed,stevenbrown@example.com,+1-262-305-4312x70845,2025-02-13,Postpaid
6640,Kevin Robinson Jr.,jack97@example.org,255-841-9736x4631,2025-02-27,Prepaid
6641,Jerry Lane,lisataylor@example.org,288.820.2589x1591,2024-05-18,Postpaid
6642,Mark Barnett,johnsoncindy@example.org,+1-224-756-1134x63355,2025-01-05,Prepaid
6643,Nicole Vazquez,melissa12@example.com,697-741-5852x8184,2024-02-24,Prepaid
6644,Brent Williams,aespinoza@example.org,+1-999-632-6986x92427,2024-08-22,Postpaid
6645,Melanie Ford,ufleming@example.com,(871)748-6670x679,2024-09-02,Prepaid
6646,Luis Nelson,sgonzales@example.com,001-465-828-7361x08422,2024-08-06,Postpaid
6647,Daniel Shannon,erichall@example.org,+1-378-213-4202x6374,2023-09-07,Postpaid
6648,Richard Brown,garysmith@example.com,(863)690-7021x33324,2023-12-13,Postpaid
6649,Charles Hull,james67@example.com,(656)820-0030x429,2023-09-23,Prepaid
6650,Kristine Rodriguez,rachel81@example.com,909-260-5949x89157,2025-01-28,Prepaid
6651,Kelly Smith,brandon21@example.org,(732)850-2568,2024-09-09,Postpaid
6652,Nancy Richardson,uthomas@example.org,9862235156,2024-12-10,Postpaid
6653,Andrea Vasquez,rachel07@example.org,5139315210,2023-10-25,Postpaid
6654,Trevor Davis,valerie23@example.net,6435092443,2024-09-27,Postpaid
6655,Jennifer Roman,katrina97@example.org,(935)823-6447x848,2024-05-06,Prepaid
6656,Randy Collins,beckerthomas@example.com,001-683-587-0941x26244,2024-01-20,Prepaid
6657,Brianna Murillo,mgrimes@example.org,759-683-2066,2024-06-09,Prepaid
6658,Brooke Bass,harpercarolyn@example.com,+1-870-210-9373x462,2025-02-12,Prepaid
6659,Douglas Diaz,davidabbott@example.com,9032741750,2025-02-11,Prepaid
6660,Bethany Rose,mckenziethomas@example.net,970-208-3010,2024-05-23,Prepaid
6661,Jeffrey Valencia,lgonzalez@example.net,001-254-985-8621,2024-12-18,Postpaid
6662,Eddie Butler,buchananchad@example.net,939-693-5156x37686,2024-09-07,Prepaid
6663,Joseph Deleon,gabriela54@example.com,+1-773-643-4941x47042,2024-08-07,Postpaid
6664,Donna Green,whitesteven@example.net,9864368452,2024-02-13,Prepaid
6665,Michael Stanley,russell16@example.org,001-965-808-2378x41580,2024-01-13,Prepaid
6666,Crystal Holloway,marybenjamin@example.com,001-980-352-0286x8349,2023-11-14,Postpaid
6667,Ashley Bates,snowvictor@example.com,749-657-9983,2023-08-29,Postpaid
6668,John Martinez,geoffreycruz@example.com,001-312-401-1544x8374,2024-04-09,Postpaid
6669,Annette Chen,osmith@example.org,+1-865-639-2205x5671,2023-05-02,Prepaid
6670,Pamela Steele,nburns@example.org,360.939.3701,2024-08-17,Prepaid
6671,Monica Scott MD,townsendmiguel@example.org,(593)503-9302x297,2025-04-26,Postpaid
6672,Mary Miller,hillmichael@example.org,496.573.0247,2025-02-26,Prepaid
6673,Julia Smith,michaelbrown@example.org,+1-405-853-8041x65617,2024-09-13,Prepaid
6674,Betty Bradshaw,spencertracy@example.net,+1-806-999-0704x25307,2024-02-26,Postpaid
6675,Daniel Werner,eharris@example.com,(901)487-0467x5584,2024-04-20,Postpaid
6676,Dalton Morris,erikasanchez@example.com,237-776-5337x6474,2025-02-03,Postpaid
6677,Joseph Payne,thomaspatrick@example.net,963.963.0231x42334,2023-09-21,Postpaid
6678,Elizabeth Stewart,carla16@example.org,7333923662,2024-11-29,Prepaid
6679,Bethany Sosa,michelleperry@example.org,3317519115,2023-08-09,Prepaid
6680,Daniel Henderson,theodorestrong@example.net,001-706-542-6168,2025-01-15,Prepaid
6681,Vincent Curtis,hhernandez@example.org,316-222-5734x1301,2024-05-10,Prepaid
6682,Eric Baker,kelleyvirginia@example.org,(472)790-5146,2024-10-22,Postpaid
6683,Timothy White,jessica51@example.org,710.639.2235x777,2023-09-26,Postpaid
6684,Dana Koch,yweaver@example.net,+1-572-760-5901x14124,2024-07-30,Postpaid
6685,Donna Doyle,khuynh@example.com,435-255-8243x223,2024-01-25,Prepaid
6686,Dr. Mark Herman,gregory17@example.org,981-559-1369x526,2024-02-02,Prepaid
6687,Oscar Johnson,hughestamara@example.org,224-959-9941,2023-06-16,Postpaid
6688,Ashley Delgado,rosesullivan@example.org,439.951.3799,2024-05-04,Postpaid
6689,Mason Hatfield,bowmankim@example.net,9044729020,2025-03-05,Postpaid
6690,Lisa Keller,anthony08@example.net,+1-991-344-2459x62707,2023-09-16,Postpaid
6691,Kelly Johnson,williamwood@example.org,+1-455-362-9987x353,2024-05-25,Prepaid
6692,Jessica Snyder,michelle82@example.org,+1-652-979-5279,2023-06-20,Postpaid
6693,Dr. Mark Chandler,jo14@example.net,968.278.5096x915,2024-09-02,Prepaid
6694,Marvin Clarke,urodriguez@example.org,751.975.8392,2024-05-10,Prepaid
6695,James Clark,leonardhailey@example.org,637.626.9040x85001,2024-05-25,Postpaid
6696,Derek Henderson,melissajames@example.com,9834166942,2024-04-03,Prepaid
6697,Benjamin Fletcher,zreilly@example.com,(652)633-0006,2024-04-28,Postpaid
6698,Wendy Parker,joshua65@example.com,579.678.4187x382,2023-12-30,Prepaid
6699,Elizabeth Mason,vdavis@example.com,801.895.1704,2023-08-17,Postpaid
6700,Kathleen Gonzalez,flemingkelly@example.com,844.430.7753x823,2025-01-23,Postpaid
6701,John Guerrero,ageorge@example.com,+1-685-322-2300,2024-03-18,Prepaid
6702,Jacob Palmer,hughesjohn@example.com,001-466-859-9830x1031,2024-08-01,Prepaid
6703,Jeffrey Powell,jessica54@example.com,533.392.7424x4810,2024-10-12,Postpaid
6704,Renee Flores,lydiaestes@example.org,001-299-617-2897x08400,2025-02-06,Postpaid
6705,Tamara Mclaughlin,psilva@example.com,(336)491-7335x202,2024-04-22,Prepaid
6706,Megan Anderson,tonygarcia@example.org,294.945.3709x1630,2025-02-10,Postpaid
6707,Angela Ramirez,deleonpeter@example.com,478-605-2123x1476,2023-12-13,Prepaid
6708,Mr. Thomas Nguyen,lisa56@example.net,001-234-584-5022x74908,2025-04-22,Prepaid
6709,Catherine James,kendrahicks@example.net,888.903.1843x412,2023-10-21,Prepaid
6710,Nicholas Sullivan,howardclarke@example.net,001-416-208-9336x6373,2023-12-08,Postpaid
6711,Eddie Banks,zachary45@example.org,332.933.8038,2024-09-15,Postpaid
6712,Dana Tate,weberlinda@example.com,735.202.9416,2024-04-14,Postpaid
6713,Roger Castillo,proctorshelly@example.com,356.627.9783x206,2023-05-19,Postpaid
6714,Joshua Reynolds,pbailey@example.org,646.997.2939x7232,2024-08-25,Postpaid
6715,Scott Hernandez,wreyes@example.org,(531)765-4915,2024-02-29,Postpaid
6716,Lynn Nelson,brockstephanie@example.org,374.687.1538x20649,2023-09-08,Postpaid
6717,Thomas Cameron,rogersrussell@example.net,(372)204-3414x2225,2024-10-19,Prepaid
6718,David Farley,richardcochran@example.com,001-419-738-3243,2024-02-01,Prepaid
6719,Kelly Ferguson,jermainesims@example.org,2659014587,2024-03-11,Prepaid
6720,Larry Park,lwilliams@example.com,820-662-7842,2024-05-30,Postpaid
6721,Christine Smith,jackdavies@example.net,402-384-8667x60007,2024-05-25,Postpaid
6722,Tracey Horton,maryscott@example.net,(270)917-9329,2024-09-30,Postpaid
6723,George Johnston,adriancrawford@example.net,(956)814-5645x1583,2024-09-14,Prepaid
6724,Kevin Gonzalez,bethpatterson@example.net,001-402-928-8750x372,2024-07-13,Prepaid
6725,Amy Oconnell,ufuentes@example.net,542-543-3167,2024-01-13,Prepaid
6726,Michelle Reeves,heathbrittany@example.com,244-544-8143,2024-09-07,Postpaid
6727,Priscilla Gallagher,taylorchristian@example.net,399-897-2278x07142,2024-10-26,Prepaid
6728,Rebecca Ellis,annebennett@example.org,001-989-573-9950,2023-08-09,Postpaid
6729,James Bautista,david69@example.com,(541)461-8865,2024-09-21,Postpaid
6730,Christina Mcdonald MD,sarahhicks@example.net,373-508-7623x30713,2023-09-24,Postpaid
6731,David Ellis,lauren83@example.org,001-628-560-2298x05329,2025-02-13,Postpaid
6732,Matthew Frost,ariel41@example.com,001-721-593-7356x931,2024-06-01,Postpaid
6733,Anthony Mckenzie,nicholasgarcia@example.org,(455)534-9035,2023-09-12,Prepaid
6734,Phillip Lucas,umiller@example.com,351-257-6994x6594,2024-04-20,Prepaid
6735,Micheal Murray,millerkevin@example.net,(470)726-4898x8133,2023-05-20,Postpaid
6736,Beth Hess,yswanson@example.org,+1-410-548-4487x527,2024-01-17,Postpaid
6737,Natalie Smith,zbruce@example.org,851-411-7398,2025-02-09,Prepaid
6738,Jennifer Gallagher,frederickgill@example.org,932.684.1770,2023-09-26,Prepaid
6739,April Miller,delgadochristopher@example.net,+1-798-615-2366x42460,2024-02-20,Postpaid
6740,Kathryn Watts,fjackson@example.org,(696)565-0101x035,2024-01-27,Postpaid
6741,Michaela Reyes,zestrada@example.org,522-897-0835x69494,2024-07-30,Postpaid
6742,Sherry Pacheco,rogerrichardson@example.org,7424668966,2024-12-06,Postpaid
6743,Tracy Price,samantha88@example.org,(903)823-0233x530,2024-08-18,Postpaid
6744,Barbara Barr,thompsonjennifer@example.com,(519)680-2359x62976,2024-10-19,Prepaid
6745,Brandy Owens,ecantu@example.net,(682)410-0806,2024-09-24,Prepaid
6746,Steven Cooper,zwyatt@example.com,744-481-3140,2024-08-21,Postpaid
6747,David Palmer,kevinpayne@example.org,6596037380,2023-09-24,Postpaid
6748,Zoe Sosa,williamlee@example.org,7947175807,2024-09-04,Prepaid
6749,Charles Burnett,kathleengalvan@example.org,736.870.2882x2759,2023-08-31,Prepaid
6750,Richard Johnson,seanlawrence@example.com,(623)488-5814x52863,2025-03-18,Prepaid
6751,Michael Turner,colleenwarren@example.com,944.677.7949,2025-04-28,Prepaid
6752,Leslie Silva,tammy23@example.net,(970)582-3048x242,2024-03-08,Postpaid
6753,Zachary Campbell,hunterramos@example.net,001-992-513-0671x0680,2023-08-13,Postpaid
6754,Mrs. Ashley Pacheco,sperkins@example.com,517-264-4368x340,2024-03-03,Postpaid
6755,Lisa Hernandez,xlewis@example.net,479-715-8058,2023-10-26,Prepaid
6756,Karen Herrera,jon17@example.com,(362)584-8920,2024-05-24,Postpaid
6757,Donna Thomas,davisandrea@example.org,001-728-223-9160x5500,2023-08-28,Postpaid
6758,Sean Walters,alex43@example.net,216.600.7716,2023-09-30,Postpaid
6759,Elizabeth Jordan,cmartin@example.org,627-426-8489,2025-02-12,Postpaid
6760,Billy Williams,pcharles@example.org,8714960608,2025-03-21,Prepaid
6761,Shannon Nguyen,donna03@example.net,719-759-2222x93081,2024-05-26,Postpaid
6762,Krystal Mcdonald,rmason@example.com,260-414-6901,2025-03-21,Prepaid
6763,Justin Soto,jonathanhorne@example.net,254-951-7068,2025-03-11,Postpaid
6764,Austin Miller,sparkswillie@example.org,993-705-0428x938,2024-06-18,Prepaid
6765,Stacie Carroll,amandarobinson@example.net,914-209-6271,2025-04-16,Postpaid
6766,Justin Frazier,michaelstevens@example.org,397-329-5334x1429,2024-12-29,Postpaid
6767,Cassandra Stark,kylemartin@example.com,(918)602-6153x53718,2024-02-01,Postpaid
6768,Ashley Cox,youngtonya@example.com,001-834-683-3845,2024-08-25,Postpaid
6769,Mary Carroll,bhale@example.org,001-402-625-8086,2024-12-17,Prepaid
6770,Crystal Williamson,thorntonmichael@example.org,231.629.4884x559,2024-09-07,Prepaid
6771,Brandon Mendoza,markrodriguez@example.org,772.647.6462x014,2024-10-26,Postpaid
6772,Elijah Martin,owalker@example.com,(793)343-0509,2023-11-05,Prepaid
6773,Elizabeth Dennis,christophershepard@example.net,(314)366-3901x683,2024-06-14,Postpaid
6774,Theresa Bowman,wfernandez@example.org,800.369.9425x940,2023-11-02,Postpaid
6775,Michael Mejia,kathryn10@example.com,001-307-467-2681x921,2025-03-09,Prepaid
6776,Karen Brown,marcusallen@example.com,+1-736-761-7367,2024-05-31,Prepaid
6777,Victoria James,robertgates@example.net,(632)253-3563x0630,2023-05-20,Postpaid
6778,Brent Stewart,brendajohnson@example.net,001-734-770-9706,2024-08-23,Prepaid
6779,Linda Crawford,ekelley@example.com,601.244.4421x5118,2024-01-23,Postpaid
6780,Jessica Strong,annmejia@example.com,(584)279-2450x6339,2024-09-22,Postpaid
6781,Angela Berger,gilldebra@example.com,6495690504,2024-07-26,Postpaid
6782,Reginald Schwartz,philip11@example.net,(833)441-8969,2024-01-01,Prepaid
6783,Alec Perkins,john31@example.com,001-702-439-9117,2023-12-24,Postpaid
6784,Charles Johnson,swright@example.net,+1-593-790-8093x54174,2024-08-19,Postpaid
6785,Jennifer Combs,maddentracy@example.net,270.460.4489x42330,2024-05-02,Postpaid
6786,Larry Chen,max09@example.net,(364)423-0932x4358,2023-12-18,Prepaid
6787,Patricia Aguirre,garrett37@example.com,524-574-3344,2024-08-15,Postpaid
6788,James Rose DVM,burnettaustin@example.org,2548104070,2025-01-12,Prepaid
6789,Andrew Rose,theresayork@example.com,386.414.5598x592,2024-09-14,Postpaid
6790,Ariel Jensen MD,johnhill@example.com,819-216-5956x47745,2024-10-08,Prepaid
6791,Jacob Gray,vhoward@example.org,+1-846-304-1717x226,2025-04-11,Postpaid
6792,Anthony Gutierrez,gregory08@example.com,+1-900-317-9727x22541,2024-06-16,Prepaid
6793,Ricky Duran,parkersarah@example.net,519.946.3705,2023-06-13,Postpaid
6794,Ethan Santiago,adam97@example.org,679-483-2381,2024-01-07,Prepaid
6795,Melissa Cherry,ymcdaniel@example.com,5916649408,2023-10-13,Prepaid
6796,Michelle Bell,toddanderson@example.net,+1-710-881-4564x55547,2025-01-03,Postpaid
6797,Michael Santiago,uclark@example.com,779-396-5859x3786,2025-01-10,Prepaid
6798,Douglas Wells,nhammond@example.org,942-352-5788x202,2024-05-18,Postpaid
6799,Erin Moreno,woodsjennifer@example.com,(964)595-5248x771,2024-10-29,Postpaid
6800,Barbara Christensen,matthew60@example.org,(389)407-6091,2024-11-03,Postpaid
6801,Doris Wright,hannahphillips@example.org,(836)772-3040x696,2025-01-04,Postpaid
6802,Savannah Wheeler,monicadickson@example.com,601-313-1340x62520,2025-01-02,Prepaid
6803,Daniel Oliver,garyproctor@example.net,(795)783-6616x363,2023-07-24,Prepaid
6804,Brian Hernandez,yolandahuang@example.com,552.980.5536,2025-04-12,Prepaid
6805,Julie Freeman,ubutler@example.org,448-491-6180x472,2023-09-09,Prepaid
6806,Carrie Rogers,paul45@example.org,+1-328-801-8132x555,2024-09-12,Prepaid
6807,Bailey Cervantes,reedandrea@example.org,001-427-667-5850x1536,2024-03-14,Prepaid
6808,Michele Austin,stevenpetty@example.net,478-768-4095x37058,2024-12-01,Postpaid
6809,Joseph Edwards,mhill@example.net,5699269070,2023-08-02,Postpaid
6810,Michelle Bray,marissastephens@example.org,698-509-0465x96347,2024-11-15,Postpaid
6811,Caitlin Allen,wyates@example.com,550-663-5801,2025-04-12,Prepaid
6812,Mark Lawrence,kanderson@example.net,820.349.1994x9745,2024-12-22,Prepaid
6813,Heidi Aguilar,sarahdyer@example.net,201.714.5950x84154,2023-07-29,Prepaid
6814,Latoya Greer,mcmillannicole@example.com,(619)872-2394,2024-03-18,Prepaid
6815,Erin Ellis,wiseerika@example.net,270-312-0263x5005,2024-10-10,Prepaid
6816,Samantha Carpenter,williamgutierrez@example.com,+1-220-417-5908x4530,2023-08-13,Postpaid
6817,Dr. Scott Jennings,brooksnicholas@example.com,(815)313-0791,2023-10-16,Postpaid
6818,Andrea Grimes,mcmahondarlene@example.com,(786)841-8792x6077,2025-03-13,Prepaid
6819,Amanda Barron,oreyes@example.net,(265)378-5016x4688,2024-05-30,Postpaid
6820,Anna Buckley,whitney94@example.net,294.872.2505x11887,2024-03-18,Prepaid
6821,Laura Franklin,tstrickland@example.net,001-347-898-6112,2024-05-26,Postpaid
6822,Joel Newman,tylertorres@example.org,941-772-7826,2024-11-24,Postpaid
6823,Christopher Hill,jacksonwhitney@example.org,589-395-9427x6186,2025-02-11,Prepaid
6824,Whitney Carter,juliepatterson@example.org,001-394-398-5565x49918,2023-08-18,Postpaid
6825,Barbara Walton,carlhall@example.org,7693615817,2024-02-27,Postpaid
6826,Stephanie Livingston,jeffreyhobbs@example.net,001-918-811-5393x9999,2024-01-01,Postpaid
6827,Michael Owens,dortiz@example.net,706.854.5246,2024-03-25,Prepaid
6828,Kevin Ford,brojas@example.net,842-795-1305,2023-11-19,Prepaid
6829,Tina Murphy,tfreeman@example.com,730.217.5009,2023-05-11,Postpaid
6830,Michelle Moore,diazjames@example.net,001-740-886-0440x8188,2024-12-03,Prepaid
6831,Jessica Villanueva,jeffery41@example.com,+1-785-892-6272,2023-05-21,Prepaid
6832,Heather Olson,thomasjoseph@example.org,(877)625-8731x00901,2024-06-08,Postpaid
6833,Melissa Ellis,ebooth@example.net,378.551.0181x8398,2024-09-14,Prepaid
6834,Christopher Nguyen,bondkevin@example.net,295-580-9328x42075,2024-08-02,Prepaid
6835,Ana Smith,jamiegordon@example.net,(597)942-5844x0795,2025-04-07,Postpaid
6836,Joshua Conley,jessica20@example.org,(992)238-0536x66325,2024-02-26,Postpaid
6837,Marie Young,jameschambers@example.com,(907)686-0213x43047,2024-02-20,Prepaid
6838,Debra Smith,trevor49@example.com,001-384-365-3881x5551,2023-09-22,Postpaid
6839,Corey Porter,chill@example.net,+1-520-998-9554x0432,2024-12-12,Postpaid
6840,Nicole Watson,qcrawford@example.net,243.982.6699,2025-03-27,Postpaid
6841,David Howell,thomasjohnson@example.org,583.295.9293x67499,2025-04-08,Prepaid
6842,Lee Neal,stephanie22@example.com,(441)447-8899,2023-08-11,Postpaid
6843,Vicki Rodriguez,ugregory@example.net,298.775.0732x4492,2024-02-22,Prepaid
6844,Rachel West,johnmooney@example.com,885.640.7559,2024-05-10,Prepaid
6845,Christian Caldwell,vanessa43@example.net,837-669-8524,2024-03-13,Postpaid
6846,Teresa Wells,juliemelton@example.com,+1-788-725-0562,2024-11-02,Prepaid
6847,Jason Wilson,huffmanlori@example.org,448.326.5001,2024-05-01,Postpaid
6848,Adam Ellis,khawkins@example.org,259.925.0399x531,2025-04-05,Postpaid
6849,Jesse Anderson,aalexander@example.net,448.708.1481x480,2024-12-30,Postpaid
6850,Garrett Williams,michael37@example.net,737.550.8076,2024-11-02,Prepaid
6851,Daniel Vasquez,crosselizabeth@example.com,680.274.1995,2023-09-16,Postpaid
6852,Shelley Stephens,tdixon@example.net,(673)816-1434x63262,2023-08-19,Postpaid
6853,Kristin Tucker,shellybraun@example.com,689-344-6868,2024-04-29,Prepaid
6854,Frederick Miller,kyleprice@example.net,524.603.6594,2024-01-21,Prepaid
6855,Benjamin Carrillo,ashley36@example.com,+1-861-990-7904x27339,2024-06-02,Postpaid
6856,Kevin Jenkins,christian65@example.net,(725)444-0780,2023-05-03,Postpaid
6857,Jennifer Booth,patricia92@example.com,(762)720-5657x97435,2023-10-17,Postpaid
6858,Kaitlyn Hughes,danielcastillo@example.com,(375)403-2429,2024-02-05,Postpaid
6859,Karen Smith,tdixon@example.net,(477)425-4113x0790,2024-11-20,Prepaid
6860,Michael Huynh,tayloramanda@example.com,766-916-1416x7515,2023-11-20,Postpaid
6861,Sarah Garcia,hallroger@example.com,+1-677-544-2397x223,2025-02-06,Postpaid
6862,Nathan Porter,michael79@example.net,459-300-9374,2024-08-17,Postpaid
6863,Tammy Farmer,eric89@example.net,+1-704-240-6711x81180,2024-01-11,Prepaid
6864,Mr. Michael Johnson,john48@example.net,739-566-9834,2024-06-17,Prepaid
6865,Ms. Michelle Martin,jasonlove@example.net,001-434-600-1145x27747,2023-07-10,Prepaid
6866,Adam Vasquez,william75@example.net,(368)333-6899x73043,2024-10-03,Prepaid
6867,Cheryl Delgado,anthony69@example.com,348-584-0052x800,2024-05-01,Postpaid
6868,Andrew Day,danieljames@example.net,+1-651-546-5720x041,2023-12-07,Postpaid
6869,Carlos Calderon,anneherrera@example.net,432-877-0697x62706,2023-12-23,Postpaid
6870,Stacey Coleman DDS,davidpena@example.org,(389)270-5088x03297,2025-01-01,Prepaid
6871,Teresa Ryan,fbright@example.com,742-858-6243x8489,2024-01-03,Prepaid
6872,Nicole Santiago,kevinreed@example.org,(698)289-5253,2024-07-04,Postpaid
6873,Mr. Bruce Nash DVM,montesamy@example.com,001-987-236-8185x9941,2024-09-08,Prepaid
6874,Devin Saunders,rwalters@example.com,442.882.2707x8197,2024-04-16,Postpaid
6875,Paula Williams,susan28@example.com,852-806-5823x905,2023-12-20,Prepaid
6876,Dawn Johnson,ypeck@example.com,(755)706-5853,2024-08-18,Postpaid
6877,Michael Glover,tracy02@example.com,+1-903-484-8717,2024-11-26,Postpaid
6878,Tamara Hughes,marilynjohnson@example.org,903-525-9679x763,2023-07-19,Postpaid
6879,Matthew Henry,kathyjacobson@example.com,7167975497,2024-07-02,Postpaid
6880,Joshua Scott,jason25@example.com,(202)535-3663x8014,2023-09-16,Prepaid
6881,Alexis Stanton,troygreen@example.org,392-622-6416x8386,2024-03-12,Prepaid
6882,Luis Wright,wayne62@example.com,+1-853-280-1844,2023-12-18,Prepaid
6883,Amber Duffy,lutzkayla@example.net,583-597-0024,2024-07-09,Prepaid
6884,Andrew Leblanc,owalker@example.org,(573)402-3157x73708,2024-05-14,Prepaid
6885,James Herrera,katelynadams@example.org,+1-347-257-0908,2025-04-14,Prepaid
6886,Timothy Parker,coopervicki@example.com,510-425-3045x29288,2024-08-21,Prepaid
6887,Roger Smith II,karen12@example.net,+1-567-877-6945,2023-07-20,Prepaid
6888,Julie Sullivan,krussell@example.com,686-449-0489,2025-01-08,Postpaid
6889,Craig Brown,elizabeththomas@example.org,(336)571-1475x80873,2024-05-08,Prepaid
6890,John Wong,castillodouglas@example.com,256.440.1438x1569,2024-04-14,Prepaid
6891,Andrew Beasley,micheleyoung@example.net,3419105805,2024-09-28,Postpaid
6892,Mary Stark,jeffersonvictoria@example.net,725.648.4647x1890,2023-07-27,Prepaid
6893,Mr. Jesus Kirk,hullduane@example.org,001-908-986-8605x4915,2025-01-16,Prepaid
6894,Rachel Ramirez,bpatterson@example.com,+1-349-387-1754,2025-01-24,Prepaid
6895,Kathy Miller,tabithaperez@example.net,+1-322-877-9217,2023-06-10,Postpaid
6896,William Arellano,jonathanperez@example.net,+1-795-930-5079x406,2024-06-03,Postpaid
6897,Angie Ryan,lucasmisty@example.org,555.724.8584x54378,2023-08-01,Prepaid
6898,David Thomas,scottsmith@example.net,9714727173,2023-10-14,Postpaid
6899,Valerie Sanford,brandon90@example.com,+1-955-591-6997x336,2023-05-04,Postpaid
6900,Robert Smith,stonedawn@example.com,+1-998-211-8074,2024-03-20,Prepaid
6901,Mark Cervantes,michaelcook@example.org,+1-239-445-0836x18513,2024-06-23,Postpaid
6902,Kristina Perez,michael71@example.com,001-665-771-6850x5742,2023-08-13,Postpaid
6903,Kimberly Gonzalez,uharrison@example.net,(508)984-4969x07922,2023-11-22,Prepaid
6904,John Miller,jenkinssarah@example.net,+1-870-324-8858x82926,2025-04-27,Postpaid
6905,Bryan Lewis,wendy44@example.com,(585)902-7949,2025-01-04,Postpaid
6906,Marvin Perkins,kristi76@example.net,558-825-1307,2025-03-27,Prepaid
6907,Michael Jones,megan34@example.net,269-320-8723x232,2024-10-30,Postpaid
6908,Andrew Bruce,heathershort@example.org,756.514.2904x015,2025-02-18,Postpaid
6909,Matthew Welch,elizabethmacias@example.org,681-683-4194,2024-04-05,Prepaid
6910,Mark Mason,aparker@example.net,6269234990,2025-01-28,Postpaid
6911,John Kelly,sanchezadam@example.com,(721)258-9894x227,2025-01-17,Postpaid
6912,Ashley Knapp,manningnatalie@example.org,284-993-2831,2024-05-22,Postpaid
6913,Mark Walters,christinelara@example.org,001-566-552-8816x798,2024-09-15,Postpaid
6914,Kevin Brandt,david75@example.org,001-497-211-1873,2023-07-04,Postpaid
6915,Gina Smith,leah06@example.net,001-744-588-0272x221,2024-05-18,Prepaid
6916,Jeremy Burns,amartin@example.net,428-602-9056x153,2024-12-27,Prepaid
6917,Michelle Blake,jameslopez@example.com,603.533.3961x21673,2025-02-28,Postpaid
6918,Amanda Gray,stacyramirez@example.org,923.628.1129x009,2024-09-29,Prepaid
6919,Robert Anderson,twilliams@example.org,(367)852-1478x8019,2023-12-20,Prepaid
6920,Whitney Wang,jessicahoffman@example.net,+1-638-939-6182x12696,2024-04-14,Prepaid
6921,David Jackson,dkane@example.org,001-878-888-5596,2024-08-04,Prepaid
6922,Brett Adams,andrew42@example.com,788.283.7690,2025-02-25,Postpaid
6923,Joanna Wolf,ustafford@example.org,001-368-301-1526x473,2024-09-17,Postpaid
6924,William Meyers,valdezconnie@example.net,(347)346-0944x04653,2024-05-05,Prepaid
6925,Rebecca Hughes,yrubio@example.org,+1-588-754-3958,2023-06-25,Prepaid
6926,Cindy Cooper,xholloway@example.org,(652)717-8123x4187,2025-04-23,Postpaid
6927,Frank Harris,pagechristina@example.net,515.775.2294x14549,2024-06-27,Postpaid
6928,Amanda Callahan,davidreynolds@example.org,(598)917-2706x845,2023-11-07,Prepaid
6929,Daniel Love,cmartin@example.net,336.572.4276,2024-01-13,Prepaid
6930,Richard Houston,rsullivan@example.com,(902)285-0860,2025-04-06,Prepaid
6931,Kenneth Anthony,mejiachristina@example.com,462-233-6488,2024-01-17,Prepaid
6932,Jamie Joseph,ruizwilliam@example.net,783-694-1689x418,2024-03-12,Prepaid
6933,Jason Wells,dyoung@example.com,939.465.1460x8263,2024-03-19,Prepaid
6934,Pamela Woods,jennifer75@example.org,268-690-2663x63487,2023-08-07,Prepaid
6935,Kristen Bean,dsanders@example.net,001-566-794-9812,2024-06-29,Prepaid
6936,Shaun Kelley,smithmario@example.org,2227936802,2024-10-12,Prepaid
6937,William Bauer,xwatson@example.org,(308)475-3125,2023-08-09,Prepaid
6938,Paul Thornton,lfowler@example.com,242.629.0413,2024-02-09,Postpaid
6939,Austin Travis,kimberly96@example.org,(219)283-1116x0181,2025-02-22,Prepaid
6940,Daniel Walsh,mercedes91@example.net,(490)469-0064x4232,2023-12-26,Postpaid
6941,Sean Collins,cwu@example.com,001-611-509-2701,2023-07-07,Prepaid
6942,Zachary Johnson,ogreer@example.org,(514)505-2847,2023-09-26,Postpaid
6943,Sheena Avila,michele18@example.org,(346)900-4542x8260,2024-10-12,Prepaid
6944,Lindsay Simpson,jeremyallen@example.net,001-248-845-6715,2024-12-11,Postpaid
6945,Shannon Allen,saraweber@example.net,(246)707-2346x0768,2024-11-05,Prepaid
6946,William Jefferson,gabrielle75@example.com,+1-412-604-7525x67713,2024-07-04,Postpaid
6947,David Castro,jlopez@example.org,5365166500,2024-12-20,Prepaid
6948,Gina Hall,fkennedy@example.net,821.737.6914,2023-06-09,Prepaid
6949,Brenda Hunter,monroerickey@example.net,(527)264-5461,2023-10-03,Prepaid
6950,Holly Parsons,jshepherd@example.com,+1-375-814-1921,2025-04-22,Postpaid
6951,Kathryn Johnson,mcclainjessica@example.com,260.735.1694x42159,2024-04-25,Postpaid
6952,Stephanie Wallace,richardsonlindsay@example.com,824.309.5642x68561,2024-06-17,Postpaid
6953,Trevor Dixon,jeremy16@example.com,470.295.3132x4945,2023-12-12,Postpaid
6954,Danielle Downs,amber26@example.org,753.313.7057x193,2024-05-03,Prepaid
6955,Jessica Jackson,charlene18@example.net,3599995459,2024-01-08,Prepaid
6956,Jay Paul,hlowe@example.net,685.533.3841,2023-07-13,Prepaid
6957,Jennifer Turner,khughes@example.org,+1-815-500-0953x5689,2024-11-05,Postpaid
6958,Caitlin Daniels,mmorgan@example.net,844-549-8576x84016,2025-02-05,Postpaid
6959,Raymond Conley,nyoung@example.net,001-537-330-2108x8957,2023-09-08,Prepaid
6960,Elizabeth Gay,brian20@example.org,(354)277-4858x662,2023-05-22,Prepaid
6961,Rebecca Wilkerson,scottdana@example.net,513.474.4745x3666,2024-08-30,Prepaid
6962,Robert Thomas,humphreymatthew@example.net,733-993-9999x90727,2024-07-16,Postpaid
6963,Timothy Evans,bhenderson@example.net,821.945.6981x678,2023-10-14,Postpaid
6964,Jennifer Russell,guerrajames@example.com,+1-885-574-8266x631,2024-12-18,Postpaid
6965,Andrew Smith,allisonbrittney@example.org,001-353-637-8813x9849,2024-05-15,Postpaid
6966,Gwendolyn Murphy,johnsonmartha@example.org,2563403635,2025-01-07,Postpaid
6967,Timothy Fisher,audreywilliams@example.com,427-218-8130x35891,2023-08-21,Prepaid
6968,Robert Hansen,ashley71@example.com,696-416-3046x21668,2023-07-05,Postpaid
6969,Hunter Powell,alexanderramirez@example.net,001-583-960-0294x2907,2025-01-10,Prepaid
6970,Olivia Martin,tsmith@example.net,981.381.5626,2024-01-22,Prepaid
6971,Laura Martin,theresa04@example.org,(404)753-5827,2023-11-28,Postpaid
6972,Thomas Wolf,ohines@example.net,001-329-657-4808,2025-02-08,Postpaid
6973,Christine Decker,carlawilliams@example.com,842.603.1315x285,2023-09-20,Postpaid
6974,Shawn Perez,brandon26@example.net,(432)331-0261x9959,2024-07-17,Prepaid
6975,Sarah Murphy,cestes@example.com,972-798-1939x700,2025-04-02,Postpaid
6976,Valerie Mitchell,thompsonandrea@example.net,691.461.7157x987,2024-01-18,Postpaid
6977,Caitlin Ramos,rsweeney@example.net,+1-241-614-2195x678,2024-05-30,Prepaid
6978,Olivia Cortez,matthewramirez@example.com,6959276519,2023-05-20,Prepaid
6979,Jacqueline White,marymoon@example.com,913-537-5068,2024-08-18,Postpaid
6980,Valerie Logan,williamgonzalez@example.net,(480)289-0527x942,2024-08-08,Prepaid
6981,Teresa Morris,elizabeth25@example.org,(270)585-4530x11070,2023-12-18,Prepaid
6982,Guy Stewart,samanthariley@example.net,+1-562-431-4781x042,2023-06-09,Prepaid
6983,Donna Hogan,matthew32@example.com,+1-860-572-7707x9622,2024-06-12,Prepaid
6984,Victor Price,dylan16@example.com,+1-698-904-7807x8671,2025-03-29,Prepaid
6985,Jennifer Bennett,stephanieadams@example.com,318-939-2345x0351,2024-05-05,Postpaid
6986,David Miller,rowlandshaun@example.org,824.843.8310,2023-07-16,Prepaid
6987,Dr. Craig Mcfarland,xcox@example.com,+1-798-697-5032,2023-09-02,Postpaid
6988,Steven White,michael46@example.net,(597)950-6017,2024-09-17,Postpaid
6989,Taylor White,flowersscott@example.com,2559725637,2023-09-01,Prepaid
6990,Laura Braun,egonzalez@example.org,+1-377-627-8861x85548,2023-06-19,Prepaid
6991,Dale Bowers,tyler65@example.org,(702)706-7550,2024-10-26,Postpaid
6992,James Singh,smithmark@example.org,(242)711-7638x091,2024-01-12,Prepaid
6993,Brandon Anderson,bowmanstephen@example.com,(940)600-9434,2025-04-03,Postpaid
6994,Bradley Torres,thomasrobinson@example.com,(805)959-0707x6185,2025-04-21,Prepaid
6995,Charlene Orozco,rodgersdaniel@example.com,(573)529-2586,2024-08-01,Prepaid
6996,Sarah Roberson,jose43@example.com,001-264-682-0696x77489,2025-01-09,Postpaid
6997,Tony Kim,gbrown@example.com,450.345.5898x7664,2025-01-31,Prepaid
6998,Phillip Campbell,diane45@example.com,001-946-594-6458x1483,2024-10-26,Prepaid
6999,Alicia Trujillo,denise64@example.com,(544)271-3690,2025-01-09,Postpaid
7000,Stephen Watkins,ericwilliams@example.com,2277525355,2024-03-12,Prepaid
7001,Sheila Andersen,zkrause@example.net,+1-419-932-9866x036,2024-04-25,Postpaid
7002,Megan Bates,zblankenship@example.net,+1-725-463-7848,2023-11-09,Postpaid
7003,Mary Williams,michael62@example.net,001-439-286-6982x5734,2023-08-06,Prepaid
7004,Danielle Hanna,brownheather@example.com,001-436-529-4706x77233,2025-04-02,Postpaid
7005,Steven Mathis,catherine44@example.com,001-873-431-2858,2025-02-09,Postpaid
7006,Kimberly Stevens,williamstraci@example.org,+1-481-853-0301x353,2025-03-31,Prepaid
7007,Holly Hughes,jennifer15@example.com,723-418-7958,2024-11-10,Postpaid
7008,Thomas Byrd,paigethomas@example.net,+1-603-205-4980,2023-07-17,Postpaid
7009,Nancy Mccormick,scott86@example.com,+1-992-346-3794x80321,2024-03-26,Prepaid
7010,Beverly Rivera,dsmith@example.com,001-988-934-6262x663,2024-07-16,Postpaid
7011,Alexandra Houston,nwilliams@example.net,(505)476-1935,2023-09-17,Prepaid
7012,Jeffrey Sullivan,anthonyfoster@example.net,(754)843-9819x7294,2025-03-08,Prepaid
7013,Mariah Morris,dianalong@example.org,372-995-3987,2024-05-03,Postpaid
7014,James Hughes,mlang@example.com,001-598-521-3632x97917,2023-08-05,Postpaid
7015,Robert Barnes,olivia35@example.org,283-632-4938x29480,2024-11-13,Postpaid
7016,Logan Mcguire,millerbrianna@example.com,402.628.6674x776,2025-03-18,Prepaid
7017,Katie Young,sarah06@example.net,243-381-4022,2023-08-13,Postpaid
7018,Elizabeth Bright,edward13@example.org,9233532306,2023-10-17,Postpaid
7019,Donald Ward,josephmartinez@example.com,+1-223-834-1701x2139,2025-02-08,Prepaid
7020,Kimberly Rose,joneskevin@example.net,(976)338-1907x172,2024-04-15,Prepaid
7021,Caroline Clements,lori26@example.net,001-648-322-0338x9006,2023-07-09,Prepaid
7022,Catherine Ellis,hthomas@example.org,532.201.2205x8884,2023-08-03,Postpaid
7023,Ricky Griffin,karen71@example.com,001-788-336-6597x84102,2024-10-30,Prepaid
7024,Robert Wilson,ibell@example.net,+1-293-603-2371x548,2024-08-22,Prepaid
7025,Shane Contreras,yaustin@example.com,671-513-9550x390,2023-09-21,Prepaid
7026,Toni Morrison,charles28@example.org,001-733-583-7874x99830,2024-07-28,Postpaid
7027,Amanda Gray,carterconnie@example.net,001-644-565-6134,2024-08-02,Postpaid
7028,Cheryl Walters,boyerjessica@example.net,(394)245-3926x864,2024-11-27,Postpaid
7029,Melanie Gonzalez,bradley74@example.net,001-752-596-6506x7751,2024-05-10,Prepaid
7030,Heidi Taylor,todd21@example.com,001-725-532-4564x14803,2024-02-11,Postpaid
7031,George Thomas,olivia39@example.org,001-575-778-6197x826,2024-06-26,Prepaid
7032,Kimberly Hahn,jennifer21@example.org,875.743.6194x69562,2023-05-15,Postpaid
7033,Rhonda Chang,stephanie47@example.net,+1-879-377-4160x42958,2024-12-11,Prepaid
7034,Jack Jones,lkelley@example.net,769-566-8065x202,2024-07-25,Prepaid
7035,Sabrina Palmer,brownadam@example.org,001-334-773-2379x9978,2024-05-17,Prepaid
7036,Kevin Butler,julie29@example.net,+1-599-310-7489x4013,2023-07-13,Postpaid
7037,Lisa Stout,penny55@example.com,+1-489-201-5619x44556,2025-03-04,Postpaid
7038,Joshua Davis,cbriggs@example.net,(927)890-7385x12211,2023-10-16,Postpaid
7039,Jeffrey Davis,lewiskevin@example.net,+1-489-560-9753,2025-02-11,Prepaid
7040,Nathaniel Boyer,zmorris@example.net,966.504.3681,2024-03-02,Postpaid
7041,Michelle Davis,afriedman@example.net,334-769-9104x901,2024-04-04,Postpaid
7042,Cynthia Hartman,cgarza@example.org,+1-903-712-3419x871,2025-02-15,Postpaid
7043,Susan Ali,lisa47@example.net,+1-825-734-8484x177,2024-01-28,Postpaid
7044,Theresa Graham,hernandezalisha@example.net,(210)360-3271x4760,2023-09-25,Prepaid
7045,Jason Andersen,annettebenson@example.net,5755503601,2024-01-06,Prepaid
7046,Anna Johnson,martinbecky@example.com,+1-593-344-7693x987,2024-03-24,Prepaid
7047,Erik Orr,steven85@example.net,6814451035,2024-06-05,Prepaid
7048,Daniel Curtis,wendy14@example.com,3679098679,2024-01-06,Postpaid
7049,Monica Hall,jamesmay@example.com,(603)863-4074,2023-12-02,Postpaid
7050,Jim Patterson,ywalton@example.org,363-947-9318x144,2024-02-25,Prepaid
7051,Jennifer Richards,pamelagonzalez@example.org,001-606-498-8551x2095,2025-03-01,Prepaid
7052,Justin Thompson,tammybenton@example.net,(237)867-4248x96310,2024-11-10,Prepaid
7053,Savannah Salazar,johnturner@example.com,6076972102,2025-03-02,Postpaid
7054,Kimberly Robinson,kathleencastro@example.com,2518523086,2024-05-03,Prepaid
7055,Vincent Jackson,zsavage@example.com,(656)611-6644x5305,2023-10-25,Prepaid
7056,Bradley Tucker,mccarthylogan@example.net,(308)258-5193,2025-02-11,Postpaid
7057,John Elliott,josephkathleen@example.org,001-697-234-8174x80375,2024-04-25,Postpaid
7058,Kimberly Chandler,harrisonjohn@example.net,+1-380-579-9571x915,2023-07-18,Prepaid
7059,Charles Zavala,caldwellruth@example.net,517-956-5593x651,2023-06-23,Postpaid
7060,Dwayne Colon,amy08@example.net,(792)884-7845,2023-07-18,Postpaid
7061,Patrick Harrison,jamie08@example.net,(315)751-3779,2023-05-04,Prepaid
7062,Adam Curtis,jasonknight@example.com,713.860.2371x955,2023-11-25,Postpaid
7063,Haley Williams,gregorynelson@example.com,(375)597-6681x532,2023-11-28,Postpaid
7064,Michelle Brown,pstrickland@example.com,+1-926-378-2411x2997,2024-01-11,Prepaid
7065,Mark Johnson,brandon01@example.com,950-484-7931x44501,2023-12-30,Postpaid
7066,Patricia Taylor,vsmith@example.net,936-844-4958x584,2023-07-30,Prepaid
7067,Amanda Hubbard,tpena@example.net,001-224-888-5753,2024-09-22,Postpaid
7068,Ashley Fritz,mmcguire@example.net,001-953-794-4007x661,2023-11-20,Prepaid
7069,Nicholas Dennis,aliciapatton@example.com,(450)389-1807,2023-09-04,Postpaid
7070,Lance Soto,carl39@example.net,(558)859-4693x814,2024-12-03,Prepaid
7071,David Steele,williamlowe@example.org,3225456727,2025-04-07,Postpaid
7072,Jessica Martinez,bcollins@example.com,821-730-8623x4410,2023-09-21,Postpaid
7073,Sheryl Williams,othomas@example.net,001-206-860-2648x2793,2025-02-22,Postpaid
7074,Lisa Taylor,elizabeth33@example.net,001-438-304-7945x51302,2023-08-08,Prepaid
7075,Eric Jordan,patriciaserrano@example.net,567-237-6393x0262,2023-11-09,Postpaid
7076,Jonathan Johnson,aguilarangela@example.org,699.851.2791,2024-03-24,Prepaid
7077,Hailey Small,brandon92@example.org,233.976.5325x229,2025-03-27,Postpaid
7078,Andrew Duncan,sarahfreeman@example.com,(508)810-5085x881,2024-03-09,Postpaid
7079,Keith Armstrong,bennettbonnie@example.com,+1-630-542-9979,2024-06-29,Prepaid
7080,Joseph Wolf,yoconnor@example.net,681.571.7274x6234,2025-02-17,Postpaid
7081,Jason Mora,leonmitchell@example.org,(913)302-6849x20830,2024-04-16,Prepaid
7082,Allen Santana DVM,portercatherine@example.com,+1-563-501-4926x4264,2023-11-22,Postpaid
7083,Jeanette Downs,petersonandrew@example.com,(304)564-0449,2025-02-17,Prepaid
7084,Alexandra Wright,georgerodriguez@example.org,(525)840-6757x092,2023-06-04,Postpaid
7085,Sharon Mclaughlin,oduke@example.net,519-566-9054x9735,2024-11-15,Postpaid
7086,Tracy Barnes,ashley44@example.org,9503586757,2024-05-07,Postpaid
7087,Kyle Cook,kreilly@example.net,001-221-249-5233x6881,2023-11-02,Prepaid
7088,Crystal Miller,moodyvictoria@example.com,+1-228-875-8615x498,2024-05-02,Postpaid
7089,Emily Wood,ryanjacqueline@example.org,(480)696-7201x177,2023-12-04,Postpaid
7090,Jennifer Miller,michelle67@example.com,(881)346-1112x74703,2023-09-06,Postpaid
7091,David Johnson,brittanywhite@example.com,+1-388-596-2718,2023-08-04,Postpaid
7092,Crystal Ponce,smithtyler@example.org,(462)525-4269x559,2024-05-31,Postpaid
7093,Larry Robertson,alexis20@example.org,001-457-233-2954x9788,2023-09-11,Prepaid
7094,Tim Bailey,austin46@example.com,980.871.2932,2025-02-19,Postpaid
7095,Brian King,gnovak@example.org,(568)960-4088,2023-10-20,Postpaid
7096,Grant Brown,paula62@example.org,438.279.3816x259,2024-03-01,Prepaid
7097,Brandon Gardner,lewischeryl@example.com,(383)733-9388,2023-05-17,Postpaid
7098,Christopher Martinez,gentrychristopher@example.com,(426)437-7009x433,2023-07-19,Prepaid
7099,Sarah Walters,eric82@example.org,272-273-8864x1565,2024-01-26,Postpaid
7100,Anthony Dudley,lesliesims@example.net,001-519-931-3516x08057,2023-08-28,Prepaid
7101,Matthew Harvey,elizabeth35@example.org,512-610-7309x8210,2025-01-19,Prepaid
7102,Randy Phillips,astokes@example.org,532.638.2303,2024-11-16,Postpaid
7103,Ryan Nelson,qmata@example.net,529-579-9731,2025-02-03,Postpaid
7104,Stephen Phillips,jonathan65@example.com,(469)436-2649x0309,2023-12-27,Prepaid
7105,Nicholas Wall,wrighthenry@example.com,+1-389-287-3516x9700,2023-05-23,Postpaid
7106,Julie Reid,shelbywalker@example.net,001-303-680-0748x4506,2023-08-31,Prepaid
7107,John Stewart,sgoodman@example.com,+1-858-439-9374x2263,2023-08-30,Postpaid
7108,Thomas Garza,pearsonian@example.com,001-378-481-9322x225,2024-02-21,Postpaid
7109,Aaron Walker,baileymary@example.com,572.792.7555x698,2023-07-13,Postpaid
7110,Sheila Silva,newmanbradley@example.com,599.987.6143,2024-04-06,Prepaid
7111,Austin Li,kellyjoseph@example.com,500-821-9186,2023-05-06,Postpaid
7112,Aaron Terry,jonathan10@example.com,(760)939-5624,2025-03-18,Prepaid
7113,Cathy Richardson,angelramsey@example.com,(596)810-4843,2024-03-19,Postpaid
7114,Michael Brown,kristopher82@example.com,001-296-913-7231x61894,2023-06-04,Postpaid
7115,Felicia Horn,richardlisa@example.org,638-595-8039,2024-10-30,Prepaid
7116,Amy Harris,bsmith@example.org,211.896.1559,2025-03-03,Postpaid
7117,Shane Cantu,stephanie87@example.net,562-511-4145x9982,2023-09-12,Prepaid
7118,Christopher Edwards,andrea58@example.com,840-342-7274x2910,2024-11-07,Prepaid
7119,Cynthia Schmidt,davislisa@example.net,965-629-5823x859,2024-09-08,Postpaid
7120,Sheila Mcbride,jwarner@example.net,642.352.8813x623,2024-10-20,Postpaid
7121,Julie Webb,vpena@example.net,308.763.3089x983,2023-08-18,Prepaid
7122,Heather Pruitt,willie73@example.net,001-216-560-5541x5623,2025-04-05,Prepaid
7123,Kristi Randall,johnsonandrew@example.com,2094517508,2025-04-04,Prepaid
7124,Denise Caldwell,elizabeth61@example.net,619-900-6690x779,2024-10-26,Postpaid
7125,Kelsey Taylor,ihoffman@example.net,+1-616-408-7046,2025-04-18,Prepaid
7126,Sherry Delacruz,brandonparrish@example.net,908-628-8221,2024-10-13,Prepaid
7127,Brittany Bailey,mark15@example.com,228.350.5938x90749,2023-05-17,Postpaid
7128,Jessica Clark,alyssa80@example.net,535-409-3850x2306,2025-03-16,Postpaid
7129,Christine Hudson,jenkinsanthony@example.net,6723005408,2024-01-26,Prepaid
7130,Henry Hall,christinesanford@example.org,(446)553-7888,2023-05-17,Prepaid
7131,Andrew Meadows,briannanorris@example.com,(513)883-9130x02428,2025-01-27,Prepaid
7132,Michael Garza,abigail31@example.com,001-570-329-5027,2023-07-08,Prepaid
7133,Ricardo Davis,ybond@example.com,(869)529-7265x165,2024-11-28,Prepaid
7134,Lindsay Gibson,matthewharding@example.org,(869)449-8389,2024-08-15,Prepaid
7135,Travis Powell,davisdanielle@example.net,+1-287-781-7134,2024-05-06,Postpaid
7136,Willie Collier,cannonashley@example.org,215.854.8355,2023-05-22,Prepaid
7137,Sara Strickland,margaret78@example.com,838-972-4151x806,2025-01-24,Prepaid
7138,Chloe Russell,john65@example.net,+1-258-495-0991,2023-06-19,Postpaid
7139,Jodi Wells,pgomez@example.org,658-457-6310,2025-02-11,Prepaid
7140,Paul Thomas,carrdustin@example.net,001-638-272-0614x5245,2024-10-27,Postpaid
7141,Jessica Mack,zmack@example.com,(638)661-8748x7087,2023-07-12,Prepaid
7142,Rebecca Kelley,williamsjulia@example.com,(349)616-8541x172,2024-09-25,Postpaid
7143,Joshua Valencia,nancy11@example.com,+1-893-252-9875x93218,2023-05-09,Postpaid
7144,William Horn,wlee@example.net,(698)267-9079,2024-12-25,Prepaid
7145,Travis Santos,tinasimon@example.net,287.667.6237x0986,2023-10-03,Prepaid
7146,Raymond Burns,andersonjohn@example.org,001-203-709-9202x8895,2024-03-29,Prepaid
7147,David Hill,dominguezdavid@example.com,(255)489-9692x72196,2024-08-20,Postpaid
7148,Brian Thompson,adam16@example.com,+1-624-489-9500x66129,2024-08-12,Prepaid
7149,Beth Hughes,stacymarshall@example.net,(206)306-2660,2023-08-01,Prepaid
7150,David Jackson,kaitlin68@example.net,362-298-5825x562,2024-02-28,Prepaid
7151,Jose Decker,michael21@example.net,001-277-428-1621,2024-05-13,Prepaid
7152,Joseph Tucker,gevans@example.net,406-784-3501x5002,2025-03-11,Postpaid
7153,Susan Odonnell,joshuabyrd@example.net,001-981-784-6864,2023-09-23,Prepaid
7154,John Miller,freid@example.net,382-226-2966,2025-01-15,Postpaid
7155,Kevin Perez,robert14@example.com,821.287.6983,2023-08-28,Postpaid
7156,Thomas Mcneil,benjaminvillegas@example.org,001-729-736-2012x03409,2024-04-19,Prepaid
7157,Lindsay Patterson,wgonzalez@example.com,598.376.5876x202,2025-02-16,Prepaid
7158,Teresa Moore,george66@example.net,+1-717-486-3083,2024-07-23,Postpaid
7159,Makayla Grant,nguyentim@example.com,001-881-735-4095x687,2024-01-27,Postpaid
7160,Carrie Simon,gregorylowe@example.com,001-791-356-9217x58569,2023-09-26,Postpaid
7161,Julie Sanchez,bakerjohn@example.com,3215017486,2025-04-11,Prepaid
7162,Robert Bruce,hmoore@example.com,(788)611-8137,2023-08-05,Postpaid
7163,Latoya Myers,ohuffman@example.net,001-535-420-5277,2023-07-10,Prepaid
7164,Jennifer Mendoza,margaret55@example.com,5004944847,2024-03-13,Prepaid
7165,Richard Calderon,sheila68@example.com,(812)322-8333x72028,2025-02-04,Prepaid
7166,Belinda Wells,danny01@example.com,610-889-6265,2025-01-05,Prepaid
7167,Brittany Colon,lindachase@example.net,(649)695-6519,2024-05-02,Postpaid
7168,Mr. Tom Stephens,robertturner@example.com,+1-307-626-6076,2025-03-11,Prepaid
7169,Andrew Jackson,ericgriffin@example.org,+1-786-800-3814,2024-01-23,Prepaid
7170,Colleen Peters,dmartinez@example.net,996.481.1192x68982,2023-06-16,Prepaid
7171,Diana Richardson,taylorlori@example.com,356.462.2231,2024-06-01,Postpaid
7172,Victoria Brown,qwilliams@example.net,+1-330-556-5392,2024-03-03,Postpaid
7173,Matthew Holmes,ltaylor@example.net,533-944-2832,2024-02-14,Prepaid
7174,Elizabeth Rice,murphyjustin@example.net,001-833-404-4016x2267,2024-02-12,Prepaid
7175,Taylor Burnett,johnsonsusan@example.net,+1-646-895-0458x25019,2024-06-10,Prepaid
7176,Monica Guzman,joshuajones@example.com,555-511-2557x798,2024-04-02,Prepaid
7177,Alan Jackson,rpeterson@example.com,779.602.7865x948,2023-09-21,Postpaid
7178,Daniel Maldonado,maria70@example.com,+1-698-879-4797x65398,2023-08-05,Postpaid
7179,Wendy Murphy,zthomas@example.net,+1-425-749-1637x15415,2023-08-06,Postpaid
7180,Dustin Mcdonald,tylershields@example.com,+1-902-652-0152x89288,2025-01-22,Postpaid
7181,Charles Lawrence,douglas52@example.org,001-524-383-8870x8166,2023-07-30,Postpaid
7182,Donald Daniel,rodrigueztiffany@example.com,001-504-218-7988x02168,2024-01-10,Postpaid
7183,Joel Andersen,jophelps@example.com,(322)986-1240x66991,2025-04-24,Prepaid
7184,Shane Baker,meganthomas@example.com,5829387198,2025-01-08,Prepaid
7185,Alexis Duncan,powellwilliam@example.org,001-962-475-4056x17902,2023-05-21,Postpaid
7186,James Cox,jamesanderson@example.com,+1-279-456-2453x212,2024-08-01,Postpaid
7187,Dr. Martin Trujillo Jr.,thomas49@example.com,244.504.1264x10896,2024-07-10,Prepaid
7188,Kevin Moran,heatherjones@example.net,001-240-354-6485x6954,2024-06-05,Postpaid
7189,Joshua Mccormick,rcoffey@example.org,452-411-4787x96932,2024-09-14,Postpaid
7190,Todd Perez,stephaniewright@example.net,(435)550-8502x6828,2024-02-02,Prepaid
7191,Mr. Donald Fitzpatrick,hjohnson@example.org,001-816-890-8797x9894,2023-07-07,Postpaid
7192,Michael Scott,breannalopez@example.net,217-978-8048,2025-04-25,Prepaid
7193,Samantha Allison,grahamjose@example.com,001-893-706-8478x4184,2025-03-09,Postpaid
7194,Kenneth Holt,hroberts@example.com,+1-827-669-9172x049,2025-01-31,Postpaid
7195,Erica Day,campbelldarlene@example.org,3953487486,2024-10-18,Prepaid
7196,Arthur Gregory,jenniferboyer@example.org,(636)718-6549x527,2023-11-12,Postpaid
7197,Kimberly Herman,morganbrianna@example.org,001-709-287-5602,2024-06-18,Postpaid
7198,Ashley Mckee,michelle76@example.net,(335)681-5630,2023-10-19,Prepaid
7199,Jessica James,lauragonzales@example.org,680-635-2699,2024-10-20,Prepaid
7200,Kurt Mcdaniel,diazmichael@example.org,811-232-5057x81524,2024-10-07,Prepaid
7201,William Young,april94@example.org,+1-619-626-6019x02112,2024-01-12,Prepaid
7202,Misty Johnson,gina73@example.com,237.928.9420x80781,2023-08-29,Postpaid
7203,Patricia Walker,mrice@example.org,+1-794-508-9998x7298,2024-03-25,Postpaid
7204,Samantha Roman,qfrederick@example.com,4469703345,2023-08-13,Prepaid
7205,Briana Davies,jeffrey71@example.org,941-263-9423,2024-08-13,Prepaid
7206,Mark Pugh,sjones@example.net,867.874.2452x7281,2024-07-26,Postpaid
7207,Joseph Diaz,cynthiawelch@example.net,+1-255-960-8923x9365,2023-07-03,Postpaid
7208,Christopher Dennis,erivera@example.org,001-969-638-2253x255,2023-10-16,Prepaid
7209,Kathryn Bell,wusara@example.com,873.321.2589x95163,2023-06-05,Postpaid
7210,Megan Lee,mfigueroa@example.com,(411)762-0413x80532,2023-11-25,Postpaid
7211,Denise Diaz,angela72@example.net,(520)764-2704,2023-09-28,Prepaid
7212,Rick Bradley,kristenmoore@example.com,604.907.4699x7281,2023-08-02,Postpaid
7213,Bailey Smith,lestephanie@example.net,803-784-3407x14592,2023-05-30,Prepaid
7214,Jeremy Juarez,gutierrezsean@example.org,632-305-3530,2025-04-18,Prepaid
7215,Marcus Chen,vrichardson@example.net,410-382-4620,2023-12-03,Postpaid
7216,Anthony James,renee22@example.net,+1-313-736-6498x3378,2024-12-30,Postpaid
7217,Jermaine Sweeney,erin59@example.com,(601)694-4260x2052,2024-05-14,Postpaid
7218,James Small,gmclaughlin@example.com,916.241.3040x653,2024-08-30,Prepaid
7219,Kyle Steele,tyler12@example.com,001-563-827-2212,2023-12-08,Postpaid
7220,Gary Gibson,ruizjill@example.org,(783)767-4189x17992,2024-04-14,Prepaid
7221,Emily Murray,lorimarquez@example.org,507.730.9718,2024-03-29,Postpaid
7222,Mitchell Thompson,stevemyers@example.org,(743)220-9632x2777,2024-09-08,Prepaid
7223,Tracy Jones,ashleyandrews@example.com,740.770.5866x5861,2023-10-07,Prepaid
7224,Roberta Perez,dean69@example.net,001-894-605-1630x4562,2024-06-10,Postpaid
7225,Ashley Brown,robersonleah@example.com,(822)765-3373,2024-09-08,Postpaid
7226,Jennifer Lucas,jonathangrant@example.com,001-246-643-6087x311,2024-02-01,Postpaid
7227,Brandon Guerra,fstevens@example.com,4742168120,2023-12-02,Prepaid
7228,Casey Hunter,julienorris@example.com,919-811-6889,2024-02-20,Postpaid
7229,William Jacobson,mdavis@example.org,(399)621-2271,2024-06-02,Prepaid
7230,David Reid,dale74@example.com,001-270-434-2820x60463,2023-05-11,Prepaid
7231,Ms. Ariana Mitchell PhD,wtaylor@example.org,(683)576-1418,2025-03-18,Postpaid
7232,Alison Garcia DDS,rschmidt@example.org,335-481-9338,2024-12-23,Postpaid
7233,Danielle Mccarty,amanda34@example.com,437.870.5626,2024-11-04,Prepaid
7234,Christopher Trevino,karen08@example.net,490-559-2223,2025-02-07,Postpaid
7235,Aaron Hernandez,shawn60@example.com,+1-449-425-1043,2024-05-27,Prepaid
7236,Robert Johnson,dennisjoy@example.net,697-983-6313x18961,2024-01-04,Prepaid
7237,Jennifer Serrano,stephanie32@example.org,(210)894-5455,2024-10-23,Prepaid
7238,Diana Estrada,njordan@example.com,001-481-464-4141,2024-04-26,Postpaid
7239,James Rogers,patriciahoward@example.com,001-656-540-9524x870,2024-12-27,Postpaid
7240,Scott Lucas,bradley08@example.net,607.444.6996x64529,2025-01-30,Postpaid
7241,Anthony Graves,pjackson@example.net,001-363-958-1450,2025-03-13,Postpaid
7242,Roger Brown,jordandavis@example.net,820.988.2683x365,2024-06-13,Postpaid
7243,Lynn Moore,lcardenas@example.net,(408)619-6161x66639,2023-07-04,Prepaid
7244,Dr. Jason Brown,joseph13@example.org,890.603.5021,2024-05-08,Prepaid
7245,Paul Morales,pjones@example.org,+1-791-459-2194x718,2025-01-29,Postpaid
7246,Alisha Martin,jonescrystal@example.org,(872)729-5456,2023-11-28,Postpaid
7247,Natalie Zhang,christinekim@example.com,+1-738-623-6191x20559,2023-07-07,Prepaid
7248,Karla Smith,vpoole@example.com,707.616.8590,2023-10-19,Prepaid
7249,Chad Beck,marystrong@example.com,(569)325-1254,2023-07-13,Prepaid
7250,Jessica Manning,unelson@example.net,+1-956-931-4930x095,2025-04-07,Postpaid
7251,David Dalton,jamesaustin@example.com,973.261.9007x4720,2024-11-11,Postpaid
7252,Jeremy Stewart,fmcdaniel@example.net,(895)434-7693x537,2024-01-22,Postpaid
7253,Abigail Goodwin,guzmannoah@example.com,993.593.0405x03707,2023-06-21,Prepaid
7254,Tonya Myers,lhutchinson@example.org,4533063186,2023-10-11,Prepaid
7255,Michael Taylor,randyday@example.org,313.266.1066x9792,2023-09-02,Postpaid
7256,Kevin Gonzalez,hudsonjoyce@example.net,648-318-1634x1445,2024-04-19,Prepaid
7257,Kelly Bailey,xyoder@example.net,306.619.2188,2024-05-07,Prepaid
7258,Erica White,fernandezmary@example.com,777.411.2280x416,2025-03-04,Postpaid
7259,Julie Thompson,charlesfrank@example.org,001-642-918-0341x443,2024-11-10,Postpaid
7260,Larry Chang,beardjerome@example.com,+1-355-264-7915,2023-07-30,Prepaid
7261,Adam Gonzalez,armstrongtom@example.net,+1-885-314-0577x152,2024-06-05,Prepaid
7262,Christopher Garcia,weaverbecky@example.org,+1-535-427-2931x83666,2024-01-27,Postpaid
7263,Theresa Fitzgerald,morrisjoel@example.org,381-821-9413,2023-07-03,Prepaid
7264,Taylor Galloway,cblack@example.com,(932)534-0708,2025-02-24,Postpaid
7265,Mark Salazar,cherrysherry@example.com,001-928-228-8740x451,2023-07-26,Prepaid
7266,Anthony Olson,debbiewilliams@example.net,2576257805,2023-05-28,Prepaid
7267,Sandra Garner,morrisalexis@example.org,950.690.5422x25841,2024-09-12,Postpaid
7268,Gilbert Miranda,devin78@example.com,+1-761-567-9785x881,2024-12-22,Prepaid
7269,Kevin Gordon,lraymond@example.net,750.818.5858x79005,2025-02-25,Postpaid
7270,Holly Davis,matthew23@example.net,(252)901-0913x84827,2023-12-10,Prepaid
7271,John Cook,benjamin09@example.com,595.223.9665x197,2024-06-11,Postpaid
7272,Kaitlyn Ferguson MD,elizabethmccoy@example.net,282.856.4569,2024-04-05,Prepaid
7273,Mitchell Wolf,hughesshannon@example.org,(727)640-8176x6730,2024-07-29,Prepaid
7274,Edward Vasquez,hernandezmandy@example.org,612.715.3320,2024-07-10,Postpaid
7275,Andrew Stephens,margaretrangel@example.org,7382561679,2023-07-19,Postpaid
7276,Drew Johns,hernandezandrew@example.com,825-570-3122x22900,2024-07-11,Postpaid
7277,Kirk Nelson,leahlewis@example.net,001-571-351-4295,2025-03-31,Prepaid
7278,Kathy Brown,robin08@example.com,234-548-2707x299,2024-11-24,Postpaid
7279,Sheila Alvarez,bpatrick@example.com,(882)928-2911,2024-07-31,Prepaid
7280,Robert Dodson,hwarren@example.net,860.811.2062x6147,2024-03-23,Postpaid
7281,Mikayla Sheppard,kathryn17@example.net,+1-209-420-8644x0187,2025-04-28,Prepaid
7282,Jill Johnson,fgentry@example.net,337-664-8552x42748,2024-11-07,Postpaid
7283,Alyssa Murphy,scotthahn@example.org,656-607-9584x93621,2024-12-16,Prepaid
7284,Isaac Garrett,hsmith@example.org,001-290-441-5982,2024-01-12,Postpaid
7285,Eric Smith,josephjames@example.net,+1-559-694-0077x343,2023-09-08,Postpaid
7286,Kimberly Warren,thomaslisa@example.org,001-286-459-0424x297,2023-12-15,Prepaid
7287,Tanya May,phillipfields@example.org,946.524.2169x568,2024-01-20,Prepaid
7288,Elizabeth Pierce,laurahoffman@example.net,001-498-702-8574x75659,2024-06-05,Postpaid
7289,Jennifer Roman,miguelmeyer@example.com,(877)522-1500x96230,2024-04-06,Prepaid
7290,Jamie Moore DDS,jaimewalker@example.com,940.336.6535,2025-01-14,Postpaid
7291,Abigail Marshall,debra82@example.net,(666)660-4936,2023-12-27,Postpaid
7292,Heidi Wilson,danielronald@example.org,001-579-372-7272x58930,2024-09-16,Postpaid
7293,Nancy Beltran,uchavez@example.org,(944)848-3927x691,2023-06-06,Postpaid
7294,Christopher Norman,zlawrence@example.net,+1-243-968-8848x46469,2024-05-20,Prepaid
7295,Sharon Roberts,valeriecurry@example.org,(402)978-5483x90693,2024-10-06,Postpaid
7296,Emily Franklin,sara89@example.com,+1-438-819-8535x368,2023-11-16,Postpaid
7297,Michael Brown,pkidd@example.org,001-240-295-7783x204,2023-09-14,Postpaid
7298,Darryl Johnson,eric54@example.org,870.994.4936,2025-03-13,Prepaid
7299,Jeffrey Jones,jefferydonaldson@example.net,(642)286-2671x51769,2024-04-11,Postpaid
7300,Thomas Daniel,derrick08@example.net,(636)324-4983,2025-04-07,Postpaid
7301,Ricky Rios,beststacy@example.org,001-797-432-8945x8300,2024-11-12,Postpaid
7302,John Moses,yatesjeffrey@example.com,+1-465-535-7201x16068,2023-11-22,Prepaid
7303,Rachel Blackwell,tiffany86@example.net,205-628-1662x97235,2025-01-13,Postpaid
7304,Jared Thomas,andrew25@example.net,(827)674-0975x9927,2023-08-20,Prepaid
7305,Kerri Valdez,debra44@example.org,(607)426-3131,2024-08-17,Postpaid
7306,Melissa Garcia,jessicahurst@example.net,001-929-639-4351x0677,2024-08-07,Postpaid
7307,Melanie Lucas,jennifer23@example.com,978-359-8644,2024-02-11,Postpaid
7308,Karen Monroe,michaelsharp@example.com,753.852.2619,2025-02-26,Prepaid
7309,Melissa Porter,wilsonlori@example.com,796.556.8144x4289,2024-05-22,Prepaid
7310,Miranda Leach,davissheri@example.com,(652)743-6681x1802,2024-12-12,Postpaid
7311,David Garcia,hollycardenas@example.org,708.596.2115,2024-09-12,Postpaid
7312,Ann Mcclure,rachaelsmith@example.org,(580)863-9693x37845,2023-12-21,Postpaid
7313,Alexis Weber,colemankatrina@example.net,001-526-345-1482x63986,2025-03-27,Postpaid
7314,Monica Boyd,kimberly82@example.org,878-362-6988x87340,2024-10-15,Prepaid
7315,Michael Lynn,sheliacummings@example.net,273-340-9937,2024-08-26,Prepaid
7316,Ryan Rowland,byrdchristine@example.org,001-821-638-9927,2023-11-28,Prepaid
7317,Christine Mckay,zdawson@example.com,949.357.8722,2024-04-21,Prepaid
7318,Janet Orozco,johnperez@example.net,4523703505,2025-02-15,Postpaid
7319,Seth Harrell,alexanderholmes@example.com,543-571-8208,2025-01-28,Prepaid
7320,Mark Swanson,khernandez@example.net,387-828-0480x5389,2024-08-28,Postpaid
7321,Mrs. Felicia Jones,michelle14@example.org,001-376-803-3032x3104,2024-02-05,Prepaid
7322,Jordan Rose,vaughndaniel@example.org,767-660-7196,2023-11-18,Postpaid
7323,Casey Castillo,cameronporter@example.net,743-612-5643,2024-02-12,Postpaid
7324,Stephanie Le DVM,fhorn@example.net,001-612-315-7229x16951,2024-10-22,Postpaid
7325,Dr. Susan Robinson DDS,shane32@example.org,359-880-4986x04208,2024-07-23,Postpaid
7326,Ryan Lee,fperez@example.org,7173482593,2025-04-06,Prepaid
7327,Elijah Cohen,brownjennifer@example.org,001-868-407-3631x01498,2024-08-25,Prepaid
7328,Kathleen Washington,tross@example.net,(876)915-0545x56904,2023-08-05,Postpaid
7329,Katherine Dean,martinjames@example.com,001-344-320-5253x975,2024-08-19,Prepaid
7330,Kenneth Hanna,mjimenez@example.com,001-218-726-4438,2023-05-20,Prepaid
7331,David Rice,gerald01@example.com,001-600-373-0280x87441,2023-11-16,Postpaid
7332,Christina Smith,marksullivan@example.com,690-898-7918x227,2023-09-13,Prepaid
7333,Christopher Roberts,melanie40@example.com,001-534-692-2378,2025-02-12,Prepaid
7334,Diane Ford,burnschristina@example.com,798.987.9928x680,2023-07-01,Postpaid
7335,Joshua Carter,andrea86@example.net,995-675-1332x24403,2025-04-22,Postpaid
7336,Christina Lindsey,christina83@example.org,001-301-453-5494x8780,2024-09-08,Prepaid
7337,Jamie Davis,lawrencepatricia@example.com,658.803.4955x4162,2023-05-21,Prepaid
7338,Michelle Rogers,zclarke@example.com,843.686.6113x972,2023-11-01,Postpaid
7339,Corey Miles,annette42@example.com,+1-205-967-0768x90882,2024-12-28,Prepaid
7340,Kaitlin Reyes,ewilkinson@example.org,001-699-475-4656x66545,2024-11-07,Postpaid
7341,Tammy Phillips,johnnytorres@example.org,6897184001,2023-11-01,Postpaid
7342,Craig Franco,eddie02@example.com,+1-306-539-2427x88054,2024-03-21,Prepaid
7343,Douglas Johnson,oadams@example.com,793.600.3629x8245,2023-10-02,Postpaid
7344,Scott Navarro,kacosta@example.com,295.952.4835x28609,2025-02-15,Postpaid
7345,Susan Lane,flowersstephen@example.com,001-511-948-8062x2733,2024-12-17,Postpaid
7346,Amber Logan,smithyvonne@example.com,750-593-5901x8025,2024-12-10,Prepaid
7347,Bradley Bailey,rramirez@example.net,5124276438,2023-11-09,Prepaid
7348,Debbie Price,saunderskristi@example.com,821-682-1976x196,2023-10-13,Prepaid
7349,Judith Long,yunderwood@example.org,+1-747-348-6070,2024-01-08,Postpaid
7350,Kimberly Chavez,bfisher@example.net,(846)748-5275x954,2023-09-20,Postpaid
7351,Christopher Griffin,scott57@example.com,3328246507,2024-01-23,Postpaid
7352,Amber Ross,batesgregory@example.net,582-874-4798x2523,2024-12-26,Postpaid
7353,Melanie Gilbert,jennifernewton@example.com,307-870-9219,2023-08-17,Postpaid
7354,Christopher Sanchez,michaeledwards@example.net,+1-699-856-3365x00767,2024-05-18,Postpaid
7355,Christopher Beck,michaelmoore@example.org,(607)772-9050x0553,2024-07-06,Prepaid
7356,Anthony Odonnell,shaunthompson@example.net,464-966-4814x5972,2025-04-16,Prepaid
7357,Donald Briggs,mendozadaniel@example.org,(496)294-1017,2023-11-12,Postpaid
7358,Brandon Green,craig45@example.org,(963)934-9466x2301,2023-10-19,Prepaid
7359,Jennifer Avila,joelfernandez@example.org,(842)855-3090x4975,2023-12-25,Prepaid
7360,James Miles,craigjessica@example.org,+1-381-321-4570x56093,2023-09-27,Postpaid
7361,Mark Scott,zgiles@example.com,974.722.3085x2677,2024-03-05,Prepaid
7362,Stephanie Richards,josephchambers@example.org,001-237-379-8748x48528,2024-09-15,Prepaid
7363,Lisa Johnson,jeremyharrell@example.net,949-529-6852,2024-05-24,Postpaid
7364,Javier Grimes,johnstonvanessa@example.com,660.690.8708,2025-01-12,Prepaid
7365,Allison Cardenas,mitchellmiller@example.com,237-578-9759x8566,2023-09-28,Prepaid
7366,Todd Spears,luismatthews@example.com,(729)671-0675,2023-06-01,Postpaid
7367,John Leon,fieldscheryl@example.net,(959)465-5557,2023-07-18,Prepaid
7368,Michael Estes,cindy23@example.org,001-639-282-5587x3761,2023-11-22,Postpaid
7369,Mitchell Graves,nicholasbrandt@example.net,214-630-5702x211,2025-01-02,Prepaid
7370,Brian Williams,stewartmary@example.com,487-276-5535x40018,2024-01-15,Postpaid
7371,Travis Cannon MD,frenchkelsey@example.org,001-623-743-2630x50011,2023-12-17,Postpaid
7372,Jason Cooper,clementsrachel@example.net,001-790-495-8881,2025-04-07,Prepaid
7373,David Reyes,qpowell@example.net,424.464.9431,2024-10-17,Prepaid
7374,Angela Abbott,jfrazier@example.org,610-471-9480x8062,2024-12-02,Postpaid
7375,Angel Curtis,hrivera@example.org,(541)597-8960x4007,2023-07-14,Postpaid
7376,Matthew Harvey,ogreen@example.net,378.557.9894,2024-06-08,Postpaid
7377,Joseph Boyd,markmunoz@example.org,205-936-5173,2023-08-18,Postpaid
7378,Andrew Ruiz,gilladam@example.com,(750)471-2201x829,2025-02-23,Postpaid
7379,Allison Adams,andrew83@example.com,250-903-9356x97257,2024-09-03,Prepaid
7380,Katherine Stanton,williamsdavid@example.org,445.850.7311x018,2025-02-18,Prepaid
7381,Jeffrey Cook,kelsey21@example.com,(853)483-6305x50273,2023-05-13,Prepaid
7382,Matthew Thomas,tracy54@example.org,256.991.7389,2024-06-23,Prepaid
7383,Kenneth Mcbride,nicholasclarke@example.com,559.903.0528x506,2023-10-29,Postpaid
7384,Danielle Lopez,campbellcaleb@example.com,(912)314-3417x31806,2023-11-25,Postpaid
7385,Robin Miller,lauren28@example.net,+1-873-531-0480x2663,2023-05-03,Prepaid
7386,Travis Duncan,collinsjohn@example.net,+1-811-353-2070x68414,2023-07-07,Postpaid
7387,Tim Sanders,blanchardclaire@example.net,(710)252-1034x96972,2024-08-30,Prepaid
7388,Michael Jones,penny15@example.com,250.573.1773,2023-09-13,Postpaid
7389,Rebecca Shannon,jerrydouglas@example.net,(882)911-2535x46156,2023-12-14,Prepaid
7390,Carol Watts,iellis@example.com,001-633-697-2674x63096,2024-09-12,Postpaid
7391,Danny Jones,erin64@example.org,001-402-345-2903,2024-09-23,Postpaid
7392,Nathan Brock,julie62@example.net,3263284717,2024-11-03,Postpaid
7393,Caleb Burton,leachmartin@example.org,001-814-297-1186,2025-03-13,Prepaid
7394,Andrew Patterson,portercynthia@example.org,859.503.7717x1418,2023-07-31,Postpaid
7395,Kelsey James,vwilliams@example.com,634-731-2376x20364,2024-06-09,Prepaid
7396,Joseph Miller,grossmichelle@example.net,964.242.8739,2023-07-16,Prepaid
7397,Becky Wilson,zyang@example.net,256-523-6102x40575,2024-01-09,Postpaid
7398,Nicole Anderson,richard33@example.net,7272523542,2023-05-11,Prepaid
7399,Jennifer Anderson,pcuevas@example.net,(287)927-9839x391,2024-11-26,Postpaid
7400,Amber Walker,amathews@example.com,001-877-437-5755x159,2024-03-12,Postpaid
7401,Scott Cohen,scott12@example.org,956.881.5691,2025-04-28,Prepaid
7402,Daniel Rodgers,jasonfisher@example.com,204.996.3739,2023-12-02,Prepaid
7403,Paula Harris,downstracy@example.net,700.377.8939x7288,2023-05-13,Prepaid
7404,Nancy Williams,martinkatherine@example.net,458-643-3943x7855,2024-05-25,Prepaid
7405,Ashley Mejia,nsellers@example.org,887.358.7934,2024-07-03,Postpaid
7406,Maria Holder,whitelisa@example.com,778.662.5455x3252,2024-07-17,Prepaid
7407,Makayla Torres,trowe@example.org,001-952-287-0026x723,2024-09-04,Prepaid
7408,Jennifer Perry,wnelson@example.net,(693)610-1880,2023-12-23,Postpaid
7409,Michelle Ortega,brianalee@example.org,(850)993-0867,2024-10-20,Postpaid
7410,Nicholas Bailey,derekmendez@example.org,300-485-9999,2023-09-24,Prepaid
7411,Shane Brown,mcampbell@example.org,771.454.0711x795,2024-07-05,Prepaid
7412,Mary Lang,harristhomas@example.com,001-813-666-1619,2023-07-10,Prepaid
7413,Karen Garza,daniel36@example.org,(216)721-5241,2025-04-10,Prepaid
7414,Daniel Mcneil,pstewart@example.com,8026342205,2024-04-28,Prepaid
7415,Cheryl Marshall,david21@example.com,975-497-9898,2024-09-02,Prepaid
7416,James Keller,bergchristopher@example.net,001-564-635-6386x28993,2023-12-23,Postpaid
7417,Matthew Smith,underwooderin@example.com,+1-614-316-6495x81908,2023-08-10,Prepaid
7418,Brian Crawford,kathrynthomas@example.org,(258)859-6114x91574,2024-02-11,Prepaid
7419,Jerry King,pcabrera@example.org,343-458-4196,2024-11-13,Prepaid
7420,Sabrina Smith,richard67@example.net,3362386468,2023-05-25,Prepaid
7421,Angel Oconnor,otyler@example.org,5286005533,2024-07-29,Postpaid
7422,Teresa Ferguson,klucas@example.com,(599)556-8337,2024-07-12,Prepaid
7423,Cheryl Sparks,autumn27@example.org,523.970.5985x7753,2023-09-17,Postpaid
7424,Daniel Riley,hamptontammy@example.org,634-678-5152x98113,2024-05-26,Postpaid
7425,Christina Cook,josephmendez@example.org,+1-962-860-6122x7746,2024-12-01,Postpaid
7426,Mary Willis,markwhite@example.net,001-663-718-9875x3737,2024-02-17,Postpaid
7427,Angela Vaughn,nmills@example.org,(712)589-3080x785,2024-09-18,Postpaid
7428,Jennifer Mueller,carrmichael@example.org,001-832-400-1059x433,2024-12-21,Prepaid
7429,Bryan Wilkins,ujackson@example.com,801-697-1715x0151,2024-07-16,Postpaid
7430,Scott James,benjamin64@example.com,+1-997-402-3845x205,2024-06-19,Prepaid
7431,Dana Becker,davidscott@example.com,246.627.5953,2024-11-07,Prepaid
7432,Rodney Martinez,laura66@example.org,411.528.0854,2024-03-07,Prepaid
7433,Gabriela Durham,maria53@example.org,001-797-893-2656x9386,2023-07-23,Postpaid
7434,Dr. James Williams,jonessarah@example.org,650-285-8806,2025-01-31,Prepaid
7435,Linda Smith,brandonpowell@example.net,737-351-1859x74956,2023-08-18,Postpaid
7436,Amber Harris,gloverwilliam@example.net,001-708-844-3262,2024-03-07,Prepaid
7437,Kaitlyn Montoya,thomasjoan@example.org,+1-890-698-2521x378,2023-05-02,Postpaid
7438,James Sanders,robertyoung@example.com,001-916-622-5328,2024-08-15,Prepaid
7439,Nancy Smith,cynthia41@example.net,+1-788-915-1119x704,2024-03-03,Postpaid
7440,Sharon Grant,joneskristopher@example.com,368.287.1342,2024-09-30,Postpaid
7441,William Schmidt,judyhenderson@example.org,001-967-304-7651x749,2024-05-28,Postpaid
7442,Nathan Johnson,kiddmichelle@example.org,949.795.3230,2023-12-02,Prepaid
7443,Linda Rocha,ndouglas@example.net,506-913-7537x528,2024-03-28,Postpaid
7444,Pamela Holland,ericjordan@example.net,001-770-793-4844x814,2024-04-02,Postpaid
7445,Jonathan Martinez,gcolon@example.org,718.770.4587x9789,2023-11-01,Postpaid
7446,Adam Howard,lchang@example.org,5072975585,2023-07-06,Prepaid
7447,Ricky Garcia,opineda@example.net,209.498.5021,2023-09-10,Prepaid
7448,Joseph Turner,patrickbruce@example.org,001-645-643-4673x002,2023-07-18,Postpaid
7449,Christopher Chapman,wmoore@example.org,+1-218-653-9170,2023-12-07,Postpaid
7450,Jermaine Marsh,kathleen23@example.org,233-790-9501,2024-12-13,Prepaid
7451,Connie Hoffman,jacqueline40@example.com,233.662.5452x867,2025-03-17,Postpaid
7452,John Morrison,caldwelltamara@example.net,4802284756,2024-08-19,Prepaid
7453,Jason Jones,carrierobinson@example.net,001-817-486-8586,2025-03-24,Prepaid
7454,Sheena Nguyen,zrodriguez@example.org,985.813.5093,2025-01-30,Postpaid
7455,Jennifer Walls,jeffery08@example.org,479.776.6585,2024-07-29,Postpaid
7456,Linda Harrington,walkerbrian@example.net,2589946809,2023-07-17,Postpaid
7457,Matthew Torres,jilllopez@example.org,+1-427-587-0946x76889,2025-04-27,Postpaid
7458,Briana Hughes,guyhowell@example.net,546-339-8911x0820,2024-07-01,Postpaid
7459,Cindy Colon,brittany66@example.org,(849)369-5879,2024-10-02,Postpaid
7460,Emily Garcia,dgonzales@example.com,465.778.1486x641,2023-08-03,Postpaid
7461,Linda Rose,kaylaboone@example.com,522-447-1288,2024-06-20,Prepaid
7462,Dennis Marshall,wagnerjulian@example.com,(620)658-8743x103,2023-08-18,Prepaid
7463,Ashley Horn,jeffreydawson@example.org,4594661968,2023-11-24,Postpaid
7464,Dr. Denise Schultz,andersonmichael@example.net,962-812-7208x510,2023-09-25,Prepaid
7465,Carla Castillo,henryreyes@example.net,617.443.5533x99445,2025-02-11,Prepaid
7466,Stephanie Martin,twalls@example.org,+1-264-470-1489,2024-01-09,Postpaid
7467,Jeremiah Blair,danielfrederick@example.com,001-380-540-6425,2025-04-10,Prepaid
7468,Debbie Nichols,gabriel30@example.org,4829475493,2024-08-03,Prepaid
7469,Edward Berry,piercepaige@example.org,722-287-7007x60854,2024-03-10,Prepaid
7470,Clarence Richmond,brownholly@example.net,001-947-742-5379x29076,2023-07-14,Postpaid
7471,Richard Marshall,urojas@example.org,001-746-481-8143,2025-02-27,Prepaid
7472,Mrs. Jennifer Wilson,amanda72@example.com,001-483-455-3101,2024-03-28,Prepaid
7473,David Bradley,john50@example.org,001-755-479-0961x207,2025-01-06,Postpaid
7474,Geoffrey Finley,jogallagher@example.org,369.277.3444x43782,2024-03-23,Postpaid
7475,Johnny Allen,gatesjessica@example.net,001-268-754-2375,2023-12-09,Prepaid
7476,Keith Dixon,eclark@example.org,001-968-575-4024,2024-10-08,Prepaid
7477,Lindsay Hubbard,billcross@example.com,001-797-224-9169x9680,2024-01-07,Prepaid
7478,Randy Berry,melissajensen@example.org,001-382-406-1299x93211,2024-05-08,Prepaid
7479,Mr. Justin Cannon,mitchellvincent@example.com,(554)663-0723x3496,2023-12-16,Postpaid
7480,Monique Rich,craig61@example.org,491-806-7481x3305,2023-12-29,Prepaid
7481,Tammie Chang,martin75@example.com,811-225-9467x29384,2024-06-12,Prepaid
7482,Rhonda Hudson,wilkinsmichele@example.com,677-695-7035x1302,2024-05-06,Prepaid
7483,Kimberly Hall,davidshah@example.org,253.429.4599x350,2024-05-10,Prepaid
7484,Hannah Sutton,andradealan@example.net,(480)324-7361x260,2025-02-22,Postpaid
7485,Allison Hernandez,vincentwood@example.com,+1-665-664-4633x01034,2023-07-10,Prepaid
7486,Cindy Rios,joycegraham@example.com,(718)316-3858x3636,2024-04-30,Postpaid
7487,Troy Lane,patricia90@example.org,874.865.1405x7909,2023-10-30,Postpaid
7488,Scott Short,warecollin@example.net,589.385.3586,2024-08-24,Prepaid
7489,Erika Elliott,kenneth89@example.com,001-816-394-3604x8149,2024-01-08,Postpaid
7490,Jesse Camacho,shawnwilliamson@example.com,001-506-931-7192x05357,2024-10-31,Postpaid
7491,Deborah Perez,burtonsteven@example.com,609-351-3127,2023-07-20,Prepaid
7492,Matthew Hunter,wmccoy@example.net,+1-451-710-5693x2738,2025-02-20,Postpaid
7493,Melissa Hess,kathycooper@example.com,+1-522-812-4616x650,2023-12-10,Prepaid
7494,Allen Wagner,hulltodd@example.org,(558)399-4784x8050,2024-05-16,Postpaid
7495,Kevin Kim,qedwards@example.net,001-687-223-3444x7207,2025-04-30,Prepaid
7496,Ronald Guerrero,jessica79@example.org,+1-891-669-3757x62563,2023-05-01,Prepaid
7497,Teresa Fernandez,nicolehansen@example.com,334-810-2918,2023-06-20,Postpaid
7498,Danielle Scott,keith23@example.net,4789297192,2024-08-28,Prepaid
7499,Joseph Fisher,tonya37@example.org,+1-515-567-0544x33212,2024-07-23,Postpaid
7500,Alexis Stevens,jason29@example.com,+1-526-600-7909x7400,2024-11-06,Postpaid
7501,John Calhoun,james92@example.net,001-665-919-2591x497,2024-04-17,Postpaid
7502,Steven Mcgrath,griley@example.org,(363)243-5502,2024-05-13,Postpaid
7503,Anthony Gonzalez,brookegreene@example.com,(754)757-2988x476,2023-08-02,Prepaid
7504,Charles Gonzales,johnsonsharon@example.org,(907)527-0205x425,2024-10-11,Postpaid
7505,Jasmin Valdez,paulaboyd@example.org,+1-562-300-4645x770,2025-03-07,Postpaid
7506,Victoria Rodriguez,staffordmichelle@example.com,(709)935-7912,2023-12-08,Postpaid
7507,Julia Kelly,webersusan@example.com,001-504-449-4909x769,2024-07-12,Prepaid
7508,Wanda Russell,jennifergomez@example.net,8972693498,2025-02-27,Prepaid
7509,Lisa Brown,vargaskevin@example.net,582.569.8105,2024-09-05,Prepaid
7510,Mackenzie Smith,bmoses@example.net,309-629-4165,2023-12-09,Postpaid
7511,Christopher Newman,barkerbryan@example.org,001-624-272-5625x2838,2023-07-11,Prepaid
7512,Phillip Robinson,summersaustin@example.com,339.948.2896x7599,2025-02-02,Postpaid
7513,Juan Reed,eburns@example.net,(403)670-2243,2024-03-10,Prepaid
7514,Christopher Fields,ericmitchell@example.org,001-598-986-2645x4206,2023-12-25,Prepaid
7515,Kristen Bell,whunt@example.org,778.726.7491,2024-08-22,Prepaid
7516,Phillip Smith,brookewiley@example.com,549.685.8028,2023-12-01,Postpaid
7517,Christopher Stewart,sandra26@example.org,3252090830,2024-03-01,Postpaid
7518,Michael White,kathleenmcknight@example.net,6423756849,2024-07-03,Postpaid
7519,Mr. Bryan Contreras Jr.,rodgersangela@example.org,801-293-8127,2023-07-29,Prepaid
7520,Rachael Gonzalez,matthewmolina@example.com,765.721.0722,2025-02-12,Postpaid
7521,Tracie Floyd,triciawilliamson@example.com,480.732.5589,2025-03-05,Prepaid
7522,Rebecca Mckinney,hkidd@example.net,+1-224-976-7143x8773,2024-10-11,Postpaid
7523,Antonio Black,hcordova@example.org,880-695-9302x2820,2024-12-21,Postpaid
7524,Elizabeth Gibson,rodriguezmichael@example.com,+1-910-626-8596x0295,2024-02-18,Postpaid
7525,Robert Frye,reynoldsolivia@example.com,889-860-8024,2024-01-07,Prepaid
7526,Justin Griffith,reyesandrea@example.org,927.287.9948x250,2025-01-26,Prepaid
7527,Brent Santos,davisbridget@example.com,001-897-564-7395,2024-12-31,Prepaid
7528,Luis Simmons,brett77@example.net,521.785.6214x9222,2025-03-16,Postpaid
7529,Ashley Yang,singhricky@example.com,315.490.0995x876,2025-02-19,Prepaid
7530,Lisa Moore,williamstephens@example.org,404.558.9647,2023-08-26,Postpaid
7531,Erica Martinez,juannguyen@example.net,315-722-1463x246,2024-08-28,Postpaid
7532,Michael Hernandez,danielvance@example.net,(896)818-0683,2025-04-11,Postpaid
7533,Vanessa Johnson,thomas55@example.com,(344)784-9923,2023-11-25,Prepaid
7534,Fred Black,qhoward@example.org,602.575.8785x386,2024-08-22,Prepaid
7535,Luis Schwartz,danielwhitehead@example.net,+1-977-485-1979x2803,2024-01-22,Postpaid
7536,Gordon Ruiz,rking@example.com,+1-262-643-9502x4926,2024-06-17,Postpaid
7537,Taylor Wright,jacobmartinez@example.net,674-502-9292x1287,2023-08-14,Postpaid
7538,James Harris,hrhodes@example.net,8957445568,2025-02-05,Postpaid
7539,Erica Craig,emilyreynolds@example.com,9068088130,2023-10-28,Postpaid
7540,Dr. Jennifer Blackwell MD,jane86@example.net,3108356240,2024-08-07,Prepaid
7541,Elizabeth Alvarado,moyerjohn@example.net,742.743.8097x08436,2025-02-24,Postpaid
7542,Eric Martin,laurie38@example.com,+1-936-307-7816x042,2024-02-27,Postpaid
7543,Matthew Mcmillan,linjulie@example.net,9974858691,2024-07-06,Postpaid
7544,Lori Riley,carrieriley@example.com,+1-904-771-7130x4232,2023-05-22,Postpaid
7545,Gregory Sanders,ldeleon@example.net,001-388-526-5896x55936,2024-10-18,Postpaid
7546,Michele Rose,ashley13@example.com,6483460036,2024-12-21,Postpaid
7547,Ryan Jenkins,mark75@example.org,(577)364-2055,2023-07-29,Prepaid
7548,William Morales,contreraselizabeth@example.net,(281)629-8649x28123,2024-10-01,Prepaid
7549,Katie Clark,brandon77@example.org,5435152761,2024-12-25,Postpaid
7550,Julie Watkins,wchoi@example.net,+1-540-511-6717x637,2023-07-13,Prepaid
7551,Benjamin Smith,teresaowens@example.net,6448895966,2024-04-24,Postpaid
7552,Angela Garcia,albert24@example.com,001-254-299-3720x5297,2024-09-18,Postpaid
7553,Holly Rodriguez,kylefuller@example.org,001-591-571-5151x8471,2024-03-12,Postpaid
7554,Raymond Henry,megananderson@example.org,001-628-452-6742x77410,2024-12-05,Postpaid
7555,Timothy Holt,alex40@example.com,760-760-6164x202,2024-10-03,Prepaid
7556,Sue Patterson,spencerjohnson@example.com,573-350-1773x28117,2024-02-19,Prepaid
7557,Richard Kelly,adrianbradford@example.org,9187921592,2024-02-15,Prepaid
7558,Alyssa Roberts,russell62@example.org,542.252.1470,2025-03-28,Postpaid
7559,Kyle Dixon,sheryljohnston@example.org,454.788.7870x008,2025-01-09,Postpaid
7560,Andrew Mayo,fpotts@example.net,(505)808-7525,2024-03-08,Prepaid
7561,John Kelley,christian94@example.com,(450)453-4635x7739,2023-12-29,Prepaid
7562,Chad Fowler,pward@example.net,+1-936-733-0343x85368,2025-03-17,Postpaid
7563,Dana Dennis,ibuckley@example.org,+1-762-999-9528x979,2025-02-05,Prepaid
7564,Jessica West,daltondonald@example.com,637-587-0597x4935,2024-07-28,Prepaid
7565,Lori Mendez DDS,mrich@example.org,570.240.2553x69562,2023-08-12,Postpaid
7566,Troy Schultz,davidjenkins@example.net,+1-497-847-0774,2023-06-02,Postpaid
7567,Melissa Berg,barbara43@example.net,(357)636-4681x68200,2024-12-07,Postpaid
7568,Joy Owens,miguel46@example.org,+1-955-614-5570x746,2023-11-25,Postpaid
7569,Pamela Kim,cassidy74@example.org,(979)947-1463,2024-11-17,Prepaid
7570,Brad Carpenter,chelseataylor@example.org,(896)772-4416x27709,2025-03-18,Postpaid
7571,Heather Wilson MD,christophererickson@example.com,(448)916-4355x60854,2025-01-15,Postpaid
7572,Daniel Saunders,patricknewman@example.net,609.815.7056x112,2023-12-10,Prepaid
7573,Zachary Charles,bbradford@example.org,+1-737-355-5124x145,2024-06-24,Prepaid
7574,Blake Oliver,donnarogers@example.org,+1-327-869-1743x48498,2025-02-26,Prepaid
7575,Marcus Newton,thomasvictoria@example.com,+1-809-777-5751x14692,2024-06-21,Postpaid
7576,Timothy Baker,amyfoster@example.com,291.610.8860x394,2024-10-24,Prepaid
7577,Jose Rodriguez,michaelmartin@example.net,+1-860-920-4025x33492,2024-05-13,Postpaid
7578,Sean Lee,javier52@example.com,+1-883-624-9497x734,2023-05-24,Postpaid
7579,Kyle Byrd,kwilson@example.org,857.266.4002x8746,2023-12-08,Postpaid
7580,Kathleen Turner,jacquelinejohnson@example.com,227-306-7333,2024-03-26,Postpaid
7581,Lisa Nguyen,mbush@example.net,246.830.2321,2024-01-30,Postpaid
7582,Danielle Hunter,epope@example.net,+1-992-579-8603x741,2025-02-16,Prepaid
7583,Kathryn Hernandez,vhernandez@example.net,001-490-738-2732,2023-07-05,Postpaid
7584,Lisa Berry,kbutler@example.net,722.774.0503x60463,2024-01-20,Prepaid
7585,Lisa Hernandez,emoore@example.net,990.529.6192,2024-09-23,Postpaid
7586,Krystal Cohen,greenedavid@example.com,635-414-7601,2023-08-21,Prepaid
7587,Jeremy Fletcher,xbrown@example.com,+1-919-435-5120x6931,2024-05-14,Postpaid
7588,Alfred Proctor,joshua07@example.com,(459)658-7967x082,2024-05-31,Postpaid
7589,Jennifer Martin,csullivan@example.net,752-782-9328,2023-10-07,Prepaid
7590,Brandon Trujillo,gina11@example.com,7664592476,2024-05-08,Postpaid
7591,Allen Sanders,jaime96@example.com,(646)449-8693x5511,2023-09-22,Postpaid
7592,Kristin Salas,annanorton@example.com,001-610-212-4659x3465,2023-05-16,Prepaid
7593,Alexandra Henson,andrewjohnson@example.com,+1-318-656-9201x21074,2023-09-04,Postpaid
7594,Leonard Flynn,david55@example.net,215.907.7914,2024-05-20,Prepaid
7595,Dennis Chapman,alexanderelizabeth@example.com,001-521-349-9206x663,2023-10-24,Postpaid
7596,Jill Gonzalez,williamwilliamson@example.net,(590)438-7602x29143,2025-01-16,Postpaid
7597,Jason Smith,lauren41@example.com,577-386-6307x475,2024-02-29,Prepaid
7598,Kelly Norman,tiffany27@example.org,996.681.4308x816,2025-04-11,Prepaid
7599,Michael Watson,masseyterri@example.net,(826)220-7232,2023-07-27,Prepaid
7600,Jennifer Elliott,johnsonmarc@example.net,309.588.6744x141,2024-06-22,Postpaid
7601,Lisa Gibson,sanderskevin@example.com,001-550-714-4160x50068,2023-07-27,Prepaid
7602,Carol Lloyd,traci90@example.net,713-201-4527x56339,2023-08-13,Postpaid
7603,Matthew Thomas,diamondhall@example.org,392.885.7496x6245,2024-11-23,Postpaid
7604,Tiffany Hayes,wesley65@example.org,+1-383-959-1643x665,2025-04-11,Postpaid
7605,James Smith,jessica48@example.org,992.658.0316x4165,2023-06-29,Postpaid
7606,Susan Sutton,erickelly@example.com,5752822808,2023-06-07,Prepaid
7607,Susan Santana,ugreen@example.com,642.849.9690x60908,2024-08-19,Prepaid
7608,Jamie Crane,robinsonrodney@example.org,(532)913-7562x3415,2025-01-13,Postpaid
7609,Kathleen Miller,sandersmegan@example.com,2429481503,2023-08-27,Postpaid
7610,Fred Chandler,johnathanvalentine@example.org,+1-881-390-1857x3726,2023-07-08,Postpaid
7611,Sharon Nelson,richard53@example.org,306-712-8314,2024-06-19,Prepaid
7612,Jo Santos,ycruz@example.net,(309)880-4550x2503,2025-01-28,Prepaid
7613,Tyler Myers,angelachaney@example.org,+1-629-817-7721,2024-05-18,Postpaid
7614,Mr. James Johnson,vancewhitney@example.org,738.783.1178x1414,2023-08-07,Prepaid
7615,David Wilson,christinevance@example.org,775-276-0771x3175,2025-01-19,Prepaid
7616,Anne Powell,xbrown@example.net,854.369.1232x0385,2025-04-13,Prepaid
7617,Dr. Lisa Wu,treed@example.org,9213960077,2023-06-27,Prepaid
7618,Jessica Waters,serranosarah@example.com,001-859-347-0301x2654,2024-07-14,Postpaid
7619,Jose Johnson,ktran@example.net,409.736.8092x098,2024-09-26,Prepaid
7620,Tommy Jones,vsimmons@example.org,689.881.2634,2025-02-09,Postpaid
7621,Christopher Tyler,hamiltonholly@example.net,652-594-7589x473,2024-02-20,Prepaid
7622,Brianna Schwartz,jennifer01@example.org,495.726.5718,2023-09-30,Prepaid
7623,Maria Crane,jlynn@example.net,001-700-951-5266x2708,2023-12-26,Postpaid
7624,Andrew Smith,teresawatkins@example.com,574.638.4379x49596,2024-12-11,Prepaid
7625,Brian Benson,nathanielanderson@example.org,(757)845-5666,2024-01-21,Postpaid
7626,Mr. Mark Garcia,drew04@example.org,(287)286-9051x6980,2025-02-08,Prepaid
7627,Nathan Stone,armstrongtamara@example.org,427.699.2254,2024-08-14,Postpaid
7628,Jimmy Lyons,annathompson@example.com,+1-403-327-2898x53309,2024-01-18,Postpaid
7629,Andrea Griffith MD,chensharon@example.net,252-910-9373x686,2024-06-06,Postpaid
7630,Nicholas Long MD,tamara96@example.net,(479)783-9778x483,2024-06-08,Prepaid
7631,Dennis Molina,michael42@example.net,(984)592-0276x89699,2025-02-09,Postpaid
7632,Darryl Sullivan,danielle63@example.net,+1-575-218-9201x6994,2023-06-07,Postpaid
7633,Lisa Blackwell,rodgerstimothy@example.org,976-894-7645,2023-08-28,Prepaid
7634,Nicholas Potter,gabrielpotter@example.com,+1-342-333-7930x506,2025-01-20,Postpaid
7635,Kayla Medina,shirleymorales@example.org,001-700-707-7381x8300,2024-01-23,Postpaid
7636,Jamie Dunn,laura85@example.com,569-266-7080,2024-05-07,Postpaid
7637,Alison Long,davidramos@example.net,502.700.6972x87989,2024-05-02,Prepaid
7638,Caleb Lawson,christinaclark@example.com,590-250-1137,2024-05-22,Postpaid
7639,Amanda Morris,lawrence66@example.net,(392)627-0094,2024-05-14,Prepaid
7640,Anne Clark DDS,gomezzachary@example.org,+1-599-842-1771x631,2024-03-28,Postpaid
7641,Amy Johnson,glopez@example.org,466.668.5136x30514,2024-07-22,Prepaid
7642,Tonya Norris,johnruiz@example.org,855.603.4288,2024-02-22,Prepaid
7643,Patricia Chan,dianaharper@example.org,407.994.0002,2023-06-09,Postpaid
7644,Bruce Owen,courtneyweiss@example.org,546.996.2790x233,2024-11-20,Postpaid
7645,Michael Washington,joseph91@example.com,(781)544-5999,2023-05-31,Postpaid
7646,Parker Jackson,ssmith@example.com,986.891.2422,2025-04-15,Prepaid
7647,Jennifer Stevens,terri82@example.net,(950)973-9525x149,2023-12-22,Prepaid
7648,Bonnie Colon,qcrosby@example.org,3806061560,2025-01-15,Postpaid
7649,Tiffany Lopez,tony14@example.net,305-890-8699x22880,2024-03-21,Postpaid
7650,Rebecca Williams,qfields@example.net,(965)386-5641x67310,2024-07-31,Prepaid
7651,John Griffin,thomasherring@example.com,575.550.4199x5224,2023-09-19,Prepaid
7652,Brad Sexton,andregriffin@example.com,+1-641-893-8114x45307,2023-08-28,Postpaid
7653,Stacie Williams,arroyowhitney@example.net,001-867-405-6509x4059,2024-07-02,Postpaid
7654,Amy Turner,tammy27@example.org,8745693526,2025-04-22,Postpaid
7655,Cameron Chavez,maxwellkimberly@example.com,(210)209-3872,2024-10-15,Prepaid
7656,Karen Ramos,mbutler@example.net,001-516-367-5657x57199,2023-09-02,Postpaid
7657,Amanda Avila,thomasdavid@example.net,446.942.8744x991,2023-12-10,Prepaid
7658,Alisha Mccoy,rebecca06@example.com,001-639-389-1609,2023-06-04,Postpaid
7659,Stacey Moody,hfreeman@example.com,705.580.1011,2024-04-05,Postpaid
7660,Richard Spencer,tayloramanda@example.org,2774615205,2025-02-20,Prepaid
7661,Marissa Lawson,griffinlinda@example.org,001-498-252-5363x524,2023-12-11,Postpaid
7662,Natasha Proctor,brittneybrock@example.com,733.230.5930x671,2023-08-08,Postpaid
7663,Daniel Owen,wmiller@example.org,+1-506-997-4471,2024-05-20,Prepaid
7664,Jennifer Lutz,rodriguezmichael@example.com,001-587-545-1377x4694,2025-03-19,Prepaid
7665,Amy Martin,nrichardson@example.com,001-889-674-5142,2023-12-01,Postpaid
7666,Denise Hutchinson,michael19@example.org,(531)938-1070x875,2023-07-17,Prepaid
7667,Melissa Simpson,kbutler@example.net,(938)204-0957x776,2023-06-11,Postpaid
7668,Richard Hernandez,tammy85@example.com,(660)202-4365x248,2024-08-05,Postpaid
7669,Dr. Michael Santiago,harrisonjeffery@example.org,7999082413,2023-09-21,Prepaid
7670,Ashley Byrd,dawn03@example.org,381-641-0830x6657,2024-10-24,Postpaid
7671,Leslie Lee,foleyerik@example.net,+1-348-879-3420x36250,2024-05-28,Postpaid
7672,Briana Singh,fmeyers@example.com,862.309.0093x8074,2024-09-15,Postpaid
7673,Tracy Sampson,ppineda@example.net,001-396-200-1594,2024-02-08,Postpaid
7674,Sandra Bruce,thomaswong@example.org,200.697.5466x756,2025-04-09,Prepaid
7675,Lucas Booth,nwilliams@example.net,486-825-2186,2024-04-29,Postpaid
7676,Mrs. Samantha Garcia,bradyjennifer@example.net,(242)781-3598x58334,2024-07-11,Postpaid
7677,Jean Dunlap,vpadilla@example.com,260-924-3009x0368,2025-01-08,Prepaid
7678,Stephanie Cortez DVM,allenarthur@example.org,001-501-431-2643x1834,2024-04-19,Postpaid
7679,Melanie Hopkins,andrew05@example.net,708-343-8054x27238,2024-02-08,Prepaid
7680,Alyssa Smith,wleach@example.org,001-471-538-0389x6197,2023-09-24,Postpaid
7681,Karen Brown,ywhite@example.com,2739062250,2024-02-23,Prepaid
7682,Roger Brown,stevenjones@example.com,339.937.4566x684,2023-12-28,Postpaid
7683,Willie Edwards,bdouglas@example.org,3933346974,2024-06-03,Prepaid
7684,Claudia Berg,munozmaurice@example.net,627.898.1005x285,2025-02-24,Postpaid
7685,Richard Mason,kaitlyn13@example.net,(885)761-2171x922,2024-04-25,Prepaid
7686,Jack Stewart,ymartinez@example.org,780.321.9372x51813,2024-01-29,Prepaid
7687,Timothy Barnes,cboyd@example.com,631-583-1647x4289,2025-02-19,Postpaid
7688,Jesse Hall,jeffery37@example.org,001-826-992-1375x835,2024-07-06,Prepaid
7689,Angela Barnes,reesematthew@example.net,941-348-5158x0484,2024-04-04,Postpaid
7690,Chloe Simmons,johnsonnicholas@example.org,+1-413-665-7317,2024-05-19,Postpaid
7691,Megan Holmes,david08@example.com,306-664-8312x5166,2024-01-16,Prepaid
7692,Amy Mercado,marshallrussell@example.org,(613)214-4746x864,2024-06-07,Postpaid
7693,Matthew Brown,sabrinapayne@example.net,+1-708-310-7242x057,2025-02-07,Prepaid
7694,Jessica Glover,nicholasortega@example.org,(689)227-0594,2023-08-26,Prepaid
7695,Nathan Johnson,wongtraci@example.net,424.256.8649x2408,2024-05-27,Prepaid
7696,Melissa Park,njohnson@example.com,510.838.3099,2024-06-09,Prepaid
7697,Derek Hughes,castroamanda@example.com,5458059612,2023-12-27,Postpaid
7698,Amy Turner,youngtonya@example.org,001-986-569-3989,2024-08-13,Prepaid
7699,Brandy Whitney,amber18@example.com,737.739.5320x3690,2025-01-15,Prepaid
7700,Latoya Glover,ppadilla@example.org,606.425.8284x32072,2025-02-02,Prepaid
7701,Andrew Johnson,deniseschwartz@example.org,001-767-752-5888x9533,2025-03-10,Prepaid
7702,Brandi Novak,thall@example.net,+1-797-208-1238x395,2023-12-14,Postpaid
7703,Steven Keller,gloriaheath@example.org,537-310-9795,2023-08-02,Prepaid
7704,Jeffrey Larson,dhammond@example.com,001-345-816-7964x3088,2023-07-23,Postpaid
7705,Martha Ruiz,zlee@example.com,(591)409-1191,2025-03-14,Prepaid
7706,Richard Carroll,huntfernando@example.net,(654)633-1365x9072,2024-03-12,Prepaid
7707,Melissa Hunter,dreed@example.net,390.782.7570,2025-04-26,Postpaid
7708,Matthew Garza,kristimorris@example.com,848.244.1070,2024-06-11,Postpaid
7709,Michael Dickson,jtrujillo@example.com,355.229.0872x0153,2024-11-25,Prepaid
7710,William Smith,gbutler@example.com,001-793-782-3584x97318,2023-10-17,Prepaid
7711,William Wilson,alexisadams@example.org,(415)432-4126x836,2024-02-16,Postpaid
7712,William Welch,obass@example.org,526-987-5636,2024-04-17,Postpaid
7713,Gabriela Gray,shelley29@example.net,+1-373-754-7256,2023-09-20,Prepaid
7714,Gerald Morgan,jenniferschwartz@example.net,001-585-451-2974x47341,2024-04-07,Prepaid
7715,Melissa Bender,hansonaaron@example.org,2868454929,2023-12-04,Postpaid
7716,Marissa Salas,stokesjohn@example.com,387.907.9532,2023-10-12,Postpaid
7717,Michelle Carrillo,allisonhorne@example.net,738.362.1402x4285,2024-05-17,Postpaid
7718,Rose Smith,espinozajerry@example.net,001-869-203-7145x7782,2024-03-25,Prepaid
7719,Jeffrey King,veronicaproctor@example.org,934.603.8293x512,2025-01-17,Postpaid
7720,Jenny Miller,tthomas@example.com,(883)886-2480x0524,2023-06-12,Prepaid
7721,Luis Phelps,josephortiz@example.com,382-888-3922,2024-05-26,Postpaid
7722,Jordan Gonzalez,georgehardin@example.com,5719102621,2023-10-30,Postpaid
7723,Amanda Gonzales,raymelissa@example.org,840.432.4144x9655,2025-02-22,Prepaid
7724,Daniel Huerta,werickson@example.org,+1-328-698-5391x33696,2024-02-05,Prepaid
7725,Shawn Flores,zmartin@example.com,878.764.0892x95118,2024-05-21,Prepaid
7726,Terri Goodwin,valerievillegas@example.org,001-711-470-0768,2024-10-11,Postpaid
7727,Holly Mayer,bruce19@example.com,7354070121,2023-07-18,Postpaid
7728,Seth Ramos,brandonhiggins@example.com,4387998775,2023-12-09,Postpaid
7729,Steven Fry,ochoacrystal@example.com,(473)666-0225,2023-06-11,Postpaid
7730,Kelly Moss,leachsandra@example.com,800-514-2770,2023-05-27,Postpaid
7731,Cynthia Harris,caldwellangela@example.net,(757)540-1826,2025-02-02,Prepaid
7732,Joshua Gonzalez,sthomas@example.net,977-768-6415,2025-01-20,Postpaid
7733,Veronica Larson,glogan@example.com,(933)651-9320,2023-05-17,Prepaid
7734,Curtis Sims,samanthasmith@example.org,+1-402-724-1776x16117,2024-07-28,Postpaid
7735,Kelly Clark,kempnicholas@example.com,7783244377,2025-04-23,Prepaid
7736,Francisco Brown,whoward@example.com,001-815-534-6520x527,2024-03-13,Prepaid
7737,William Reynolds,zgray@example.net,907-543-4260,2023-05-03,Prepaid
7738,Samantha Miles,carl98@example.org,001-959-434-8542x83737,2025-01-03,Prepaid
7739,Ashley Murphy,shart@example.net,001-350-783-0784x01408,2024-01-08,Postpaid
7740,Melissa Ramirez,zgraham@example.org,(854)970-0858x3641,2023-09-21,Postpaid
7741,Jeffrey Smith,thompsonmary@example.com,308.533.7641x187,2024-07-09,Postpaid
7742,Craig Simpson,houstonphilip@example.net,8785392423,2024-06-22,Postpaid
7743,Ashley Frey,adamskimberly@example.net,302-652-4911,2023-05-01,Prepaid
7744,Kim Rodriguez,andrewyork@example.net,790.256.0273x378,2024-12-15,Postpaid
7745,Michael Wright,ledarlene@example.net,518-621-8571x52769,2023-12-24,Postpaid
7746,Vincent Moran,davidtorres@example.org,(778)726-7776,2023-11-20,Postpaid
7747,Ashley Chavez,gary84@example.org,(967)782-3004x453,2024-06-17,Postpaid
7748,Christopher Curtis,sarahthompson@example.com,001-844-979-6360x1014,2024-10-06,Postpaid
7749,Ryan Copeland,elizabeth11@example.com,+1-761-236-1547x58641,2024-01-11,Postpaid
7750,Gene Jenkins,kramerkenneth@example.com,788-918-8321,2024-06-17,Postpaid
7751,Christopher Strickland,qmcintyre@example.org,995-340-6887,2023-09-27,Prepaid
7752,Danielle Bowers,twagner@example.com,(725)368-5573,2024-11-07,Postpaid
7753,Austin Hayes MD,umartin@example.net,543.730.4735x75245,2024-03-25,Prepaid
7754,Lisa Phillips,mgomez@example.com,727-462-0757x4090,2023-05-28,Prepaid
7755,Brian Green,swansonnoah@example.org,+1-747-319-9122x4942,2024-12-01,Prepaid
7756,Jordan Wyatt DDS,hernandezbill@example.com,475-860-6716x945,2023-06-18,Postpaid
7757,Haley Walters,barryescobar@example.net,(205)246-8632,2023-12-03,Prepaid
7758,Mark Sanders,powerstiffany@example.com,+1-221-889-9290x8304,2023-06-23,Prepaid
7759,Wendy Lee,perezgregory@example.org,(931)519-1212,2024-01-13,Prepaid
7760,Christopher Matthews,ljones@example.org,(829)263-9615x9955,2024-12-27,Prepaid
7761,Brad Williams,thorntoncarlos@example.net,(742)529-5519x10355,2024-10-05,Postpaid
7762,Ann Hernandez,andrea57@example.com,315.998.6950,2024-04-09,Prepaid
7763,Tony Suarez,andrew91@example.com,001-752-442-8887,2023-09-17,Postpaid
7764,Sonya Jones,michelle73@example.net,(347)757-9596x4619,2025-03-04,Prepaid
7765,Jennifer Alexander,lmatthews@example.org,947.542.1758x44836,2025-02-21,Prepaid
7766,Jacob Miller,brewertrevor@example.net,(473)780-5375x30976,2024-07-07,Prepaid
7767,Jessica Adkins,amberarnold@example.org,+1-324-971-5526,2024-04-22,Prepaid
7768,Sandra Jackson,mary45@example.org,(438)449-7363x2793,2024-06-22,Postpaid
7769,Diane Stewart,stephenhansen@example.org,5762901438,2024-04-17,Prepaid
7770,Julie Norman,awallace@example.net,565-857-3421x47375,2024-03-09,Postpaid
7771,Jennifer Harmon,rebecca98@example.org,506-377-8351,2024-02-26,Prepaid
7772,Dr. Vicki Mckinney,rwinters@example.com,4093939708,2025-04-07,Prepaid
7773,Courtney Harrison,ortizdaniel@example.net,298-706-7713,2024-10-17,Postpaid
7774,Richard Petersen,jill44@example.net,(305)785-0912x033,2025-04-20,Postpaid
7775,Donna Christian,rodriguezsamuel@example.net,+1-677-460-5321x8155,2023-11-27,Postpaid
7776,Rhonda Burnett,joshuavargas@example.net,6568897620,2023-06-16,Postpaid
7777,Adrian Perez,sarmstrong@example.net,888-507-9972x2721,2023-08-24,Prepaid
7778,Rick Nelson,elizabethjacobs@example.net,2049024080,2024-10-25,Prepaid
7779,April Herman,christopherjohnson@example.net,001-706-982-5585x0119,2023-07-04,Prepaid
7780,William Davis,martinezvalerie@example.net,+1-888-996-0917,2025-02-15,Prepaid
7781,Kelly Love,mobrien@example.com,(567)526-5234,2024-07-18,Prepaid
7782,Peter Lyons,jamespierce@example.com,696.421.9400,2024-07-21,Postpaid
7783,Kimberly Taylor,ucarter@example.org,(978)462-8516,2024-09-27,Postpaid
7784,Jason Reed,smithhelen@example.com,(326)395-4493x8266,2024-11-11,Prepaid
7785,Paul Park,dbaker@example.org,001-575-595-3637,2025-02-13,Postpaid
7786,Brittany Alvarez,obrady@example.net,(642)359-9492,2024-10-29,Prepaid
7787,Scott Garcia,mia53@example.org,525.295.1605x2110,2024-11-13,Postpaid
7788,Miranda Pruitt,monica73@example.org,(612)801-4361x930,2024-05-14,Postpaid
7789,Valerie White,jackson14@example.org,2204110004,2024-04-26,Prepaid
7790,Gregory Herrera,avalencia@example.com,001-797-337-3795x9292,2025-02-14,Postpaid
7791,Brandon Bates,bmartin@example.org,861-225-3970x9061,2023-09-04,Postpaid
7792,Garrett Lee,hoganryan@example.org,747-962-6039,2024-05-06,Postpaid
7793,Jordan Butler,rfisher@example.org,+1-876-886-8598,2024-06-17,Prepaid
7794,David Oconnor,lbrooks@example.com,603-577-1325,2023-10-29,Postpaid
7795,Patricia Hill,campbellbrenda@example.net,913-249-4802,2025-01-29,Postpaid
7796,Cindy Blackwell,kristen07@example.net,001-232-408-8472,2023-07-24,Prepaid
7797,Francisco Coffey,vgarcia@example.com,618.400.6422x28445,2024-08-14,Prepaid
7798,Helen Cardenas,jenniferjacobs@example.net,816.942.6727x96453,2025-01-25,Prepaid
7799,Troy Greene,roygreen@example.net,4492663464,2025-03-24,Prepaid
7800,Nicole Nash,xwood@example.org,001-437-882-4555x60611,2024-04-20,Postpaid
7801,Megan White,davidmyers@example.org,777.561.0024x562,2023-09-01,Prepaid
7802,Craig Martinez,debraberg@example.com,833-241-2057x956,2024-08-10,Postpaid
7803,Maria Prince,wilsonjames@example.net,523-529-0914x557,2025-03-03,Prepaid
7804,Shannon Ramos,katherine33@example.net,2027792390,2024-05-21,Postpaid
7805,Julia Moss,ashley54@example.net,396-428-7225,2024-04-06,Postpaid
7806,Robert Gibson,parkswilliam@example.com,+1-926-685-7573,2024-11-14,Postpaid
7807,Stacy Montgomery,johnnguyen@example.org,+1-466-305-4009x284,2025-04-12,Prepaid
7808,Matthew Christensen,chadlee@example.org,(940)981-9858,2023-11-23,Postpaid
7809,Courtney Osborne,victoriahill@example.org,(644)894-9931,2023-09-20,Prepaid
7810,Jonathan Lin,fbaker@example.net,572.689.8957x3594,2025-03-12,Postpaid
7811,William Flores,lauren11@example.org,(443)273-5788,2025-04-25,Prepaid
7812,Michael Moran,johnsondeborah@example.net,932-646-6484,2024-09-04,Prepaid
7813,Danielle Brown,wlopez@example.org,784-670-2217,2024-12-02,Postpaid
7814,Austin Hobbs,roger32@example.com,001-232-209-8959x148,2024-03-17,Postpaid
7815,Kimberly Ryan,brooke14@example.com,001-572-494-1163x32153,2024-07-18,Postpaid
7816,Michele Sullivan,carla67@example.com,4745094329,2024-03-24,Prepaid
7817,Charles Buchanan,jennamendez@example.net,(397)288-7010x29647,2024-01-04,Prepaid
7818,Erica Hernandez,perkinssamantha@example.com,001-537-894-2249x154,2025-01-25,Prepaid
7819,Rachael Wheeler,shawntaylor@example.org,892-484-2515,2024-08-11,Prepaid
7820,David Lopez,jennifer79@example.net,504.563.8531,2024-11-15,Postpaid
7821,Ashley Buchanan,bethanykeith@example.net,001-968-226-0067,2024-07-30,Prepaid
7822,Jamie Garza,theresajohnson@example.org,367-685-9288x12628,2024-10-30,Prepaid
7823,Joshua Reyes,walllaura@example.org,(780)474-0416,2023-09-24,Prepaid
7824,Katrina Sullivan,terri38@example.com,001-531-813-4044,2024-02-28,Postpaid
7825,Eric Mitchell,karen42@example.org,921-654-0835,2024-02-07,Prepaid
7826,Elijah Mckinney,hensonmartha@example.com,620-308-3666,2024-05-19,Prepaid
7827,Lisa Stewart,stevenpayne@example.net,+1-250-966-8762x354,2025-02-26,Postpaid
7828,Kevin Romero,smallbrittney@example.com,+1-564-859-3715x40513,2024-01-29,Prepaid
7829,Lisa Mitchell,savannahwilson@example.net,(510)890-2286,2024-06-10,Postpaid
7830,Sarah Cameron,rivaslindsey@example.net,425-691-9600,2024-09-23,Prepaid
7831,Derek Sharp,patrick44@example.com,+1-634-617-6095x7487,2023-12-26,Prepaid
7832,Larry Smith,icarpenter@example.net,+1-764-739-9591x7325,2024-08-04,Postpaid
7833,Amy Perez,leslie71@example.com,2997861184,2025-01-21,Prepaid
7834,Angela Gonzalez,adrienne95@example.org,+1-859-843-2949,2024-07-19,Prepaid
7835,Helen Scott,megan69@example.net,668.610.7681,2024-08-15,Prepaid
7836,Steven Murphy,dennis17@example.org,(293)584-1871x34911,2024-09-09,Prepaid
7837,Michelle Freeman,phillipsjason@example.org,3653888239,2024-08-31,Postpaid
7838,Francis Lewis,ashleyschneider@example.com,373.769.6882,2023-06-25,Postpaid
7839,Ronald Hall,alison85@example.net,001-704-568-1724x4972,2023-10-01,Prepaid
7840,Bridget Morgan,kaylabaker@example.org,(660)346-1602x58616,2023-05-21,Postpaid
7841,Miss Christine Anderson,keithrodriguez@example.com,001-253-905-6657,2023-10-31,Postpaid
7842,Vickie Curtis,matthewwalker@example.org,(500)232-7972,2025-02-17,Postpaid
7843,Cassie Newman,usnyder@example.com,+1-678-647-3166x2932,2024-12-20,Postpaid
7844,Sarah Dixon,frostkevin@example.net,(966)794-2447x93965,2024-11-26,Prepaid
7845,Robert Rosario,juan20@example.net,(329)762-2835x56320,2024-03-11,Prepaid
7846,Terri Thomas,harrellmalik@example.com,476-715-5866,2024-11-16,Prepaid
7847,Tony Roberts,melissa01@example.com,001-818-647-9677,2025-04-15,Prepaid
7848,Benjamin Henry,pottsronald@example.net,731-777-5216x660,2023-08-04,Prepaid
7849,Scott Garcia,emily30@example.net,876-297-1968,2024-07-17,Postpaid
7850,Jonathan Mcintyre,ugomez@example.org,374.908.5281x3457,2023-05-21,Postpaid
7851,Jackson Jenkins,bwells@example.org,(429)874-6577,2023-06-13,Postpaid
7852,Sandra Davis,lanematthew@example.net,518-769-7486,2023-06-03,Prepaid
7853,Jade Campbell,laguilar@example.net,+1-698-368-1934,2025-02-14,Postpaid
7854,Barbara Hernandez,robertsampson@example.net,621.511.6929,2024-10-23,Prepaid
7855,Jacqueline Simon,susan75@example.com,446.368.3064,2025-04-28,Prepaid
7856,Sonia Frost,brandon05@example.org,923.477.6981x7700,2025-03-31,Postpaid
7857,Louis Martin,kristinehull@example.org,001-935-822-8493x39907,2025-03-09,Postpaid
7858,Lisa Olson,patrickstewart@example.org,+1-991-745-2592,2025-01-24,Prepaid
7859,Benjamin Campos,samantha08@example.org,+1-737-416-0208x5100,2024-05-05,Postpaid
7860,Melanie Riley,susanelliott@example.net,473-931-5093,2024-02-04,Postpaid
7861,Ryan Bryan,martindalton@example.com,001-232-962-0243x59476,2024-08-14,Prepaid
7862,Ivan Brooks,cbowers@example.com,791-959-5858x214,2024-07-06,Postpaid
7863,Christopher Williams,cheryl45@example.net,587.738.3268x031,2023-11-25,Postpaid
7864,Mark Lopez,cindyrush@example.net,2875023519,2024-05-27,Postpaid
7865,Joel Figueroa Jr.,kathryn92@example.com,(952)503-3007x7009,2024-10-11,Postpaid
7866,Patrick Jones,pamelapitts@example.com,001-653-736-3548,2023-06-01,Prepaid
7867,Pamela Brewer,kimberlykim@example.org,001-792-901-4123x448,2024-11-14,Prepaid
7868,Tommy Taylor,amycarpenter@example.com,673.866.8450x47979,2024-02-17,Postpaid
7869,Timothy Hall MD,brockjennifer@example.com,001-726-381-2402x1596,2024-08-06,Prepaid
7870,Mr. Michael Fisher,chad27@example.org,001-672-791-1632x930,2025-03-07,Prepaid
7871,Catherine Lawson,boltonkyle@example.com,438-340-5765x1645,2023-05-18,Postpaid
7872,Melissa Hayden,gambleelizabeth@example.net,494.694.5080,2024-06-08,Postpaid
7873,Mr. James Perez DDS,toddjason@example.com,(797)887-1285x02702,2025-01-12,Prepaid
7874,Alexander Woods,scott15@example.org,(833)367-4299x9805,2025-03-16,Prepaid
7875,Christine Greer,davenportcindy@example.com,001-932-756-8624x88576,2024-10-29,Postpaid
7876,Denise Dean,rollinskatie@example.com,(401)204-0761x17552,2024-08-29,Postpaid
7877,Alicia Hernandez,shortblake@example.com,5197845349,2024-12-03,Postpaid
7878,Christopher Hanson,dmolina@example.com,001-938-372-9958x62464,2024-09-20,Postpaid
7879,Krista Booth,ydalton@example.net,799.460.7925x288,2025-04-19,Prepaid
7880,Carlos Cook,hprince@example.org,001-528-505-2836x2702,2023-06-27,Prepaid
7881,Jay Vega,ericaevans@example.org,968.518.4889,2025-04-21,Postpaid
7882,Patricia Pittman,anthonyjohnson@example.org,(771)988-0957x74675,2024-01-30,Prepaid
7883,Marissa Baker,perezaaron@example.net,496.364.2552,2023-12-17,Prepaid
7884,Joseph Elliott,heather39@example.com,001-318-430-8191x713,2024-02-11,Prepaid
7885,Roy French,reyestheresa@example.org,001-560-381-9708,2024-10-28,Postpaid
7886,Jennifer Bridges,lauren06@example.net,785-655-1843,2025-01-15,Prepaid
7887,Tina Kennedy,morgan11@example.net,+1-927-514-8144x49197,2024-09-09,Postpaid
7888,Lisa Hansen,tlee@example.org,7678407425,2024-11-06,Prepaid
7889,Dana Robertson,lauriepennington@example.org,001-977-743-2608x70665,2024-12-25,Prepaid
7890,Amanda Keller,tracybrown@example.net,(764)593-3997x282,2023-08-20,Prepaid
7891,Phillip Johnson,johnjohnson@example.org,949-614-7713,2024-03-05,Prepaid
7892,Jennifer Stevens,walshmichael@example.com,(943)534-8152x5501,2024-02-22,Postpaid
7893,John Watson MD,caseluis@example.net,338.558.1640x85331,2024-05-07,Postpaid
7894,Matthew Andrews,alexisgonzalez@example.com,8373490259,2024-07-24,Prepaid
7895,Kelly Hoover,troberts@example.com,+1-827-849-5004x807,2023-12-03,Postpaid
7896,Tonya Taylor,normankenneth@example.net,5179690754,2025-01-29,Postpaid
7897,Brandy Miller,zrogers@example.org,519.481.8597x6046,2023-10-13,Postpaid
7898,Kathryn Smith,glloyd@example.net,5559676233,2024-10-26,Postpaid
7899,Morgan Cohen,pennytaylor@example.net,+1-546-419-7358x6658,2024-09-10,Postpaid
7900,Hector Griffin,zwebb@example.org,5305764368,2024-03-12,Postpaid
7901,Caitlin Williams,angelabrown@example.com,8773175443,2023-12-29,Prepaid
7902,Justin Warren,annemcgee@example.net,001-320-369-8159,2024-08-05,Postpaid
7903,Lori Rhodes,cgates@example.org,001-627-709-6671x1022,2024-09-01,Prepaid
7904,Bruce Aguilar,robinsonkathryn@example.net,638-262-2418x00326,2024-04-19,Postpaid
7905,Amy Chase,brittanydillon@example.org,001-235-730-1004x88276,2025-01-20,Postpaid
7906,Cynthia Allen,smitherik@example.org,5334119150,2025-01-10,Postpaid
7907,Ashley Ellis,blackbrittany@example.com,+1-847-514-4587x421,2024-04-14,Postpaid
7908,Nichole Williams,efernandez@example.com,301.437.9195,2023-06-14,Prepaid
7909,Sarah Nguyen,brettharrington@example.org,(913)273-0448x38424,2024-03-08,Postpaid
7910,Elizabeth Dixon,colin58@example.net,294.654.9851x95377,2023-05-06,Postpaid
7911,Paula Melton,george11@example.com,(639)358-4534,2024-06-07,Prepaid
7912,Adam Campbell,johnmartin@example.org,555-461-8703x999,2024-07-12,Prepaid
7913,Matthew Rodriguez,wwilliams@example.org,+1-373-402-3739x6740,2025-02-17,Prepaid
7914,Antonio Anderson,nbradford@example.net,(948)365-7325,2023-10-16,Postpaid
7915,Jonathan Vargas,andrew32@example.com,319.331.7830,2024-07-28,Prepaid
7916,Deborah Lawrence,njohnson@example.org,001-690-823-1701x23572,2023-06-03,Prepaid
7917,Eric Schmidt,westmatthew@example.net,793.812.7408,2024-06-17,Prepaid
7918,Jeremy Johnson,pottsjoseph@example.net,938.640.3767x8016,2024-04-12,Postpaid
7919,Angel Brown,sierra88@example.com,485.528.9111x329,2024-01-07,Postpaid
7920,Sarah Ellis,taylor14@example.com,435-627-0822x1759,2023-12-17,Postpaid
7921,Misty Montgomery,wallacejoseph@example.com,+1-442-859-7100x00083,2023-07-28,Postpaid
7922,Danielle Williams,stephen63@example.net,(323)947-9785,2023-07-29,Postpaid
7923,Melissa Harrison,garzamary@example.com,274.649.5671x03205,2024-03-26,Prepaid
7924,Michael Olsen,kara78@example.net,482.844.1794x46024,2024-03-31,Postpaid
7925,Daniel Quinn,cynthiaowens@example.org,+1-924-736-0863,2024-12-27,Postpaid
7926,John Thomas,popeariel@example.org,411.840.0626,2024-08-07,Prepaid
7927,Andrew Wells,anthony96@example.org,001-968-603-6913x16000,2024-11-30,Postpaid
7928,Robert Johnson,pschroeder@example.org,+1-904-308-5807x715,2023-10-04,Postpaid
7929,Jessica Smith,lfranklin@example.org,001-382-379-6044x46379,2025-02-09,Prepaid
7930,Christopher Mann,gdonovan@example.net,(694)833-2857,2024-02-21,Postpaid
7931,Michael Freeman,navarrosarah@example.net,245.549.4830,2024-03-19,Postpaid
7932,Angela Watson,scottsparks@example.net,638.840.0216,2024-10-15,Prepaid
7933,Dennis Taylor,martinscott@example.com,907.799.1457x209,2024-03-23,Prepaid
7934,Gary Krueger,jeremy95@example.org,722.236.3376,2024-01-20,Prepaid
7935,Paul Davis,mitchellariel@example.net,(824)547-3191,2024-02-21,Prepaid
7936,Barbara Scott,pleonard@example.org,+1-324-921-0234,2024-04-26,Postpaid
7937,Brian Fisher,colecurtis@example.com,(744)284-6155,2024-02-10,Prepaid
7938,George Coleman,ppeterson@example.org,001-420-964-7707x18326,2024-01-17,Prepaid
7939,Christina Brown,jason60@example.com,001-363-350-6455,2024-09-22,Prepaid
7940,Jason Case,meganjones@example.net,001-385-225-5060x9300,2023-12-18,Prepaid
7941,Kimberly Schmidt,xfloyd@example.net,447-742-1340,2024-03-11,Postpaid
7942,Christopher Flores,warrenashley@example.com,001-264-459-7967x78172,2025-02-11,Postpaid
7943,Rebecca Simpson,adamslisa@example.net,778.838.0439,2023-07-10,Postpaid
7944,Steven Holmes,ericareyes@example.org,001-578-830-1947x9616,2023-09-02,Postpaid
7945,Connie Jones,erinchen@example.org,+1-518-292-5978x33163,2024-09-23,Postpaid
7946,Jay Thomas,pfowler@example.com,569.840.4060x783,2024-05-16,Postpaid
7947,Diana Bailey,pamelareynolds@example.net,001-966-610-6173,2023-06-20,Prepaid
7948,Amanda Sanchez,carmen74@example.com,7632853722,2025-04-10,Postpaid
7949,Shannon Gallegos,hedwards@example.org,373-941-8404,2023-09-30,Postpaid
7950,Jennifer Parker,destiny44@example.org,848.263.7843x43866,2023-12-27,Prepaid
7951,Amanda Washington,juanmclaughlin@example.org,955-842-2327,2023-08-06,Postpaid
7952,Jesse Jennings,ryan79@example.org,622-804-9159x2830,2024-01-01,Postpaid
7953,Jonathan Blake,bmorris@example.org,427.208.2519,2024-01-04,Postpaid
7954,Jaime Wood,james45@example.org,+1-561-726-3244x120,2023-10-10,Prepaid
7955,Michele Scott,patriciacox@example.org,001-845-536-8201,2023-06-17,Prepaid
7956,Justin Sanchez,lsimmons@example.com,001-282-387-9082,2023-11-18,Postpaid
7957,Maria Bennett,victorsullivan@example.net,792.680.9347,2024-03-28,Prepaid
7958,Susan Vasquez,morgan77@example.net,+1-684-631-2369x27816,2023-06-07,Prepaid
7959,Susan Johnson,linda44@example.org,429-604-7053x588,2024-06-26,Prepaid
7960,Danielle Jimenez,colepatrick@example.net,988.878.0087x0038,2023-05-30,Postpaid
7961,James Neal,ramirezstanley@example.com,(316)911-7263x7302,2024-04-11,Prepaid
7962,Brian Murphy,lduffy@example.net,215-402-3575,2024-08-20,Prepaid
7963,Sean Smith,kimberlygrant@example.net,395.686.9630,2024-04-30,Postpaid
7964,Shelly Perkins,nmiller@example.net,+1-606-357-3992,2024-12-30,Prepaid
7965,Amy Brown,stephenstout@example.net,(873)217-0966,2023-12-28,Postpaid
7966,Rita Haley,galvanallen@example.net,859-627-7421,2024-09-11,Prepaid
7967,Mark Calhoun,frank51@example.org,001-487-275-2053x4474,2023-07-08,Postpaid
7968,Robert Fernandez,fbarber@example.net,+1-701-936-6163x7425,2025-02-20,Postpaid
7969,Gabriel Camacho,johnsonheather@example.net,(371)962-4927,2023-08-15,Prepaid
7970,Timothy Jackson,andrewjohnston@example.org,001-794-644-8124,2023-07-21,Postpaid
7971,Benjamin Harrington,nancymiller@example.com,001-293-301-9619x78252,2024-12-31,Postpaid
7972,William Whitehead,gilesrobert@example.com,001-404-788-1310x6014,2023-12-20,Prepaid
7973,Harold Taylor,ypierce@example.com,(634)621-6777,2024-04-27,Postpaid
7974,Robert Irwin,john64@example.com,203-966-7928x88415,2024-01-02,Postpaid
7975,Michael Rodriguez,vharvey@example.org,570-871-0259,2023-05-13,Prepaid
7976,John Lewis,michaelwalter@example.com,(762)247-6155x88959,2025-04-14,Prepaid
7977,Christina Brown,bjones@example.org,(528)710-8797,2023-06-08,Prepaid
7978,Evan Bailey,daniellecombs@example.org,+1-889-393-7472x132,2025-04-03,Postpaid
7979,Larry Castro,crystal04@example.org,607.570.8131x6152,2025-03-09,Postpaid
7980,Alexander Solomon,joshua65@example.org,448.943.4592,2023-11-09,Postpaid
7981,Denise Chambers,dwallace@example.com,649.402.5809,2023-09-20,Prepaid
7982,Thomas Williams,gabrielgibson@example.org,+1-707-817-1999,2024-02-05,Postpaid
7983,Brooke Copeland,matthew72@example.com,684-397-0111,2024-07-26,Postpaid
7984,Kathy Ross,laurie89@example.com,001-383-326-9439x2162,2023-06-27,Prepaid
7985,James Davis,oramirez@example.com,454.636.5089x1798,2024-04-13,Postpaid
7986,Anthony Warner,stephen12@example.net,976.209.7099x717,2023-09-10,Prepaid
7987,Craig Diaz,jenniferjackson@example.org,001-590-408-1204x94949,2023-07-18,Postpaid
7988,Michael Patterson,yjohnston@example.net,001-776-634-5221,2023-10-24,Prepaid
7989,Leah Bell,brian15@example.org,857-822-4780x7063,2024-09-26,Postpaid
7990,Kaitlyn Patrick,kelleytracy@example.com,233.588.1227x406,2023-05-24,Prepaid
7991,Jermaine Blair,bethcruz@example.org,982-569-9665x1048,2024-11-30,Postpaid
7992,Omar Brown,ynorman@example.net,+1-536-223-5104x4351,2025-03-13,Postpaid
7993,Jill Price,melissa84@example.com,+1-752-209-1787x701,2023-09-21,Prepaid
7994,James Cardenas,uharris@example.com,(885)493-1645x311,2025-01-05,Postpaid
7995,Elizabeth Butler,nconner@example.org,303.601.8660x7356,2023-12-22,Postpaid
7996,Kristin Heath,weberdeborah@example.net,637-872-6598,2024-03-27,Postpaid
7997,Mary Lam,aaronharrington@example.com,(269)726-9600x79819,2025-03-21,Prepaid
7998,Scott Johnson,john95@example.org,001-369-722-3455x53238,2024-09-13,Prepaid
7999,Ryan Harper,lvaldez@example.com,7348055796,2025-03-08,Prepaid
8000,Anthony Ayers,brianhancock@example.net,(389)589-6245x88800,2023-09-07,Prepaid
8001,Benjamin Miller,pamelakelley@example.org,8748358333,2023-07-16,Prepaid
8002,Lydia Costa,vzamora@example.org,970-471-9974,2024-09-19,Postpaid
8003,Kevin Howard,cameron40@example.com,001-239-596-5755,2024-08-12,Postpaid
8004,Stephanie Taylor,vhiggins@example.net,991.552.6860,2024-02-20,Postpaid
8005,Austin Martinez,sierrawalker@example.com,+1-269-736-0638x183,2024-08-05,Prepaid
8006,Julia Moore,mercedes45@example.com,+1-856-988-5395x8636,2025-02-09,Prepaid
8007,Joseph Franklin,diazdonald@example.org,+1-311-834-0026x711,2023-06-09,Prepaid
8008,John Herman,isaunders@example.com,938-200-0882,2024-12-10,Postpaid
8009,Aaron Williams,jeremy85@example.net,+1-390-539-5725x5020,2023-12-27,Prepaid
8010,Shaun Perez,vanceleslie@example.net,862.426.0101x2158,2023-11-29,Prepaid
8011,Lisa Lopez,gonzalezsamuel@example.com,001-950-738-0320,2024-12-08,Postpaid
8012,Diane Moreno,moorephilip@example.com,001-673-334-8070x40871,2024-06-18,Prepaid
8013,Ryan Green,sarahschmitt@example.org,808.790.8716,2023-09-28,Postpaid
8014,David Price,savannahpotter@example.net,500.495.5701x3629,2024-03-23,Prepaid
8015,Kayla Hoffman,carolynvasquez@example.org,204-312-3037x725,2024-01-07,Prepaid
8016,Jennifer Sherman,gilmorerobert@example.org,5115297686,2023-07-17,Postpaid
8017,Brianna Lee,kbennett@example.net,001-446-653-8382x97000,2023-09-10,Postpaid
8018,William Parks,lburgess@example.com,831.228.8010x3841,2025-02-03,Prepaid
8019,David Brown,fieldsroy@example.org,001-629-865-0725x176,2023-05-08,Postpaid
8020,Randy Higgins,eric73@example.org,(433)846-3121x6153,2023-07-12,Prepaid
8021,Cindy Smith,amyallen@example.net,606.486.2410x1283,2024-12-26,Postpaid
8022,Sarah Miller,sarahalexander@example.com,512.988.2815,2023-11-27,Postpaid
8023,Zachary Lewis,hughestyler@example.com,244.505.7070x663,2023-05-09,Postpaid
8024,Erika Thompson,msuarez@example.com,+1-455-496-6480,2024-03-02,Postpaid
8025,Jasmine Dodson,marymiranda@example.net,(961)780-7027,2025-04-17,Prepaid
8026,Joyce Shaw,larrysmith@example.com,890-775-5981x207,2023-12-01,Prepaid
8027,Robin Wright,sherri55@example.org,001-615-880-6341x2762,2025-01-09,Prepaid
8028,Andrew Powell,nbarnes@example.org,+1-772-490-4076x09486,2024-01-24,Postpaid
8029,Leah Blair,itaylor@example.net,5939181437,2024-03-14,Postpaid
8030,Ronald Richards,hubbardjenna@example.net,226-871-2039x525,2024-06-07,Postpaid
8031,Jason Galvan,pgrant@example.org,(940)927-2074,2024-07-06,Postpaid
8032,Garrett Mason,opatterson@example.net,(953)801-2068,2025-02-23,Prepaid
8033,Chad Knox,kochsamuel@example.net,001-813-669-6602x49199,2024-01-03,Prepaid
8034,Jessica Wilson,kmedina@example.com,(683)451-8992,2024-02-04,Postpaid
8035,Christina Stuart,skaufman@example.net,001-357-676-3983x21517,2024-07-10,Prepaid
8036,Laura Jackson,cmartin@example.org,7743601353,2023-07-13,Prepaid
8037,Rachel Gay,xphillips@example.com,001-843-843-1347x7170,2024-09-21,Prepaid
8038,Suzanne Mcdaniel,ppollard@example.com,+1-940-637-2906x909,2024-08-04,Postpaid
8039,Richard Martin,kellyherrera@example.org,868-745-3427x128,2023-06-20,Postpaid
8040,Aaron Wright,xhartman@example.org,+1-695-343-0683x6172,2024-03-20,Prepaid
8041,Gary Brown,edwardphillips@example.com,+1-433-772-1514x76041,2025-01-28,Postpaid
8042,Pamela Rodriguez,tayloreric@example.net,001-518-789-9954x120,2023-12-24,Prepaid
8043,Rhonda Braun,jennamorgan@example.com,852.272.2364x4946,2025-03-24,Postpaid
8044,Sophia Powers,joseph16@example.org,(235)526-7195x231,2023-07-04,Prepaid
8045,Ryan Robbins,ashley67@example.net,(203)287-9657,2023-07-21,Prepaid
8046,Paula Butler,hrodriguez@example.com,881.678.5966x4545,2024-09-25,Prepaid
8047,Sara Hicks,qhutchinson@example.org,+1-853-525-9975x4087,2024-12-02,Prepaid
8048,Melissa Joseph,andersonmark@example.org,262-376-4290x75420,2023-09-28,Postpaid
8049,Kelly White,dpayne@example.org,001-531-900-5879x9461,2023-11-27,Prepaid
8050,Felicia Green,jennifer73@example.com,3668881882,2024-09-10,Prepaid
8051,Nicholas Lawson,troy36@example.org,753.947.5117x41978,2023-06-28,Postpaid
8052,Carlos Garcia,nelsondestiny@example.com,999.823.3986,2024-02-02,Postpaid
8053,Steven Brennan,lisarose@example.com,333.849.1069,2023-08-16,Postpaid
8054,Miranda Jones,amanda57@example.net,+1-919-497-6669x7662,2023-05-18,Prepaid
8055,Austin Miller,walkerjonathan@example.com,(271)402-8828x9362,2023-06-19,Postpaid
8056,Mark Sanford,salazarjohn@example.org,+1-291-934-6853x14553,2024-10-28,Postpaid
8057,Lindsay Newman,khanjoel@example.com,001-438-970-1191,2024-08-10,Prepaid
8058,Stephanie Russell,virginiasherman@example.net,890-777-5574,2025-04-02,Prepaid
8059,Seth Clark,uriley@example.org,4977989955,2023-12-02,Postpaid
8060,Andrew Gregory,brownisaiah@example.net,001-243-925-3335,2023-07-11,Prepaid
8061,Seth Glenn,david05@example.com,457-723-0169x572,2024-11-19,Prepaid
8062,Shelly Graves,kathrynlin@example.org,354.804.7839,2023-12-20,Postpaid
8063,Karen Guerrero,hollyjohnson@example.com,(540)572-8513,2024-02-04,Postpaid
8064,Daniel Armstrong,caseystanley@example.org,786-533-3423,2024-07-19,Postpaid
8065,Heather Davis,riveradale@example.com,(694)875-3213x87058,2023-09-02,Postpaid
8066,Christian Smith,paul11@example.net,(400)795-5114,2024-01-23,Postpaid
8067,Connie Davidson,teresahill@example.net,724.231.0927,2024-12-29,Postpaid
8068,Carol Ford,gainesgregory@example.net,693-249-4176,2024-03-20,Prepaid
8069,James Noble,fgrant@example.com,(700)440-8071,2023-11-05,Postpaid
8070,Marcus Brown,cynthia22@example.net,(558)567-4709x609,2024-09-23,Prepaid
8071,Donald Padilla,ameyer@example.org,(208)570-0272,2023-08-24,Prepaid
8072,James Pope,maurice56@example.org,(284)654-1207x313,2023-10-15,Postpaid
8073,Debbie Kelley,clarkpaul@example.org,+1-293-309-4262,2024-07-26,Prepaid
8074,Caleb Kelly,krystalharrell@example.com,344.899.0349x31340,2023-07-06,Prepaid
8075,Elizabeth Miller,pfloyd@example.net,(367)824-2697x897,2024-09-06,Postpaid
8076,Paul Rangel,ashley14@example.org,(325)545-4889x1414,2023-07-22,Prepaid
8077,Steven Lopez,michaelreynolds@example.com,+1-284-660-2271x0889,2024-05-10,Postpaid
8078,Tiffany Hale,erin23@example.org,4122536560,2023-11-18,Postpaid
8079,Joan Davis,sbrown@example.net,546.483.1854x5481,2023-09-28,Postpaid
8080,Catherine Carter,stephanieobrien@example.org,503-357-4600x1659,2024-01-26,Postpaid
8081,Alyssa Bowen,karawalters@example.com,749-556-2906x597,2023-08-22,Prepaid
8082,Kristin Gordon,noahespinoza@example.net,(224)808-7430x8100,2024-08-10,Prepaid
8083,Jennifer Stephens,hamiltonlogan@example.com,675.582.6331,2024-12-17,Prepaid
8084,Kim Alexander,susan13@example.net,645.202.6888x085,2023-09-15,Postpaid
8085,Joseph Morgan,bullockbilly@example.net,+1-693-716-0169x29000,2024-03-02,Prepaid
8086,Darlene Gates,whansen@example.com,251.715.7293,2025-01-20,Prepaid
8087,John Kelly,breanna05@example.org,001-998-562-2542x6627,2024-12-27,Prepaid
8088,Victoria Nunez,timothy40@example.net,466-821-7209x619,2023-07-03,Postpaid
8089,Dana Jones,brittanyramos@example.com,886-899-0159x45224,2024-09-22,Prepaid
8090,Briana Gill,ernest10@example.org,684-585-9850,2023-11-11,Postpaid
8091,Kenneth Ibarra,levinecharles@example.com,+1-446-691-6079x52909,2025-02-10,Prepaid
8092,Dr. Tracie Martinez,umay@example.org,7162910074,2024-02-13,Prepaid
8093,Michelle Jones,nicoleriley@example.net,+1-240-898-9872x9956,2024-11-19,Prepaid
8094,Gina Henderson,tuckeralexandra@example.net,379-662-7744x72113,2024-05-01,Prepaid
8095,Megan Richard,williamsarthur@example.org,+1-729-464-1923x473,2024-09-15,Postpaid
8096,Kenneth Holt,williserin@example.com,645-634-0698,2023-08-24,Prepaid
8097,Omar West,daybrian@example.com,450-453-0949x485,2023-12-14,Postpaid
8098,Summer Ellis,robin77@example.com,563.625.8406x58526,2023-08-17,Postpaid
8099,Jason Warner,fryjames@example.net,4798578086,2024-04-27,Postpaid
8100,Carrie Mooney,sandra96@example.org,238.256.0954,2024-11-18,Prepaid
8101,John Parker,ebenson@example.org,369-584-3517x1030,2024-07-24,Postpaid
8102,Eric Garner,anthony90@example.com,2457367920,2025-03-18,Prepaid
8103,Donald Williamson,grantjose@example.net,(585)983-6084x518,2024-12-20,Prepaid
8104,Victoria Allen,julianperry@example.net,884-349-4007x92736,2024-10-21,Prepaid
8105,Marisa Kerr,johnhayes@example.net,001-838-619-9110x20853,2025-04-20,Postpaid
8106,Justin Johnson,anthony42@example.net,(436)750-9683x5043,2024-09-12,Postpaid
8107,Karen Porter,williamsonmegan@example.org,(530)503-3748x4786,2025-03-30,Postpaid
8108,James Lynch,gjohnson@example.com,819.284.9104,2024-10-07,Prepaid
8109,Emily Powell,frankpatel@example.net,458.487.5194x806,2024-11-19,Postpaid
8110,Sally Fowler,kristina15@example.com,(986)468-6684x56283,2023-11-30,Prepaid
8111,Jillian Harris,garciadillon@example.org,(280)804-0179,2024-06-16,Postpaid
8112,Tara Thompson,eramirez@example.net,951.752.5487,2025-02-18,Postpaid
8113,Rachel Fisher,jhaley@example.com,444.959.7372x314,2023-10-07,Prepaid
8114,Megan Cook,teresa59@example.org,595.354.2170,2024-08-07,Postpaid
8115,Frances Delgado,uparker@example.com,529.376.0283x0109,2024-06-10,Prepaid
8116,Clayton Williams,fwagner@example.net,001-364-206-5687,2024-10-08,Prepaid
8117,Oscar Parker,rachaelberry@example.com,444.935.0655x697,2023-05-21,Prepaid
8118,Anita Gonzalez,oschwartz@example.org,644.517.2585x40313,2024-02-26,Postpaid
8119,Marcia Adams,madisongonzalez@example.org,7539202587,2024-01-23,Prepaid
8120,Julie Gomez,robertsmith@example.com,(751)284-9452x06910,2024-02-07,Prepaid
8121,Dr. Kimberly Weaver,christinamiller@example.com,(287)644-8345,2023-12-24,Postpaid
8122,Nicole Kelly,ahenry@example.org,2335610837,2024-05-21,Prepaid
8123,Jason Wise,smithandre@example.org,(944)985-0860x4583,2024-04-22,Postpaid
8124,Joseph Wright,jose53@example.com,506.749.1972x3456,2023-09-18,Postpaid
8125,Sandra Mann,margaret12@example.org,+1-977-920-7391x46196,2023-11-25,Prepaid
8126,Katelyn Peterson,pestes@example.net,5153331574,2024-04-10,Prepaid
8127,Jennifer Allen,floresjoanna@example.com,+1-287-537-5805,2024-12-22,Prepaid
8128,Brittney Barnes,michael21@example.org,719-472-1829,2025-01-08,Postpaid
8129,Ashley Lin,lorisullivan@example.org,(814)568-8339x5990,2023-10-23,Postpaid
8130,Dr. Phillip Patterson DDS,andreaallen@example.org,001-997-813-4926,2025-01-31,Prepaid
8131,Sheila Blake,kathleencunningham@example.com,+1-450-509-6914x3677,2025-01-19,Prepaid
8132,Jeffrey Castro,bjohnson@example.org,001-419-892-8187,2024-08-22,Postpaid
8133,Jordan Cooper,jwhite@example.com,+1-830-842-9404,2024-11-25,Postpaid
8134,Lori Johnson,julia13@example.com,655-882-7396x971,2024-12-22,Prepaid
8135,Maureen Henry,cameronlaura@example.com,(827)886-6588x62049,2024-12-31,Postpaid
8136,Allison Sanchez,howellscott@example.org,846.711.0963x6008,2023-12-01,Prepaid
8137,Tyler Garcia,shannon06@example.com,+1-623-506-5265x10599,2023-11-06,Prepaid
8138,Kristopher Brown,adam00@example.org,470.729.8225,2023-11-14,Prepaid
8139,Audrey Sexton,jessica33@example.com,001-619-824-6203x27926,2024-10-30,Postpaid
8140,Mary Hayden,thomaskaren@example.org,626-816-4183,2023-10-09,Prepaid
8141,Peter Yoder,joshua90@example.org,554-667-7677,2024-11-18,Postpaid
8142,Jennifer Jones,juliesimpson@example.org,386.337.6309,2025-04-27,Prepaid
8143,Jennifer Davis,danielsbrandon@example.org,266.994.4497x19409,2025-04-13,Prepaid
8144,Renee Hall,elizabeth42@example.org,(889)406-3041x4658,2023-05-25,Prepaid
8145,Ashley Vargas,ryanwilliams@example.com,800-912-7405,2024-01-27,Postpaid
8146,Lauren Garcia,daviskenneth@example.org,(894)980-7890x916,2023-10-23,Prepaid
8147,Bradley Hickman,clayton96@example.net,(723)436-7393x24238,2023-08-19,Postpaid
8148,Gary Webb MD,michaelray@example.org,(894)475-0336,2023-09-08,Postpaid
8149,Willie Nicholson,joeljackson@example.org,(501)747-5625,2024-10-04,Prepaid
8150,Scott Richard,jonescynthia@example.org,887-767-0670x940,2025-03-11,Prepaid
8151,Tammy Johnson,eaustin@example.com,001-649-744-7092x9863,2023-09-26,Prepaid
8152,Kayla Garcia,mikayla09@example.com,+1-955-380-3533,2024-02-17,Postpaid
8153,Shelley Wilson,heatherlewis@example.net,001-839-603-5753x07972,2024-02-05,Postpaid
8154,Joseph Long,stephaniemacias@example.net,+1-506-561-0925x9713,2024-05-15,Postpaid
8155,Pamela Mcdonald,robert18@example.net,(880)274-0537x593,2023-10-02,Prepaid
8156,Stacie Vazquez,martingamble@example.net,001-228-341-3019x143,2024-04-05,Prepaid
8157,Brenda Myers,john36@example.net,768.248.0840,2023-06-20,Postpaid
8158,Miss Christine Malone,brittany96@example.com,463.748.8327x0195,2024-08-06,Prepaid
8159,Eric Mccoy,bglenn@example.org,641-484-3659,2023-07-22,Postpaid
8160,Melissa Kaufman,williamscharles@example.com,(805)697-2155x35319,2024-01-21,Prepaid
8161,Caroline Maldonado,taylorbrandon@example.org,614.350.2849x2138,2024-01-21,Postpaid
8162,Billy Crawford,angelaandrews@example.net,+1-815-203-9001x092,2025-04-25,Prepaid
8163,Lynn Brown,lopezchristopher@example.com,(586)779-9728x07385,2024-10-03,Prepaid
8164,Marcus Miller,thomas89@example.net,001-932-630-5173,2024-03-14,Postpaid
8165,James Juarez,mendozabrian@example.com,685-230-1608,2025-04-13,Prepaid
8166,Diana Jefferson,nicole26@example.com,645-292-8762x70192,2024-03-30,Prepaid
8167,Rachel Schultz,erinjohnson@example.net,(352)677-1787x80684,2024-03-01,Postpaid
8168,Joshua Davis,heathergarcia@example.com,(307)918-8738x908,2023-07-28,Postpaid
8169,Michael Moore,wrightkyle@example.net,+1-459-262-7965x392,2023-07-17,Prepaid
8170,Jordan Thomas,hollanddaniel@example.org,(734)859-7224x5229,2025-04-29,Postpaid
8171,Katherine Ward,brooksdaniel@example.org,(428)932-7455x16366,2025-02-24,Prepaid
8172,Brian Thomas,matthew94@example.org,438.836.6828x30746,2023-05-13,Prepaid
8173,Jade Sanders,yvettewright@example.net,001-328-802-4728x65432,2024-05-02,Postpaid
8174,Teresa Vasquez,alexandra56@example.com,001-969-776-3016,2024-11-22,Prepaid
8175,Stephen Martinez,robert90@example.net,(224)363-1527x0799,2023-05-12,Prepaid
8176,Amy Shea,wolfcynthia@example.org,329-550-0056x94318,2023-11-29,Postpaid
8177,Lauren Hansen,charles94@example.com,434-994-0329,2024-11-07,Prepaid
8178,Billy Bender,elizabethprice@example.net,423.676.1709,2024-10-05,Prepaid
8179,Charles Roberts,annaperkins@example.net,9813113661,2024-08-31,Prepaid
8180,Lindsey Scott,linda59@example.net,264.601.3223,2024-02-20,Prepaid
8181,Kayla Reyes,danielle76@example.com,469-462-4851x826,2023-06-03,Postpaid
8182,Stacy Moore,longerin@example.com,(324)752-0243x61053,2025-02-16,Postpaid
8183,James Mason,sherriwood@example.com,351.939.1780x453,2024-04-04,Postpaid
8184,Rebecca Castillo,rgraham@example.com,4332286463,2023-07-18,Prepaid
8185,Teresa Mckay,carmen71@example.net,(585)618-2298x948,2023-10-03,Postpaid
8186,Brian Morgan,eric99@example.org,580-323-4127x942,2023-08-12,Prepaid
8187,Renee Bonilla,skelly@example.org,+1-316-978-2544x51287,2023-09-07,Postpaid
8188,Russell Cox,oschmidt@example.org,+1-673-434-0104x9413,2023-05-06,Postpaid
8189,Roberto Young,andrewkelly@example.net,001-975-498-9521x47119,2024-08-30,Prepaid
8190,Elizabeth Barrett,tonyarobinson@example.net,779.611.3057,2024-12-30,Postpaid
8191,Jeffrey Perry,vaughnkayla@example.net,001-571-626-9865x8894,2024-04-24,Prepaid
8192,Travis Cunningham,katherine50@example.com,2006713115,2024-08-19,Prepaid
8193,Johnny Davis,moralesjacob@example.net,751.491.5238x189,2023-05-16,Postpaid
8194,Patricia Patterson,beckershannon@example.com,001-493-880-7785x9377,2024-07-30,Prepaid
8195,Rachel Richardson,murrayjane@example.com,323-795-7805,2023-06-02,Prepaid
8196,Colleen Murphy,anaholmes@example.net,620-766-9606,2023-08-11,Postpaid
8197,William Newman,davidjackson@example.com,(740)852-5861x50880,2024-02-07,Postpaid
8198,Joseph Buckley,srobinson@example.com,6135486467,2023-09-24,Postpaid
8199,Sara Frye,peterstimothy@example.org,(732)552-4666x762,2023-07-01,Prepaid
8200,Troy Lee,cturner@example.org,299.734.6985x580,2024-12-14,Postpaid
8201,Kevin Kelly,curtis63@example.net,850-759-3040x29514,2024-10-02,Postpaid
8202,Misty Mitchell,swillis@example.com,982-888-6962x8062,2024-08-13,Prepaid
8203,Sarah Hartman,jason61@example.org,771.375.8585x377,2023-06-28,Postpaid
8204,Ashley Hays,julie90@example.org,001-242-564-1387,2024-10-07,Prepaid
8205,Jennifer Davis,donnasimon@example.com,001-834-231-5520x127,2024-06-07,Prepaid
8206,Antonio Hunter,combsshawn@example.org,001-748-854-3636x4137,2023-11-15,Postpaid
8207,Lisa Neal,tapiamichael@example.com,423.607.0422,2023-09-14,Prepaid
8208,Jenna Williams,brandoncampos@example.org,3954310364,2024-03-26,Prepaid
8209,Patrick Wilson,aprilclark@example.org,+1-526-764-0818,2025-01-03,Postpaid
8210,Jeffrey Mitchell,zachary62@example.org,+1-429-591-9753,2024-05-23,Prepaid
8211,Joshua Gray,crandolph@example.org,482.886.2864x13865,2024-05-18,Prepaid
8212,Rachel Krueger,laurahayden@example.org,3212984167,2024-09-15,Prepaid
8213,Elizabeth Gibbs,john23@example.com,501.206.9970,2024-04-07,Prepaid
8214,Nicole Greene,mccarthychristine@example.com,(489)684-9446,2024-02-22,Postpaid
8215,Kevin Summers,tbooker@example.org,001-377-956-1073x29280,2023-10-26,Postpaid
8216,David Powell,hwalker@example.com,(684)420-9557x453,2024-03-27,Postpaid
8217,Walter Knight,jaymata@example.net,563-542-1996,2023-11-28,Prepaid
8218,Howard Vasquez,david55@example.org,635-871-0601,2024-09-23,Postpaid
8219,Victor Williams,david62@example.net,001-478-232-1902x997,2025-01-19,Prepaid
8220,Nathan Phillips,gloria37@example.org,499-434-3469x319,2024-11-15,Prepaid
8221,Richard Palmer,jamesbeasley@example.org,001-927-504-2251x2539,2025-02-25,Postpaid
8222,Alex Ford,vhernandez@example.org,001-483-708-9213x1618,2024-06-22,Prepaid
8223,Evan Aguilar,oward@example.net,680.676.1187x9687,2023-10-13,Postpaid
8224,Vincent Richards,alexander80@example.com,001-380-988-0200x23140,2024-08-13,Postpaid
8225,Lisa Lester,sheppardjade@example.com,001-506-646-5858x566,2023-10-25,Postpaid
8226,Heather Rubio,gpace@example.com,(353)229-5813,2025-04-22,Postpaid
8227,Charles Johnson,qharding@example.net,998-913-8070x9312,2023-05-25,Prepaid
8228,Cassandra Gilmore,dominguezchristopher@example.org,001-345-984-1978x389,2024-06-07,Postpaid
8229,Michael Hall,kimberly97@example.com,754.895.6806x36580,2024-09-28,Prepaid
8230,Joy Norris,christine38@example.org,(748)969-8514x4363,2023-06-07,Postpaid
8231,Gregory Webb,fsanchez@example.org,495-945-0036x65232,2023-05-27,Postpaid
8232,Nicole Bailey,frankallen@example.net,+1-583-940-0576x3499,2023-09-10,Prepaid
8233,John Hartman,wbradley@example.org,+1-683-617-8953x97454,2023-08-15,Postpaid
8234,Rebecca Ruiz,johnbridges@example.net,739.950.6230,2024-11-04,Postpaid
8235,Christopher Martinez,gallen@example.com,253.238.2381,2024-08-03,Prepaid
8236,Christina Garcia,hcook@example.org,674-678-0242x9351,2023-07-10,Prepaid
8237,Jennifer Lopez,rebeccacalderon@example.com,(934)751-5444x38670,2024-10-27,Postpaid
8238,Laura Miller,kfreeman@example.org,+1-404-775-7082,2024-12-19,Postpaid
8239,Clayton Allen,justin48@example.com,+1-768-472-9844x03071,2024-04-30,Postpaid
8240,Lindsey Williams,torresanna@example.com,+1-313-640-6776x637,2025-04-04,Prepaid
8241,Michelle Massey,paulmorton@example.com,848-372-8805x553,2025-03-02,Prepaid
8242,Christopher Payne,jillrocha@example.org,+1-247-906-9557x2569,2024-10-21,Prepaid
8243,Jeffrey Bennett,rwilliams@example.com,8666188213,2025-04-10,Prepaid
8244,Lindsey Soto,justincarter@example.com,+1-987-906-3383x815,2024-03-19,Prepaid
8245,Christopher Mckinney,garylopez@example.net,(829)699-3449x88846,2024-02-10,Postpaid
8246,Samantha Love,marisa05@example.com,226.254.9618x3400,2023-07-05,Prepaid
8247,Jacob Thomas,frazierconnie@example.com,(778)418-6031,2025-04-11,Postpaid
8248,Robin Davis,mcbrideshannon@example.com,4558921676,2025-04-17,Prepaid
8249,Marc Parker,ptran@example.org,(905)517-1399,2023-11-25,Postpaid
8250,Christian Sanchez,deborah14@example.net,(595)404-1496x6001,2024-07-02,Prepaid
8251,Dana Sanchez,dawn04@example.net,001-298-398-1814x5541,2023-05-12,Prepaid
8252,Bethany Williams,mooremandy@example.org,7533590010,2023-05-22,Prepaid
8253,Jason Mills,horneamy@example.org,667.687.0988,2025-03-17,Prepaid
8254,John Gibson,bgill@example.org,001-272-271-8976x0544,2024-08-29,Postpaid
8255,Samuel Simpson,usimon@example.org,996.645.1589,2024-08-17,Prepaid
8256,Thomas Hudson,kristopherluna@example.org,542.333.4545,2023-06-10,Postpaid
8257,Matthew Carter MD,shunter@example.org,(927)433-9556x748,2024-02-06,Prepaid
8258,Shannon Diaz,hensontimothy@example.net,+1-545-593-5222,2023-11-15,Prepaid
8259,Angela Johnston,mlopez@example.org,243-722-9101x9076,2023-11-29,Prepaid
8260,Sarah Holden,careyerica@example.net,755.312.6674x56936,2025-03-11,Postpaid
8261,William Miller,maryhobbs@example.org,001-878-442-2172,2025-04-28,Postpaid
8262,Mr. Thomas Williams,jlawrence@example.com,+1-428-741-2213x20338,2023-09-02,Prepaid
8263,William Martinez,jessemiller@example.net,(999)614-0194,2023-11-17,Prepaid
8264,Mark Hernandez,sarah06@example.com,849-548-4324x173,2023-09-14,Prepaid
8265,Mary Goodwin,derricklarson@example.org,486-544-7891x7232,2023-06-25,Postpaid
8266,Ronald Barron,john26@example.com,489-228-4900,2023-07-31,Prepaid
8267,Laura Howard,brandoncooper@example.org,8882369790,2023-05-08,Postpaid
8268,Geoffrey Orozco,orobinson@example.net,237-999-8415x48658,2024-12-03,Postpaid
8269,Emily Maynard,diaztrevor@example.net,001-336-234-7037x827,2025-02-24,Prepaid
8270,Jonathan Griffin,christinemcdaniel@example.com,(992)975-6546x89696,2024-02-26,Prepaid
8271,James Smith,atkinsjames@example.com,(351)435-0270,2024-01-12,Postpaid
8272,Brian Jones,taylormatthew@example.com,001-556-946-0241,2023-05-12,Postpaid
8273,Gina Klein,silvaalexis@example.net,824.614.9844x6706,2025-01-26,Postpaid
8274,Daniel Meyer,pyork@example.net,001-719-317-1983,2025-03-05,Postpaid
8275,Joe Mason,smithsamantha@example.com,001-925-835-0620x812,2025-02-05,Prepaid
8276,Melissa Arnold,amymills@example.com,+1-855-537-9584x87927,2024-12-01,Postpaid
8277,Donna Carr,savery@example.org,985.387.8851,2024-05-03,Prepaid
8278,Lisa Powell,larryphillips@example.org,+1-525-964-4280x3403,2024-04-12,Prepaid
8279,Sara Pope,duarteanthony@example.com,+1-928-713-2037x492,2024-05-17,Postpaid
8280,Jeremy Austin,tannerlisa@example.org,392-207-2637,2023-11-27,Postpaid
8281,Janice Bush,amy54@example.com,(501)945-7573x1360,2025-04-30,Prepaid
8282,Julia Terrell,hsnyder@example.org,+1-876-861-8332x067,2025-01-25,Postpaid
8283,Amy Harris,juannguyen@example.com,+1-421-945-2525x678,2024-03-13,Postpaid
8284,Elizabeth Watson,shelbymills@example.com,+1-551-699-1860x910,2024-12-04,Prepaid
8285,Debra Hill,rmartinez@example.org,+1-815-215-1866x7539,2023-09-14,Postpaid
8286,Elizabeth Pearson,fuentesapril@example.org,(786)703-0919x236,2024-02-10,Postpaid
8287,Katie Williams,davidpatterson@example.net,(621)279-0267,2024-11-24,Postpaid
8288,Todd Mcgee,michaellopez@example.org,421-961-2426,2025-04-25,Prepaid
8289,Charles Carlson,hgregory@example.com,(218)256-0066,2023-07-03,Postpaid
8290,Ronald Arnold,pzimmerman@example.net,293-267-4010x138,2023-08-27,Postpaid
8291,Ashley Lee,gpayne@example.net,284-823-7963,2023-05-30,Prepaid
8292,Luis Lewis,rosskyle@example.net,980-722-2453x6277,2024-12-15,Prepaid
8293,Kevin French,matthew66@example.com,001-204-662-1783x02688,2023-11-04,Postpaid
8294,Jennifer Jones,jamesmyers@example.org,001-596-449-4950x89791,2025-04-09,Prepaid
8295,Jessica Harris,pnovak@example.com,4953629166,2024-02-16,Postpaid
8296,Mallory Ramos,amber54@example.org,700-484-7320,2023-10-02,Postpaid
8297,Kevin Kelley,breanna70@example.com,617-903-3333x36993,2024-04-12,Postpaid
8298,Rick Nelson,emilyaustin@example.org,+1-540-383-1528x781,2024-03-22,Postpaid
8299,Lisa Campbell,jamie99@example.org,567.480.8834x99010,2024-03-29,Postpaid
8300,Danielle Logan,mccoyadrienne@example.com,3317190298,2025-01-13,Postpaid
8301,Jill Adams,victoria77@example.org,854.353.5055x886,2024-01-20,Postpaid
8302,Amber Jackson,wilsonsophia@example.net,748.764.0489x65208,2024-11-18,Prepaid
8303,Seth Cooper,douglasholt@example.net,001-325-626-5591x9375,2023-07-11,Prepaid
8304,Dr. Lori Ryan,joeldavis@example.net,358.473.4996,2025-04-24,Prepaid
8305,Andrea Gonzalez,michael23@example.net,6747442796,2025-03-19,Postpaid
8306,Patricia Powers,natalie65@example.org,(405)573-2111x278,2023-08-11,Postpaid
8307,Matthew Dixon,adam96@example.org,372.382.7021,2024-07-05,Prepaid
8308,Eric Allen,randall78@example.org,(881)309-5211x13319,2024-07-17,Prepaid
8309,Jorge Brown,alvaradojoseph@example.com,+1-468-832-1357x0699,2024-04-23,Prepaid
8310,Eric Obrien,zschneider@example.net,4067291219,2023-12-18,Postpaid
8311,Gregory Rhodes,donnawells@example.net,001-301-345-5951x047,2024-01-22,Prepaid
8312,Alexandria Watts,leahcruz@example.org,368.666.7171x784,2024-10-09,Postpaid
8313,Olivia Andrews,ehanson@example.org,999-620-2818x49908,2025-03-07,Postpaid
8314,Bryan Carlson,kennedynatasha@example.com,+1-387-910-1375,2024-07-21,Postpaid
8315,Donald Washington,jessicaray@example.net,6688220323,2024-08-02,Postpaid
8316,Barbara Hughes,jeremy58@example.org,690.747.2830x080,2024-01-14,Prepaid
8317,Kellie Smith,justinpatrick@example.org,3968350827,2023-12-22,Postpaid
8318,Edward Smith,taylordonna@example.net,(232)615-9617x9903,2024-02-01,Prepaid
8319,Christopher Kelly,leetara@example.net,469-472-7611x582,2024-02-16,Prepaid
8320,Todd Holden,kwright@example.net,(893)846-0735x6543,2023-06-15,Prepaid
8321,Mackenzie Schneider,crosario@example.com,(259)768-6521x5009,2023-10-30,Postpaid
8322,Brad Walters,maria34@example.net,001-888-739-4375x0097,2024-01-25,Prepaid
8323,Teresa Campbell,kristina84@example.com,831.344.7386x60781,2025-04-15,Postpaid
8324,Kimberly Powell,grace87@example.org,001-595-538-2484x35092,2023-06-23,Postpaid
8325,Paul Todd,qgriffin@example.org,6092923186,2023-12-24,Prepaid
8326,Lori Bowen,josephstewart@example.net,001-783-267-1687x2159,2024-05-04,Prepaid
8327,Jennifer Perez,lwhite@example.net,+1-993-251-0563,2025-04-16,Prepaid
8328,Leslie Mosley,shepherdanthony@example.net,795.876.3823x3421,2024-04-04,Prepaid
8329,Wendy Hancock,ronald89@example.org,(379)726-5980,2023-11-14,Prepaid
8330,James Gibson,yli@example.net,+1-824-227-9338x269,2023-08-30,Postpaid
8331,Nicholas Hughes,hoganpaula@example.org,(898)310-5209,2023-09-09,Prepaid
8332,Ms. Rachel Nelson,bmoore@example.com,(612)777-9917,2024-02-29,Postpaid
8333,Joseph Kane,melissaburke@example.net,209.466.7261x19250,2023-08-03,Prepaid
8334,Derrick Williams,kathryn85@example.com,974.915.8925,2023-10-19,Postpaid
8335,Michael Hubbard,obrown@example.net,242.855.8043x690,2024-06-17,Prepaid
8336,Jacob Mays,banksdavid@example.com,+1-843-509-9572x3931,2024-09-01,Prepaid
8337,Guy Adams,nathanhorton@example.org,386-311-0103,2023-09-30,Prepaid
8338,Antonio Neal,clarklaurie@example.org,676.639.0110x8342,2024-04-30,Prepaid
8339,Nicholas Jensen,lschmitt@example.org,+1-947-729-4806x4624,2023-05-07,Postpaid
8340,Matthew Wilkinson,kpratt@example.org,938.414.5836,2024-06-17,Prepaid
8341,Christopher Weber,jane00@example.org,001-896-457-4395,2024-07-11,Postpaid
8342,Deborah Sawyer,andrea53@example.net,566.936.0508x9108,2023-10-09,Prepaid
8343,Bruce Pena,youngedward@example.net,001-358-256-6889x980,2024-06-11,Postpaid
8344,Lisa Yu,crystal20@example.org,(859)651-4055x3036,2023-10-04,Postpaid
8345,Brittany Baldwin,morrisandrew@example.org,616.665.6300x72285,2024-01-27,Prepaid
8346,Jacob Bridges,patricia25@example.net,785-803-4647x8878,2023-10-10,Postpaid
8347,Wayne Snyder,fwatson@example.com,+1-693-568-4490x6706,2023-12-10,Prepaid
8348,Stephanie Vasquez,zconner@example.org,001-963-698-4338,2023-11-10,Prepaid
8349,Sarah Nelson,edwardhayden@example.com,(739)301-1732,2024-11-23,Postpaid
8350,Lindsey Thornton,crystallewis@example.org,(389)943-3117x59937,2024-08-29,Prepaid
8351,Shirley Saunders,diana42@example.com,001-859-227-1592,2025-03-11,Prepaid
8352,Kristine Bradley,ymurphy@example.com,(762)280-8443x944,2023-12-06,Prepaid
8353,Mark Robinson,vcook@example.org,731-622-3379x50798,2023-05-04,Postpaid
8354,Harold Nixon,pwatts@example.org,+1-687-773-6148x32588,2023-07-15,Postpaid
8355,Megan Carlson,joyrussell@example.com,369.302.3719,2023-11-28,Postpaid
8356,Manuel Rogers,heidi37@example.net,224-607-1028x96125,2024-11-26,Prepaid
8357,Brittany Martinez,prestonfowler@example.org,+1-580-263-8152x4606,2023-12-10,Postpaid
8358,Timothy Herman,freemanjoan@example.com,897.940.7393,2024-05-05,Postpaid
8359,Joseph Conrad,rebecca18@example.net,001-209-283-1080,2023-12-16,Postpaid
8360,Ariel Davis,xalvarez@example.com,3329499642,2023-06-09,Prepaid
8361,Angela Bowman,powersstacey@example.com,664.932.8887x436,2023-10-06,Prepaid
8362,Jenna Taylor,lmcgee@example.net,001-772-404-4877,2024-03-28,Postpaid
8363,Christian Edwards,mcclaintimothy@example.net,809-282-4847x0394,2025-04-19,Postpaid
8364,Jessica Hoffman,mbrooks@example.com,(556)439-5233,2023-06-14,Prepaid
8365,James Campbell,jennifer53@example.com,+1-787-759-0406,2025-01-10,Prepaid
8366,Angel Harrison,dhall@example.net,(402)564-2699x02867,2024-06-11,Prepaid
8367,Thomas Hill,vincent55@example.net,483.223.6234x5831,2025-01-13,Prepaid
8368,Richard Maxwell,oreed@example.net,967.970.2741x076,2024-06-29,Postpaid
8369,Melanie Wilkerson,alvaradodeborah@example.org,863-237-0437,2025-01-06,Prepaid
8370,Victoria Leonard,leahharris@example.com,832.547.6813x02452,2024-08-03,Postpaid
8371,Regina Anderson,gabrielcastillo@example.org,001-243-237-4794x1093,2024-10-24,Prepaid
8372,Miranda Parker,michael84@example.com,+1-674-973-4018x578,2024-09-15,Postpaid
8373,Roger Jackson,william07@example.net,+1-956-313-1845,2024-03-10,Prepaid
8374,Sarah Jones,williamlopez@example.net,873.670.5678x7300,2023-10-12,Prepaid
8375,Oscar Walker,david41@example.com,663-226-6905,2024-02-06,Prepaid
8376,Jimmy Martinez,elizabethnorman@example.org,497.976.2099,2023-05-07,Postpaid
8377,Kevin Wilkins,brivas@example.net,763.365.0109x964,2023-06-17,Postpaid
8378,Mark Lawrence,amy40@example.net,(979)665-7928x15255,2024-08-19,Prepaid
8379,Donna Baker,monicacollins@example.com,001-933-914-3067x614,2023-11-29,Prepaid
8380,Anthony Taylor,brownmichael@example.org,001-361-597-5514x052,2024-09-24,Prepaid
8381,Anthony Jordan,davidrussell@example.com,(272)555-4612,2023-07-29,Prepaid
8382,Gerald Ford,sandra49@example.net,813-696-0752,2023-12-07,Postpaid
8383,Peggy Tyler,evan80@example.org,001-435-983-4054x17029,2023-07-17,Postpaid
8384,Stephanie Galvan,schwartzclinton@example.com,(395)647-7894x09965,2024-04-01,Postpaid
8385,Jessica Jones,yjones@example.com,389.340.3168,2023-05-06,Prepaid
8386,Terry Miller,omartinez@example.net,(891)742-3410x2528,2024-03-12,Postpaid
8387,Timothy Allison,megan72@example.com,224-258-6576,2024-02-27,Postpaid
8388,Michael Myers,timothythompson@example.net,(723)226-8318x84354,2024-11-02,Postpaid
8389,Andrew Diaz,jacobdavis@example.net,386-397-8461,2024-09-06,Prepaid
8390,Patricia Johnston,garciasteven@example.com,731-902-8544x87852,2023-06-21,Postpaid
8391,David Pacheco,charles32@example.net,659-231-3556x68855,2024-06-23,Prepaid
8392,Russell Bell,shannonmargaret@example.net,(209)498-8278,2024-02-18,Postpaid
8393,Joanne Howard,stacyross@example.org,349.221.4610,2024-02-25,Prepaid
8394,Amy Perkins,peter13@example.org,001-986-407-9450x002,2024-07-02,Postpaid
8395,Matthew Bell,kimberlywallace@example.com,961-257-3545x0501,2024-01-26,Prepaid
8396,Judy Cruz,bridgesmatthew@example.net,+1-275-270-9825,2024-01-14,Prepaid
8397,Thomas Butler,donmoore@example.com,001-758-866-5795x3778,2024-10-03,Prepaid
8398,Andrew Lewis,sonya63@example.org,9578738259,2023-09-04,Postpaid
8399,Calvin Miranda,vavila@example.net,001-571-741-8972x686,2025-03-11,Postpaid
8400,Ricky Ingram,sampsonphillip@example.com,+1-454-938-8034x58761,2024-12-19,Prepaid
8401,Kaitlyn Cochran,monicastewart@example.com,659-986-5854x17353,2025-04-05,Prepaid
8402,Brendan Neal,huynhmichael@example.net,970-876-1300x556,2025-01-10,Postpaid
8403,Robert Lane,stevenrobinson@example.net,834-834-6832,2023-11-28,Postpaid
8404,Miguel Long,dianajarvis@example.com,(285)709-4634,2023-05-14,Prepaid
8405,Beth Warner,kayla00@example.net,632.636.6325,2025-02-22,Postpaid
8406,Keith French,thomashull@example.com,720.503.6408,2023-07-11,Postpaid
8407,Tara Campbell,davidpeterson@example.org,(562)743-8386,2024-06-19,Prepaid
8408,Jennifer Mendoza,hunternicole@example.org,407.718.2436x37402,2024-02-26,Prepaid
8409,Stacy Martinez,ryan31@example.org,2417144108,2023-12-03,Postpaid
8410,Catherine Gray,anita51@example.net,+1-877-857-5061,2023-11-18,Postpaid
8411,Kenneth Clarke,melissaguzman@example.org,001-797-756-9113,2024-11-01,Postpaid
8412,Nathan Young,mgarcia@example.net,(465)303-0988,2024-05-02,Prepaid
8413,Jacob Richards,julie97@example.com,(928)238-2968x38570,2024-10-19,Postpaid
8414,Ronald Roberts,dawn43@example.net,756-677-7994,2024-12-13,Postpaid
8415,William Williams,squinn@example.net,(707)455-4777x0940,2024-12-05,Postpaid
8416,David Jones,qhubbard@example.net,(256)207-7175x1952,2023-12-03,Prepaid
8417,Brian Kemp,zstephens@example.org,769-251-4823,2024-09-10,Postpaid
8418,Joseph Reed,rodriguezrose@example.org,498-378-9425x665,2023-11-25,Prepaid
8419,Heather Fisher,andrewfisher@example.net,+1-635-678-4303x0004,2024-03-24,Prepaid
8420,Kristen Mcmahon,jennifer25@example.net,933-576-6859,2023-08-19,Prepaid
8421,Amber Ray,swilliams@example.com,001-919-731-9292x5502,2025-02-19,Postpaid
8422,Daniel Gutierrez,jeremymayo@example.net,(862)581-3465,2024-08-31,Prepaid
8423,Angela Taylor,sarah77@example.com,2757733490,2024-10-29,Postpaid
8424,Samantha Boyd,bhamilton@example.com,983-964-7356,2023-06-30,Prepaid
8425,Shannon Sanchez,mcastro@example.net,455-555-9264,2023-07-31,Postpaid
8426,Erica Reed,jamesgonzalez@example.net,5172126326,2023-08-24,Prepaid
8427,Kerry Moody,stevenmitchell@example.net,660.931.1087x03910,2024-07-20,Postpaid
8428,Erik Gonzalez,josephsmith@example.com,001-695-796-8159x352,2024-09-25,Postpaid
8429,Pamela Houston,jason99@example.org,563-710-6571,2024-06-02,Postpaid
8430,Julia Murphy,josephturner@example.net,415-402-1520x270,2024-01-16,Postpaid
8431,Shelly Lee,tiffany37@example.net,(474)361-6221x104,2025-02-24,Postpaid
8432,Brian Jones,gardnerjoseph@example.net,+1-814-804-2319x2139,2024-01-28,Prepaid
8433,Victoria Rivera,eaguilar@example.com,+1-238-227-7439x0611,2024-11-09,Prepaid
8434,Manuel Reynolds,thomas02@example.org,657-944-5093x405,2024-04-06,Prepaid
8435,Jennifer Hernandez,brent97@example.org,+1-450-607-0638x874,2025-04-23,Postpaid
8436,Jennifer Lowery,jhill@example.net,273.530.7998,2023-12-21,Postpaid
8437,James Young,hahnshannon@example.com,519-422-3720,2024-12-23,Prepaid
8438,Jason Vance,wujeffrey@example.org,9858856170,2024-09-04,Postpaid
8439,Adam Evans,jasmine98@example.org,999.453.8605x736,2023-09-13,Postpaid
8440,Kelly Farmer,jesse00@example.com,+1-925-925-0198,2024-08-08,Postpaid
8441,Jerry Moore,vwilson@example.com,252.974.3547x23902,2024-09-23,Prepaid
8442,Todd Cook,downsashley@example.com,+1-622-839-5901,2023-07-12,Prepaid
8443,Michelle Trevino,brownbrandon@example.net,(301)858-3589x00555,2025-03-22,Postpaid
8444,Eric Beck,kelly53@example.org,001-450-637-6662,2025-01-10,Postpaid
8445,Eric Mcdonald,johnsonkathleen@example.net,+1-737-970-0675x7124,2024-10-20,Prepaid
8446,Sandra Noble,hamptonveronica@example.org,8163882476,2023-09-13,Postpaid
8447,Sean Herman,nelsonkaren@example.net,001-204-843-5607x6101,2024-12-18,Prepaid
8448,Brandon Davidson,ruizemily@example.org,(342)548-2182x48168,2024-04-04,Postpaid
8449,Ashley Martinez,taylorpeter@example.com,460-489-4612x262,2024-01-23,Prepaid
8450,Caitlin Charles,morrissara@example.org,963-620-3096x26714,2023-09-11,Postpaid
8451,Mark Strickland,danielhowell@example.com,505-225-2577,2023-08-25,Postpaid
8452,William Burns,hudsonmaurice@example.net,(360)973-3349x02304,2024-03-14,Prepaid
8453,Meredith Herrera,masonrobert@example.org,001-626-830-1824x907,2024-08-21,Postpaid
8454,Juan Perez,fnguyen@example.net,698-287-1842x75606,2024-01-08,Prepaid
8455,Dawn Hernandez,cheryl24@example.com,+1-228-755-2387x516,2024-01-03,Prepaid
8456,Cindy Young,wjohnston@example.com,(922)803-2985x9126,2024-10-23,Postpaid
8457,Jared Miller,reillyjoshua@example.org,(293)520-2023x4276,2025-02-27,Prepaid
8458,Michael Golden,jasminegardner@example.com,+1-611-503-5332x483,2024-05-31,Prepaid
8459,Jose Holt,johnwong@example.com,(824)712-8568,2024-06-02,Postpaid
8460,Haley Hardy,prush@example.net,(824)918-8011x59047,2023-11-21,Prepaid
8461,Holly Lewis,aprilfitzgerald@example.org,202.263.1780,2024-08-28,Prepaid
8462,Benjamin Watson,usalazar@example.org,985.348.9098x21205,2024-04-20,Postpaid
8463,Christopher Cook,nicolepowell@example.net,613-794-3523x664,2025-01-19,Postpaid
8464,Justin Hernandez,pgordon@example.com,(750)697-8658x772,2023-10-02,Postpaid
8465,Susan Booker,rbeltran@example.org,+1-261-534-5266x0118,2023-12-26,Prepaid
8466,Amber Mitchell,matthewmartin@example.com,+1-592-604-0113x5584,2025-04-13,Postpaid
8467,John Barr,ariana81@example.net,(845)329-9519,2024-09-09,Postpaid
8468,Julia Mcdonald,theresa80@example.com,615.590.5952x8695,2023-07-20,Postpaid
8469,Robert Reeves,bartlettmark@example.org,317.541.6347,2024-05-29,Postpaid
8470,John Watson,davisbruce@example.net,370-684-5800,2023-07-24,Postpaid
8471,Willie Haas,brandonmorris@example.com,+1-945-247-4342x3510,2024-09-05,Prepaid
8472,Melissa Brown,icollins@example.org,(804)670-8506x362,2023-11-11,Prepaid
8473,Darren Baldwin,smoore@example.com,545.662.7157x07440,2024-03-25,Prepaid
8474,Monique Roberts,hjohnson@example.org,001-495-236-3316,2023-11-08,Prepaid
8475,Daniel Hanson,ngriffith@example.net,632.671.2963,2024-02-16,Postpaid
8476,Matthew Valdez,james44@example.org,+1-925-561-4273x3167,2024-06-15,Prepaid
8477,Gerald Cox,wrightderrick@example.org,+1-585-606-1405x69012,2023-06-22,Postpaid
8478,Juan Ware,sanchezjoshua@example.org,001-317-385-2388x2147,2024-02-22,Postpaid
8479,Lucas Calhoun,acevedobenjamin@example.com,7105107347,2024-12-12,Postpaid
8480,Laura Morrison,theresa95@example.net,(597)828-9150x75490,2025-03-11,Prepaid
8481,Amy Christian,sean68@example.org,+1-935-634-7162x473,2024-12-30,Prepaid
8482,Amber Torres,wayne89@example.com,428-843-9247,2024-11-15,Prepaid
8483,Fernando Newton,rmorrison@example.net,(499)722-6219,2024-02-05,Prepaid
8484,Susan Jones,halldebra@example.org,001-958-326-8292,2024-10-19,Postpaid
8485,Richard Phillips,williamwilliams@example.com,(990)546-4300x8580,2025-02-21,Postpaid
8486,Sydney Nguyen,anthonygray@example.com,555-485-0728x037,2024-01-23,Postpaid
8487,Jeffrey Hansen,brubio@example.org,4732067047,2025-03-31,Prepaid
8488,Julia Graves,carrie36@example.net,826-907-4419,2024-04-23,Postpaid
8489,Melissa Mcpherson,stevenwilliams@example.com,826.919.9394x43523,2023-08-05,Postpaid
8490,Donald Smith,michael22@example.net,879-478-1454,2023-12-13,Postpaid
8491,Rachel Alexander,davidcollier@example.com,(253)791-7813x9281,2024-05-30,Prepaid
8492,Scott Dickson,hollypittman@example.net,+1-970-483-3219x4162,2023-06-29,Prepaid
8493,Lindsay Fitzgerald,rodney47@example.org,895.852.6344x8163,2025-03-02,Prepaid
8494,Linda Carson,meganbrown@example.com,802.505.6458,2024-01-14,Prepaid
8495,Sara Williams,jonathan92@example.net,+1-747-897-6284,2024-07-30,Prepaid
8496,Richard Callahan,bcruz@example.com,+1-557-765-2904x41364,2024-10-30,Prepaid
8497,Karl Riley,seanfernandez@example.net,001-449-713-2475,2024-12-21,Postpaid
8498,Alexandra Luna,laurenoconnor@example.com,001-358-285-0291x69773,2025-03-20,Postpaid
8499,Scott Jones,montgomeryjohn@example.net,202-936-8123,2023-05-06,Postpaid
8500,Sarah Townsend,reederin@example.net,001-769-516-2089x7979,2025-02-25,Prepaid
8501,Ryan Hayes,brittanylove@example.com,664-565-7282x428,2024-01-24,Prepaid
8502,Angela Berry,lindseyshepherd@example.net,001-592-640-0257x2345,2025-01-10,Prepaid
8503,Mrs. Amy Bruce,fthomas@example.com,001-579-406-3272x1893,2023-08-10,Postpaid
8504,Mary Lee,jamesnelson@example.net,(245)253-1539x4549,2023-06-18,Postpaid
8505,Kimberly Baker,griffithrhonda@example.org,(611)973-2973x783,2023-11-12,Prepaid
8506,Erin Foster,tware@example.net,+1-429-651-7700x406,2023-11-01,Postpaid
8507,Jill Underwood,james05@example.net,854-422-8770x4166,2023-12-19,Postpaid
8508,Alan Jones,donna52@example.org,001-965-624-2703x24997,2024-01-13,Postpaid
8509,Ryan Bishop,kimberly05@example.org,727-271-4219x0846,2023-11-12,Postpaid
8510,Michael Bender,sanderscarla@example.com,740.201.5977x1817,2024-07-08,Prepaid
8511,Brett Snyder,tsmith@example.net,7373716566,2024-11-04,Postpaid
8512,Lisa Klein,joshua60@example.com,968.299.8557,2023-08-10,Prepaid
8513,Terry Powell,brianfoley@example.net,001-410-432-4327x336,2023-12-25,Prepaid
8514,Stephanie Garcia,mmartinez@example.com,7786619205,2023-05-06,Postpaid
8515,Robert Pollard,rhughes@example.net,883-622-0394,2023-12-13,Prepaid
8516,Michael Dean,david38@example.net,(304)602-6511,2024-01-25,Prepaid
8517,Jay Reed,pyoung@example.com,+1-267-614-9201,2025-03-02,Postpaid
8518,Anthony Richardson,whitejames@example.com,(880)537-1947,2023-12-27,Prepaid
8519,Cameron Powers,mejiacassandra@example.org,+1-694-480-1761x38297,2023-10-20,Postpaid
8520,Mary Black,jkelly@example.com,+1-384-609-5436,2024-09-09,Prepaid
8521,Timothy Frazier,regina42@example.org,+1-947-556-1108,2023-08-20,Prepaid
8522,Joseph Huber,ipeck@example.org,(368)749-4459,2024-02-29,Postpaid
8523,Robert Crosby,jorgeberry@example.com,296.539.0686x9468,2024-09-08,Prepaid
8524,Thomas Thompson,amy92@example.com,+1-791-265-7642x461,2024-06-24,Prepaid
8525,Kristina Spears,whitneysanchez@example.net,8729792961,2023-08-31,Postpaid
8526,Erika Russell,ksingh@example.org,001-950-759-0934x1772,2024-03-08,Postpaid
8527,Amy Ramirez,rbarrera@example.com,001-230-957-1015x55909,2024-01-15,Postpaid
8528,Shawn Gilmore,carol26@example.net,238.393.2154,2023-08-23,Postpaid
8529,Christina Clark,msteele@example.org,594-209-9761,2023-09-25,Prepaid
8530,Beth Howell,wilkersondylan@example.org,882-851-0081x455,2024-02-08,Postpaid
8531,Daniel Mccall,david11@example.com,+1-618-936-1957,2023-08-30,Postpaid
8532,William Quinn,vbrown@example.com,410.713.6854,2025-02-28,Postpaid
8533,Elizabeth Obrien,sarah10@example.net,989.502.4920x631,2023-06-23,Prepaid
8534,Ryan Miller,jodycastro@example.net,230.788.1025x43453,2023-06-05,Prepaid
8535,Joseph Russo,zhernandez@example.org,638-238-6678x99288,2023-08-22,Postpaid
8536,Kayla Davis,john97@example.com,001-442-724-5989x87136,2024-04-22,Postpaid
8537,Pamela Martin,megan15@example.org,304.311.5073x476,2023-05-13,Prepaid
8538,Dylan Gutierrez,galvanbrenda@example.com,2432601098,2023-08-26,Postpaid
8539,Traci Pace,barry10@example.com,248-630-9359,2023-11-08,Postpaid
8540,Travis Sims,glenda45@example.com,789-832-3762x4623,2023-08-03,Prepaid
8541,Sarah Baker,xcurry@example.org,300.377.5867x95669,2023-12-24,Postpaid
8542,Erika Barnes,webbpaul@example.net,001-344-672-0784x87315,2023-11-29,Prepaid
8543,Allen Malone,hendrixrebecca@example.net,244.651.3284,2024-12-27,Postpaid
8544,Andre Colon,melissa21@example.net,687-582-7418x2937,2025-04-05,Prepaid
8545,Lisa Rodriguez,pharris@example.org,809-609-2271x870,2025-02-25,Postpaid
8546,Courtney Martin,vstark@example.org,2288440086,2024-11-04,Postpaid
8547,Charles Hull,tylerwilliams@example.com,630-292-3118,2024-09-20,Prepaid
8548,Rebecca Richardson,barbaraking@example.net,768.597.9482x4709,2023-08-05,Postpaid
8549,Megan Oconnell,margareterickson@example.com,746-941-6311,2024-10-02,Prepaid
8550,Renee Barker,potterjuan@example.net,(583)262-1522x2214,2023-11-23,Prepaid
8551,Brittany Kidd,nwhite@example.org,685-406-8625,2024-05-23,Prepaid
8552,Mark Estes,cantrelljeffrey@example.org,224-606-0600,2024-03-18,Postpaid
8553,Mark Hunter,joseph48@example.net,001-288-241-5712x643,2024-04-17,Prepaid
8554,Melissa Guzman,martinking@example.org,(436)505-3600x14099,2024-10-24,Postpaid
8555,Kristin Ortiz,michelle41@example.com,+1-432-991-6928x1943,2023-06-01,Prepaid
8556,Austin Mckenzie,sandra94@example.net,7004405365,2025-04-14,Prepaid
8557,Nathan Chavez,millerlisa@example.com,947-793-0322x08087,2023-08-06,Postpaid
8558,Jesus Roman,cobbjeffrey@example.com,834.763.1412x9079,2024-11-20,Postpaid
8559,Ian Wright,johnsonmegan@example.net,001-251-236-7239,2024-07-26,Postpaid
8560,Monica Vincent,kristen31@example.com,+1-585-205-1105x78992,2023-05-06,Prepaid
8561,Mr. John Gutierrez PhD,gregory25@example.net,(941)398-6528,2024-09-07,Postpaid
8562,Laurie Hubbard,petercrane@example.net,(513)297-0788x169,2023-09-28,Prepaid
8563,Cynthia York,craigjenkins@example.org,925-359-1467,2024-02-12,Postpaid
8564,Darrell Morales,burtonkenneth@example.org,+1-907-825-6699,2023-08-28,Postpaid
8565,Anthony Harrison,ogarcia@example.net,+1-383-796-4151x099,2025-04-23,Postpaid
8566,Hector Reyes,sharon94@example.net,468.867.4787,2023-07-03,Prepaid
8567,Kelly Kline,xarias@example.org,(386)262-4262,2023-08-29,Prepaid
8568,Amanda Bennett,wfarmer@example.net,001-673-649-4235x78717,2024-04-24,Postpaid
8569,Mr. Dean Peters,kellynelson@example.net,(918)263-2690x0956,2024-08-28,Postpaid
8570,Willie Grimes,smallanthony@example.net,(664)463-0780,2023-08-03,Prepaid
8571,Randy Rangel,dfisher@example.org,658.225.3922,2023-11-26,Postpaid
8572,Bob Mcbride,cacosta@example.net,001-343-789-3344x474,2023-10-15,Prepaid
8573,Joseph Bryant,joseph65@example.com,(536)712-6565,2024-12-06,Prepaid
8574,Leslie Howell,jcarpenter@example.org,825-470-2579,2023-12-27,Prepaid
8575,Catherine Mendez,peckanna@example.org,602-532-6135,2024-11-30,Postpaid
8576,John Watson,iriley@example.com,285-844-6095x0431,2024-06-18,Postpaid
8577,Luis Hale,wandasoto@example.org,001-521-466-9380,2024-07-11,Postpaid
8578,Ruben Collins,robert60@example.com,606-463-2599x70864,2023-06-29,Postpaid
8579,Martin Tapia,zflores@example.org,540.237.3865x6726,2023-09-23,Postpaid
8580,Daniel Reed,tiffanypeterson@example.org,+1-856-900-9473,2024-06-11,Prepaid
8581,Adam Underwood,ofrye@example.net,+1-269-607-0924,2024-08-04,Prepaid
8582,Mary Kane,harrisjose@example.net,458-501-8609,2023-05-12,Prepaid
8583,Logan Brown DDS,anthony52@example.com,(468)704-3237x939,2023-08-27,Prepaid
8584,Andrew Whitney,carrie42@example.org,001-207-845-4379x59831,2024-07-18,Postpaid
8585,Kathy Munoz,ovasquez@example.org,+1-836-655-9410x120,2023-09-27,Postpaid
8586,Heather Thomas,zpoole@example.com,434.455.2830x135,2023-06-23,Prepaid
8587,Loretta Greer,traceycross@example.net,694-441-7769x516,2024-08-25,Prepaid
8588,Austin Ellis,ksnow@example.com,2986683427,2024-04-19,Postpaid
8589,Matthew Martin,higginsryan@example.org,547.548.2779x809,2023-08-21,Postpaid
8590,Jacqueline Espinoza,kcohen@example.net,441.283.9304,2023-08-23,Prepaid
8591,Dillon Guerrero,vickilester@example.org,+1-829-561-0107x41168,2023-12-30,Prepaid
8592,Mary Morris,rhodesstephanie@example.org,(398)490-5618x7814,2024-12-08,Prepaid
8593,Mary Alexander,kathleenjones@example.org,+1-350-548-8039,2023-06-04,Prepaid
8594,Lisa Sims,jonesdebbie@example.org,(729)897-4811,2023-05-27,Postpaid
8595,Brian Hernandez,goodmanjohn@example.org,429.737.3574x2998,2024-07-04,Postpaid
8596,Benjamin Hendricks,kcooke@example.org,239.540.0739x7923,2024-04-21,Postpaid
8597,Yvonne Stewart,christine26@example.org,(449)561-1753x68997,2023-05-23,Postpaid
8598,Richard Torres,thomassmith@example.net,001-544-817-4388,2025-04-14,Prepaid
8599,Monica Bennett,gpage@example.net,271.380.8309x7859,2024-10-05,Postpaid
8600,David Wright,kenneth48@example.net,710-283-0412,2024-10-04,Postpaid
8601,Andrea Hayes,bpalmer@example.org,(716)812-7158,2024-07-20,Postpaid
8602,Helen Burke,mbrown@example.net,990-815-1096,2023-09-26,Prepaid
8603,Nicholas Lee,alyssa46@example.org,(410)518-3730,2023-09-25,Prepaid
8604,Frederick Brooks,fieldsjeff@example.com,001-807-738-7495x850,2024-07-25,Prepaid
8605,Justin Wong,joseph63@example.com,+1-826-802-7025x36403,2023-07-14,Prepaid
8606,Lindsey Santos,ronald93@example.org,+1-543-295-3122x1440,2024-07-28,Postpaid
8607,Travis Welch,cruzchad@example.org,752.879.9378,2024-10-30,Postpaid
8608,Megan Salazar,nicoleallen@example.com,+1-380-951-0475x4252,2024-02-08,Postpaid
8609,Stephanie White,timothyallen@example.org,212.913.6491x1296,2024-07-19,Prepaid
8610,Tanner Jones,michele45@example.com,259.621.2786,2023-05-09,Postpaid
8611,Timothy Walton Jr.,kristinharris@example.com,(429)541-2988x929,2024-03-09,Postpaid
8612,Gloria Bauer,sjames@example.com,(853)304-2455x5634,2024-01-03,Postpaid
8613,Christian Moore,williamsshannon@example.com,491-610-2996,2025-04-19,Postpaid
8614,Justin Brooks,jjenkins@example.com,+1-792-326-2846,2024-12-07,Prepaid
8615,Justin Santos,fergusonkelly@example.org,+1-843-233-8850x537,2024-04-30,Postpaid
8616,Kevin Allen,heather86@example.net,+1-538-480-1548x1888,2024-01-23,Postpaid
8617,Chelsea Jones,hubbardjeffrey@example.com,+1-311-808-3434x256,2025-04-15,Prepaid
8618,William Campbell,ztaylor@example.net,(249)648-7188x32915,2023-09-25,Prepaid
8619,Marie Ramsey,kristen45@example.org,537.367.6104x06975,2024-03-11,Postpaid
8620,Robert Johnson,penaalan@example.com,755.384.6900x30915,2024-08-21,Postpaid
8621,Jessica Wilson,jensenamy@example.net,(304)853-7738x894,2025-01-11,Postpaid
8622,Troy Garcia,qbrooks@example.com,363.385.7571x87954,2023-08-06,Postpaid
8623,Jason Estrada,fprince@example.net,(826)590-9078,2024-10-07,Postpaid
8624,Laura Lewis,scottlee@example.com,508.242.4836,2024-02-22,Prepaid
8625,Alexis Lopez,xtorres@example.org,+1-966-308-3292,2024-11-25,Prepaid
8626,Wendy Morris,bradleyjames@example.net,001-725-655-7250x59675,2023-06-29,Prepaid
8627,Justin Walters,derek19@example.net,+1-484-682-0278,2024-12-06,Prepaid
8628,Jeffrey Pennington,smithjason@example.net,549.975.8149x2009,2025-04-30,Prepaid
8629,Victoria Richardson,ann89@example.net,+1-572-740-6248x80783,2023-07-31,Postpaid
8630,Scott Smith,rharper@example.net,(417)230-7958x604,2024-09-19,Postpaid
8631,Carolyn Reid,emilymendoza@example.com,372.241.1766x13398,2023-12-26,Prepaid
8632,Christopher Johnson,julie79@example.com,(219)524-9631,2024-03-17,Prepaid
8633,Elizabeth Sutton,cindy77@example.org,312.979.7594x7416,2024-06-24,Postpaid
8634,Brett Wagner,amanda17@example.net,3027918385,2023-11-16,Prepaid
8635,Mary Holland,isaac23@example.com,619.454.0766,2023-06-21,Prepaid
8636,Allison Collins,mahoneykevin@example.net,(677)735-8259x931,2024-07-13,Postpaid
8637,Manuel Wilson,andrewwilliams@example.com,(677)806-1454,2025-03-24,Postpaid
8638,Donna Davis,nortonashley@example.com,5428950102,2023-06-14,Prepaid
8639,Joseph Rose,chad04@example.org,+1-627-482-3352x3378,2024-08-20,Postpaid
8640,Bobby Russo,isabellittle@example.com,939.725.9940x66784,2025-04-19,Prepaid
8641,Madison Thompson,amanda84@example.net,(888)645-2179,2024-03-02,Postpaid
8642,Olivia Hunt,uspence@example.net,212.779.3208,2024-06-09,Postpaid
8643,Tina Walker,henry31@example.net,474-423-2176x2919,2023-05-27,Prepaid
8644,Alexander May,bsmith@example.com,001-976-414-7983,2023-07-25,Prepaid
8645,Debbie Green,michaelball@example.net,(512)360-9468x498,2023-08-15,Prepaid
8646,Brandi Williams,deborahberger@example.net,473-228-6335x02546,2023-12-10,Postpaid
8647,Madison Lee,victorhart@example.org,292.578.5859x997,2024-08-11,Prepaid
8648,Anthony Castro,emorris@example.com,7498838812,2023-11-09,Prepaid
8649,Samantha Garner,leahreid@example.net,975.508.3255,2024-03-19,Postpaid
8650,Danielle Phillips,gail27@example.com,(977)318-8032x7944,2023-11-08,Postpaid
8651,Margaret Thompson,jamesmorris@example.com,(405)864-4821,2025-02-06,Prepaid
8652,Eric Tucker,robinsonstephen@example.net,933-264-0065x614,2024-04-25,Prepaid
8653,Matthew Davis,jessica61@example.net,(740)673-7693,2024-04-12,Prepaid
8654,Kathryn Perez,ucosta@example.net,(404)941-5010,2023-08-11,Postpaid
8655,John Hill,martinezlauren@example.com,(630)764-1873,2023-09-21,Prepaid
8656,Oscar Kelly,mcleanbrian@example.org,947.938.8561x06096,2023-10-05,Prepaid
8657,Megan Harris,sherrykirk@example.net,336-722-5171x6720,2024-02-10,Prepaid
8658,Jennifer Powell,tkim@example.com,911-349-0310x10520,2023-11-24,Postpaid
8659,Michelle Willis DVM,elizabeth23@example.org,337-607-2646x05724,2023-08-27,Prepaid
8660,Stanley Meyer,jnguyen@example.net,001-373-679-0403x920,2025-04-23,Prepaid
8661,Michael Carrillo,vstewart@example.com,(604)985-8308x16909,2024-04-24,Postpaid
8662,Kyle Francis,michelle31@example.com,001-540-792-0395x368,2024-03-27,Prepaid
8663,Susan Lewis,petersonpaul@example.org,+1-247-426-0983x810,2024-06-11,Postpaid
8664,Christopher Patel,tammie26@example.com,398.293.8660,2025-01-09,Postpaid
8665,Gregory Wolfe,millerlindsay@example.com,908.903.7437x63995,2024-04-19,Postpaid
8666,Eric Stanley,scottflores@example.net,436-432-2635x12793,2024-06-11,Prepaid
8667,Trevor Snyder,courtney31@example.org,001-714-820-6073x852,2023-11-16,Prepaid
8668,Joseph Hughes,carolynkim@example.com,407-617-7606,2024-10-06,Prepaid
8669,Nicole Trujillo,paul12@example.net,771.500.5379,2024-11-26,Postpaid
8670,Caroline Owens,jessica72@example.org,(983)321-7590,2025-04-03,Prepaid
8671,Angela Coffey,joshuaaguilar@example.net,730-204-1546x2459,2025-04-04,Postpaid
8672,Donald Cohen,patriciaclarke@example.net,259-282-0456x98703,2024-04-28,Prepaid
8673,Tammy Sullivan,erica89@example.net,2449743581,2024-11-27,Prepaid
8674,Scott Livingston,brookssara@example.net,356.541.7261,2024-08-21,Postpaid
8675,Erica Thompson,cameron79@example.com,895-215-0055,2025-01-09,Postpaid
8676,Robert Larsen,andreyoung@example.com,(750)410-6356,2024-08-17,Prepaid
8677,Matthew Hood,rogersjoseph@example.com,001-794-356-8769x2296,2025-03-22,Postpaid
8678,Anthony Mcdonald,anthony30@example.org,729-279-5968,2024-12-10,Prepaid
8679,Keith Fields,erikagarcia@example.com,001-761-201-0065x797,2024-09-04,Postpaid
8680,Michael Chavez Jr.,denniswhite@example.net,613-729-4664,2025-01-19,Prepaid
8681,Deanna Beck,weavermichael@example.org,(693)453-2131,2024-04-09,Postpaid
8682,Michael Perry,akelly@example.org,(916)481-5760x8984,2024-03-28,Prepaid
8683,Sylvia Conrad,larrywilliams@example.net,961-503-9315,2025-03-29,Prepaid
8684,Jeffrey Page,margaretsmith@example.com,961-363-3027x6317,2023-05-05,Prepaid
8685,Melinda Richardson,donna11@example.org,(877)943-8773,2024-10-10,Prepaid
8686,Amber Williams,oreynolds@example.net,336.461.1614,2024-08-23,Prepaid
8687,Kelly Bonilla,heather70@example.net,420-926-7405x02777,2024-12-18,Prepaid
8688,Chris Thompson,michael86@example.org,456.886.6243x23724,2023-11-09,Postpaid
8689,Rebecca Larson,pguzman@example.net,565.631.0806x09846,2024-07-20,Postpaid
8690,Chloe Cook,steven13@example.org,5485633157,2023-12-03,Prepaid
8691,Jennifer Thomas,meredithowen@example.net,942.922.0817x692,2023-11-24,Postpaid
8692,Calvin Smith,leslieschwartz@example.org,236.344.8009x89274,2024-04-07,Prepaid
8693,Michelle Owens,uhorton@example.org,001-440-883-6257x3344,2023-11-19,Prepaid
8694,Mrs. Valerie Calderon MD,njames@example.org,+1-458-435-4251x7129,2024-09-04,Postpaid
8695,Theresa Wright MD,rossjeremy@example.com,+1-587-420-2894,2024-09-09,Postpaid
8696,Brenda Cowan,cynthiajohnson@example.net,708.492.1176,2023-12-31,Prepaid
8697,Julie Camacho,julie10@example.org,001-777-938-7070x5263,2025-02-24,Prepaid
8698,Jennifer Valdez,stevennavarro@example.net,495.355.4012,2025-01-27,Prepaid
8699,Sarah Butler,frostcolleen@example.net,723.917.9829,2024-12-13,Prepaid
8700,Timothy Schwartz,daniel51@example.org,001-413-430-0221x599,2023-10-07,Prepaid
8701,Michele Pitts,hartwillie@example.org,997-463-0094,2024-11-03,Postpaid
8702,Joseph Brady,xchavez@example.com,(923)687-0685x48523,2023-07-31,Prepaid
8703,Ashley Johnson DDS,qroberts@example.org,(972)402-0546x6159,2023-05-15,Postpaid
8704,Jorge Rodriguez,melissagarrett@example.org,766-471-3101,2023-08-19,Postpaid
8705,Briana Mckee,smithpamela@example.com,613.951.6438x161,2023-08-12,Prepaid
8706,Anthony White,millerrachel@example.com,580-891-9836x648,2023-08-19,Prepaid
8707,Joshua Warren,crystal97@example.net,+1-835-212-4528x757,2025-02-23,Postpaid
8708,Dr. Sandra Richards PhD,alexandra87@example.com,001-266-299-0197x25294,2025-03-05,Postpaid
8709,James Higgins,twade@example.net,(955)639-7200x13442,2025-02-02,Prepaid
8710,Philip Warren,huntererin@example.net,(972)389-7600,2023-08-20,Postpaid
8711,Christopher Rose,vincent12@example.org,403-380-1332,2023-08-08,Prepaid
8712,Donald Foster,davidcherry@example.org,9317225375,2024-06-19,Prepaid
8713,Gregory Campbell,brandy78@example.net,001-496-312-1896x6129,2024-06-16,Postpaid
8714,Carrie Young,uwashington@example.net,(776)854-4166,2024-10-06,Prepaid
8715,Kathryn Levy,amerritt@example.net,305.792.0705,2025-04-30,Postpaid
8716,Christopher Stephens,marymanning@example.com,+1-919-608-1995,2023-08-18,Postpaid
8717,Thomas Lewis,wfisher@example.com,949-354-1771x87290,2023-12-10,Postpaid
8718,Caitlin Garcia,michael86@example.com,515.754.5344x0959,2024-08-28,Prepaid
8719,Devin Howard,millerchristopher@example.net,+1-988-595-3507,2025-02-07,Postpaid
8720,Robert Kelly,prattphilip@example.org,+1-468-743-4938x8883,2024-12-01,Prepaid
8721,Charles Ball,scottmcdonald@example.com,(509)680-8326x41239,2023-08-28,Prepaid
8722,James Smith,pritter@example.com,3895246268,2024-06-04,Postpaid
8723,Luis Bell,leonrandy@example.org,485-483-0825x472,2025-02-10,Postpaid
8724,Patrick Powell,williamsdylan@example.com,+1-956-638-2493x891,2024-09-16,Prepaid
8725,Jack Bowman,karl72@example.com,5454032099,2023-07-02,Postpaid
8726,Tasha Sawyer,sanforddustin@example.org,001-249-654-9573x99202,2025-03-30,Postpaid
8727,Barbara Lucas DDS,murraykayla@example.com,812.965.1590x598,2023-08-24,Postpaid
8728,Ruth Wilson,vwyatt@example.com,497.610.4643,2024-05-15,Prepaid
8729,Amy Wilson,xcooke@example.com,8758592938,2024-11-11,Prepaid
8730,Arthur Harrington,rodney87@example.net,732-366-0357x14779,2024-01-08,Prepaid
8731,Kara Wilson,megan63@example.com,+1-957-511-9052,2024-12-31,Prepaid
8732,Peter Warren,sbennett@example.org,689.590.2617,2024-07-10,Postpaid
8733,Michael Olson,pzimmerman@example.com,663-841-4149,2024-01-24,Prepaid
8734,Brandy Jenkins,sheilacase@example.net,(667)541-0070x517,2023-08-06,Postpaid
8735,Thomas Hoover,jacksonbenjamin@example.com,001-255-477-5869x7589,2023-08-09,Prepaid
8736,Jamie Pollard,edward25@example.net,793-593-7006,2024-05-09,Prepaid
8737,Ryan Weaver,kristin37@example.com,472-499-8411,2025-04-03,Prepaid
8738,Ashley Powell,luis25@example.net,(412)722-2851,2024-12-31,Postpaid
8739,Thomas Howell,mary13@example.net,9877976896,2023-11-21,Prepaid
8740,Angel Santiago,bellrobin@example.org,490-786-3166x0675,2023-05-04,Postpaid
8741,Gabrielle Shepard,uhouston@example.org,+1-693-553-9985,2024-06-06,Postpaid
8742,Alexis Edwards,deborah31@example.net,+1-665-796-1310x37060,2024-07-08,Postpaid
8743,Erin Morrison,george10@example.com,576-350-4382,2024-08-09,Postpaid
8744,Joseph Wood,james42@example.net,(356)374-8416,2023-07-18,Prepaid
8745,John Berger,ashleyyork@example.net,(580)712-6416x543,2023-09-28,Postpaid
8746,Eric Gibson,parksmatthew@example.net,361-888-0823x956,2024-03-05,Postpaid
8747,Nicole Drake,gjohnson@example.org,001-793-225-9428,2023-12-09,Prepaid
8748,Todd Hess,vwelch@example.com,(780)958-6523x3435,2024-02-06,Postpaid
8749,Tina Robinson,christinegraham@example.com,+1-868-254-5876,2024-07-13,Prepaid
8750,Ryan Patel,shood@example.org,001-924-401-6935x6906,2023-08-14,Postpaid
8751,Mary Gardner,rangelabigail@example.org,786-949-7022x61694,2025-03-19,Prepaid
8752,David Daniels,kylemckay@example.org,531-733-0662x395,2024-12-03,Prepaid
8753,Charles Hill,christopher82@example.com,406-810-1337x84467,2023-07-07,Postpaid
8754,Rachel Obrien,adam58@example.com,377-266-8846,2023-12-17,Postpaid
8755,Caitlin Smith,michaelhughes@example.org,785-687-1334x25278,2023-07-18,Postpaid
8756,Joseph Burton,franklee@example.com,(463)957-3013,2023-10-27,Prepaid
8757,Charles Parker,jongordon@example.org,756.306.3679,2024-08-02,Prepaid
8758,Joshua Ho,qgriffith@example.net,5724325288,2023-06-21,Prepaid
8759,Kimberly Pena,apatrick@example.com,(490)634-3899x174,2023-07-29,Postpaid
8760,Jennifer Davis,barnesholly@example.org,828.677.9583x525,2024-06-11,Prepaid
8761,Tony Brown,kendra93@example.org,(433)450-5159x8303,2024-07-18,Postpaid
8762,Jose Hurley,sabrina16@example.net,(518)433-1308x44451,2024-12-05,Prepaid
8763,Cynthia Haas,reeveskimberly@example.com,001-948-979-7536,2024-04-04,Prepaid
8764,Dylan Thompson,eric40@example.org,(614)224-7321x77303,2024-06-03,Prepaid
8765,Jennifer Pace,johnsonamanda@example.net,6839271603,2025-02-22,Postpaid
8766,Mario Reyes,jenniferwinters@example.net,(573)556-0870x3509,2025-01-12,Postpaid
8767,Katherine Mcclure,nicholemills@example.net,(861)822-3282x225,2025-03-10,Prepaid
8768,Tyler Navarro,rowestacy@example.net,952-999-8061,2023-11-10,Postpaid
8769,Steven Patel,colton97@example.org,846-355-4983,2023-06-25,Postpaid
8770,Bobby Wheeler,wendy04@example.org,(216)540-1000x27620,2024-10-28,Postpaid
8771,Lisa Smith,hardinamanda@example.net,461.600.7127x42949,2025-02-12,Postpaid
8772,James Williamson,pfrey@example.net,(483)430-4064,2023-10-22,Postpaid
8773,Randy Merritt,jwise@example.org,799.381.6918x503,2023-05-07,Prepaid
8774,Teresa Burgess,johnsonolivia@example.com,(921)540-7056x577,2025-03-06,Prepaid
8775,Robert Perez,ywhitney@example.net,(473)699-4849,2024-05-01,Prepaid
8776,Theresa Young,lawrencerogers@example.com,468.358.2750x34142,2023-08-26,Postpaid
8777,Angela Cruz,samantharoberts@example.net,001-988-783-3785,2024-08-21,Prepaid
8778,Jeffrey Kane,xrose@example.com,+1-599-737-9819x22583,2024-06-21,Postpaid
8779,Tamara Garrett,rachelhicks@example.net,(616)461-5543x8313,2023-11-08,Prepaid
8780,Scott Brown,elizabeth71@example.net,+1-371-235-3041x763,2024-05-28,Prepaid
8781,Sara Hernandez,ramosdennis@example.org,321-389-3459,2023-12-31,Postpaid
8782,Ann Williams,matthew89@example.net,252-634-5937,2023-08-22,Postpaid
8783,Mrs. Lauren Kim,bhamilton@example.org,+1-915-636-0559x560,2025-02-05,Prepaid
8784,Daniel Turner,jasonwilliams@example.net,001-362-278-8010x01029,2024-10-06,Postpaid
8785,Michelle Terry,yolanda22@example.net,+1-864-412-2635x892,2024-02-16,Postpaid
8786,John Hunter,jleon@example.net,+1-604-431-0276x77441,2023-08-12,Postpaid
8787,William Jacobson,christinacastillo@example.net,001-361-876-9525x911,2024-11-30,Prepaid
8788,Jeanne Cooper,wjohnson@example.com,(415)722-3182x9220,2024-03-10,Prepaid
8789,Lauren Duran,kwilson@example.org,+1-395-448-4808x92448,2024-10-11,Postpaid
8790,Samuel Jackson,carolinehunt@example.com,(900)522-0424,2025-01-09,Prepaid
8791,Christopher Sims,mweaver@example.com,(213)540-1945x59357,2025-01-09,Prepaid
8792,Jessica Taylor,alexandercarrie@example.com,(791)210-4880x64592,2024-07-30,Postpaid
8793,John Smith,earl40@example.org,362.538.2094x24260,2024-04-16,Prepaid
8794,Willie Hernandez,agrimes@example.org,(436)205-4316,2024-04-29,Postpaid
8795,Stacey Newman,richard00@example.net,8655703988,2024-11-12,Postpaid
8796,Tasha Garcia,johnsonjohnathan@example.org,518-423-8022x2898,2024-06-24,Prepaid
8797,Peter Arroyo,anthony63@example.org,835.611.1459,2024-08-16,Prepaid
8798,Hayley Perry,eric50@example.net,(975)624-5260,2025-04-02,Prepaid
8799,Johnny Cook,osmith@example.org,(454)443-9868x6373,2023-08-27,Postpaid
8800,Jennifer Durham,gcastro@example.net,791.454.7763x70226,2024-06-22,Prepaid
8801,Rachel Chapman,elizabethdurham@example.com,+1-312-341-7292x1273,2024-06-02,Postpaid
8802,Katherine Fischer,anthonybell@example.net,001-435-937-0442x4130,2023-07-29,Prepaid
8803,Harry Cohen,wilsonsierra@example.org,(465)855-7870x004,2023-07-28,Prepaid
8804,Melanie Oconnor,ryan62@example.net,204.647.3027,2023-10-24,Postpaid
8805,Victoria Jordan,mary84@example.net,411-762-8193,2024-01-20,Prepaid
8806,Suzanne Gonzalez,whitecharles@example.org,+1-704-344-4083,2024-03-07,Postpaid
8807,Mary Miller,williamconrad@example.com,679.644.8504x2257,2024-05-23,Prepaid
8808,Sandra Allen,allenrichard@example.org,001-856-682-8700,2024-02-08,Postpaid
8809,Jessica Mendoza,gonzalesmackenzie@example.org,690.982.0607x034,2024-11-21,Postpaid
8810,Margaret Powers,terrishaffer@example.net,584.476.1102x0159,2024-07-29,Postpaid
8811,Kathryn Chandler DDS,garciamartha@example.org,592-774-4564x438,2024-03-22,Prepaid
8812,Laura Lane,valencianoah@example.com,774-378-9886,2024-07-15,Prepaid
8813,Mr. James Mcdaniel,haydenmelvin@example.com,+1-770-435-3594x4430,2025-01-15,Postpaid
8814,Barbara West,josejohns@example.org,(658)266-1088,2025-01-27,Postpaid
8815,Timothy Johnson,lucascarol@example.net,622.644.0461x26948,2024-11-22,Postpaid
8816,Anna Miller,zhamilton@example.org,001-927-745-6932x5538,2025-01-08,Prepaid
8817,Jennifer Tate,grahamjennifer@example.com,315.278.6290x226,2023-07-24,Postpaid
8818,Teresa Brown,knightjohn@example.org,489-252-7630x8821,2023-06-03,Postpaid
8819,Noah Nelson,reeveskimberly@example.org,576-724-9140x11848,2024-12-01,Postpaid
8820,Alexandra Leon,tneal@example.net,7702803002,2024-06-29,Postpaid
8821,Alicia Matthews,rachel61@example.net,+1-991-739-1446x16170,2023-11-13,Postpaid
8822,Lisa Hess MD,venglish@example.com,001-238-874-9455x275,2024-06-10,Postpaid
8823,April Reese,bethanyconrad@example.com,5206059764,2023-09-03,Prepaid
8824,Samantha Harrison,jerryjohnson@example.com,001-475-592-8133x03108,2023-11-18,Postpaid
8825,Laura Mitchell,theresa32@example.net,342.526.7512x697,2024-01-29,Prepaid
8826,Jody Herrera,jocelynjacobs@example.com,001-604-966-1126x85886,2024-03-17,Postpaid
8827,Jose Oconnor,timothyvillegas@example.net,001-409-989-3699x6779,2024-10-04,Prepaid
8828,Charles Smith,clong@example.net,(360)353-7078,2024-11-04,Postpaid
8829,Jennifer Lawson,campbelldanielle@example.net,+1-933-293-5719x505,2024-04-16,Prepaid
8830,John Wilson,erica23@example.org,596-865-3583x8677,2024-09-27,Prepaid
8831,Matthew Bentley,allison60@example.net,+1-200-535-2108,2024-05-28,Prepaid
8832,James Jordan,carpenterbrandy@example.org,446.501.7927x007,2024-01-30,Postpaid
8833,Micheal Mcgrath,wesleyvalenzuela@example.com,(361)321-9752x13682,2024-08-11,Prepaid
8834,Mr. James Marsh,lawrencegonzales@example.com,504.854.1936,2024-07-20,Prepaid
8835,Angel Acosta,scottsara@example.net,+1-969-951-0476x7718,2023-10-30,Prepaid
8836,Robert Day,flemingryan@example.net,001-455-317-1974x63348,2023-06-30,Postpaid
8837,Brett Holland,joshuanicholson@example.org,001-998-308-2705,2023-05-20,Prepaid
8838,Yvonne Long,tbennett@example.com,908-316-7124,2024-12-25,Postpaid
8839,Phillip Vasquez,xgarrison@example.com,938.812.5465x5496,2025-01-11,Postpaid
8840,Bonnie Baker,swebb@example.net,3095394487,2024-06-15,Prepaid
8841,James Anderson,tnewman@example.org,490.325.0727x6314,2024-09-02,Postpaid
8842,Tara Wilson,csanders@example.com,(975)201-6601,2023-09-21,Prepaid
8843,Tracy Johnson,mcknightmaria@example.org,785.808.7780x712,2024-09-18,Postpaid
8844,Debra Sawyer,jacob10@example.com,+1-429-587-6114x396,2025-01-27,Postpaid
8845,Vickie Thomas,bjenkins@example.net,991-511-4858x705,2024-07-31,Postpaid
8846,Ashley Lee,gonzalezalexander@example.net,928.591.4742x53876,2024-03-07,Postpaid
8847,Susan Owen,markhernandez@example.org,001-828-240-3870x0784,2023-10-14,Prepaid
8848,Laura Anderson,katherinedelacruz@example.com,+1-665-840-8005x263,2023-08-10,Prepaid
8849,Alexander Sullivan,francisstephen@example.net,(802)825-6405x08588,2024-03-14,Prepaid
8850,Joshua Lawrence,michael02@example.com,327-810-8709x256,2024-09-15,Postpaid
8851,Mr. Travis Lopez MD,paultaylor@example.org,(728)867-0428x5879,2023-08-03,Postpaid
8852,Adam Pena,eromero@example.net,001-498-743-1635,2023-08-28,Postpaid
8853,Katherine Olson,steven35@example.com,742-474-5034x24153,2023-09-10,Prepaid
8854,Angela Jackson,michele34@example.net,001-408-239-5842x571,2024-01-09,Prepaid
8855,Taylor Smith MD,smithbrooke@example.org,001-309-494-7728,2023-06-09,Prepaid
8856,Shawn Vega,christinairwin@example.org,001-339-282-3573x13448,2024-07-10,Postpaid
8857,Christopher Pierce,james90@example.com,389.968.3753,2024-11-16,Postpaid
8858,Melanie Hall,sarahblack@example.org,(782)234-0753,2025-03-28,Prepaid
8859,Shane Marks,aguirreerica@example.net,001-742-903-5255x188,2023-08-21,Prepaid
8860,Amy Carter,sandra56@example.com,918.639.8765x3020,2024-09-16,Prepaid
8861,Joshua Gomez,clintonweber@example.com,291-265-6278x969,2023-11-29,Postpaid
8862,Laura Hernandez,holtisaiah@example.com,2166527271,2025-03-10,Postpaid
8863,Rhonda Griffin,sarah78@example.org,566.408.7787x68857,2025-01-27,Postpaid
8864,Sandra Clay,beardchristopher@example.com,+1-696-713-7405x298,2024-11-15,Prepaid
8865,Susan Morgan,gonzalezjames@example.com,+1-853-778-3961x964,2024-12-05,Prepaid
8866,Melissa Hunt,johnsonandrew@example.org,001-402-853-1810,2024-07-21,Postpaid
8867,Linda Page,gjohnson@example.net,4877353824,2024-07-21,Postpaid
8868,Diana Hickman,samuelgray@example.com,(815)350-3511,2024-08-07,Prepaid
8869,John Kennedy,david83@example.com,001-627-558-8841x385,2023-12-18,Prepaid
8870,Miss Christina Dominguez,ernest76@example.net,333-782-2191,2025-01-18,Postpaid
8871,Alice Johnson,andersonpamela@example.org,613.524.4320x9108,2023-12-16,Prepaid
8872,Jeffrey Castaneda,norriswilliam@example.com,7493141908,2025-04-13,Prepaid
8873,Bethany Gonzalez,andersonfrank@example.com,940.297.3381,2024-05-04,Prepaid
8874,Jenny Smith,natalie79@example.net,+1-365-300-9788,2023-12-14,Postpaid
8875,Ronald Anderson,kayla68@example.com,+1-379-981-4672x82663,2024-12-15,Postpaid
8876,Christian Johnson,bradleyguerra@example.com,+1-921-401-3017,2023-12-16,Postpaid
8877,Randall Pratt,wendy01@example.org,331.622.4883x4708,2023-11-11,Prepaid
8878,Brian Hicks,thorton@example.com,001-467-745-0689x905,2023-08-06,Postpaid
8879,Zachary Mays,allisonclay@example.org,888-407-7514,2024-10-15,Prepaid
8880,Robert Gallegos,tuckermichael@example.org,490.415.2094x5521,2023-11-09,Prepaid
8881,Carrie Prince,joemorales@example.com,968-326-7719,2023-11-24,Postpaid
8882,Matthew Reeves,matthewhines@example.net,7063558067,2023-05-22,Prepaid
8883,Angela Black,dillondavid@example.com,(703)998-6860x525,2023-11-24,Postpaid
8884,Dylan Chapman,robin39@example.com,431-228-0622,2023-11-19,Postpaid
8885,Thomas Rich,jessicaclark@example.com,386-410-3545x338,2023-09-11,Prepaid
8886,Justin Mclean,raylisa@example.org,+1-514-753-2349x9446,2024-07-09,Postpaid
8887,Laurie Reynolds,robertkirby@example.org,296-206-5024x2368,2024-08-22,Prepaid
8888,Joel Mahoney,kevin56@example.org,+1-656-234-1780x001,2023-09-09,Postpaid
8889,David Jones,william36@example.org,443.461.9706x591,2023-06-21,Prepaid
8890,Donna Carter,fwalton@example.net,603.682.6141,2023-06-05,Postpaid
8891,Jessica Richard,antonio72@example.org,(214)607-0960x3057,2023-09-16,Prepaid
8892,Kristin Adams,rochaeric@example.net,+1-594-604-9998,2023-05-23,Postpaid
8893,Gabrielle Young,lynnlindsey@example.net,+1-763-369-4122x5506,2023-09-05,Prepaid
8894,Jennifer Anderson,jonathanhahn@example.net,001-315-298-4297,2024-12-05,Prepaid
8895,Russell Sanchez,amy72@example.com,001-794-588-9809x107,2025-02-26,Prepaid
8896,Lauren Roberts,weekssean@example.net,+1-844-367-2878x2234,2025-02-12,Prepaid
8897,Amber White,montoyadonna@example.com,564-499-2589,2023-07-15,Postpaid
8898,Jessica Williams,codyzimmerman@example.com,001-910-695-8276x46809,2023-07-13,Postpaid
8899,Heather Mccarthy,kellywest@example.org,417-449-1600x65406,2024-01-11,Prepaid
8900,David Reyes,kgonzalez@example.net,(570)785-9167x379,2024-09-10,Prepaid
8901,William Zimmerman,jesus08@example.org,9405212339,2023-07-20,Postpaid
8902,Kevin Wright,cynthia25@example.com,+1-793-726-3199x40253,2024-08-06,Prepaid
8903,Andrew Tyler,mindy61@example.net,(729)630-5816x306,2024-02-28,Postpaid
8904,Sara Stout,vanessawright@example.com,+1-394-547-3642x182,2025-04-18,Postpaid
8905,Mr. Brian Lee,eweeks@example.net,(723)443-5291,2024-08-03,Prepaid
8906,Stephen Bailey,walkerdebra@example.com,+1-463-796-7504,2024-09-07,Prepaid
8907,Becky Smith,nashrachel@example.org,+1-811-771-5757x5985,2023-06-09,Prepaid
8908,Ashley Cooley,browndavid@example.com,(979)560-5984x012,2024-08-12,Prepaid
8909,Brian Tran,pschmidt@example.net,001-284-873-4306x791,2023-09-09,Postpaid
8910,Christopher Larsen,lewismark@example.net,2289325566,2023-07-17,Postpaid
8911,Justin Mccoy,pattersoncharles@example.net,(635)849-9565x9783,2024-10-23,Postpaid
8912,Scott Cox,yscott@example.org,(208)613-4078x94061,2025-03-15,Postpaid
8913,Travis Daniel,tara58@example.com,9229802942,2023-12-27,Postpaid
8914,Darren Jackson,eblanchard@example.com,(388)917-5082x349,2024-05-24,Postpaid
8915,Mrs. Jennifer Herrera PhD,kingjennifer@example.org,(670)235-8981,2024-08-02,Prepaid
8916,Heidi Cooper,yparks@example.net,6803906766,2024-10-17,Postpaid
8917,Jasmine Marquez,torresmike@example.com,802-654-6696,2024-11-18,Postpaid
8918,Daniel Long,adamsheidi@example.org,(221)237-7018,2023-09-11,Postpaid
8919,Sandra Williams,sara82@example.net,824-846-3887x060,2025-02-15,Postpaid
8920,Brittney Mccall,adrian14@example.net,001-623-537-1512x89347,2023-11-29,Prepaid
8921,Michael Dennis,brandon87@example.net,+1-219-601-5735x2341,2023-11-30,Prepaid
8922,Dillon Gray,andrew86@example.com,852.817.0408,2023-10-01,Postpaid
8923,Jennifer Hernandez,ofloyd@example.net,506.519.5417,2024-11-13,Postpaid
8924,Amanda Berg,dominic54@example.net,(214)990-3275x494,2024-11-17,Postpaid
8925,Eric Boyle,sandrazuniga@example.org,001-954-884-4536x1717,2024-12-01,Prepaid
8926,Kyle Wise MD,lisa19@example.net,(789)650-7958,2024-09-19,Prepaid
8927,Travis Moore,cruzheather@example.org,(582)945-6690x651,2024-12-08,Postpaid
8928,Brian Lee,lynnmichelle@example.net,(288)571-0970,2023-06-28,Postpaid
8929,Catherine Cooper,wlee@example.net,001-882-800-2128,2024-10-02,Prepaid
8930,Dr. Dawn Howard,bethanyterry@example.org,803.714.2049,2024-11-22,Postpaid
8931,Jonathan Boyd,clarkbarry@example.net,321.675.9241x519,2024-09-26,Postpaid
8932,Jennifer Campbell,evilla@example.net,+1-812-678-9670x225,2024-05-11,Prepaid
8933,Courtney Romero,jamie85@example.net,001-788-463-7055x3724,2024-09-11,Prepaid
8934,Vanessa Spencer,anthony73@example.net,+1-550-253-5151x565,2023-10-19,Postpaid
8935,Taylor Smith,carmen89@example.com,8393618409,2024-06-28,Postpaid
8936,Hannah Rodriguez,iwalsh@example.com,8995301532,2023-09-21,Prepaid
8937,Kendra Brooks,marie67@example.com,(960)267-6977,2024-12-13,Prepaid
8938,Diamond Perry,joshua43@example.org,729.769.4295x4926,2024-07-03,Prepaid
8939,Chris Jackson,barkerdaniel@example.org,855-541-5243x223,2025-02-14,Prepaid
8940,Gary Diaz,amanda66@example.org,(374)750-2524,2024-10-26,Postpaid
8941,Rachael Kramer,imorrison@example.net,001-226-705-5331,2025-04-21,Postpaid
8942,Stephanie Smith,james69@example.com,001-235-247-6330x1418,2023-05-11,Prepaid
8943,Lisa Conway,larrymccormick@example.net,6084185988,2025-04-30,Prepaid
8944,Tamara Williams,freykaren@example.com,001-889-566-9063x91797,2024-10-13,Postpaid
8945,Ashley Collins,derek40@example.net,735-718-1868,2024-05-26,Prepaid
8946,Jacob Thompson,martinwheeler@example.net,001-309-511-9505x86328,2024-02-12,Postpaid
8947,Kathy Hurley,allisonjenkins@example.org,533.352.7802x0476,2023-09-30,Prepaid
8948,Monica Campbell,elizabeth04@example.org,+1-848-573-9409x62987,2024-05-11,Prepaid
8949,Gregory Bush,wrightsusan@example.com,602-389-8872x116,2023-06-08,Postpaid
8950,Joseph Owens,mccallcameron@example.net,570.572.6430,2023-10-05,Prepaid
8951,Kelly Jones,josephanderson@example.net,881.553.7752x650,2024-11-23,Prepaid
8952,Dawn Curtis,ajohnson@example.com,+1-741-824-2604x987,2024-05-10,Prepaid
8953,Heather Johnson,kaitlyn30@example.org,+1-242-244-2441x56244,2023-09-23,Prepaid
8954,Tracy Russell,erikaaustin@example.net,679-712-6114x218,2024-01-21,Prepaid
8955,Joel Wall,hlarsen@example.net,488-983-4592x2805,2025-02-13,Postpaid
8956,Kathleen Wilson,kristinemalone@example.com,(995)925-0747,2024-08-02,Postpaid
8957,Gabriel Petty,littlewilliam@example.org,758.670.9558x874,2023-05-18,Prepaid
8958,Megan Williams,kevin91@example.com,+1-839-297-8058,2023-08-25,Prepaid
8959,Leslie Jones,whiteadam@example.org,+1-424-332-6736x1326,2023-07-06,Prepaid
8960,Daniel Ford,xreyes@example.org,001-422-568-4658x2017,2024-03-06,Prepaid
8961,Jason Lee Jr.,krivera@example.org,+1-440-629-8279x5063,2023-05-07,Postpaid
8962,Kelly Glass,williamkhan@example.org,346-468-5162,2023-05-03,Postpaid
8963,Sara Johnson,josejackson@example.org,287.925.7373,2023-09-17,Prepaid
8964,John White,christopher11@example.com,001-674-729-5252x96756,2023-06-08,Prepaid
8965,Denise Herman,kennethgutierrez@example.net,001-535-273-0273,2024-10-08,Postpaid
8966,Miguel Nolan,cynthiafuller@example.net,923.336.3591x233,2024-05-09,Postpaid
8967,Lori Rivera,dustin03@example.net,506-835-4887x47577,2023-08-09,Prepaid
8968,Paula Sanchez,duanemiller@example.org,+1-540-356-5229x384,2024-12-07,Prepaid
8969,Tammy Mcintyre,mathewsoto@example.org,383-338-2802,2024-11-21,Postpaid
8970,Laurie Gallegos,ufisher@example.net,850.848.5926x1097,2024-10-12,Postpaid
8971,Robert King,derrickwilson@example.com,(732)683-3974,2025-03-26,Postpaid
8972,Allison Mitchell,melissaallen@example.com,+1-769-256-2940x219,2024-10-08,Prepaid
8973,Christopher Kelley,pricetracy@example.org,(496)747-6863,2024-02-19,Prepaid
8974,James Navarro,allison44@example.org,(376)573-2813,2024-04-24,Postpaid
8975,William Warner,wmejia@example.org,001-400-297-9779x9911,2024-05-16,Prepaid
8976,Larry Ramirez MD,michael38@example.com,269.746.7567x8299,2025-04-08,Postpaid
8977,Wanda Nguyen,mckenzie91@example.net,525.477.5458x7353,2024-02-15,Postpaid
8978,Jerry Simon,kylephillips@example.org,265-267-2795,2024-09-09,Prepaid
8979,Michael Davis,deborahtravis@example.com,(463)385-3652,2024-02-15,Postpaid
8980,Stephen Chandler,lisa62@example.net,(509)304-3367x25834,2025-02-02,Postpaid
8981,Martin Johnson,pharrison@example.net,(847)852-4509x55703,2024-01-11,Postpaid
8982,Ruben Evans,nicole97@example.org,(504)418-5913x7563,2023-05-05,Prepaid
8983,Theresa Branch,leahfoster@example.com,(592)958-8126x15559,2024-11-09,Prepaid
8984,Gregory Richardson,timothypruitt@example.net,+1-576-731-2947x7877,2024-03-15,Prepaid
8985,Bob Luna,justin33@example.net,+1-807-360-1775x133,2024-01-22,Postpaid
8986,Andrea Anderson,kcole@example.com,458.505.2885,2023-11-23,Postpaid
8987,Joshua Wilson,bishopgerald@example.com,871.350.4229x0887,2023-09-19,Prepaid
8988,Shelby Jones,jonesaaron@example.org,834.584.9762x872,2025-02-15,Prepaid
8989,Brittany Brennan,lori76@example.org,9769619129,2023-12-06,Prepaid
8990,Jason Hughes,jennaandrews@example.net,(963)342-1517x54555,2024-05-07,Postpaid
8991,Dominique Bennett DVM,wandafranklin@example.org,9827550300,2024-07-29,Prepaid
8992,Vernon Bowen,edwardsjames@example.org,203-939-8654,2024-08-20,Postpaid
8993,Linda Baker,robertflores@example.net,+1-391-233-2117x53721,2024-06-04,Prepaid
8994,Edward Dunn,charles23@example.com,828-960-2002,2024-01-27,Prepaid
8995,Scott Harris,hallmolly@example.org,827.744.1468,2024-01-24,Prepaid
8996,Lisa Hayden,patricia02@example.org,647.974.7455,2025-01-18,Postpaid
8997,Lisa Lee,gary63@example.com,6008127961,2024-09-26,Prepaid
8998,Catherine Terry,john42@example.org,2456681603,2023-11-03,Prepaid
8999,Christopher Reyes,jacob55@example.org,+1-952-631-0746x6838,2024-07-26,Postpaid
9000,Anthony Weaver,lnelson@example.com,496-460-3306,2024-06-15,Prepaid
9001,Robert Robinson,michaelsimpson@example.com,593-713-6572x21832,2024-01-29,Prepaid
9002,Sheri Crawford,dawnclark@example.com,432-306-7409x94717,2023-08-01,Prepaid
9003,Jennifer Abbott,laceycallahan@example.org,(274)751-4229x632,2025-01-16,Postpaid
9004,Jerry White,churley@example.org,431.673.5479x00594,2025-01-20,Postpaid
9005,Jonathan Garcia,nicholasnguyen@example.com,+1-787-810-6867,2025-03-27,Postpaid
9006,Erica Miller,amandamurphy@example.net,796.809.1636x183,2024-09-09,Prepaid
9007,Alicia Dillon,hmarshall@example.net,515.323.7623,2024-02-19,Postpaid
9008,Eric Phillips,brent77@example.net,665-827-8499x2448,2024-05-12,Postpaid
9009,Jody May,xthomas@example.net,272.751.1980,2023-07-19,Postpaid
9010,Dr. Kayla Johnson,scottjones@example.net,7185082566,2023-10-25,Postpaid
9011,Tyler Miller,charles45@example.net,521-645-2002x728,2024-11-01,Prepaid
9012,Kelsey Francis,tinamyers@example.com,671-784-9658x20899,2025-04-27,Prepaid
9013,Allison Garcia,kennedykurt@example.org,321-879-2342x48940,2024-05-10,Prepaid
9014,William Lucero,vcline@example.com,001-631-653-5481,2024-09-03,Prepaid
9015,Zachary Moore,zoemartin@example.com,684.332.9834x9213,2024-11-09,Postpaid
9016,Sara Reyes,johnhenry@example.com,430.420.3135,2025-01-30,Prepaid
9017,Nicolas Frey,lauracampos@example.org,001-783-539-6422x59514,2025-03-17,Postpaid
9018,Kim Abbott,pattersondaniel@example.org,4608388735,2025-01-22,Postpaid
9019,Eric Snyder,ctaylor@example.com,(922)462-6888x4399,2025-02-04,Postpaid
9020,Christy Buchanan,jcruz@example.com,(864)454-1834x015,2023-09-10,Postpaid
9021,Alejandro Maddox,ramseyjoseph@example.com,5188986588,2025-03-07,Prepaid
9022,Timothy Turner,vwilliams@example.org,458.682.8450,2024-04-09,Postpaid
9023,James Warren,alexandergregory@example.org,+1-313-366-9943x9148,2023-05-29,Postpaid
9024,Brian Glenn,bestwalter@example.org,963-472-4070x10725,2023-08-24,Postpaid
9025,Mark Kim,marcreynolds@example.com,789-278-8213x454,2024-10-31,Prepaid
9026,Amy Lopez,jpayne@example.net,(477)444-0152x947,2024-07-05,Postpaid
9027,Benjamin Johnston,tanyareynolds@example.com,+1-777-798-3150x5847,2023-11-21,Postpaid
9028,Mr. Douglas Anderson,nicholasgonzalez@example.net,001-518-354-8190x289,2024-11-11,Prepaid
9029,Cindy Washington,carrolljasmine@example.org,(398)891-6258,2025-01-12,Prepaid
9030,Gregory Rivera,heidismith@example.org,(747)579-2360x1508,2025-04-10,Prepaid
9031,Audrey Clarke,alexandercheryl@example.org,+1-709-914-6053,2024-06-08,Prepaid
9032,Devin Dillon,robert19@example.org,+1-994-330-5992x9685,2023-11-12,Prepaid
9033,Megan Wilson,abates@example.com,+1-851-977-1938x4840,2023-07-22,Postpaid
9034,Stephanie Williams,kblackburn@example.com,522-934-5870,2024-11-22,Postpaid
9035,Richard Vasquez,lindaramsey@example.net,506-562-5221,2023-11-16,Prepaid
9036,Mary Williams,petersontiffany@example.org,+1-830-471-8039x76794,2024-11-30,Postpaid
9037,William Hayes,bernardmadison@example.net,+1-507-507-4678x20675,2024-11-27,Prepaid
9038,Donald Phillips,vpayne@example.com,(352)572-3621x199,2024-10-07,Postpaid
9039,Russell Weaver,kathleenblanchard@example.org,984-437-1849,2023-08-18,Prepaid
9040,David Simmons,schmidtjames@example.net,(324)505-8982x987,2023-12-30,Prepaid
9041,Linda Hamilton,matthew61@example.net,724-523-1195,2023-10-13,Prepaid
9042,Alec Snow,matthewmckinney@example.net,(488)814-0085,2024-11-14,Prepaid
9043,Judith Delgado,anna74@example.com,506.450.3397x8862,2025-03-05,Prepaid
9044,Stacey Garcia,velezchristina@example.org,001-903-924-8272x7179,2023-11-15,Postpaid
9045,Dawn Davis,melvinarcher@example.com,+1-836-971-4453,2023-08-27,Postpaid
9046,Robert Palmer,tyler09@example.com,+1-539-677-7896x4549,2024-02-27,Prepaid
9047,Kathy Tapia,hannah86@example.net,(892)706-2076,2025-03-08,Prepaid
9048,Isaac Ross,munozjesse@example.net,001-716-840-5203,2024-04-05,Prepaid
9049,Jacqueline Conley,yangsarah@example.net,7878043318,2023-07-30,Prepaid
9050,James Harris,shirley39@example.org,+1-808-661-0309x8470,2025-01-06,Prepaid
9051,Roberta Townsend,donaldwalker@example.org,795-235-0713,2024-02-23,Prepaid
9052,Jessica Green MD,ubarker@example.com,(295)618-5248x02402,2024-10-16,Postpaid
9053,Kenneth Jones,kkirk@example.com,525-366-0129x9120,2024-03-19,Postpaid
9054,Kimberly Bradley,brockshane@example.org,+1-619-310-3158x23313,2024-02-02,Postpaid
9055,Andrew Rose MD,pmunoz@example.com,523.705.8433x295,2023-11-23,Postpaid
9056,Jessica Williams,john44@example.com,519.573.1170x14862,2024-05-21,Prepaid
9057,David Johnson,shawn89@example.org,+1-648-287-4399,2023-12-22,Postpaid
9058,Jennifer Underwood,toddmcneil@example.net,660.266.1231,2023-06-01,Postpaid
9059,Stephanie Davidson,rebeccaconway@example.net,594-925-4247x59519,2024-08-30,Postpaid
9060,Jennifer Richardson,cooleymichael@example.net,(476)391-2582,2024-09-27,Prepaid
9061,Emily Frazier,ashleygarcia@example.com,310-781-7292x40809,2024-11-18,Postpaid
9062,John Mckenzie,qstevens@example.net,768-701-5915x991,2023-05-10,Prepaid
9063,Jeremiah Robinson,poolewayne@example.com,(609)331-0811x082,2024-10-29,Postpaid
9064,Austin Ramirez,johnsoncaleb@example.org,507.389.9907x662,2023-12-20,Prepaid
9065,Sarah Perry,schmidtstephanie@example.net,+1-324-908-6415x2348,2024-02-19,Postpaid
9066,Dr. Jessica Richards,dennis21@example.com,001-277-424-4034x6169,2024-02-06,Prepaid
9067,Sarah Schneider,schroederkristopher@example.org,(735)387-1330x387,2024-10-14,Postpaid
9068,Connie Gates,brownjill@example.org,001-665-336-3965x110,2024-02-01,Prepaid
9069,Daniel Ruiz,david01@example.net,336.711.9475,2023-07-10,Postpaid
9070,Christina Schaefer,warnerandrew@example.net,729-977-6247x328,2024-06-25,Prepaid
9071,Paul Zuniga,lisa78@example.org,(587)379-6418x820,2023-07-14,Prepaid
9072,Timothy Castaneda,eric12@example.net,836-961-7151x952,2024-08-29,Prepaid
9073,Michelle Bell,lewisstephanie@example.com,490-411-7413,2023-10-10,Postpaid
9074,George Stewart,velasquezthomas@example.net,948.893.8979,2024-09-21,Postpaid
9075,Barbara Moore,kylegolden@example.com,001-721-994-4943x64672,2024-05-26,Postpaid
9076,Dr. Rachel Smith,stephanie47@example.com,8035484280,2024-12-13,Postpaid
9077,John Adams,melissa81@example.net,001-371-678-3896x1059,2023-05-05,Postpaid
9078,Corey Jordan,mariaflores@example.com,702-889-9234,2024-09-19,Postpaid
9079,Jocelyn Martinez,whitejessica@example.com,001-469-245-3046x91875,2024-04-04,Postpaid
9080,Tristan Ferguson,timothykeller@example.org,(300)785-9788,2024-03-05,Postpaid
9081,Jordan Hawkins,josephwilson@example.com,828.948.7652,2024-05-26,Postpaid
9082,Anthony Shannon,bennettjohn@example.org,802.711.5725,2023-07-05,Postpaid
9083,Holly Harrington,victoria74@example.com,+1-983-349-9600x1733,2023-10-19,Prepaid
9084,John Brown,michelletaylor@example.com,001-555-575-0692x995,2024-12-03,Prepaid
9085,Andrea Vargas,donald66@example.net,001-797-511-4802x726,2024-09-15,Postpaid
9086,Brandon Lozano,briansmith@example.net,946-720-2007x372,2024-02-29,Postpaid
9087,Michelle Gates,douglas41@example.com,332.972.5065x84086,2024-06-26,Prepaid
9088,Christina Mitchell,princekaren@example.com,767.295.4679x3084,2025-01-13,Prepaid
9089,David Preston,erik39@example.org,546-986-9951x62291,2023-07-17,Postpaid
9090,Bill Solomon,sarahrichardson@example.net,673.654.7708,2024-11-18,Prepaid
9091,Cheryl Zavala,barrettjoshua@example.net,988.680.1657x49773,2023-05-20,Postpaid
9092,Kristin Henson,ryanwilson@example.org,+1-315-517-0532x218,2024-12-13,Prepaid
9093,Jessica Brooks,theresa80@example.net,+1-856-516-1575x8807,2023-10-29,Postpaid
9094,Mark Walker,millerbrenda@example.org,001-280-535-8686x7455,2025-02-22,Postpaid
9095,Kristine Evans,paige43@example.net,2089560309,2024-03-02,Prepaid
9096,Patrick Johnson,clarkjeffrey@example.org,(502)357-4857,2025-03-06,Postpaid
9097,Cindy Romero,michael33@example.org,(556)531-7773x0292,2025-02-01,Prepaid
9098,Curtis Vega,sheilawillis@example.org,876-851-8502x46023,2025-02-24,Postpaid
9099,Lisa Houston,jessica22@example.net,+1-965-277-6151x76127,2025-04-18,Prepaid
9100,Jessica Harris,maciasstacy@example.com,437.391.4329x566,2024-03-06,Prepaid
9101,Troy Brown,warrenmatthew@example.org,516.489.9860x780,2024-04-15,Postpaid
9102,Bradley Romero,john04@example.net,545-640-5621,2025-04-06,Prepaid
9103,Michael Phillips,michelle27@example.org,001-347-375-5026,2023-07-15,Postpaid
9104,Sean Diaz,robert50@example.com,(993)712-0276x3109,2024-06-23,Prepaid
9105,Nicole Boyd,ronaldguzman@example.net,386-983-2452,2024-05-09,Prepaid
9106,Audrey Baker,moodyjames@example.org,(666)217-4474,2024-12-15,Postpaid
9107,Maurice Stevenson,jamesallison@example.com,+1-689-388-7892x573,2024-02-18,Postpaid
9108,Lisa Miller,steelebrett@example.net,479-305-1805,2025-03-19,Postpaid
9109,Joshua Garcia,fuentescassandra@example.com,276-443-3534x12108,2024-02-23,Prepaid
9110,Jacqueline Steele,williamschmidt@example.com,753.864.0038,2023-11-10,Prepaid
9111,John Gomez,natashajacobs@example.com,(631)685-9500x62208,2023-07-15,Postpaid
9112,Luis Torres,tracylittle@example.net,+1-544-295-6011x4828,2025-04-28,Postpaid
9113,Andres Anderson,jennifer61@example.org,+1-997-474-3779x4603,2023-12-31,Postpaid
9114,Joseph Murphy,qsmall@example.net,(787)693-7539,2023-07-11,Prepaid
9115,Hannah Frederick,molinasarah@example.com,4164407096,2023-06-12,Prepaid
9116,Jacob Nunez,ohenderson@example.com,001-568-972-1653,2025-04-12,Postpaid
9117,Diane Daniel,peter58@example.com,+1-878-562-2746,2024-09-06,Prepaid
9118,Jason Adams,bwalker@example.org,+1-512-290-4920,2024-02-19,Prepaid
9119,Elizabeth Green,stevenhill@example.com,542-955-0987,2023-10-20,Prepaid
9120,Jessica Cooke,erik12@example.com,915-241-7941,2023-10-16,Postpaid
9121,Kevin Flores,williamssara@example.com,001-854-905-5698,2023-05-04,Postpaid
9122,Kimberly Torres,johnmiller@example.com,393-955-1239x3597,2024-09-28,Prepaid
9123,Melissa Glover,dtucker@example.net,928-961-5381x879,2023-11-02,Prepaid
9124,Jesus Jackson,rachelmoses@example.org,001-428-916-6379,2025-03-16,Prepaid
9125,Adam West,coryzimmerman@example.net,(776)480-8182x60339,2025-01-11,Postpaid
9126,Nicole Martinez,bernardamanda@example.net,261.492.6493x0660,2024-08-23,Postpaid
9127,Kelly Santos,jordanashley@example.net,001-529-615-6713x71429,2025-04-24,Postpaid
9128,Holly Anderson,miguel12@example.org,(737)525-2766x215,2024-10-30,Postpaid
9129,Ryan Gordon,kenneth21@example.org,839-301-9669,2023-07-14,Postpaid
9130,Joshua King,lhernandez@example.org,433.252.4878,2023-05-13,Postpaid
9131,Tyler Lindsey,burtonjessica@example.net,474.255.0972x56690,2024-03-04,Prepaid
9132,Stephen Dunlap,ashley96@example.net,+1-708-987-3610x53550,2023-10-14,Postpaid
9133,Allen Peters,alexandria02@example.com,(291)842-5955x241,2024-01-09,Prepaid
9134,Gerald Jackson,smithanna@example.com,980-930-7603x8957,2023-12-02,Postpaid
9135,Sandra Smith,antoniowhite@example.net,+1-900-244-4661x735,2024-04-09,Postpaid
9136,Jacob Miller,colleennolan@example.org,239-583-2919,2024-06-21,Prepaid
9137,Carolyn Palmer,pdeleon@example.com,(229)435-3794,2025-02-03,Prepaid
9138,Suzanne Johnson,edward82@example.com,732.916.5339x32365,2023-10-02,Prepaid
9139,Kaitlyn Gutierrez,brownleah@example.org,699.914.9371x47181,2025-01-23,Prepaid
9140,Gregory Hodge,lisa75@example.net,001-385-546-8185x484,2024-09-23,Prepaid
9141,Tammy Powers,briannanicholson@example.com,229.828.1209x9143,2024-07-05,Postpaid
9142,Patricia Hill,mjames@example.com,794.503.4204,2023-09-10,Postpaid
9143,Justin Cardenas,stephensonheather@example.org,856-945-0065,2024-06-10,Postpaid
9144,Jamie Silva,huntersandra@example.net,+1-871-744-8059x90812,2023-07-27,Postpaid
9145,Roberto Olsen,evansmichele@example.com,(371)201-9698,2024-05-19,Prepaid
9146,Tamara Myers,amber25@example.net,689-643-7977,2023-06-25,Prepaid
9147,Brooke Carter,xgordon@example.net,285-590-1894x3100,2024-10-15,Postpaid
9148,Christina Stephens,campbellmichael@example.com,(705)935-0218x7102,2023-07-29,Postpaid
9149,Emily Daniels,nrobles@example.org,284-231-2562,2024-02-22,Postpaid
9150,Patricia Williams,jwalters@example.net,001-783-268-9005x472,2024-05-15,Postpaid
9151,Amanda Jensen,tweaver@example.org,637-985-1600,2023-12-02,Prepaid
9152,William Chavez,david70@example.net,8644096814,2023-11-11,Prepaid
9153,Bradley Allen,jasonlong@example.com,506.827.5658,2025-01-25,Postpaid
9154,Hannah Huffman,tonya43@example.org,358.861.7384x9046,2024-01-29,Postpaid
9155,Sara Hill,dmaxwell@example.net,424.529.4879x365,2023-08-25,Prepaid
9156,Melanie Mcneil,jennifer40@example.com,264.371.1017x83616,2025-01-26,Postpaid
9157,Jason Anderson,wallerderrick@example.org,(566)235-3847x3300,2025-01-01,Prepaid
9158,Paul Hopkins,julian98@example.com,3496791005,2024-05-12,Prepaid
9159,Ronald Ferguson,sjordan@example.net,909.517.2147x0396,2023-08-25,Prepaid
9160,Aaron Dean,timothybrown@example.com,001-674-615-8421x0414,2024-05-21,Postpaid
9161,Melissa Bailey,diazjames@example.org,(514)249-2742,2023-12-11,Prepaid
9162,Eric Thompson,gking@example.com,+1-654-701-9138,2024-08-07,Prepaid
9163,Victor Palmer,sean24@example.net,6199989677,2024-09-09,Prepaid
9164,Stacy Good,michaelwelch@example.net,+1-624-563-5912,2024-03-21,Prepaid
9165,Craig Hull,transtacy@example.net,001-222-528-2138x8822,2023-05-16,Postpaid
9166,Joseph Rodriguez,kristinaferguson@example.org,859-754-8585x974,2025-01-10,Postpaid
9167,James Manning,xmcdonald@example.net,613-408-8404,2024-01-15,Postpaid
9168,Mark Hansen,mcneilmanuel@example.org,(526)342-3317,2024-06-16,Postpaid
9169,Angela Allison,sonyacolon@example.net,337-800-3672,2023-06-19,Postpaid
9170,Michael Hunt,thomas33@example.net,624.849.3938x4342,2023-09-20,Prepaid
9171,Matthew Anderson,charlesallen@example.org,759-418-1397x3012,2024-05-10,Prepaid
9172,David Hanson,smiller@example.com,391.234.2982,2024-04-27,Prepaid
9173,Rebekah Brennan,fcox@example.com,001-634-761-7178,2025-03-12,Postpaid
9174,John Leon,yanderson@example.com,324-281-1403,2024-09-28,Postpaid
9175,Elizabeth Conner,michael24@example.com,(513)561-7578x7876,2023-10-02,Prepaid
9176,Bradley Morrison,gabriellaandersen@example.com,992-563-4574x92040,2024-10-10,Prepaid
9177,Steven Simon,andersonleah@example.net,(969)710-9164,2025-02-18,Prepaid
9178,Kevin Erickson,abigail35@example.net,(219)687-6330x49845,2023-12-27,Postpaid
9179,Terry Chambers,suzannerodriguez@example.com,235-205-3725x57698,2023-09-21,Postpaid
9180,Maria Allen,meganhuang@example.com,+1-343-839-5300x073,2025-01-16,Postpaid
9181,Jeremy Burns,tsnyder@example.org,690.799.7285x5645,2024-06-21,Postpaid
9182,Elizabeth Griffith,qcowan@example.com,337-545-1326x1014,2023-10-19,Postpaid
9183,Emily Figueroa,katherine97@example.com,001-315-709-8639x5869,2024-07-30,Prepaid
9184,Devin Bolton,hillolivia@example.net,(918)361-5620x3612,2023-05-20,Postpaid
9185,Ronnie Miller,marie37@example.org,+1-226-776-8116x42526,2023-05-13,Prepaid
9186,Christopher Walker,shawn61@example.org,(328)748-1075x94444,2024-02-25,Prepaid
9187,Michael Hill,yorkalexander@example.org,(673)240-3636,2025-01-22,Postpaid
9188,Daniel Bryant,bobbyjones@example.org,+1-448-436-5190x792,2023-12-17,Prepaid
9189,Michael Miranda,burtonshannon@example.net,421.749.2703x42407,2024-05-22,Prepaid
9190,Lisa Browning,jonathanpaul@example.org,751.489.0429,2025-02-23,Postpaid
9191,Abigail Mayo,emurray@example.net,877-649-7220x3467,2024-06-17,Prepaid
9192,Eduardo Brown,john60@example.org,320-602-6401x177,2023-10-18,Prepaid
9193,Christine Klein,jeffreywillis@example.org,570.591.8118x50017,2024-11-09,Postpaid
9194,Meghan Jackson,teresa86@example.org,864.240.1550x72941,2023-08-19,Postpaid
9195,Billy Stewart,pcooper@example.com,+1-575-844-4691,2024-05-16,Postpaid
9196,Timothy Roberts,sydneyfrank@example.com,+1-627-210-3414,2023-09-17,Postpaid
9197,Stephen Mcdaniel,alvarezjane@example.net,(358)291-0956,2024-10-07,Prepaid
9198,Daniel Cobb,andersenbarry@example.org,662-992-4539,2023-10-20,Postpaid
9199,Jacob Ruiz,mitchellowens@example.org,(367)996-3870,2023-10-16,Postpaid
9200,Joseph Leonard,chenanthony@example.com,001-509-808-3767x653,2024-05-17,Prepaid
9201,Diane Peterson,michaelmcbride@example.net,001-604-603-5786x714,2024-02-12,Postpaid
9202,Scott Macias,nhernandez@example.org,001-578-920-5404x906,2024-10-02,Postpaid
9203,Cassidy Johnson,anthonyrobinson@example.org,(409)559-0257,2024-05-16,Prepaid
9204,Gabriella Walker,jamesbarnett@example.org,(642)269-0094,2025-02-20,Postpaid
9205,Diane Carter,jenniferwerner@example.org,440-733-4833x133,2024-03-28,Postpaid
9206,Leslie Lane,mark86@example.net,(218)639-1896x6231,2024-03-09,Prepaid
9207,John Bradley,warrencatherine@example.com,001-442-932-1261,2023-10-08,Prepaid
9208,Tony Simmons,millerjeff@example.org,001-658-564-0126x34651,2023-07-02,Prepaid
9209,Natalie Hernandez,ysanchez@example.org,(376)215-8872x8937,2025-03-28,Prepaid
9210,Audrey Davila,uhill@example.com,649-976-7409,2024-12-15,Prepaid
9211,Kylie Howard,warrenwhite@example.net,+1-273-996-1895x583,2025-01-24,Prepaid
9212,Mark Lang,pamelabennett@example.com,719.422.7760x029,2024-03-11,Postpaid
9213,Michael Pacheco,belldonald@example.com,518-751-2090x60504,2024-10-22,Prepaid
9214,Tyler Williams,lori46@example.org,001-987-820-0007x2686,2024-01-12,Prepaid
9215,Mathew Vincent,lesterjermaine@example.net,+1-962-504-0499x36730,2024-03-09,Postpaid
9216,Laura Thompson,fernandezluis@example.net,(691)400-7197x3238,2024-06-15,Postpaid
9217,Dustin Rogers,smithdavid@example.org,001-773-713-1111,2023-07-25,Postpaid
9218,Donald Scott,edwardstyler@example.net,+1-622-531-3997,2023-06-02,Postpaid
9219,Gregg Taylor,lauren82@example.com,995-414-8261,2024-07-26,Postpaid
9220,Brian Taylor,joanna35@example.com,457.951.3249x56912,2023-10-07,Postpaid
9221,Kimberly Gross,carolyn65@example.org,987-848-4010x1942,2023-10-13,Prepaid
9222,Daniel Leonard,westtheresa@example.com,001-878-755-7407x34189,2024-04-18,Prepaid
9223,Angela Howard DDS,oroberts@example.com,8958723492,2024-11-30,Prepaid
9224,Anthony Gomez,simonmitchell@example.net,(580)301-3471,2024-01-05,Prepaid
9225,Tyler Foley,davidsonjames@example.org,(208)216-9682,2023-11-04,Postpaid
9226,Amy Green,martindiane@example.com,(679)416-4631x6721,2024-02-27,Postpaid
9227,John Cook,guymartinez@example.net,2502286317,2025-01-21,Postpaid
9228,Ryan Kelley,morganlaura@example.net,(855)984-8706x1370,2023-12-24,Postpaid
9229,Paul Buck,xross@example.net,871-801-3402x9261,2023-07-09,Postpaid
9230,Eric Robinson,kennethjones@example.net,+1-888-342-6320x1809,2024-10-01,Postpaid
9231,Lindsay Harrington,wmckinney@example.net,634-855-1502x32197,2023-08-13,Postpaid
9232,Eddie Kim,justinthompson@example.org,468-305-9508,2023-07-02,Prepaid
9233,Christina Peters,alexandracooper@example.com,001-677-243-1278x11840,2025-01-31,Prepaid
9234,Rhonda Powers,brownkatherine@example.org,878.819.9910x1904,2023-09-23,Postpaid
9235,Jodi Walker,tparrish@example.net,202.723.4097,2024-09-17,Prepaid
9236,Elizabeth Robinson,zachary77@example.com,001-434-206-3200x000,2025-02-04,Prepaid
9237,James Bright,smitheduardo@example.net,752-990-9832x6094,2024-12-20,Postpaid
9238,Jennifer Freeman,carrollkyle@example.net,001-506-849-3491x57781,2024-07-25,Postpaid
9239,Kimberly Morgan,christophermarsh@example.net,303.856.5113x33576,2023-08-08,Prepaid
9240,Briana Bridges,jimmypatel@example.org,001-524-427-7215,2024-01-31,Postpaid
9241,Timothy Oneal,charles06@example.net,2199357498,2024-06-28,Postpaid
9242,Thomas Wilson,spotter@example.com,456-943-2656x57220,2024-02-11,Postpaid
9243,Sarah Erickson MD,cainmanuel@example.net,(335)907-9006,2025-04-27,Prepaid
9244,David Lewis,mike80@example.net,441.486.6272x869,2023-06-24,Prepaid
9245,Cory Sherman,john85@example.com,(529)863-1832x70448,2024-10-03,Prepaid
9246,Donald Scott,swansonjoseph@example.com,642.619.5202,2023-10-14,Postpaid
9247,Christina Jackson,aprilbennett@example.net,9873859073,2024-11-08,Prepaid
9248,Gabrielle Griffith,romeroaustin@example.org,707-249-6323,2024-03-17,Prepaid
9249,Christian Taylor,anthony01@example.net,850.732.6690x183,2024-05-24,Prepaid
9250,Lance Sanders,teresarivera@example.org,675-758-7769x9067,2024-03-26,Postpaid
9251,Justin Moody,calderonveronica@example.com,(211)276-3155x90419,2023-12-14,Prepaid
9252,Terry Moore,kjones@example.com,(258)392-0147x51525,2024-02-18,Postpaid
9253,David Jackson,brownlaura@example.com,(403)827-2767x25921,2025-01-15,Postpaid
9254,Anthony Watkins,owoods@example.com,001-662-261-4561x075,2023-08-20,Prepaid
9255,Michelle Murphy,johnnewton@example.com,001-270-550-7874,2023-12-22,Prepaid
9256,Barbara Mccoy,brycebarnes@example.net,2715296900,2024-09-30,Postpaid
9257,Shelly Cook DDS,joedawson@example.net,001-843-717-1703x868,2023-11-11,Postpaid
9258,Chris Smith,tsmall@example.org,249.601.7300x419,2025-04-18,Prepaid
9259,Micheal Yu,mclaughlinlinda@example.com,755-576-1552x383,2024-04-06,Prepaid
9260,Robert Barnes,mjohnson@example.net,892-641-1016x8859,2023-12-13,Prepaid
9261,Leslie Carter,mcdanielryan@example.com,+1-626-338-9721x4677,2024-08-15,Prepaid
9262,Jose Jackson,ryansims@example.org,963.293.8331,2023-10-21,Postpaid
9263,Joseph Stevens,russellnathan@example.com,5838045810,2023-06-01,Prepaid
9264,Lauren Patel,andersonsusan@example.org,9574751816,2024-08-08,Postpaid
9265,Selena Moore,nmcdaniel@example.org,816.730.2925,2025-02-16,Prepaid
9266,Ann Tyler,hgonzales@example.org,299.984.0574x5307,2024-07-11,Prepaid
9267,Jeffrey Mccullough,umunoz@example.org,(567)795-2748,2024-07-29,Prepaid
9268,Michael Wall DVM,douglascasey@example.net,337.237.4107x49283,2025-01-28,Postpaid
9269,Devin Wagner,gonzalezkim@example.com,001-920-661-2539x2949,2024-07-19,Prepaid
9270,Laura Blair,smithjames@example.net,001-228-588-3324x7620,2024-05-24,Prepaid
9271,Angela Hancock,qvaughn@example.org,678.436.9879x97720,2024-01-11,Prepaid
9272,Bryan Ward,carlkennedy@example.com,(625)352-1140x07916,2023-11-04,Postpaid
9273,Margaret Lewis,wendyjackson@example.com,990-606-6407x05729,2024-06-09,Postpaid
9274,Lindsay Morris,elizabethvargas@example.org,260.479.6952,2025-03-13,Postpaid
9275,Stephanie Fry,raymondharris@example.net,407-869-0193,2023-05-09,Postpaid
9276,Robert Clayton,jay97@example.org,373-626-1900x642,2023-08-10,Prepaid
9277,Jeremy Davis,ynorris@example.org,263.660.9717x4931,2025-02-16,Postpaid
9278,Aaron Krueger,becky76@example.com,001-473-302-6556,2024-01-09,Prepaid
9279,Victoria Gonzalez,james98@example.net,001-927-235-9215x4804,2024-05-10,Prepaid
9280,Julie English,elizabethsanchez@example.com,330-514-5766,2024-08-26,Postpaid
9281,Garrett Castillo,harrisonjamie@example.net,988.338.1499x4430,2025-04-28,Prepaid
9282,Kevin Hancock,wernerjulie@example.org,001-305-727-5180x8466,2024-02-25,Prepaid
9283,Eric Anderson,inewman@example.org,(631)651-2679,2023-07-09,Postpaid
9284,Jeremy Jacobs,welchcrystal@example.com,+1-400-941-8609,2025-04-28,Prepaid
9285,Brian Harris,jenniferblackburn@example.net,830.762.2474,2024-06-02,Prepaid
9286,Carrie Johnson,barkermelissa@example.net,648.408.1214,2025-02-01,Postpaid
9287,David Peters,megan50@example.org,954.347.6146,2024-01-22,Prepaid
9288,Dr. Christine Blanchard,falvarez@example.org,001-485-988-3955,2024-12-24,Prepaid
9289,Timothy Taylor,tinamarshall@example.net,(890)215-3589x230,2023-12-29,Prepaid
9290,Andre Johnson,bparker@example.org,804.997.6682x98815,2023-06-29,Prepaid
9291,Kevin Peck,ocastaneda@example.com,001-727-283-4704x09055,2024-08-22,Prepaid
9292,Brittany Cooley,moorebrian@example.com,839.721.5545,2024-03-14,Prepaid
9293,Vanessa Ward,andersonjeanne@example.com,001-720-779-8471x67294,2023-11-27,Postpaid
9294,David Stevens,kristina67@example.net,324.884.1017,2025-04-10,Postpaid
9295,Lisa Miller,tylerkenneth@example.org,+1-255-766-9872x7917,2024-09-01,Postpaid
9296,Justin King,emily35@example.com,(319)754-1248,2024-05-21,Prepaid
9297,Richard Chavez,richard61@example.com,001-745-712-8108x7757,2023-10-01,Postpaid
9298,Kathy Foster,ymills@example.org,527-308-9292x285,2025-04-13,Prepaid
9299,Amy Kelley,pughkeith@example.net,(926)538-9985,2024-08-16,Postpaid
9300,Elizabeth Baker,paul71@example.net,+1-508-664-2628,2024-08-02,Prepaid
9301,Haley Cruz,colemansteven@example.net,377-474-8962x45385,2025-02-27,Prepaid
9302,Margaret Harper,troy17@example.com,+1-428-867-7689x5300,2024-01-22,Prepaid
9303,Christopher Stokes,barrettbrian@example.org,281-544-9736x854,2024-02-06,Postpaid
9304,Taylor Murray,lball@example.org,+1-211-443-5620x167,2024-03-02,Postpaid
9305,Yolanda Hernandez MD,zrodgers@example.com,697.522.4604,2023-10-27,Postpaid
9306,Theresa Jones,lucas91@example.net,001-224-505-3332,2023-11-23,Prepaid
9307,Lauren Hernandez,vbell@example.org,001-913-856-1989x0936,2024-09-17,Postpaid
9308,Paul Baker,jessica90@example.com,001-978-501-2737,2024-11-13,Prepaid
9309,Kara Davis,timothy09@example.com,001-566-310-6685,2023-07-09,Prepaid
9310,Regina Jones,craigerin@example.org,001-670-934-9160x2876,2024-05-25,Prepaid
9311,Judy Black,aaron65@example.org,+1-229-274-7179x45078,2023-06-05,Prepaid
9312,Mary Campos,jessecox@example.org,001-417-938-2772x287,2024-06-02,Postpaid
9313,Lisa Gay,stanleymeza@example.com,253-301-1722x11659,2024-12-22,Postpaid
9314,Brooke Ballard,jnguyen@example.com,+1-944-268-2358,2024-10-17,Postpaid
9315,Judy Armstrong,mary57@example.com,226.881.7505x989,2024-04-16,Prepaid
9316,Andrea Oliver,smithjeffrey@example.net,+1-274-235-3792x82760,2023-12-05,Postpaid
9317,Jason Carr,fproctor@example.net,+1-716-567-6322,2024-11-19,Postpaid
9318,Carol Lindsey,ddavis@example.net,874.945.5473,2024-04-26,Postpaid
9319,Lisa Romero,johnpatton@example.org,297.987.8952x6408,2023-05-25,Postpaid
9320,Caitlyn Morris,georgewoods@example.com,659.754.0457x673,2023-05-20,Postpaid
9321,Rachel Moore,erin06@example.net,001-916-475-9918x802,2025-03-30,Postpaid
9322,Emma Alexander,perezemma@example.net,(875)889-7301x2040,2023-06-30,Prepaid
9323,Rachel Greene,crystaljohnson@example.com,230.788.5914,2024-01-16,Postpaid
9324,Tiffany Fox,houstonhannah@example.net,745-277-8026x11856,2024-02-24,Prepaid
9325,Jonathan French,annaolson@example.net,955-550-4008,2025-04-16,Postpaid
9326,Sergio Davidson,harold98@example.org,8688349594,2024-04-13,Postpaid
9327,Luis Jones,shellyhansen@example.net,868.239.8036,2024-09-10,Prepaid
9328,Micheal Smith,michaelho@example.org,511-780-0573x1237,2024-01-13,Postpaid
9329,Kevin Morris,jessica77@example.org,659-316-6701x73797,2023-08-07,Postpaid
9330,Andrew Quinn,mistyrodriguez@example.com,262-716-1544x308,2023-11-23,Postpaid
9331,Cindy Wilson,sarahramirez@example.com,(335)581-5539x709,2024-10-20,Postpaid
9332,Robert Cox,morganscott@example.com,(845)415-9925,2023-09-14,Prepaid
9333,Norma Hernandez,cflores@example.com,627-701-8152x45692,2024-06-16,Postpaid
9334,Deanna Allen,joshua33@example.com,730-308-8722x14648,2025-04-15,Postpaid
9335,Sarah Sanders,william32@example.org,(305)772-9354,2024-12-29,Postpaid
9336,Dawn Smith,johnsonjennifer@example.net,(421)734-8378x7807,2023-07-27,Prepaid
9337,Jennifer Hardy,hunterbrenda@example.com,2754353253,2024-05-08,Prepaid
9338,Joseph White,hmosley@example.com,+1-925-489-5752x391,2023-09-14,Prepaid
9339,Laura Rowe,seantaylor@example.net,7583655875,2024-05-08,Postpaid
9340,Mrs. Elizabeth Ortega,ntanner@example.net,(837)623-0662,2024-10-06,Postpaid
9341,David Hicks,stephenjones@example.org,385.960.4822x791,2024-01-17,Prepaid
9342,Jessica Ortiz,warrenkaren@example.com,(254)970-1203,2023-09-29,Prepaid
9343,Brandon Smith,alexanderconnie@example.net,+1-727-476-4951x520,2023-07-30,Postpaid
9344,Megan Warner,eric41@example.net,(221)323-8009x1223,2024-07-16,Prepaid
9345,Sarah Owens,mitchellhowe@example.org,6354419178,2023-05-29,Prepaid
9346,Kent Knight,matthewpratt@example.net,907.507.0888x69280,2023-09-28,Postpaid
9347,Katrina Smith,timothysalas@example.net,001-210-450-3882x47176,2025-03-22,Prepaid
9348,Brenda James,jodi00@example.com,850-404-9402,2024-07-13,Prepaid
9349,Amanda Smith,shepherdlatoya@example.org,466.991.1545,2024-08-07,Postpaid
9350,Joshua Johnson,charles73@example.net,001-807-264-1390x72797,2024-05-18,Postpaid
9351,Larry Johnson,turnerkevin@example.com,8183448873,2024-02-26,Postpaid
9352,Maxwell Gordon,sherryflores@example.com,+1-687-962-2311x0713,2023-08-07,Prepaid
9353,Kenneth Jones,jillian14@example.com,758.486.7981x99864,2023-11-17,Postpaid
9354,Jennifer Smith,sarah97@example.org,980.647.5904x56498,2023-12-03,Postpaid
9355,Kyle Hinton,xroman@example.com,001-561-508-6294x01386,2024-05-31,Postpaid
9356,Elizabeth Garrison,eugene59@example.com,(416)470-7593,2023-06-02,Postpaid
9357,Chelsea Pruitt,robinsonmichelle@example.net,565.546.9808x63312,2024-03-08,Postpaid
9358,Peter Mack,butlerchristopher@example.com,308.334.7793x32482,2023-09-03,Prepaid
9359,Jennifer Massey,sjohnson@example.net,9818298205,2023-05-23,Prepaid
9360,James Humphrey,rebecca20@example.org,535-639-8447x71756,2024-02-20,Postpaid
9361,Albert Townsend,joshua94@example.net,001-744-850-8563x83240,2024-06-21,Postpaid
9362,Latoya Anderson,martinezdonald@example.com,(249)490-4421x803,2024-01-06,Prepaid
9363,Sharon Thomas,masonkristina@example.net,541.761.7159x80611,2023-08-11,Prepaid
9364,Jack Terrell,marquezdakota@example.org,8966535345,2024-07-23,Postpaid
9365,Stephanie Freeman,jpowell@example.org,+1-992-681-2967x38471,2024-11-28,Prepaid
9366,Barry Burgess,alyssamcclain@example.com,001-206-393-2778,2023-06-28,Postpaid
9367,Jacob Bennett,murphykaren@example.com,001-669-273-5089x54717,2024-02-14,Prepaid
9368,William Williams,wilsonelaine@example.com,3626226681,2024-08-17,Postpaid
9369,Lindsey Soto,davidalexander@example.org,923-676-1062x5339,2024-05-16,Postpaid
9370,Courtney Booker,saundersjessica@example.org,(279)750-4302,2024-08-13,Postpaid
9371,Joy Martinez,upena@example.net,557.474.6844x9094,2023-11-09,Postpaid
9372,Edward Turner,ymorales@example.org,919-594-8033x392,2024-03-15,Prepaid
9373,Jane Moreno,stephen93@example.org,(741)611-7461,2024-12-13,Postpaid
9374,Thomas Hudson,katherinefarmer@example.net,(794)652-1614x4880,2023-08-12,Postpaid
9375,Christopher Walton,rebeccahammond@example.org,2757295462,2023-12-04,Postpaid
9376,Julie Turner,joannajarvis@example.org,(236)878-4481,2024-03-02,Postpaid
9377,Debra Sullivan,mannjeffrey@example.com,(759)362-7152x735,2024-01-12,Postpaid
9378,Michael Long,tracy06@example.com,(746)327-0284x512,2024-05-30,Postpaid
9379,Alicia Owen,ukelly@example.com,977.702.2996,2024-05-29,Prepaid
9380,Megan Jensen,tcarpenter@example.com,351-381-0486,2024-02-14,Prepaid
9381,Sarah Allison,uhayes@example.com,4152992119,2024-08-11,Prepaid
9382,Kelly Stevens,robertsgilbert@example.net,894-356-3304x638,2024-10-02,Postpaid
9383,Timothy Shaw,paulking@example.org,001-419-594-9900x27558,2025-03-24,Prepaid
9384,Ryan Chambers,jasonnorris@example.net,334.579.1448x88645,2023-11-18,Prepaid
9385,Leah Mckee,rrodriguez@example.org,001-687-374-7014x16560,2023-07-04,Postpaid
9386,Heather Rodriguez,scottalexis@example.com,+1-576-694-8968x0913,2024-05-05,Postpaid
9387,Steven Fisher,anneclark@example.net,869-838-8277,2023-06-21,Postpaid
9388,Matthew Morrison,ewalls@example.org,396-304-5382x43419,2024-03-25,Prepaid
9389,Catherine Flores,vluna@example.com,622-768-6601,2024-10-28,Postpaid
9390,Vicki Brown,butlerrobert@example.com,+1-791-364-9247,2024-08-24,Prepaid
9391,Cindy Cain,ujones@example.net,001-944-580-7058x7277,2024-01-20,Postpaid
9392,Matthew Howard,anthonynguyen@example.com,367.722.2828x59064,2024-06-27,Postpaid
9393,Caitlyn Long,jamiewarren@example.org,200.770.8820,2024-06-08,Postpaid
9394,Linda Molina,garrett85@example.net,(390)398-8689x3568,2024-04-02,Postpaid
9395,Benjamin Pruitt,robert08@example.org,7587213013,2024-12-14,Prepaid
9396,Raymond Kramer,muellerdavid@example.org,400.436.2839x475,2023-12-04,Postpaid
9397,Robert Stark,jason34@example.com,+1-254-227-3589x8061,2023-12-08,Postpaid
9398,Sarah Palmer,zimmermananne@example.com,(220)487-4690,2023-07-23,Prepaid
9399,Peggy Morgan,joshua89@example.com,+1-430-553-7543,2023-09-20,Prepaid
9400,Russell Carlson,jose91@example.org,+1-911-563-2596,2024-10-22,Postpaid
9401,Valerie Bennett,jeremyparsons@example.net,861.865.1202,2025-04-27,Postpaid
9402,Nancy Nelson,garrisonmelissa@example.com,+1-690-465-3093x4453,2025-01-29,Postpaid
9403,Rodney Campbell,alexanderrose@example.com,(521)276-3708,2023-08-07,Postpaid
9404,Kevin Collins,fwilson@example.org,826-328-0111x16780,2023-11-23,Postpaid
9405,Eric Hoffman,nlawson@example.org,001-805-602-5784x641,2024-05-11,Postpaid
9406,Jordan Martinez,myoung@example.com,001-745-559-5375x87348,2024-04-22,Prepaid
9407,Kevin Odonnell,ecampbell@example.net,+1-251-642-8712x4601,2023-07-19,Postpaid
9408,Crystal Galloway,linda42@example.org,463-608-3610x297,2024-04-18,Prepaid
9409,Holly Greene,jcoleman@example.com,(596)397-7927x06934,2024-11-07,Prepaid
9410,Timothy Maldonado,sheryl32@example.org,+1-450-749-0577x51071,2024-07-30,Postpaid
9411,Aaron Perez,tinaspencer@example.org,(918)204-4577,2024-06-20,Postpaid
9412,Bianca Martin,john22@example.net,001-917-968-0039x644,2025-03-27,Prepaid
9413,Danielle Anderson,xaviertaylor@example.com,(325)310-5268,2023-11-18,Prepaid
9414,Susan Mckinney,mariogomez@example.org,+1-753-412-1662x89870,2025-03-31,Prepaid
9415,Brandon Kim,trevorcurry@example.org,(914)357-8365,2023-06-17,Prepaid
9416,Lori Davis,thompsonzachary@example.net,651-442-9967x9907,2025-03-22,Prepaid
9417,Lauren Snyder,diamondtodd@example.org,(350)262-3644,2024-06-14,Postpaid
9418,Gregory Gardner,shelleyjackson@example.org,574.785.0460x8878,2023-09-07,Prepaid
9419,Natalie Fuller,jonesmatthew@example.net,(824)749-2241x5777,2025-01-30,Postpaid
9420,Kendra Campos,harrisondaniel@example.org,303-689-7420x4423,2023-07-23,Postpaid
9421,Megan Price,derektownsend@example.org,746.316.9578x3617,2024-03-10,Prepaid
9422,Melissa Ramsey,vincent61@example.org,492.466.4026,2024-10-09,Postpaid
9423,Jeremy Spencer,melissa45@example.org,001-503-340-9955x2697,2024-12-14,Postpaid
9424,Joseph Lee,ryanobrien@example.org,+1-563-838-6254,2024-12-26,Postpaid
9425,Tina Short,icastro@example.net,(551)583-7781x44512,2024-05-03,Postpaid
9426,Sheila Johnson,nacosta@example.com,+1-600-481-6732x42737,2024-01-25,Postpaid
9427,Randall Gonzalez,gatesjustin@example.net,+1-242-896-1428x8746,2024-06-13,Prepaid
9428,Laura Hamilton,edunn@example.org,599-716-0657x3303,2025-03-17,Postpaid
9429,Karen Franco,sarahramirez@example.org,001-743-309-7499,2024-09-27,Prepaid
9430,Donald Gallegos,christianparks@example.com,(310)847-4105,2023-09-02,Prepaid
9431,Jennifer Lutz,tannerjames@example.net,001-846-359-2866,2024-01-07,Postpaid
9432,Mary Stevenson,davisadam@example.org,854-289-2707x3785,2023-05-04,Postpaid
9433,Kristin Aguirre,danielsmith@example.net,973-422-3501x68004,2023-06-28,Postpaid
9434,Brandon Baker MD,kelsey28@example.org,001-353-453-0440x9514,2023-08-31,Prepaid
9435,Bradley Brown Jr.,gutierrezmichael@example.org,583-268-5892,2024-09-08,Postpaid
9436,Robin Perez,eroberts@example.com,(365)634-4084x7048,2024-10-31,Postpaid
9437,Jennifer Fleming,ljones@example.org,+1-401-643-7136,2023-05-01,Prepaid
9438,Miguel Taylor,danielsherman@example.com,388.515.5098,2023-11-06,Postpaid
9439,Melinda Barber,theresa01@example.org,251-971-9557x5016,2024-05-11,Postpaid
9440,Cynthia Brown,ucrane@example.net,978.316.0970,2024-08-14,Postpaid
9441,Calvin Washington,ecline@example.com,274-251-5966x226,2024-06-12,Prepaid
9442,Deborah Medina,ashley85@example.org,(360)504-0200,2024-12-17,Postpaid
9443,Virginia Hodge,hclark@example.com,314-729-5215x08748,2024-05-15,Postpaid
9444,Brian Ross,andrewtorres@example.org,959.578.5771,2024-12-23,Prepaid
9445,Wesley Oneill,sierrasullivan@example.net,(822)820-1282x8150,2023-09-10,Prepaid
9446,Dr. Linda Hull,ucabrera@example.net,(340)727-3542x32194,2024-11-13,Postpaid
9447,Steven Esparza,andre93@example.net,886.799.0887x2877,2024-01-02,Prepaid
9448,Gary Allen,melissabray@example.org,+1-780-342-7354x74151,2024-02-03,Postpaid
9449,Elizabeth Rogers,gilbertamy@example.net,(757)578-9277x0461,2023-06-20,Postpaid
9450,Stephen Duran,davisrebecca@example.net,648.946.8350x18229,2024-06-12,Prepaid
9451,Dominique Shepard,droberts@example.net,001-252-453-5612x4821,2023-08-06,Postpaid
9452,Mario Robinson,ebrooks@example.com,9882742879,2025-03-14,Prepaid
9453,Michael Perkins,anthony20@example.com,7459254511,2024-07-23,Postpaid
9454,Casey Walker,ibryant@example.org,(788)438-6718,2023-07-06,Prepaid
9455,Lisa Wade,omerritt@example.com,001-423-667-3456x95233,2024-07-05,Prepaid
9456,Shannon Rodriguez,mckinneychelsea@example.net,332.220.7016x94294,2023-07-09,Prepaid
9457,Brittany Duffy,austin55@example.com,(333)267-0937,2024-07-16,Postpaid
9458,Shannon Garcia,deborah71@example.com,(977)758-3308x13655,2023-07-17,Postpaid
9459,Danielle West,seanlittle@example.com,359-891-0954x03034,2023-11-26,Prepaid
9460,Jennifer Webb,mshaw@example.com,636.965.2133x94900,2024-12-17,Postpaid
9461,Tracy Martinez,jeremiah78@example.com,488-640-0375,2023-05-03,Prepaid
9462,Christina Maynard,tdoyle@example.com,+1-920-493-9692x49049,2023-09-19,Postpaid
9463,Terri Gonzales,ashleytaylor@example.com,969.781.6335x405,2023-09-30,Postpaid
9464,Jessica Watson,mary83@example.net,+1-864-356-3134x139,2024-07-29,Prepaid
9465,Sean Chang,robertchoi@example.org,896.335.1627x10929,2024-09-05,Postpaid
9466,Steven Garrett,eevans@example.net,(291)903-3646,2023-11-17,Postpaid
9467,Anthony Matthews,cameron87@example.org,+1-573-338-4224x835,2023-10-11,Prepaid
9468,April Fischer,fphillips@example.com,920.769.1947x1725,2025-04-28,Prepaid
9469,Julia Hays,ruth44@example.org,001-544-616-3712x758,2023-10-12,Postpaid
9470,Kelly Villarreal,carneylinda@example.org,551.376.7111x45520,2024-12-05,Postpaid
9471,Matthew Obrien,teresa01@example.org,(985)344-9391x75077,2025-01-07,Postpaid
9472,Luis Mccann,sabrinamartinez@example.com,(929)227-0909x52092,2023-05-16,Postpaid
9473,James Buchanan,stephanie66@example.org,001-260-860-6814x91657,2024-10-04,Postpaid
9474,Adrienne Russell,cjackson@example.org,+1-724-478-9602x7723,2025-04-09,Prepaid
9475,Jordan Garcia,guerrerogerald@example.org,+1-995-313-9805x24015,2023-11-18,Postpaid
9476,Stephanie May,xcollins@example.com,501-228-5923,2024-12-15,Postpaid
9477,Angela Bass,whill@example.org,001-801-233-9312,2025-03-15,Postpaid
9478,James Holt,jacksonchristopher@example.org,832.831.5738x921,2024-01-15,Postpaid
9479,Jerry Blake,owenskelly@example.org,274-389-0052,2023-11-04,Prepaid
9480,Vickie Hayden,dyerdebbie@example.org,765-820-4952,2025-02-15,Prepaid
9481,Rodney Nixon,jennifer17@example.com,669-326-0906x567,2024-05-10,Prepaid
9482,April Taylor,krodriguez@example.net,959-926-4820x761,2024-07-19,Prepaid
9483,Amanda Kane,wolfluis@example.org,(650)872-4209,2025-01-11,Prepaid
9484,Daniel Winters,mwolfe@example.net,882-435-9096,2024-06-12,Postpaid
9485,Crystal Fisher,treed@example.net,+1-224-992-5372,2024-07-29,Prepaid
9486,Jacob Jackson,roybrown@example.org,490.241.4172x7864,2024-05-30,Prepaid
9487,Jorge Koch,amanning@example.org,977-917-9946x224,2023-07-23,Prepaid
9488,Amy Mckenzie,nathan94@example.org,754.726.5225,2025-03-22,Postpaid
9489,Jason Miller,ehampton@example.org,958-419-1599x3024,2025-01-04,Prepaid
9490,Nicholas Gordon,sandra53@example.org,913.833.6340x6113,2023-06-10,Prepaid
9491,Jeremy Terrell,nguyendavid@example.org,748-606-9139,2024-08-04,Prepaid
9492,Christina Smith,camachochristopher@example.com,+1-606-522-0994x3126,2023-10-02,Postpaid
9493,Travis Pierce,dennispatton@example.org,+1-649-725-7611x083,2025-02-06,Postpaid
9494,Jennifer Matthews,halemichael@example.com,001-926-451-4949x8010,2024-08-23,Postpaid
9495,Jessica Coleman,carllong@example.com,001-394-264-7898x9892,2024-01-13,Postpaid
9496,Stephanie Gray,hreed@example.com,7853506469,2025-04-20,Postpaid
9497,George Ali,matthew70@example.com,243.476.9174x90473,2024-02-05,Postpaid
9498,Amy Johnson,uhaas@example.net,001-899-348-8275x0698,2025-01-15,Prepaid
9499,Theodore Werner,anna47@example.com,001-706-483-2667x82113,2023-12-08,Prepaid
9500,Amanda Bryant,alicelucas@example.com,+1-981-960-5781,2025-04-28,Prepaid
9501,Jennifer Johnson,joanna85@example.com,001-429-425-5772,2024-02-01,Prepaid
9502,Matthew Wilson,ygentry@example.org,001-631-644-0833x00866,2023-05-14,Prepaid
9503,Phillip Avila,nfuller@example.net,001-481-541-3213x857,2024-01-11,Postpaid
9504,Cindy Johnson,omcdonald@example.net,001-866-650-3007x114,2024-07-30,Postpaid
9505,Anthony Hall,eduncan@example.net,001-437-808-3908x2481,2025-04-19,Postpaid
9506,Sarah Church,gregorymoore@example.net,977-398-4478,2024-02-17,Prepaid
9507,Alicia Gardner,pjohnson@example.net,(375)596-2374,2025-02-27,Prepaid
9508,Angela Maldonado,brownmark@example.net,650-895-0479,2024-08-18,Prepaid
9509,Brandy Decker,loriwatson@example.net,001-342-720-4762x133,2025-03-08,Postpaid
9510,Dominic Larson,chase37@example.org,(852)360-9542,2023-05-01,Prepaid
9511,Dana Ayers,xclark@example.com,969-384-1085x384,2024-08-22,Postpaid
9512,Elizabeth Mcfarland,melissa98@example.com,+1-726-279-7895x057,2023-07-24,Postpaid
9513,Erin Pruitt,amandascott@example.net,287.908.8014x91986,2024-05-17,Postpaid
9514,Michael Garza,felicia93@example.net,(725)585-5064,2025-03-28,Prepaid
9515,Kevin Schwartz,jeremyhowe@example.com,4535222704,2024-02-01,Prepaid
9516,Jacob Bauer,melissa90@example.net,001-570-818-5576x7492,2023-06-01,Prepaid
9517,Benjamin Wood,heathermeyers@example.com,(643)401-1866x247,2023-08-18,Postpaid
9518,Rhonda Hopkins,johnsonjohn@example.net,(983)964-1464x4365,2023-06-05,Postpaid
9519,Crystal Barnes,sbradley@example.com,842.457.7991x83270,2024-03-22,Postpaid
9520,Michelle Turner,dominic24@example.org,+1-394-316-7637x12276,2023-10-18,Postpaid
9521,Katherine Mckinney,nicholasmartinez@example.org,8625403609,2025-01-05,Postpaid
9522,Elizabeth Pennington,robinsonchristopher@example.net,4089882109,2024-04-09,Postpaid
9523,Sandra Chavez,hortonmichelle@example.net,001-354-848-9817x830,2023-05-21,Postpaid
9524,Dr. Willie Cooley,jgonzalez@example.org,(456)893-4650x47364,2023-11-22,Postpaid
9525,Melissa Davidson,virginia35@example.org,3149094407,2024-06-14,Prepaid
9526,Daniel Gibson,caleb07@example.org,001-742-326-2588,2024-11-16,Prepaid
9527,James Todd,carolwhite@example.com,400.644.7858x391,2024-10-30,Prepaid
9528,Christopher Reid,bowensarah@example.com,(512)516-6042,2024-07-13,Postpaid
9529,Ann Williams,maywendy@example.net,(839)691-9511x3317,2024-08-22,Postpaid
9530,Dawn Sharp,sandovalcarolyn@example.com,749.347.9162,2024-10-30,Prepaid
9531,Ronnie Taylor,christopher93@example.com,(285)764-7063x65479,2024-05-23,Prepaid
9532,Marcia Curtis,danny54@example.com,001-925-720-9069,2024-01-26,Prepaid
9533,Diana Harrison,billy35@example.org,252-767-6455x5079,2023-06-12,Prepaid
9534,Maria Cameron,xduncan@example.org,877-662-8416x74554,2023-08-23,Prepaid
9535,Melissa Ross,melvinescobar@example.com,406.477.8942,2024-11-08,Prepaid
9536,Lindsey Reynolds,jonestaylor@example.org,605.674.3722,2024-09-12,Prepaid
9537,Jo Watson,espinozacarrie@example.net,001-873-792-6601x3329,2024-09-20,Prepaid
9538,Sherri Cooper,opark@example.org,+1-612-656-3227x190,2024-02-02,Postpaid
9539,Darrell Burgess,leescott@example.org,001-489-576-2676x129,2024-10-08,Prepaid
9540,Kimberly Green,robertzamora@example.com,562.825.4324,2024-09-18,Postpaid
9541,Danny Haynes,jessicathornton@example.com,8153189803,2025-04-28,Prepaid
9542,Michael Wright,nelsonbrandi@example.org,5624881009,2023-07-07,Prepaid
9543,Jacob Booth,sgonzalez@example.com,001-689-235-9211x84731,2024-01-08,Prepaid
9544,Francisco Marshall,jennifer66@example.org,856-606-0934x33160,2024-12-03,Postpaid
9545,Cathy Moore,mooreheather@example.com,001-645-664-1579x876,2024-02-14,Prepaid
9546,Hector Wright,barbaramartinez@example.org,361-734-0986x5894,2023-12-10,Postpaid
9547,Mason Hayes,suttondaniel@example.net,+1-584-247-2953x299,2024-01-29,Prepaid
9548,Joann Gray,omay@example.net,(466)645-7617x90134,2025-04-11,Postpaid
9549,Scott Thompson,christopher29@example.com,884.218.2218x74697,2025-04-22,Postpaid
9550,Christopher Collins,lhill@example.org,236.221.3941x312,2024-01-11,Postpaid
9551,Tammie Johnson,eduardoaguilar@example.org,519.771.9288,2024-07-30,Prepaid
9552,Thomas Matthews,goodwinreginald@example.com,+1-621-801-9331,2024-11-01,Prepaid
9553,Jennifer Kaufman,kristimiles@example.com,001-647-229-4117,2023-08-02,Postpaid
9554,Jeffrey Burns,garciajennifer@example.org,449.803.0270x95347,2024-12-27,Prepaid
9555,Emily Walker,zvelasquez@example.org,819-415-5026x207,2023-05-27,Postpaid
9556,Laura Randolph,colleenmiller@example.org,619.734.0603,2023-10-24,Postpaid
9557,Brian Berger,nholland@example.org,846-830-7460x19199,2024-11-08,Postpaid
9558,Evelyn Gomez,oconnelledward@example.net,472.732.9256x828,2024-02-03,Prepaid
9559,Regina Williams,kimberly23@example.com,493-317-6578,2024-08-13,Postpaid
9560,Luis Villarreal,samuel16@example.org,(683)293-9292,2024-09-17,Postpaid
9561,Douglas Sandoval,johngonzalez@example.com,+1-451-386-5461x491,2025-01-29,Postpaid
9562,Richard Morales PhD,fordkyle@example.net,(882)273-1922,2023-10-04,Prepaid
9563,Melissa Obrien,bjordan@example.com,819.779.6561,2025-03-27,Prepaid
9564,Summer Smith,kristenperez@example.com,658.856.9464,2024-12-19,Postpaid
9565,Joshua Davis,william25@example.org,958-286-5684x22535,2024-10-26,Postpaid
9566,Jerry Mason,dariusjackson@example.net,440-702-9788x786,2024-11-21,Prepaid
9567,Joshua Yang,mark63@example.com,001-359-430-9506x82754,2023-12-12,Postpaid
9568,Austin Davidson,travis18@example.net,759.350.4397,2023-10-26,Postpaid
9569,William Shields,kristenmacdonald@example.com,+1-909-786-3277x98562,2024-02-24,Postpaid
9570,Scott Boone,brendarhodes@example.com,(476)860-2029x317,2024-04-18,Prepaid
9571,Dominique Fox,bacosta@example.net,454-362-0979x700,2023-10-28,Postpaid
9572,Renee Morrow,ronaldbaker@example.org,2516615298,2023-10-24,Postpaid
9573,Tracy Ross,nicole22@example.net,545-419-2440,2023-07-07,Postpaid
9574,Casey English,david73@example.com,(350)590-2079,2023-09-21,Prepaid
9575,Timothy Davis,kevintapia@example.net,+1-935-694-2117,2025-01-13,Prepaid
9576,Kyle Lopez,jorge58@example.net,402.505.4072,2025-02-16,Prepaid
9577,Tammy Rogers,campbellchristopher@example.net,001-299-563-7835,2023-11-17,Postpaid
9578,Ernest Martinez DDS,william43@example.net,+1-904-422-8725x023,2025-01-06,Postpaid
9579,Erin Nelson,zimmermanjeffrey@example.com,619-335-0777x03944,2024-12-25,Prepaid
9580,Susan Hoffman,robert28@example.net,+1-654-271-6745x8349,2023-08-12,Postpaid
9581,Nathan Carey,xsmith@example.org,001-926-277-5949x6997,2024-01-07,Prepaid
9582,Corey Wiley,johnlutz@example.com,638.797.6137x1654,2023-10-05,Postpaid
9583,Melissa Jackson,fgilbert@example.org,(688)836-8364x97315,2024-12-06,Postpaid
9584,Lisa Kelly,shawvalerie@example.com,850-556-7018x43777,2024-06-21,Prepaid
9585,Scott Norris,anita25@example.net,301-322-3677,2024-02-16,Prepaid
9586,Samantha Morris,curtismichelle@example.com,+1-893-632-5097x52822,2023-12-07,Prepaid
9587,Monica Mccullough,smithebony@example.org,(817)237-2592,2025-03-16,Postpaid
9588,Melissa Padilla,mmiles@example.net,273-991-0998x04838,2023-10-05,Prepaid
9589,Lisa Walsh,joan86@example.com,442.781.7028,2024-04-10,Prepaid
9590,Stephen Mccoy,jimmy09@example.com,267.557.2862x297,2023-12-01,Postpaid
9591,Charles Stafford,jasminewalters@example.net,325.287.9784x8297,2024-09-10,Prepaid
9592,Amy Watkins,isoto@example.org,001-926-388-1946,2024-06-02,Postpaid
9593,Julie Huffman,coxjanet@example.com,9804549775,2023-08-12,Postpaid
9594,Amanda Marks,jeremy59@example.org,5485324827,2024-04-25,Postpaid
9595,Catherine Elliott,stewartmartin@example.com,001-632-440-7938x7789,2024-11-03,Postpaid
9596,Jason Murphy,reevestheresa@example.org,001-339-754-5222x455,2023-05-24,Postpaid
9597,Elizabeth Gonzalez,brandon09@example.com,245-970-4260,2023-08-06,Postpaid
9598,Brian Nelson,vanessa80@example.org,504.931.5972x3008,2025-03-23,Prepaid
9599,Janet Johnson,emilyvincent@example.com,680-265-6093,2023-07-25,Postpaid
9600,Courtney Sanders,nmiller@example.net,618-712-9387x331,2025-02-15,Postpaid
9601,Brandon Lawrence,rbecker@example.net,001-840-417-0581x53625,2023-08-08,Postpaid
9602,Frances Morris,ggibson@example.com,+1-350-561-8653x25951,2024-04-27,Postpaid
9603,Gina Andrews,calvin63@example.org,346-561-4407,2025-01-13,Postpaid
9604,Jennifer Smith,joshua15@example.net,816-754-1111,2023-07-28,Prepaid
9605,James Clark,andrea70@example.net,826-509-8820x99137,2023-10-06,Postpaid
9606,Randy Turner,tammy69@example.org,(508)872-2319,2024-02-27,Prepaid
9607,Kelly Flores,billy56@example.com,856.509.4506,2024-11-18,Postpaid
9608,Andrew Wagner,joshuarodriguez@example.org,+1-910-653-8409x944,2024-02-02,Postpaid
9609,Susan Bradshaw,amanda36@example.net,624.719.4866,2023-08-24,Prepaid
9610,Debbie Lee,penageoffrey@example.net,001-776-519-5127x257,2023-07-11,Postpaid
9611,Kimberly Crawford,williamroman@example.org,+1-754-363-6796x933,2023-08-15,Postpaid
9612,Karen Johnson,joseph36@example.org,+1-328-455-2008,2024-07-16,Prepaid
9613,Susan Sutton,richardmcintyre@example.net,(553)539-4500x154,2024-02-20,Prepaid
9614,William Jimenez,diana05@example.org,(843)775-8175,2024-05-28,Postpaid
9615,Jason Mckinney,grodriguez@example.net,+1-928-736-1805x794,2024-05-13,Prepaid
9616,Savannah Hunt,scottali@example.net,+1-350-710-0370,2024-12-01,Postpaid
9617,Kelsey Smith,dreynolds@example.org,819-883-4241x2912,2023-09-11,Prepaid
9618,Lisa Hall,asanchez@example.net,731.823.2168,2024-04-11,Prepaid
9619,Jennifer Miller,scottroman@example.org,935.351.3158,2024-10-18,Postpaid
9620,Roy Glover,robertjones@example.com,735.636.6012,2023-06-24,Postpaid
9621,Thomas Lee,shane84@example.net,487.242.3591,2024-02-06,Postpaid
9622,Annette Wright,heathermorgan@example.com,602.731.7993x8735,2023-05-20,Prepaid
9623,James Roberson,nguyensharon@example.com,966.548.6450,2023-07-20,Postpaid
9624,Rachel Butler,anitadunn@example.com,628.598.2876,2024-04-16,Postpaid
9625,Lacey Foster,larry92@example.net,599.982.3662x904,2023-10-04,Postpaid
9626,Richard Kelley,oliviajohnson@example.com,513.657.7750x8645,2024-02-23,Prepaid
9627,Carl Anderson,xjames@example.org,594.524.1189x5726,2024-05-05,Prepaid
9628,John Macias,hjackson@example.org,(254)457-9220x2483,2023-07-02,Prepaid
9629,Samuel Willis,krobinson@example.org,786-405-9782,2023-09-07,Postpaid
9630,Kevin Stone,christiankimberly@example.com,+1-693-578-1270x220,2023-06-09,Postpaid
9631,Tracy Yu,warrenjustin@example.org,836.258.0986x21785,2023-11-21,Prepaid
9632,Tyler Preston,wagnerstephanie@example.com,(643)528-5077x670,2023-06-25,Prepaid
9633,George Underwood,thorntonrobert@example.com,696-411-1393x5878,2025-03-21,Postpaid
9634,Michael Powell,rmoore@example.org,944-642-2017x584,2024-08-24,Postpaid
9635,Lori Wright,millerjodi@example.com,804-514-2994,2023-09-24,Prepaid
9636,Theodore Weaver,tanya87@example.net,3419745209,2024-12-21,Postpaid
9637,Heidi Beck,walkeraudrey@example.net,540-757-8888x5527,2025-01-15,Prepaid
9638,Alice Martin,wilsonsarah@example.com,(775)370-5182,2023-10-04,Postpaid
9639,Renee Klein,jroberts@example.com,216-925-2678,2024-06-28,Postpaid
9640,Crystal Jones,charlesmccullough@example.com,267-233-1442x28102,2024-01-05,Prepaid
9641,Janet Hernandez,savannahcampbell@example.net,9906732073,2024-10-13,Postpaid
9642,Jordan Reyes,dixonmaria@example.net,364.940.7114,2023-08-19,Postpaid
9643,Robert Warner,josepholiver@example.net,643.215.0644,2023-05-26,Prepaid
9644,Jane Spencer,mgreene@example.com,899.553.1784x63650,2024-05-31,Prepaid
9645,Dylan Torres,matthew95@example.net,(898)632-1301,2024-11-11,Postpaid
9646,Jessica Cervantes,brandon53@example.com,378.820.4576,2023-11-19,Prepaid
9647,Jeffrey Diaz,yhoward@example.com,763-498-3646x41597,2024-04-16,Prepaid
9648,Lauren Calhoun,stewartjoel@example.net,(954)971-6835,2023-07-24,Postpaid
9649,Matthew Perez,reynoldslori@example.com,(552)682-1830x653,2025-01-04,Prepaid
9650,Dalton Irwin,osbornelizabeth@example.net,001-288-355-1808x63132,2024-09-02,Prepaid
9651,Jenna Davis,cynthiahansen@example.net,001-437-275-5272x8911,2023-08-28,Postpaid
9652,Stacy Blackwell,pgriffin@example.com,806.550.6654x1435,2023-12-30,Postpaid
9653,Casey Mendoza,clarktina@example.net,525.507.0460,2025-02-07,Postpaid
9654,Calvin Anderson,pollardsergio@example.com,472.314.8897x988,2024-02-13,Postpaid
9655,Tracy Lewis,eshea@example.org,346.837.2070x0968,2024-02-13,Postpaid
9656,Laura Page,loganparker@example.com,845.316.5803x9086,2025-04-27,Postpaid
9657,Angela Mcdowell,linda54@example.com,233-615-7714x57533,2024-08-07,Postpaid
9658,Kimberly Valentine,tsantiago@example.com,461.811.2869,2024-10-10,Postpaid
9659,Bianca Hays,yrichards@example.com,917-658-9854x154,2023-07-07,Postpaid
9660,Christopher Crawford,eharrington@example.net,+1-581-520-6757x0327,2023-07-07,Postpaid
9661,Chad Moore,solomonterri@example.com,7643151051,2023-06-15,Prepaid
9662,Jason Hunt,marshjamie@example.com,838.819.4737,2024-01-07,Prepaid
9663,Shannon Ortiz,aprilellis@example.org,(456)456-7887x62467,2024-12-02,Postpaid
9664,Tyler Hill,jeffrandall@example.com,2142532264,2023-12-21,Prepaid
9665,Joseph Page,chelseygross@example.net,9693149971,2024-10-15,Postpaid
9666,Russell Vang,jessica10@example.net,+1-816-724-2031x182,2025-01-15,Postpaid
9667,Scott Turner,rweaver@example.org,(242)546-2262x40763,2025-02-03,Prepaid
9668,Jared Davis,shaneroth@example.net,334-240-5322x694,2023-08-10,Postpaid
9669,Wesley Salazar,brianjackson@example.net,5444481737,2024-10-28,Prepaid
9670,Christy Parker,jesse31@example.net,(571)857-6308x6675,2024-04-03,Prepaid
9671,Joseph Harper,lwilliams@example.com,985-932-5594x301,2023-05-04,Postpaid
9672,Jeffrey Mendez,ucase@example.org,5127664952,2023-06-27,Postpaid
9673,Andrew Bowman,gortega@example.com,(293)924-3012x79305,2024-05-27,Postpaid
9674,Melissa Tran,valerieweeks@example.com,652-588-2244x4334,2023-07-27,Postpaid
9675,Leslie Mason,riverataylor@example.net,001-945-963-0196x48123,2025-02-20,Prepaid
9676,John Myers,debbieestes@example.net,(654)223-4146x271,2023-06-08,Prepaid
9677,Bryce Nelson,karlacollins@example.com,644-999-5070x444,2024-10-24,Postpaid
9678,Michael Gomez,qpatel@example.net,590.670.9022,2025-02-04,Postpaid
9679,Brett Wilson,ocarney@example.com,872.449.9995x44442,2025-04-03,Postpaid
9680,Jessica Mcconnell,spencerjackson@example.org,627-412-2315x7891,2024-04-08,Postpaid
9681,Joshua Braun MD,trujillobrandon@example.org,6437846543,2023-06-30,Postpaid
9682,Christopher Johnson,coxjohn@example.org,672-590-7100x0417,2024-05-04,Postpaid
9683,Karen Johnson,millervanessa@example.net,001-919-775-6540x16560,2023-05-29,Prepaid
9684,Marcus Hernandez,amandareed@example.net,(772)511-9840x98104,2024-09-11,Postpaid
9685,Robert Roman,melissaashley@example.net,413-435-8814x168,2024-01-31,Prepaid
9686,James Waters,jonathan63@example.org,351.390.9276,2025-03-28,Postpaid
9687,Christine Robinson,jordanvirginia@example.com,677.757.9300x433,2023-09-14,Prepaid
9688,Ashley Turner,melanie50@example.net,+1-232-470-5148,2024-01-19,Prepaid
9689,James Hobbs,zacharygarcia@example.org,739-605-4637,2024-12-14,Postpaid
9690,Patricia Aguilar,leblancandrew@example.net,001-863-455-8846x8631,2023-06-18,Postpaid
9691,Sandra Foley,andradejerry@example.org,+1-621-574-4864x9897,2023-06-21,Postpaid
9692,Kevin Montgomery,william53@example.org,(980)774-2843,2023-12-01,Postpaid
9693,Alvin Martinez,miguelbernard@example.org,001-812-943-0121x160,2024-11-07,Postpaid
9694,David Green,dunnlauren@example.org,614-379-5459,2024-04-17,Postpaid
9695,Kristina Simpson,jeremy38@example.com,409-598-2601x469,2023-10-07,Postpaid
9696,Mark Bryant,samantha21@example.org,(647)331-4496,2024-08-24,Prepaid
9697,Daniel Molina,harrisonamber@example.net,3913455602,2023-11-17,Prepaid
9698,Anthony Snyder,tkane@example.net,815-905-2589x21951,2023-06-12,Prepaid
9699,David Rice,caitlinbutler@example.net,(559)698-2977,2023-12-12,Prepaid
9700,Maria Allen,melissamorrison@example.com,+1-665-508-3317x5357,2023-12-30,Postpaid
9701,Kimberly Walsh,codystokes@example.com,+1-224-204-8055,2023-10-15,Prepaid
9702,Morgan Taylor,eric90@example.com,001-588-462-8934,2023-08-24,Postpaid
9703,Amanda Smith,joanna77@example.org,+1-900-377-9809x0257,2024-05-25,Prepaid
9704,Caleb Patterson,dudleyjames@example.org,001-859-848-5814x43776,2024-05-07,Postpaid
9705,Christina Bates,thompsonmichael@example.net,001-649-649-6442x9807,2023-10-25,Prepaid
9706,Marcus Fox,savagemelanie@example.com,292-621-4640x72440,2024-02-19,Prepaid
9707,Leslie Osborne,hscott@example.net,518-489-9981,2023-09-05,Prepaid
9708,Andrew Osborne,owilliams@example.net,+1-220-463-6166x06617,2024-07-13,Prepaid
9709,Nicholas Christensen,glovererica@example.org,378-316-5837,2024-05-25,Postpaid
9710,Alyssa Gonzalez,kleinaaron@example.com,379.323.5293x258,2025-02-19,Postpaid
9711,Holly Garcia,orobles@example.com,001-347-681-8956,2024-06-10,Prepaid
9712,Michelle Escobar,ronald90@example.com,916.817.0926x2907,2023-07-22,Prepaid
9713,Sarah Thomas,brian48@example.net,864.346.2197,2024-02-16,Prepaid
9714,Mike Coleman,kennethwoods@example.com,600-208-5203x1978,2024-08-22,Prepaid
9715,Katherine Murray,michael73@example.net,+1-901-857-1968x1025,2023-07-30,Prepaid
9716,Donald Garcia,jennifer67@example.net,(463)224-3416x067,2023-11-06,Postpaid
9717,Mrs. Jill Bennett,nicolegordon@example.org,+1-335-784-7564,2023-05-30,Postpaid
9718,Sarah Griffith,vtaylor@example.org,(544)369-3366x977,2023-11-04,Postpaid
9719,Laura Velazquez,fernandeztimothy@example.net,291-854-4641,2023-07-11,Postpaid
9720,Kelli Lowe,walkeranne@example.com,+1-740-534-7324,2024-06-11,Postpaid
9721,Cynthia Mccoy,manuel98@example.org,+1-555-252-2342x654,2024-10-01,Postpaid
9722,Kristen Smith,jamiereeves@example.com,972-621-8332,2024-03-23,Prepaid
9723,Brenda Mcclure,johnsonscott@example.net,298.314.8340x406,2024-06-16,Prepaid
9724,James Lewis,james23@example.com,797.257.5431x04618,2023-11-29,Postpaid
9725,James Hamilton,ginaprice@example.org,+1-698-838-6179,2024-07-27,Prepaid
9726,Michelle Bell,tyler20@example.org,982-890-2471x4363,2024-12-11,Postpaid
9727,Rebecca Frazier,daniel84@example.com,(604)658-4214,2024-11-24,Prepaid
9728,Heather Oliver,jason42@example.net,462-925-9190x754,2024-08-24,Postpaid
9729,Mark Freeman,brandy03@example.net,761.685.3638x27019,2025-04-13,Prepaid
9730,Nicole Martin,victoria81@example.net,+1-867-843-1146,2024-08-08,Prepaid
9731,Joshua Johnson,npena@example.org,570.915.1965x692,2024-10-10,Prepaid
9732,Cathy Maldonado,athomas@example.org,(685)850-3012,2024-10-20,Prepaid
9733,Christy Bell,uwhite@example.net,(371)864-2525,2024-02-24,Prepaid
9734,Kyle Thomas,darrell91@example.org,001-588-921-7636,2024-08-20,Prepaid
9735,Daniel Meyer,katiestrickland@example.net,+1-728-848-2642,2023-06-20,Prepaid
9736,John Wells,matthewvelez@example.net,602.695.3080x19354,2024-03-20,Prepaid
9737,Carrie Glover,dianacox@example.com,+1-497-599-2384,2024-09-04,Postpaid
9738,Daniel Miller,xstokes@example.net,001-733-599-1100x19456,2024-11-15,Postpaid
9739,Alexander Pratt,uaguirre@example.net,3593335808,2024-11-17,Postpaid
9740,Jessica Obrien,kprice@example.net,8378779844,2025-03-04,Prepaid
9741,Jodi Lopez,stephaniegilbert@example.com,505.343.9301,2024-08-05,Postpaid
9742,Jack Navarro,nguyenjustin@example.org,338.201.2765,2024-10-17,Prepaid
9743,Charles Norris,michael54@example.com,+1-835-934-8623x44967,2024-10-10,Postpaid
9744,Ashley Potter,jackson83@example.org,001-664-852-1162x478,2024-01-31,Postpaid
9745,Regina Mclaughlin,clarson@example.net,823-740-1465x5245,2023-08-11,Prepaid
9746,Lisa Garcia,nicole46@example.org,219-707-5604,2024-08-12,Prepaid
9747,Amber Martin,katherinebeck@example.net,908-921-7465,2024-11-11,Prepaid
9748,Jonathan Wall,wgarcia@example.org,478.374.4294x85011,2023-09-25,Postpaid
9749,Larry Gonzales,kgeorge@example.com,001-865-371-4766x6584,2024-09-19,Postpaid
9750,April Gilbert,morenochad@example.net,628.222.0562x9406,2024-12-09,Prepaid
9751,Carol Owens,tamarasantana@example.net,001-494-576-6309x1050,2023-10-05,Postpaid
9752,Colleen Smith,mullinsharold@example.net,923-682-1308x053,2024-07-21,Postpaid
9753,Tiffany Moss,jason98@example.net,306-936-3691,2023-05-31,Prepaid
9754,Renee Chaney,oorr@example.com,883-526-8010,2024-09-23,Postpaid
9755,Sharon Cummings,lambertjasmine@example.net,(895)457-3738x4142,2024-08-31,Prepaid
9756,Charles Johnson,jonathan97@example.net,001-419-727-2076x4546,2023-05-26,Postpaid
9757,Dillon Kelly,annetteferguson@example.com,3308451349,2024-08-12,Prepaid
9758,Mary Greer,sharongardner@example.com,(475)234-0247x3880,2024-09-17,Postpaid
9759,Daniel Moore,rosariocatherine@example.org,560.408.1906,2024-03-12,Prepaid
9760,Diane Johnson,susan21@example.net,481-391-9007x5996,2024-09-22,Prepaid
9761,Toni Lewis,burtondaniel@example.com,574.478.3762x4180,2024-11-12,Postpaid
9762,William Miller,david79@example.com,+1-852-900-8893,2023-11-04,Prepaid
9763,Michael Mccarthy,hintonjustin@example.org,996-886-7380,2024-01-05,Prepaid
9764,Jim Campbell,ambertravis@example.org,724-396-6199x26938,2023-05-27,Prepaid
9765,Aaron Swanson,imoreno@example.net,(929)555-6975x0316,2023-10-09,Prepaid
9766,Elijah Johnson,sbartlett@example.net,+1-780-869-5507x8986,2023-11-29,Prepaid
9767,Joshua Torres,grahamjack@example.net,001-433-956-1099,2024-03-02,Postpaid
9768,Rebecca Alexander,tbecker@example.net,411.701.6161x07411,2025-02-12,Postpaid
9769,Abigail Burke,livingstonjoanna@example.com,+1-797-655-0074x53838,2023-06-01,Prepaid
9770,Anna Baldwin,qrobinson@example.com,905-484-3216x3790,2023-11-18,Prepaid
9771,Brenda Rogers,jason07@example.com,770.237.7427,2023-05-20,Prepaid
9772,Carolyn Holland,nicholas32@example.com,(303)583-7948,2024-04-22,Prepaid
9773,Michael Powell,suttonjudith@example.net,361-445-4897x12784,2024-02-02,Postpaid
9774,Gary Miller,mooreanthony@example.net,+1-247-309-0661,2023-07-22,Postpaid
9775,Victor Black,harveykaren@example.com,764.922.7997,2024-07-19,Postpaid
9776,Nancy Cook,noah73@example.org,872-294-5230,2023-07-15,Prepaid
9777,Seth Evans,williamsbenjamin@example.org,6577069194,2024-08-17,Prepaid
9778,Juan Cook,dominiquemccall@example.net,(207)741-0683x414,2023-10-01,Postpaid
9779,Christopher Washington,brenda14@example.com,(761)650-5239x32189,2024-01-02,Prepaid
9780,David Duarte,oliviareid@example.org,826.463.8693,2023-11-21,Prepaid
9781,Francisco Franco,slopez@example.org,465.594.0601,2023-08-02,Postpaid
9782,Robert Clay,oduarte@example.net,759-921-0918x047,2024-08-02,Postpaid
9783,Joshua Reyes,fjohnson@example.com,(670)706-0304x72306,2025-02-13,Prepaid
9784,Ryan Padilla,klopez@example.net,001-388-613-3940x47556,2024-04-16,Postpaid
9785,Christina Walter DVM,richmondamanda@example.net,326.239.9635x4360,2023-11-12,Prepaid
9786,Raymond Snyder,vward@example.net,(965)981-3213x07877,2024-08-10,Postpaid
9787,Jennifer Salas,shahmelissa@example.com,(228)366-7327x30289,2023-09-01,Prepaid
9788,Tara Pearson,paulschwartz@example.org,001-649-640-5443,2024-06-19,Postpaid
9789,Christopher Barr,clarknicholas@example.com,+1-856-831-7463x055,2023-10-15,Prepaid
9790,Beverly Jones,kelly96@example.net,7092676137,2024-11-11,Postpaid
9791,Gabriel Chavez,ycook@example.com,(771)526-4734,2024-05-26,Prepaid
9792,Maria Wong,lewismelissa@example.net,(409)894-4413,2024-02-25,Postpaid
9793,Kimberly Wright,morgan19@example.com,(409)949-5353,2024-08-03,Postpaid
9794,Jason Klein,anthonyrussell@example.org,305-201-0266x484,2023-09-16,Prepaid
9795,Timothy Brown,zunigachristopher@example.org,689.816.6211,2023-09-15,Postpaid
9796,Tracy Shaw,lawsoncynthia@example.net,(282)234-3517,2024-11-03,Prepaid
9797,Carol Brown,savannahfarmer@example.net,001-574-650-3975,2025-02-13,Prepaid
9798,Bryan Mahoney,wpierce@example.org,519.832.0662,2024-06-04,Postpaid
9799,Andrea Friedman,duffycatherine@example.org,6717664149,2024-10-18,Postpaid
9800,Michael Smith,owright@example.com,(560)461-0497,2023-09-25,Postpaid
9801,Justin Nguyen,asullivan@example.com,573-377-6169,2024-08-25,Prepaid
9802,Amanda Wong,travisrobinson@example.net,717.932.2988x5040,2024-07-15,Postpaid
9803,Dr. Michele Stewart,medinacrystal@example.net,+1-369-435-6207x9718,2025-02-02,Postpaid
9804,Henry Love,amanda69@example.com,+1-225-811-5255x505,2024-03-14,Prepaid
9805,Aaron Bryan,lauriedavis@example.org,+1-412-364-0531x986,2025-03-13,Postpaid
9806,Timothy Turner,jenkinsgeorge@example.com,(709)637-3744x5646,2023-11-10,Prepaid
9807,Gina Roberson,zherrera@example.com,001-827-955-1053x146,2023-07-13,Prepaid
9808,Melissa Owen,pattywiley@example.org,867.350.7827,2023-06-21,Prepaid
9809,Brian Rodriguez,warrenkemp@example.org,750.857.5006x582,2024-02-20,Prepaid
9810,James Diaz,jmendez@example.com,406.515.5366,2024-03-13,Postpaid
9811,Sean Williams,debbie81@example.com,+1-301-845-3310x680,2025-03-26,Prepaid
9812,Kevin Hernandez,brittany05@example.com,(843)958-5341x00111,2024-04-26,Prepaid
9813,Jared Parsons,xnash@example.com,6014964575,2024-09-04,Prepaid
9814,Christine Mercer,melinda21@example.com,+1-926-394-1235x8434,2024-02-14,Postpaid
9815,Sheri Brown,stephanie12@example.org,(474)725-2349x3191,2023-05-04,Prepaid
9816,Sarah Torres,kurtellis@example.com,270-334-2770,2024-09-07,Postpaid
9817,Justin Espinoza,ericksonchelsea@example.org,390-249-5860x1648,2023-05-17,Postpaid
9818,Mr. Jesus Patel,erin62@example.net,001-357-862-6357x1717,2025-03-29,Prepaid
9819,Christian Sanchez,edwardwalker@example.com,989.775.9481x50120,2023-08-03,Postpaid
9820,Nathan Mack,garzachristopher@example.net,(245)440-2857,2025-04-25,Prepaid
9821,Caleb Hale,rlarson@example.net,268-306-9751x1336,2025-03-09,Postpaid
9822,Thomas Ferguson,cthomas@example.org,574-769-1664x43943,2024-06-14,Prepaid
9823,Jack Ortiz,zjacobs@example.org,4137103229,2023-10-29,Postpaid
9824,Albert Barry,mark32@example.net,+1-477-925-7651x78344,2024-03-23,Postpaid
9825,Dustin Bowers,tinamoore@example.net,684-232-2954,2023-11-14,Postpaid
9826,James Wheeler,hernandezlindsey@example.com,919.545.5944,2023-12-23,Prepaid
9827,Peter Zimmerman,alexanderstone@example.org,454.617.4092,2023-08-06,Prepaid
9828,Richard Peterson,crawfordmaureen@example.net,001-690-375-3718x3718,2024-12-15,Prepaid
9829,Michelle Johnson,fcross@example.org,667.973.3732x7406,2024-04-18,Postpaid
9830,David Hess,zimmermanmatthew@example.com,263.604.7730x62446,2023-05-13,Prepaid
9831,Alejandra Villarreal,nealjessica@example.com,995-550-1445,2024-06-03,Postpaid
9832,Darren Hendrix,frederickdavid@example.net,215.430.1069,2024-05-01,Postpaid
9833,Kimberly Jackson,sramirez@example.net,+1-335-527-6189x47908,2023-11-11,Postpaid
9834,Robert Barajas,castrotaylor@example.org,001-737-615-7285x1265,2023-08-24,Postpaid
9835,Glenn Cook,ychase@example.org,001-416-449-1377x2967,2023-11-19,Prepaid
9836,Kelsey Johnson,blove@example.net,(842)369-4502,2024-04-23,Postpaid
9837,Kyle Brown,dballard@example.net,001-270-840-2571x1314,2024-01-20,Prepaid
9838,James Cunningham,vcombs@example.org,7615507526,2024-04-12,Prepaid
9839,Maria Moore,anthonynash@example.com,(620)969-7822x0507,2025-01-14,Postpaid
9840,Adam Walton,kcortez@example.org,001-471-778-2534,2024-08-01,Postpaid
9841,James King,russellsandra@example.net,388.511.5608x8449,2024-03-12,Prepaid
9842,Jesse Jones,watsonanthony@example.net,(274)899-9671,2024-02-21,Prepaid
9843,Kimberly Lewis,wrightjose@example.com,342-866-9989,2023-12-26,Postpaid
9844,Kimberly Jimenez,desparza@example.net,(395)670-4700,2023-08-06,Postpaid
9845,Cynthia Rice,donna75@example.org,001-645-673-5454x465,2024-04-01,Postpaid
9846,Amanda Gray,jacob21@example.net,444-579-8506,2024-09-08,Postpaid
9847,Lawrence Morris,amandalee@example.com,001-723-359-7124x61356,2024-12-06,Postpaid
9848,Elizabeth Lindsey,anthony65@example.net,(849)878-5154x629,2024-12-21,Prepaid
9849,Kevin Lee,andreajones@example.org,7399702697,2023-11-26,Postpaid
9850,Jessica Taylor,deborahmyers@example.net,2156581919,2023-11-28,Prepaid
9851,Juan Lee,shafferjessica@example.net,(589)534-0410,2024-03-16,Prepaid
9852,Steven Williams,steven37@example.net,226-496-9791x6740,2024-04-02,Prepaid
9853,Renee Norton,gina10@example.com,(398)373-9415x939,2024-07-18,Postpaid
9854,Lisa Lopez,nataliewatkins@example.com,(837)248-7624x56377,2025-04-15,Postpaid
9855,Joshua Madden,jordaneric@example.net,001-509-360-2012x493,2025-03-28,Prepaid
9856,Mrs. Margaret Walker,annweber@example.com,+1-868-619-1711x4359,2025-03-06,Postpaid
9857,Gloria White,meredith46@example.org,001-373-915-9468x36870,2025-01-07,Prepaid
9858,Kevin Howell,devingraham@example.net,(218)761-1581,2023-08-06,Postpaid
9859,James Tapia,melissawinters@example.org,2895310823,2025-01-12,Prepaid
9860,Laurie Edwards,michael72@example.org,417-693-1857x078,2024-03-26,Postpaid
9861,Steven Moon,vazqueztimothy@example.com,(539)233-2472,2024-01-21,Postpaid
9862,Brandon Rodriguez,catherinecollins@example.net,7236396525,2024-09-26,Postpaid
9863,Carol Lowe DDS,mhenson@example.org,(353)655-9729,2024-10-25,Postpaid
9864,Richard Turner,harrycoleman@example.org,001-291-337-6531x04370,2024-03-28,Prepaid
9865,David Barnes,alexandria34@example.com,414.953.9218,2024-11-18,Prepaid
9866,Jared Miller MD,manningdavid@example.net,689-369-8846,2024-12-07,Postpaid
9867,Veronica Brown,connor84@example.com,(600)808-7779x08819,2024-12-18,Prepaid
9868,Destiny Morris,tiffanyrodriguez@example.org,353-824-7346x309,2023-07-24,Postpaid
9869,Hector Lawrence,brooksedwin@example.net,+1-412-631-1284,2025-02-11,Prepaid
9870,Lisa Bryant,colederek@example.org,001-472-608-4824x385,2023-12-25,Postpaid
9871,Dennis Singleton,mbranch@example.net,(719)605-2728x222,2023-06-16,Postpaid
9872,Michelle Acevedo,christopher11@example.net,936.760.4422x13890,2025-02-04,Postpaid
9873,Cassandra Webb,lbrown@example.org,501-674-3949x960,2024-09-25,Prepaid
9874,Roger Smith III,patrick70@example.com,(608)846-7299x9207,2025-03-17,Prepaid
9875,Kathryn Williams,tylercollins@example.org,001-441-228-6591,2023-05-06,Prepaid
9876,Jennifer Ramirez MD,eric80@example.org,001-928-773-4883x959,2024-01-27,Prepaid
9877,Karen Hardy,robertsonmatthew@example.com,(679)286-6238x97546,2025-03-28,Prepaid
9878,Andrew Parker,kyle78@example.com,+1-665-388-1430x8159,2024-01-11,Prepaid
9879,Anthony Cooper,wmiller@example.com,+1-562-263-7197,2023-10-19,Prepaid
9880,Ricardo Hartman,aperez@example.net,869-574-2950x2935,2024-08-19,Prepaid
9881,Christine Romero,hatfieldzachary@example.net,001-452-327-6194x66307,2024-05-09,Prepaid
9882,Lori Steele,thomas64@example.net,537.881.0058,2025-02-03,Prepaid
9883,Sarah Leblanc,mary89@example.net,+1-308-979-0542x48233,2024-04-10,Postpaid
9884,Melissa Porter,antonio80@example.org,(506)911-4457,2023-07-04,Postpaid
9885,Belinda Murphy,robleskevin@example.org,795-211-2155,2023-06-13,Prepaid
9886,Alisha Lowe,angie62@example.net,(514)598-2516,2023-06-17,Postpaid
9887,Mr. Peter Garcia II,blackjoshua@example.net,832-445-7510,2024-08-15,Postpaid
9888,Michael Fields,brendan31@example.com,6725391998,2024-02-14,Postpaid
9889,Katherine Lozano,jason56@example.com,(402)559-3641x1567,2024-10-26,Prepaid
9890,Robert Massey,matthew65@example.org,001-266-963-7125x6078,2025-04-27,Postpaid
9891,Linda Gomez,paulclark@example.net,(321)752-8906x01179,2023-10-04,Prepaid
9892,Michael Torres,bishoptodd@example.com,993-493-2025,2023-12-25,Postpaid
9893,Christian Padilla,jerrymurphy@example.net,001-954-412-0309x529,2024-01-08,Prepaid
9894,Debra Browning,glenda50@example.org,8137700797,2024-07-13,Postpaid
9895,Kimberly Allen,marcsmith@example.net,441.540.0594,2023-10-03,Postpaid
9896,Adam Cox,tammy82@example.net,(918)822-1048,2023-06-13,Prepaid
9897,John Cherry,jose80@example.org,001-542-559-8943x29158,2023-11-08,Postpaid
9898,Stephen Acosta,shannontownsend@example.net,949-483-0929,2023-12-15,Prepaid
9899,Susan Liu,joshuadean@example.net,001-931-491-3662x6473,2023-09-18,Postpaid
9900,Dale Estrada,smccoy@example.org,628-849-9764,2024-01-04,Prepaid
9901,Amber Hodges,ghanson@example.com,+1-995-274-6409x9807,2025-02-04,Prepaid
9902,Robert Hall,pattersonjennifer@example.net,001-872-573-2144x61531,2025-03-10,Postpaid
9903,Morgan Martinez,nsandoval@example.com,922-439-8463x62516,2025-03-25,Postpaid
9904,Kayla Barker,victorkennedy@example.com,(789)864-5587x6990,2023-08-31,Postpaid
9905,Michael Brown,zolson@example.org,251.234.5007,2023-05-28,Prepaid
9906,Nicole Graham,klynch@example.org,351-847-7691,2025-01-25,Prepaid
9907,Taylor Gallegos,kthomas@example.com,626.571.7490,2024-04-26,Postpaid
9908,Allison Lee,walkerkevin@example.com,498-634-4879,2023-11-15,Prepaid
9909,Karen Blankenship MD,ihall@example.org,(244)540-4776,2025-02-09,Postpaid
9910,Dale Sparks,connie33@example.com,277-825-9298,2024-04-09,Postpaid
9911,Kelly Gibson,lisa01@example.org,996.914.1967x887,2024-06-20,Postpaid
9912,Joy Hill,smithheather@example.com,512-713-3791x86232,2025-03-20,Postpaid
9913,Susan Myers,michael91@example.com,348.823.1814x95831,2023-11-20,Prepaid
9914,Jessica Shepherd,melissawood@example.net,4873403571,2023-11-26,Postpaid
9915,Sydney Wood,larryadkins@example.org,277.802.5061,2024-04-11,Postpaid
9916,Virginia Russell,emilymorris@example.com,+1-526-841-8950,2024-04-29,Postpaid
9917,Leslie Barnes,steven23@example.org,270.805.3425,2024-01-14,Postpaid
9918,Debra Brown,sheltondenise@example.net,(404)793-6520x337,2024-06-25,Postpaid
9919,Scott Benson,melissasimmons@example.com,(956)854-5548x6469,2024-07-25,Prepaid
9920,Leslie Richards,rhondawilliamson@example.net,486.597.8025x581,2024-09-27,Postpaid
9921,John Arellano,yaguilar@example.net,338.420.3840x9713,2023-07-17,Prepaid
9922,Robert Wright,jacquelinemiller@example.net,+1-601-247-0980x27536,2024-10-22,Postpaid
9923,George Sherman,csanchez@example.com,001-697-368-6890,2023-08-25,Prepaid
9924,Dana Yang,ronaldreed@example.net,390-354-6949x3130,2024-08-11,Prepaid
9925,Felicia Velazquez,lee89@example.com,+1-636-841-6103,2023-09-22,Prepaid
9926,Paula Murphy,fsmith@example.org,001-947-824-8329x4558,2023-12-30,Prepaid
9927,Jordan Manning,brodriguez@example.com,351-205-4012x95093,2025-02-10,Prepaid
9928,Peter Alvarado,barry02@example.net,979-892-6137,2025-04-19,Prepaid
9929,Melissa Lewis,qcantrell@example.net,6007150823,2023-07-17,Prepaid
9930,Timothy Hopkins,pdominguez@example.net,843.757.7622,2024-04-22,Prepaid
9931,Jackson Miller,pbeasley@example.org,2394680438,2024-04-02,Prepaid
9932,Christopher Gomez,hughesjoshua@example.org,+1-894-929-7724,2024-03-18,Postpaid
9933,Lisa Guzman,lperez@example.org,645-812-5177,2024-09-14,Prepaid
9934,Jonathan Jones,andrew29@example.org,407.533.9034,2024-11-23,Postpaid
9935,Karen Cain,devinflores@example.com,+1-570-495-9372x79961,2023-06-05,Postpaid
9936,Kelsey Cannon,millerwilliam@example.net,920-962-5801x978,2024-01-07,Prepaid
9937,Christopher Stark,brenda28@example.net,+1-926-712-3594,2023-07-28,Prepaid
9938,Mr. Francisco Taylor Jr.,samanthaware@example.org,953-715-9962,2023-12-17,Postpaid
9939,Rebecca Rice,odomdanielle@example.com,240.635.6192,2025-02-23,Postpaid
9940,Derrick Washington MD,alexander75@example.com,496-536-7086x79810,2024-05-24,Postpaid
9941,Elizabeth Hull,bonniewallace@example.com,294-281-2484,2023-07-16,Prepaid
9942,Kurt Taylor,sara63@example.com,3513131490,2023-11-26,Postpaid
9943,Kevin Perry,gibsonkimberly@example.org,422-731-3992x64346,2023-09-16,Prepaid
9944,Cheryl Nunez,jeremy44@example.net,7728134805,2023-06-26,Prepaid
9945,Joe Stone Jr.,lydia52@example.net,001-705-543-4452x39327,2024-09-16,Prepaid
9946,James Allen,mooremary@example.com,556-461-1210x23466,2023-09-01,Prepaid
9947,Kenneth Cortez,solomonaudrey@example.org,+1-774-951-6766x91548,2024-06-15,Postpaid
9948,Elizabeth Downs,wallaceshannon@example.net,450-492-2452,2023-12-10,Prepaid
9949,Francis Perry,alexandergarza@example.com,817.272.0880,2023-08-03,Prepaid
9950,Damon Robertson,santiagoemily@example.com,001-875-616-5921x4738,2025-04-03,Prepaid
9951,Alexander Little,cynthiadiaz@example.com,625.652.7468,2024-05-08,Prepaid
9952,Vanessa Roth,tyrone36@example.org,001-622-526-8204x7940,2023-08-05,Postpaid
9953,Edward Horne,cortezthomas@example.org,(669)663-0212,2025-03-15,Postpaid
9954,Christina Cruz,ruizsteven@example.org,(448)240-0990x49223,2025-01-16,Postpaid
9955,Kristin Fields,alexisdickerson@example.net,+1-453-943-6820x317,2024-12-26,Prepaid
9956,Taylor Wilson,crawfordkatie@example.net,+1-809-331-3201x70190,2023-09-22,Prepaid
9957,April Johnson,harveynatalie@example.com,905.598.5288x78763,2024-12-22,Postpaid
9958,Kristen Ross,dylan74@example.net,886.409.7856x723,2024-05-17,Postpaid
9959,Tyler Davis,epacheco@example.com,249-409-1456x83340,2025-02-21,Prepaid
9960,Amanda Petersen,ogutierrez@example.com,9517349724,2024-10-13,Postpaid
9961,Anthony Clark,allenbradley@example.net,9015198058,2024-04-05,Postpaid
9962,Ronnie Jackson,emily45@example.net,739-816-3786,2024-10-30,Postpaid
9963,Sandra Conley,mtorres@example.org,001-392-712-2099x399,2023-10-16,Prepaid
9964,James Rubio,jchandler@example.net,(966)538-4222,2024-01-01,Postpaid
9965,Richard Stone,arthur89@example.com,+1-972-685-0400,2023-09-18,Prepaid
9966,Roberta Matthews,amanda94@example.com,9202219885,2024-10-23,Postpaid
9967,Louis Newton,aguirrejames@example.net,875-447-6002x4607,2023-05-12,Prepaid
9968,Ashley Weaver,thomas72@example.com,815-242-0306x4961,2025-02-02,Prepaid
9969,Renee Johnson,rscott@example.net,745.322.0008x08934,2023-11-12,Postpaid
9970,Juan Walker,kelleymichael@example.org,410.449.5789,2023-08-07,Postpaid
9971,Bethany Flores,sabrina66@example.org,278-435-0039,2023-09-25,Postpaid
9972,Nicole Williams,rdickerson@example.net,(264)639-8119x19190,2024-05-08,Prepaid
9973,Jenny Gardner,smithamber@example.com,(996)486-9913,2024-10-09,Postpaid
9974,Cynthia Richard,priceheather@example.com,9946725513,2024-07-24,Prepaid
9975,Edgar Scott,stevenscraig@example.net,630.558.1857,2023-08-14,Postpaid
9976,David Marquez,cheryl48@example.org,+1-480-211-4722x64426,2024-07-18,Prepaid
9977,Julie Glover,ubrown@example.com,(385)447-7260x54527,2024-12-08,Prepaid
9978,Shawn Moore,teresacollins@example.org,001-243-517-6412x803,2025-03-05,Postpaid
9979,Bruce Lewis,kenneth73@example.org,(490)343-8555,2024-07-11,Postpaid
9980,Gregory Navarro,karenrodriguez@example.org,482.805.2305,2024-10-27,Prepaid
9981,Darryl Conner,jwang@example.com,001-945-562-5911x5504,2023-10-19,Prepaid
9982,Michael Sanchez,joycemercer@example.org,+1-643-461-3135x542,2023-05-01,Prepaid
9983,Brittney Tucker,michellemiller@example.net,(697)560-7117,2023-05-31,Prepaid
9984,Amanda Cox,spencerclayton@example.org,7295824520,2024-11-01,Postpaid
9985,Sheila Young,annthompson@example.org,(213)831-6774x49479,2024-06-28,Postpaid
9986,Ruth Day,rosegregory@example.org,(299)369-3825x9101,2023-09-09,Prepaid
9987,Andrew Mills,lyonspamela@example.org,638-816-9700,2023-12-27,Prepaid
9988,Dawn Butler,atkinsonpamela@example.net,(853)354-7969,2024-03-31,Postpaid
9989,Joyce Gonzales,morrowvicki@example.net,001-589-635-2029,2024-02-11,Prepaid
9990,Sean Watson,deleonjulie@example.com,(873)762-1285,2024-06-25,Postpaid
9991,Pamela Poole,latoya34@example.net,780.657.6476,2023-06-12,Prepaid
9992,Edwin Weaver,kfox@example.org,410-789-7269,2025-04-03,Postpaid
9993,David Smith,stevensbriana@example.org,990.400.6896,2024-04-05,Prepaid
9994,Krystal Blake,stevenjones@example.net,233-830-8992,2023-12-15,Postpaid
9995,Valerie Gonzales,ygonzalez@example.net,988-494-0047x75809,2023-08-12,Prepaid
9996,Tyler Jones,lauraglenn@example.net,+1-878-421-1956x6403,2024-07-10,Postpaid
9997,Diana Allen,hillricky@example.com,312-819-7608,2023-10-23,Prepaid
9998,Daniel Bell,leonrobert@example.org,(792)243-6066x39144,2023-12-12,Prepaid
9999,Austin Howell,ryan31@example.org,651-574-9140x2298,2024-05-19,Prepaid
10000,Rachel Gillespie,vjohnson@example.net,883.623.4978x86138,2023-08-16,Prepaid
