usage_id,customer_id,call_minutes,data_used_gb,sms_count,usage_date
1,2204,431.63,24.9,322,2024-05-30
2,3395,122.97,60.82,147,2024-12-14
3,8132,404.37,38.79,276,2025-01-16
4,6896,245.29,88.93,424,2024-11-11
5,8467,268.08,32.32,424,2024-07-17
6,7481,425.3,60.37,438,2025-03-20
7,802,373.08,26.87,95,2024-09-22
8,7060,484.66,74.52,249,2024-07-13
9,1725,33.48,13.62,264,2025-01-04
10,9738,446.76,60.61,284,2025-03-24
11,4451,69.95,44.51,490,2024-11-17
12,4556,343.94,58.22,459,2024-05-05
13,340,148.22,9.77,430,2025-04-10
14,8412,461.53,8.1,129,2024-11-16
15,252,41.55,38.77,143,2025-01-04
16,4522,497.92,51.02,76,2025-01-28
17,5030,403.46,4.62,406,2024-08-15
18,9193,445.11,16.02,477,2025-04-14
19,4607,11.37,14.63,97,2024-05-26
20,2256,457.9,64.3,183,2025-02-09
21,2693,204.64,39.26,237,2025-02-23
22,7885,272.99,96.1,8,2024-05-07
23,5903,31.3,69.36,351,2024-12-29
24,8131,382.82,64.09,364,2024-06-16
25,3393,231.83,67.44,104,2024-06-11
26,8694,214.3,54.96,397,2024-09-20
27,2347,135.62,34.22,479,2024-07-13
28,7751,55.83,46.26,173,2024-08-04
29,953,7.34,63.04,106,2024-06-07
30,3414,63.69,21.88,485,2025-04-14
31,5579,306.99,0.94,409,2024-08-04
32,6597,237.06,25.97,327,2024-09-27
33,2880,206.06,31.54,333,2025-02-20
34,8009,214.97,17.81,102,2024-10-14
35,8453,435.73,80.8,178,2024-05-20
36,8518,50.19,93.29,50,2024-10-19
37,1109,198.17,44.71,345,2024-10-30
38,86,183.0,35.87,86,2025-01-09
39,3031,475.11,86.37,413,2024-06-13
40,3044,130.99,93.56,410,2024-12-20
41,158,144.09,26.27,4,2025-02-16
42,6393,184.2,99.77,81,2024-07-03
43,7912,317.04,72.54,324,2024-07-04
44,697,241.32,87.21,17,2024-06-12
45,7370,120.61,39.29,87,2025-03-14
46,7403,311.81,14.02,218,2024-05-07
47,7291,319.58,78.91,122,2024-10-04
48,9698,353.01,46.65,50,2024-06-15
49,3051,195.67,2.23,189,2024-05-25
50,4452,22.86,24.56,74,2024-05-21
51,4981,13.39,88.81,69,2024-06-05
52,4779,380.35,68.43,400,2024-05-10
53,4546,491.59,94.76,496,2025-03-05
54,45,351.82,87.22,230,2025-01-09
55,9652,416.53,71.62,395,2024-10-04
56,6526,56.45,29.12,41,2024-10-20
57,4860,212.6,73.99,136,2025-02-13
58,8142,463.45,64.45,116,2024-07-13
59,5793,32.03,60.01,116,2024-08-30
60,9833,86.4,73.55,478,2025-04-04
61,486,162.5,65.85,338,2024-08-12
62,9437,498.1,22.44,194,2025-02-22
63,7383,27.82,35.93,411,2024-07-08
64,1349,186.9,65.78,458,2024-07-05
65,2995,52.78,82.82,175,2025-04-29
66,4565,15.45,52.5,421,2025-04-13
67,1139,51.54,18.97,18,2024-07-06
68,9430,251.58,19.95,33,2025-02-14
69,7829,372.5,65.37,248,2024-12-21
70,3434,320.86,31.65,330,2024-12-24
71,6996,263.26,3.86,147,2025-04-22
72,8291,431.76,23.17,426,2024-12-07
73,2099,106.0,42.02,114,2025-01-08
74,709,406.87,92.76,463,2024-11-21
75,9424,382.73,28.15,462,2024-11-26
76,7521,452.97,50.23,38,2024-08-24
77,1550,197.69,10.31,400,2024-11-24
78,4953,62.98,30.67,208,2024-07-03
79,2250,391.49,72.4,222,2025-01-30
80,81,331.84,22.86,394,2024-12-03
81,7402,469.97,77.11,242,2025-01-18
82,4340,66.89,6.36,283,2025-03-02
83,4842,61.22,47.06,160,2024-10-18
84,5743,436.79,92.0,424,2025-04-09
85,8673,318.47,43.76,225,2024-09-23
86,2281,110.01,22.96,367,2024-11-24
87,7183,213.83,73.64,267,2024-11-15
88,710,398.1,7.86,237,2024-05-22
89,4299,122.73,66.13,459,2024-11-03
90,2174,322.25,60.39,476,2024-11-04
91,5854,82.02,72.71,274,2024-07-21
92,2988,283.56,46.58,461,2025-02-13
93,3450,194.04,56.5,431,2024-08-28
94,4407,140.03,18.29,326,2025-04-18
95,7636,359.12,37.29,152,2024-08-06
96,5604,488.5,45.29,229,2024-12-24
97,8694,176.12,18.64,375,2024-11-20
98,9330,420.92,42.93,2,2025-02-23
99,480,248.33,63.15,257,2024-11-06
100,1340,385.37,31.72,293,2024-06-30
101,7504,374.84,22.01,455,2025-04-18
102,8345,178.48,8.56,55,2024-07-18
103,4052,244.13,34.52,128,2025-02-17
104,8416,154.57,98.39,159,2024-07-25
105,8990,279.19,67.42,223,2024-09-27
106,9195,12.11,63.31,42,2024-09-26
107,1552,391.15,51.58,11,2024-11-29
108,9714,372.41,26.78,445,2025-02-16
109,2694,411.59,57.51,130,2024-07-30
110,2577,385.56,13.57,499,2024-08-01
111,4476,108.06,13.01,12,2025-02-11
112,3924,339.87,69.18,371,2024-08-28
113,8639,194.36,97.58,413,2024-07-28
114,6215,332.91,97.41,26,2024-09-29
115,27,180.66,78.95,414,2024-06-11
116,4596,294.53,97.88,452,2024-12-10
117,8028,176.69,26.55,66,2024-07-07
118,849,373.96,63.92,327,2024-05-09
119,6705,319.36,57.47,445,2024-05-31
120,3854,360.99,22.29,414,2024-09-11
121,9401,449.94,46.4,178,2024-05-26
122,3329,135.72,94.35,329,2025-03-08
123,6180,115.86,93.67,431,2024-09-03
124,9970,156.98,70.46,102,2024-11-19
125,1945,234.5,91.31,133,2024-07-09
126,8978,321.75,79.91,98,2024-05-27
127,6955,90.3,33.83,297,2025-04-27
128,2262,58.5,91.38,482,2024-07-28
129,714,444.75,80.98,260,2025-01-18
130,2617,457.31,57.24,83,2025-04-01
131,237,403.85,72.69,101,2025-01-12
132,8186,371.58,63.31,426,2024-09-02
133,8545,119.69,44.29,374,2024-07-05
134,9209,250.02,43.8,55,2024-08-16
135,5059,406.57,16.38,285,2024-12-16
136,9556,362.09,6.23,63,2024-08-24
137,3509,58.79,90.35,9,2024-10-01
138,4518,397.66,15.17,478,2024-11-07
139,1792,0.53,78.28,394,2024-09-08
140,5800,171.18,70.15,95,2024-07-22
141,8699,497.2,8.9,66,2025-01-20
142,2496,299.55,65.1,270,2024-07-26
143,7824,179.58,72.23,17,2024-12-15
144,2551,170.25,87.13,38,2024-09-28
145,4953,146.67,66.07,412,2024-06-20
146,1043,437.23,45.72,478,2024-08-21
147,5617,495.59,38.88,118,2024-08-17
148,9494,322.84,0.34,112,2024-06-30
149,2809,440.1,44.47,95,2024-07-24
150,3872,156.24,73.89,171,2024-10-14
151,9698,179.73,78.98,348,2025-01-29
152,3360,476.69,84.96,181,2024-08-02
153,1682,281.3,2.93,446,2025-03-25
154,9894,264.94,1.22,114,2024-05-28
155,9407,332.77,79.54,400,2024-11-15
156,9564,7.34,86.85,10,2024-09-16
157,8309,170.92,25.98,331,2025-02-05
158,4499,41.85,51.93,323,2025-02-04
159,7624,106.18,39.82,101,2025-04-21
160,2115,208.45,78.05,186,2024-09-08
161,488,229.04,72.06,11,2024-11-08
162,5865,412.35,36.73,88,2024-09-02
163,9437,477.78,21.93,9,2024-08-22
164,981,264.58,65.13,237,2025-04-28
165,3263,392.85,91.1,132,2025-02-10
166,8043,127.13,4.07,192,2024-06-22
167,5191,346.4,79.3,421,2024-05-14
168,4152,25.01,88.62,44,2024-06-05
169,9727,348.09,80.27,112,2024-10-28
170,7247,85.81,1.56,272,2025-01-17
171,391,296.67,33.66,77,2024-08-16
172,1441,289.24,22.29,385,2025-04-16
173,1545,159.89,41.52,448,2025-02-09
174,1601,20.42,44.79,402,2025-04-30
175,8501,128.78,15.62,333,2024-11-13
176,7087,328.12,69.95,373,2024-11-26
177,5632,55.44,94.21,250,2024-09-25
178,6987,30.25,93.28,188,2024-12-30
179,7484,188.1,39.23,4,2024-10-15
180,6286,274.78,98.81,497,2025-01-29
181,9116,472.02,60.08,80,2024-07-15
182,3457,194.25,11.88,399,2024-12-19
183,5272,431.48,81.96,217,2024-08-19
184,6582,392.61,74.39,364,2024-08-11
185,8032,355.65,2.71,287,2024-05-13
186,1669,244.92,58.38,86,2024-10-02
187,5042,320.51,98.31,194,2024-09-26
188,1885,175.42,14.31,441,2025-01-25
189,2729,70.0,6.14,490,2024-09-09
190,5609,373.69,57.19,197,2024-10-07
191,9069,113.48,74.96,248,2024-09-17
192,987,458.25,83.9,210,2024-09-04
193,401,116.8,0.41,408,2024-07-21
194,9666,206.97,85.44,82,2024-12-06
195,5177,15.48,17.6,359,2025-04-07
196,7339,453.49,74.87,354,2024-10-31
197,7099,243.34,57.56,182,2024-12-10
198,1529,24.0,24.76,33,2024-08-19
199,4699,101.14,70.75,254,2024-08-02
200,9545,273.74,18.51,138,2025-02-08
201,865,436.67,71.58,113,2024-07-06
202,3451,310.86,62.17,497,2024-09-24
203,2412,439.11,23.62,367,2024-12-05
204,8395,80.33,70.67,61,2024-11-25
205,3039,108.72,5.45,457,2025-02-09
206,2174,150.51,28.47,392,2025-04-21
207,1462,75.5,32.6,263,2024-11-24
208,1472,191.11,42.78,342,2024-06-26
209,8531,465.01,12.58,29,2024-07-14
210,1456,318.28,8.07,95,2024-07-17
211,1980,139.06,97.59,264,2024-10-26
212,1983,62.29,87.42,329,2024-12-17
213,2517,135.32,1.26,328,2024-07-02
214,7511,234.16,59.29,194,2025-03-14
215,283,393.75,41.64,363,2024-10-15
216,7314,390.6,14.13,79,2024-08-19
217,4085,382.49,95.15,34,2024-07-20
218,7005,229.99,42.15,86,2025-02-17
219,763,38.54,24.61,413,2024-11-18
220,7096,160.15,13.12,432,2024-06-01
221,5844,442.1,15.38,49,2024-07-30
222,3767,365.33,30.85,7,2025-03-16
223,4389,5.96,81.07,140,2025-04-18
224,9038,356.21,57.5,460,2024-12-14
225,221,45.01,97.49,307,2024-06-06
226,8755,249.65,43.48,446,2024-08-22
227,1019,265.55,56.04,371,2025-01-30
228,2087,326.95,50.64,134,2024-10-08
229,756,341.55,0.81,56,2025-01-30
230,8940,83.85,69.25,204,2025-03-13
231,5940,188.13,69.97,215,2024-06-27
232,7687,101.71,15.92,63,2025-04-20
233,1170,222.04,99.0,101,2025-04-18
234,1033,216.84,29.0,128,2024-05-12
235,2,414.52,55.75,389,2025-03-05
236,5093,391.75,10.75,100,2025-02-28
237,9550,97.38,27.08,188,2024-11-08
238,771,382.11,53.0,11,2024-11-29
239,1005,23.99,14.32,457,2024-08-12
240,8037,229.16,48.33,108,2024-09-05
241,9086,395.34,93.18,298,2024-06-22
242,952,48.37,14.9,201,2024-07-13
243,7167,25.47,32.87,179,2024-11-16
244,8394,347.9,65.15,233,2025-03-14
245,8563,27.71,4.33,381,2024-09-01
246,6417,7.37,66.34,310,2025-01-06
247,7444,295.12,26.55,143,2024-05-14
248,843,477.45,75.58,430,2024-07-04
249,4521,239.54,81.61,323,2024-05-01
250,168,331.39,42.75,283,2025-03-11
251,2368,350.61,36.56,106,2025-04-28
252,1315,155.28,76.57,366,2025-04-06
253,8379,96.59,57.01,399,2024-12-05
254,334,445.01,14.28,4,2024-12-14
255,6161,451.8,90.03,493,2024-07-17
256,3257,344.04,91.61,149,2024-09-08
257,3265,31.61,87.55,140,2024-09-17
258,4433,421.42,55.91,387,2024-10-21
259,3417,444.74,48.79,58,2025-02-09
260,1958,264.35,6.38,484,2024-10-19
261,217,32.03,96.67,145,2024-10-09
262,2348,91.47,34.18,450,2024-07-08
263,6663,481.03,23.79,212,2024-06-24
264,3771,249.76,63.52,179,2025-03-24
265,9867,167.71,76.28,303,2024-07-22
266,6007,272.71,8.76,65,2024-06-28
267,5277,248.48,65.72,350,2024-05-06
268,6566,264.54,18.45,302,2025-03-26
269,1169,451.45,91.61,204,2024-06-03
270,2304,402.55,32.99,375,2024-11-12
271,6000,287.97,46.15,205,2024-05-22
272,4233,261.95,25.61,54,2024-12-06
273,6098,168.99,40.27,334,2025-01-21
274,5368,418.82,69.25,447,2025-03-15
275,4146,250.77,36.73,203,2025-02-04
276,9066,424.82,12.15,252,2024-12-17
277,2126,27.66,50.42,229,2025-01-04
278,1963,43.95,62.64,282,2024-09-25
279,4598,416.98,97.71,61,2024-12-29
280,6138,55.8,78.25,325,2024-10-26
281,4292,56.41,63.36,274,2025-01-27
282,7431,369.69,9.26,379,2025-01-31
283,5888,444.99,17.87,352,2024-12-19
284,9396,272.36,71.77,35,2024-10-15
285,3202,490.15,41.6,6,2025-01-08
286,2290,441.9,7.43,335,2024-07-13
287,6928,292.13,78.03,84,2024-06-12
288,5644,82.94,73.44,238,2024-12-25
289,1278,472.85,75.07,52,2025-03-14
290,7072,407.4,73.29,328,2025-03-02
291,1140,266.4,36.18,352,2025-02-27
292,4010,470.52,5.26,351,2024-07-28
293,1162,376.12,12.67,250,2025-01-16
294,3090,361.79,11.6,463,2025-01-21
295,5086,375.31,77.47,387,2025-04-14
296,3665,81.53,83.74,478,2025-01-12
297,3657,130.94,57.54,325,2024-10-12
298,6918,143.0,22.59,19,2025-01-27
299,8073,6.57,78.44,93,2024-10-28
300,7637,164.23,55.09,455,2025-03-18
301,7574,52.77,99.4,135,2024-06-28
302,3588,381.2,3.3,416,2024-11-21
303,1884,154.9,70.92,183,2025-02-09
304,534,322.32,56.28,109,2024-08-07
305,7321,138.92,44.68,121,2025-03-09
306,1178,362.45,59.47,239,2024-10-30
307,6750,494.92,54.49,387,2024-10-02
308,5405,188.71,11.61,338,2024-06-30
309,4738,194.61,12.66,356,2025-04-26
310,4468,87.1,66.64,94,2024-07-24
311,1865,66.15,32.15,98,2024-09-24
312,3987,402.85,45.26,139,2025-02-18
313,9714,471.85,92.52,483,2025-02-09
314,2084,103.16,92.04,172,2025-02-04
315,6640,266.75,44.84,476,2024-08-10
316,9198,299.75,49.82,10,2024-10-01
317,7563,368.12,35.27,328,2024-12-02
318,9246,348.71,9.78,297,2024-05-30
319,2432,129.59,35.86,34,2024-08-27
320,7940,429.3,50.13,40,2025-04-16
321,3478,253.28,86.96,143,2024-08-01
322,1756,307.17,15.62,71,2024-12-11
323,1519,319.04,47.48,431,2025-04-15
324,9465,40.42,12.24,115,2025-04-14
325,4657,196.16,19.18,170,2024-09-23
326,6773,67.86,70.09,383,2025-04-20
327,4057,157.15,88.92,367,2024-09-12
328,9149,176.09,40.49,120,2025-03-28
329,9608,441.22,22.53,301,2024-11-27
330,5612,439.17,75.44,175,2024-11-26
331,5520,52.14,44.95,430,2024-12-25
332,2825,403.34,39.76,71,2024-08-15
333,3505,437.94,2.97,82,2025-02-27
334,253,272.97,61.74,46,2024-10-16
335,8988,188.3,53.38,404,2024-07-10
336,5141,188.78,18.43,403,2025-03-28
337,7628,113.09,66.67,18,2025-01-25
338,6338,223.43,88.62,231,2024-11-30
339,2158,19.18,3.46,291,2024-06-06
340,8888,87.18,53.54,400,2025-04-15
341,2269,432.17,16.7,473,2024-06-30
342,6965,328.95,10.34,325,2024-06-12
343,5081,436.36,70.05,365,2024-09-22
344,9006,378.39,77.05,144,2024-11-11
345,4157,355.19,47.7,60,2024-05-29
346,9124,298.87,72.77,312,2024-07-03
347,6854,379.05,40.01,0,2024-09-14
348,7681,318.0,60.41,143,2024-06-16
349,1982,425.04,78.28,425,2025-01-27
350,3586,416.51,60.82,139,2024-12-03
351,9158,43.83,16.08,55,2025-01-28
352,3638,478.39,6.53,479,2024-07-15
353,4165,426.5,87.37,425,2024-09-11
354,635,351.3,82.63,356,2024-09-05
355,8565,401.38,78.18,271,2025-01-12
356,810,40.49,70.24,294,2024-05-12
357,5536,163.5,86.56,76,2025-03-08
358,1402,18.07,3.21,447,2024-11-10
359,6428,301.51,96.0,482,2025-01-13
360,5349,155.8,30.74,481,2024-07-15
361,9925,14.95,62.68,95,2024-10-08
362,8088,320.22,56.13,205,2025-03-17
363,7492,414.7,88.86,115,2024-10-24
364,2450,343.19,9.34,141,2024-10-29
365,6739,21.55,62.42,448,2024-08-27
366,8037,486.22,2.43,92,2024-05-05
367,4671,417.79,21.06,240,2024-10-21
368,697,294.4,20.56,357,2024-11-08
369,6344,290.9,39.87,491,2024-05-07
370,7159,499.21,95.92,282,2025-02-14
371,3393,320.96,56.53,27,2024-07-31
372,8183,429.44,21.43,38,2024-06-18
373,4016,437.02,21.68,184,2025-01-15
374,488,28.2,49.0,440,2024-11-10
375,7310,101.85,43.66,352,2024-07-09
376,1188,117.43,85.75,321,2024-11-23
377,8764,441.72,48.39,62,2025-01-18
378,5123,323.84,27.79,174,2025-02-23
379,9660,360.88,17.94,115,2024-11-14
380,8131,432.29,1.7,270,2024-09-29
381,4803,239.16,38.17,161,2024-07-11
382,1241,74.78,44.82,423,2024-09-16
383,6286,421.13,9.66,298,2024-05-17
384,7568,192.74,91.08,335,2024-08-28
385,7598,157.93,53.77,22,2024-12-14
386,4613,301.88,83.7,208,2024-08-25
387,3049,267.32,47.22,27,2025-01-06
388,9117,257.87,30.78,138,2024-07-15
389,4310,463.12,87.91,172,2024-08-20
390,888,429.23,5.61,407,2025-01-14
391,5119,346.25,15.46,473,2024-10-25
392,9543,420.72,5.34,129,2024-07-18
393,8517,298.41,64.38,232,2024-11-14
394,9946,228.0,65.21,457,2024-11-22
395,9486,51.76,85.34,73,2024-09-23
396,172,491.49,5.12,490,2024-06-27
397,4600,349.53,72.93,436,2024-09-19
398,4073,26.62,70.46,118,2024-11-24
399,1137,99.94,64.58,55,2024-11-14
400,1937,482.76,23.98,475,2025-02-01
401,880,409.24,42.02,496,2024-06-20
402,6759,13.51,89.2,188,2024-06-18
403,2733,48.48,16.96,214,2024-11-07
404,2652,110.7,16.61,365,2025-04-30
405,1833,438.09,80.8,412,2024-10-27
406,8521,315.55,45.44,167,2024-07-05
407,6098,65.31,0.25,449,2025-02-12
408,5642,481.21,74.29,231,2024-08-02
409,3915,393.29,34.69,278,2024-12-06
410,895,338.73,37.74,122,2024-07-09
411,5506,129.64,79.62,429,2024-07-23
412,6496,416.41,65.67,488,2024-11-15
413,7548,316.76,1.77,133,2025-03-06
414,9821,183.62,33.82,264,2024-12-25
415,3008,461.83,84.08,36,2024-10-23
416,487,321.86,54.74,304,2024-06-30
417,1960,478.53,16.83,491,2024-05-27
418,583,318.41,85.24,338,2024-10-21
419,2175,341.51,51.36,100,2024-10-17
420,9527,166.94,90.55,76,2025-01-16
421,8527,348.83,87.1,353,2024-11-30
422,6813,216.2,17.03,466,2025-02-26
423,2530,115.07,89.8,457,2024-06-20
424,5142,431.4,31.91,171,2025-01-15
425,3455,35.35,41.27,93,2025-01-08
426,5689,43.45,29.75,268,2025-01-21
427,2896,157.37,59.39,179,2024-10-04
428,3904,276.0,23.93,342,2025-02-28
429,8013,242.37,2.29,256,2024-05-19
430,9547,453.81,59.65,293,2024-08-04
431,3397,9.01,40.0,106,2024-09-06
432,6710,335.48,26.93,6,2024-07-08
433,2466,363.87,98.24,423,2024-06-26
434,44,181.03,81.86,402,2024-10-13
435,108,396.16,13.18,108,2024-05-06
436,8798,328.0,4.55,53,2024-12-04
437,1043,4.13,26.03,319,2025-03-02
438,7890,314.83,37.45,68,2025-04-30
439,589,490.28,72.89,371,2025-01-15
440,3411,132.49,47.98,469,2024-05-13
441,7052,70.43,64.63,32,2024-12-31
442,6863,111.27,39.1,220,2025-03-20
443,3839,190.39,32.56,220,2025-01-11
444,6109,71.3,81.29,154,2024-11-26
445,830,119.45,27.01,305,2024-05-21
446,1961,494.0,99.49,127,2024-05-08
447,1864,276.37,71.89,419,2024-11-29
448,7931,146.27,74.1,412,2025-02-11
449,3095,418.74,93.21,121,2025-03-13
450,8905,289.55,1.07,50,2024-12-12
451,7506,483.69,6.08,51,2024-09-25
452,777,492.91,68.87,342,2025-02-19
453,3468,385.95,23.08,179,2025-03-13
454,7638,440.58,47.73,114,2025-02-23
455,5458,485.21,71.72,276,2024-05-31
456,768,107.83,79.91,49,2024-05-06
457,6278,237.93,99.13,322,2024-06-11
458,8201,269.88,57.99,331,2025-03-24
459,5124,45.0,76.97,449,2024-08-12
460,9456,18.04,90.6,239,2024-10-19
461,421,438.03,76.78,256,2024-10-21
462,3482,284.76,49.56,226,2025-04-19
463,6800,362.06,13.38,490,2024-06-25
464,2878,286.63,6.94,420,2024-06-14
465,8182,483.13,62.29,248,2024-12-22
466,6968,65.45,57.02,287,2024-06-01
467,7727,281.33,93.12,135,2024-10-22
468,8510,302.93,47.43,224,2025-03-09
469,5571,54.42,9.81,179,2024-09-29
470,7394,358.26,76.44,46,2024-11-06
471,2538,438.23,34.55,71,2024-09-15
472,1337,431.79,20.17,51,2025-02-22
473,6401,113.4,51.69,53,2025-04-09
474,2310,95.26,25.5,478,2025-03-09
475,9929,10.2,96.53,279,2024-06-24
476,3757,49.23,57.92,471,2024-11-30
477,5994,458.58,90.07,94,2024-11-12
478,7690,453.06,80.76,107,2025-03-17
479,8860,84.97,80.07,155,2025-04-04
480,9682,385.28,46.92,55,2024-09-06
481,6778,250.43,20.74,306,2024-08-15
482,1315,139.68,86.08,376,2024-11-21
483,9579,194.11,0.52,273,2025-01-17
484,5565,470.48,22.11,208,2025-02-28
485,7931,347.43,21.47,300,2024-08-12
486,9608,182.74,7.28,83,2025-02-25
487,9280,175.36,14.84,287,2024-10-11
488,6359,461.55,87.57,86,2025-04-04
489,7788,3.12,94.78,120,2024-09-26
490,8252,386.57,98.38,85,2025-03-01
491,8721,245.26,19.1,289,2024-12-13
492,7452,382.13,48.01,18,2025-04-16
493,6286,318.56,6.21,365,2024-09-30
494,286,54.66,99.97,393,2024-07-30
495,179,164.46,34.64,187,2024-09-22
496,4394,493.93,83.77,55,2024-08-31
497,795,266.76,58.61,80,2024-12-31
498,1611,136.66,92.45,232,2024-08-27
499,2984,96.67,35.18,295,2025-04-02
500,174,95.21,13.83,3,2025-04-17
501,5696,109.69,79.79,196,2025-01-15
502,8202,112.73,43.88,285,2024-05-13
503,3572,414.29,62.42,89,2024-12-09
504,3609,305.68,82.42,461,2024-07-10
505,3365,229.39,70.44,477,2025-02-07
506,2141,44.18,7.42,447,2024-09-21
507,176,454.17,49.05,437,2025-02-21
508,9083,80.61,74.33,142,2024-06-13
509,5414,414.64,34.52,79,2025-02-13
510,2634,39.57,7.34,434,2025-03-30
511,2139,282.0,3.06,200,2024-11-28
512,5365,294.35,25.07,474,2025-03-22
513,6697,68.68,22.96,470,2024-11-10
514,6644,44.65,16.05,12,2024-12-30
515,7313,149.77,61.35,26,2024-06-12
516,3387,63.34,2.3,121,2024-07-11
517,3767,84.2,62.03,335,2025-02-07
518,2751,397.24,81.25,180,2024-04-30
519,7651,266.82,88.24,168,2024-07-23
520,7511,119.05,57.11,142,2024-05-24
521,7419,226.72,8.37,356,2025-02-06
522,2963,291.48,46.51,266,2025-03-12
523,7336,10.46,14.27,333,2025-04-12
524,9397,229.57,68.38,297,2025-02-28
525,4115,434.2,95.59,452,2025-03-30
526,9054,249.48,63.83,231,2024-11-25
527,8818,133.76,57.73,105,2024-12-09
528,7401,164.79,15.24,340,2025-03-16
529,8269,104.06,22.41,62,2024-07-10
530,1723,463.58,61.9,464,2024-11-09
531,527,276.58,57.25,279,2024-07-07
532,8492,318.92,20.79,423,2024-08-10
533,3434,179.37,95.08,410,2025-02-24
534,9826,131.69,10.86,60,2024-06-02
535,2933,478.99,18.07,352,2024-07-29
536,8867,499.33,23.43,298,2024-11-17
537,8445,241.38,7.38,167,2025-02-16
538,4165,150.75,91.44,32,2024-06-07
539,57,467.46,52.07,133,2024-11-14
540,656,334.79,24.86,481,2024-08-07
541,9441,364.46,39.16,49,2024-12-26
542,1774,183.83,37.16,353,2025-01-29
543,719,369.0,90.95,353,2025-01-12
544,233,158.97,94.32,183,2025-02-28
545,6779,436.72,88.65,122,2025-02-24
546,2984,123.91,80.47,225,2024-10-21
547,4630,378.2,50.47,124,2024-09-20
548,5833,343.35,89.82,342,2025-01-06
549,7767,414.55,5.5,107,2025-04-11
550,1010,234.22,54.72,213,2025-01-18
551,8926,221.39,84.17,11,2024-06-13
552,3715,433.13,3.73,376,2024-08-09
553,1069,310.27,89.03,178,2024-09-29
554,3759,83.09,3.54,146,2024-10-09
555,6817,486.86,26.23,446,2024-08-29
556,9032,282.46,69.1,308,2024-09-03
557,5246,295.73,82.28,196,2025-01-04
558,1915,253.15,77.26,283,2024-10-09
559,4197,254.79,2.98,32,2024-09-30
560,5682,169.71,14.08,252,2024-10-30
561,6901,227.2,40.46,206,2024-11-01
562,9353,222.7,29.83,219,2025-02-02
563,9041,453.16,98.71,473,2024-06-21
564,2327,207.28,79.89,443,2024-06-17
565,6662,327.72,6.17,158,2024-09-07
566,7894,208.14,33.52,422,2024-11-04
567,9093,182.69,96.64,103,2024-12-22
568,2582,247.62,63.17,335,2024-12-29
569,680,440.49,3.49,11,2024-10-16
570,5489,431.56,65.88,252,2025-04-24
571,1909,299.27,34.73,229,2025-02-20
572,2202,346.87,78.96,312,2025-02-05
573,1572,429.21,99.83,175,2025-02-16
574,6210,496.86,27.07,72,2024-10-20
575,698,340.89,48.37,84,2024-11-15
576,7971,414.78,46.59,60,2024-10-17
577,5472,431.2,94.73,290,2024-11-30
578,8235,4.56,1.93,344,2024-08-27
579,4030,330.95,97.79,287,2025-04-04
580,1667,251.68,31.5,391,2025-01-04
581,3817,202.6,5.81,59,2024-07-03
582,9956,322.83,6.17,391,2024-08-29
583,9958,174.62,69.29,192,2024-08-16
584,754,34.95,18.59,330,2024-06-24
585,9042,417.34,38.78,154,2024-08-27
586,9779,139.29,73.27,235,2024-08-28
587,1948,190.22,84.8,133,2024-09-20
588,2048,171.12,91.95,118,2025-03-01
589,2836,99.73,84.79,23,2024-07-28
590,9442,490.61,4.49,65,2024-05-24
591,5808,190.28,68.4,127,2024-10-11
592,1582,465.22,8.22,433,2025-01-20
593,1201,327.78,81.55,442,2024-10-13
594,5573,225.61,38.28,265,2024-08-26
595,2336,163.2,45.44,450,2024-08-23
596,5216,369.13,22.88,52,2024-12-11
597,6241,399.71,33.2,106,2024-05-02
598,6306,24.11,89.7,342,2025-03-08
599,4811,423.95,19.3,402,2024-10-09
600,155,459.77,75.57,105,2024-07-20
601,2940,14.7,57.12,22,2025-04-09
602,8488,469.65,50.54,62,2025-04-13
603,8087,268.98,74.92,224,2024-09-06
604,7906,498.57,80.12,376,2024-05-19
605,7899,283.54,8.76,39,2025-04-22
606,5892,132.23,55.83,137,2024-12-24
607,3214,46.09,76.51,82,2024-05-03
608,1028,339.09,26.06,233,2024-06-13
609,4365,70.68,59.0,283,2024-05-31
610,4493,459.27,0.88,361,2024-05-23
611,9839,335.95,94.3,391,2024-08-17
612,2739,90.87,20.56,7,2024-07-26
613,5517,142.41,97.49,292,2024-05-03
614,2848,488.45,11.12,158,2024-05-08
615,1693,348.83,55.22,412,2025-04-13
616,303,219.03,97.11,100,2024-07-09
617,3494,202.02,93.59,285,2025-04-03
618,5296,251.92,72.08,85,2025-03-18
619,3488,353.17,7.29,29,2024-09-11
620,5312,189.91,43.29,418,2024-12-26
621,2064,298.86,12.84,11,2024-11-25
622,9346,160.42,89.02,356,2024-12-02
623,7642,82.04,43.14,312,2025-03-19
624,8437,110.41,81.74,314,2024-08-19
625,4795,133.78,64.82,156,2024-05-31
626,2769,171.2,49.93,52,2024-10-12
627,4273,323.78,24.84,434,2024-10-14
628,4748,459.6,15.16,258,2024-12-11
629,1966,277.36,9.13,126,2024-09-28
630,9242,390.3,17.14,483,2024-11-18
631,3682,478.18,33.58,420,2025-04-21
632,4572,341.87,98.37,84,2024-07-31
633,5614,77.92,26.91,106,2025-02-23
634,2103,236.63,41.23,396,2024-08-28
635,2634,447.88,95.72,299,2025-01-24
636,1,329.96,88.04,237,2024-12-03
637,2909,407.36,91.07,312,2025-01-02
638,4215,197.78,7.64,84,2024-10-03
639,6006,23.25,78.57,8,2025-01-30
640,1112,35.16,54.14,154,2024-07-08
641,828,180.06,58.76,488,2024-07-20
642,3980,226.42,71.29,36,2025-01-26
643,9868,254.51,65.79,226,2024-10-11
644,5125,65.14,10.2,203,2025-01-06
645,1664,20.32,32.07,6,2024-10-16
646,9159,200.32,73.14,175,2025-04-05
647,6925,347.39,58.5,181,2024-11-24
648,4336,238.58,29.16,481,2024-10-30
649,7245,475.6,17.76,438,2024-05-27
650,2162,458.33,62.33,234,2025-02-01
651,4225,176.22,78.74,318,2024-07-13
652,2119,94.47,56.12,122,2024-09-10
653,810,110.89,83.59,263,2025-04-24
654,4282,348.69,30.78,53,2024-05-26
655,2693,72.58,12.36,435,2024-06-16
656,4662,169.39,81.6,469,2024-07-22
657,4489,178.54,44.82,118,2024-07-19
658,8738,382.87,63.97,395,2024-08-08
659,7132,389.09,31.41,409,2024-10-15
660,162,342.51,31.05,25,2025-03-02
661,7888,107.22,50.7,360,2025-02-17
662,9880,476.01,74.45,224,2024-07-13
663,4449,165.5,83.77,166,2025-03-16
664,25,53.78,79.95,269,2025-03-21
665,8528,360.48,41.72,475,2024-07-16
666,3406,236.97,79.48,451,2025-02-04
667,8486,176.11,49.24,367,2024-10-19
668,6625,15.42,85.69,347,2024-10-30
669,8007,109.64,44.92,225,2024-07-09
670,1449,401.55,21.95,119,2025-02-21
671,4931,309.51,76.41,119,2024-05-25
672,8843,272.1,94.22,85,2025-03-01
673,4103,11.68,13.67,175,2025-01-18
674,9770,328.64,65.03,128,2024-08-31
675,4483,266.27,79.77,21,2025-01-16
676,113,146.49,79.84,399,2024-05-12
677,4034,442.23,84.69,313,2024-08-09
678,3537,271.24,56.56,454,2024-11-01
679,4162,239.47,54.06,125,2024-12-08
680,1384,258.36,25.17,447,2024-12-16
681,9361,302.02,41.92,304,2024-06-25
682,3909,456.19,97.02,285,2024-06-22
683,514,193.0,2.27,243,2024-12-01
684,6053,6.08,94.9,49,2025-02-02
685,3193,468.85,67.89,449,2024-11-20
686,2669,102.2,73.24,309,2024-06-23
687,8048,450.18,35.27,499,2025-04-14
688,7717,247.73,32.36,247,2024-05-25
689,7534,166.03,58.04,28,2024-12-03
690,471,62.0,98.01,365,2024-07-03
691,7017,245.84,62.2,118,2024-07-23
692,1174,112.06,23.07,399,2025-04-07
693,7627,464.37,17.63,243,2024-11-23
694,536,57.45,79.05,386,2024-06-18
695,4945,453.24,17.77,166,2025-03-06
696,7756,204.81,43.23,314,2024-05-21
697,4160,167.81,16.52,334,2024-07-01
698,2264,309.08,5.59,294,2024-12-22
699,300,309.61,8.89,255,2025-02-15
700,6912,305.79,37.24,53,2025-04-05
701,1360,367.85,92.24,25,2025-03-22
702,1786,373.78,38.35,316,2024-06-26
703,2341,358.87,50.43,62,2024-05-21
704,3991,180.35,78.76,425,2024-10-22
705,7046,490.77,98.93,392,2024-11-25
706,3461,324.07,28.85,379,2024-09-27
707,1752,465.86,41.31,483,2024-10-16
708,11,260.48,90.73,310,2024-08-17
709,5346,37.39,18.64,464,2025-03-19
710,1813,4.6,50.76,257,2025-03-09
711,2216,355.45,46.04,217,2025-03-18
712,7140,392.7,12.61,211,2024-09-20
713,115,124.78,63.73,327,2025-02-20
714,1728,101.21,55.62,305,2024-08-22
715,8579,485.39,0.04,278,2024-06-25
716,2797,399.37,23.8,398,2024-06-12
717,8208,52.09,31.36,73,2024-10-07
718,2322,63.68,71.48,493,2024-12-25
719,6225,335.68,82.27,28,2024-10-21
720,9721,27.94,86.81,163,2024-05-05
721,2022,156.58,14.8,449,2024-06-19
722,3313,120.96,10.15,374,2025-02-25
723,7037,191.34,28.61,23,2024-12-31
724,6824,80.89,74.58,186,2024-10-02
725,2939,49.3,82.73,158,2024-08-15
726,4608,46.38,7.29,319,2024-08-03
727,9515,328.22,92.72,341,2024-08-31
728,2287,168.65,40.51,371,2024-09-25
729,1610,106.82,34.41,391,2024-09-17
730,4677,325.11,69.91,96,2025-01-23
731,4639,304.02,77.92,274,2024-07-03
732,564,360.78,63.78,366,2024-11-06
733,5701,295.8,97.46,303,2024-10-03
734,7020,182.58,71.9,188,2025-04-15
735,3371,93.39,42.16,255,2024-12-05
736,1051,102.6,18.53,202,2025-04-25
737,1646,201.64,36.76,308,2024-09-11
738,7531,313.27,98.3,110,2024-07-30
739,8068,305.49,61.71,284,2025-01-03
740,4099,137.72,63.93,121,2025-01-07
741,9531,196.38,57.15,1,2024-10-29
742,8349,381.72,32.18,138,2024-10-12
743,7166,470.27,76.44,400,2024-09-15
744,4308,401.58,57.13,193,2024-12-04
745,8237,292.66,89.55,178,2024-10-10
746,5673,134.38,40.48,451,2024-10-24
747,2952,324.83,47.5,147,2025-03-14
748,3174,161.94,47.95,433,2024-10-18
749,5588,496.95,76.89,146,2024-12-27
750,3119,474.01,14.38,401,2025-01-23
751,214,484.72,89.25,143,2024-06-10
752,589,29.12,57.87,463,2024-10-06
753,1119,218.73,7.32,458,2024-08-08
754,4666,422.73,90.64,329,2025-04-10
755,9254,10.71,79.83,259,2025-01-06
756,4300,375.09,36.69,178,2024-12-24
757,3287,156.75,52.48,409,2025-02-19
758,6211,253.83,74.86,49,2025-04-15
759,819,345.73,95.91,401,2024-05-20
760,9668,295.65,19.16,444,2024-08-02
761,9881,494.34,74.55,174,2025-01-26
762,6555,393.67,16.2,177,2024-10-23
763,7441,205.77,35.88,460,2024-06-09
764,7492,140.69,57.84,149,2024-08-31
765,4977,488.0,81.02,455,2025-03-22
766,2327,160.24,40.97,428,2024-08-31
767,8873,253.85,24.09,413,2025-02-01
768,8167,71.49,8.56,42,2024-09-30
769,1888,163.5,82.58,56,2024-06-09
770,3503,361.67,80.0,334,2024-07-22
771,5776,195.36,73.5,496,2024-11-24
772,1583,290.55,31.93,430,2025-01-08
773,4493,19.11,83.15,278,2024-08-15
774,7062,436.61,57.61,360,2025-04-23
775,9460,274.6,83.94,165,2024-09-19
776,5215,2.99,0.1,62,2024-08-23
777,45,344.83,53.51,251,2025-02-04
778,5062,440.69,33.35,340,2024-12-15
779,5436,389.71,26.71,262,2024-07-05
780,3344,62.86,77.26,78,2024-06-18
781,4482,484.12,98.92,403,2024-12-15
782,6843,397.53,55.17,346,2024-05-04
783,6406,413.1,31.84,373,2025-01-28
784,6018,407.72,89.71,368,2024-10-19
785,1413,337.43,82.5,321,2025-03-05
786,3707,464.65,27.64,271,2025-02-12
787,5579,218.97,16.37,371,2025-04-07
788,3580,55.95,17.13,21,2024-11-25
789,1880,425.97,42.05,395,2024-10-17
790,8814,370.17,80.19,65,2024-06-17
791,4566,3.47,39.11,95,2025-02-25
792,9347,18.63,85.05,219,2024-06-08
793,36,142.65,61.74,185,2024-10-01
794,6328,375.18,80.3,428,2025-01-04
795,799,75.49,61.86,317,2025-03-26
796,5230,440.55,52.32,394,2024-11-19
797,4027,445.3,46.32,117,2024-10-11
798,6347,181.4,0.68,305,2025-01-04
799,3679,208.15,27.81,231,2025-02-21
800,5911,200.46,41.55,172,2025-02-10
801,605,128.81,30.01,155,2024-09-27
802,3858,385.13,47.24,396,2024-07-06
803,9948,439.42,0.32,451,2025-02-03
804,5900,458.13,38.06,20,2024-10-10
805,7923,191.31,14.73,89,2025-03-28
806,7952,380.66,38.17,264,2025-04-13
807,4886,290.51,62.25,250,2025-04-20
808,6173,213.44,42.42,135,2024-09-13
809,608,115.0,65.95,455,2024-10-11
810,2698,464.32,70.37,305,2024-12-08
811,6075,98.42,9.04,358,2024-10-30
812,6592,389.27,0.3,160,2024-05-29
813,9905,204.48,60.1,10,2025-01-17
814,5107,476.01,36.08,83,2024-10-29
815,1263,150.71,11.31,116,2025-03-07
816,2944,344.69,68.02,435,2024-09-20
817,4838,288.93,15.41,362,2025-04-16
818,3272,244.06,64.1,414,2024-09-15
819,384,195.92,28.81,347,2024-05-07
820,670,139.62,19.79,301,2025-01-31
821,5668,14.15,64.76,153,2024-08-11
822,1298,1.22,72.52,20,2024-10-23
823,5373,224.11,7.17,238,2024-11-19
824,3255,292.37,4.42,363,2025-03-26
825,6681,63.48,28.89,446,2024-05-06
826,1974,155.25,13.88,408,2024-07-02
827,6686,14.38,28.32,322,2025-04-17
828,2016,296.97,85.8,167,2024-12-18
829,8203,375.45,35.91,232,2024-08-13
830,8478,304.46,83.8,340,2025-04-20
831,8428,403.56,44.4,183,2024-10-25
832,4775,396.08,32.73,369,2024-12-06
833,8245,105.67,22.88,318,2024-11-04
834,5378,189.05,1.52,129,2024-07-26
835,621,368.81,10.07,288,2025-01-01
836,6185,214.09,1.01,212,2024-12-10
837,2360,474.59,25.11,236,2024-06-14
838,1566,72.89,31.96,413,2024-12-22
839,5610,346.24,39.01,84,2024-12-13
840,8174,159.66,20.19,226,2024-08-07
841,7056,255.02,7.54,230,2025-04-22
842,4690,82.02,0.48,390,2024-06-21
843,4873,221.81,69.76,337,2024-08-07
844,1935,64.36,51.95,420,2025-04-05
845,6640,246.95,85.52,323,2024-08-14
846,8031,270.65,12.03,257,2024-05-20
847,5978,10.98,20.54,105,2024-10-16
848,2768,44.07,91.58,409,2024-07-25
849,5200,189.56,35.92,93,2024-08-18
850,9507,435.06,9.94,381,2024-06-03
851,3247,403.25,88.94,398,2024-08-12
852,9627,325.04,61.93,144,2025-02-15
853,4486,363.93,15.45,494,2024-12-21
854,287,282.58,34.81,268,2024-08-04
855,172,47.23,38.25,227,2024-11-02
856,8468,37.7,67.66,248,2025-01-11
857,5528,28.55,28.62,121,2024-06-10
858,8467,201.05,84.27,275,2024-10-13
859,5018,224.7,13.05,404,2024-10-18
860,4509,434.28,49.58,213,2024-09-12
861,4940,387.81,34.66,256,2025-03-31
862,4397,8.61,32.25,317,2024-05-05
863,3288,110.49,44.92,489,2025-01-31
864,5455,99.1,42.15,220,2024-09-24
865,6317,464.09,13.67,371,2024-10-05
866,5240,79.61,77.53,381,2024-07-12
867,9488,132.35,36.73,375,2025-04-08
868,7641,28.42,86.71,75,2024-08-01
869,669,336.39,75.55,253,2024-06-05
870,7900,382.05,15.94,115,2024-11-20
871,703,131.1,15.35,96,2024-07-14
872,3132,199.17,80.77,92,2024-08-20
873,3686,399.56,54.55,277,2025-03-15
874,5990,113.5,96.4,194,2024-11-19
875,4614,387.91,20.8,184,2024-05-14
876,5332,348.88,44.72,85,2025-04-22
877,2413,146.94,19.02,108,2024-12-24
878,8278,324.03,90.08,79,2024-06-16
879,1562,361.78,81.73,471,2024-10-25
880,8662,95.63,29.22,388,2024-07-20
881,2194,356.96,75.28,425,2025-01-25
882,1203,100.94,60.04,463,2024-09-21
883,4842,280.33,36.44,146,2025-03-06
884,6908,182.97,94.45,300,2024-06-25
885,187,72.44,16.02,237,2025-04-19
886,1603,159.15,83.04,293,2024-05-05
887,4125,329.13,10.82,457,2025-03-22
888,9967,384.59,67.64,368,2024-08-06
889,7007,367.03,49.72,190,2024-07-28
890,7143,18.1,37.06,250,2025-03-25
891,8400,496.03,50.33,80,2024-09-21
892,2549,299.59,5.54,236,2025-01-24
893,7929,122.57,37.28,180,2024-06-01
894,9793,338.82,71.35,378,2024-08-12
895,7750,353.44,4.98,264,2025-04-22
896,4725,364.71,73.97,234,2024-09-20
897,468,186.2,37.1,180,2024-06-25
898,6788,478.1,33.03,292,2024-05-06
899,9851,132.6,49.49,133,2024-11-21
900,6207,142.63,32.35,480,2025-04-04
901,4884,172.85,60.43,66,2024-12-19
902,7168,77.33,59.58,52,2024-09-22
903,5162,228.42,46.92,259,2025-02-09
904,4441,368.06,84.34,488,2024-11-26
905,7461,163.1,10.32,16,2025-01-01
906,6423,466.43,87.51,397,2024-12-03
907,3432,448.76,13.1,317,2024-08-29
908,5117,465.1,23.28,175,2024-09-23
909,3005,93.04,50.17,13,2025-03-07
910,4717,399.33,82.06,462,2024-09-05
911,6807,145.54,27.02,287,2024-08-07
912,6394,101.95,28.65,216,2025-03-02
913,4417,58.46,88.17,103,2024-07-07
914,7038,427.79,54.93,479,2024-11-30
915,742,155.17,28.77,417,2024-06-25
916,8717,438.38,91.44,326,2024-10-29
917,2882,12.41,57.73,439,2025-03-11
918,8912,186.47,71.92,64,2024-10-23
919,4533,317.21,39.52,261,2024-12-10
920,820,389.02,41.56,239,2024-11-14
921,3334,365.0,8.13,460,2024-07-02
922,1526,28.67,53.56,25,2024-09-23
923,1610,66.39,74.79,372,2024-10-11
924,4576,351.37,45.71,174,2024-11-10
925,3762,467.15,40.19,424,2024-05-05
926,6107,239.99,27.12,220,2025-02-13
927,1628,164.84,91.46,94,2024-09-29
928,914,254.55,82.65,11,2025-04-30
929,6400,372.29,1.42,97,2025-03-25
930,7546,33.36,12.0,113,2024-12-21
931,9066,118.04,85.75,443,2025-03-19
932,8737,434.24,79.86,148,2025-02-16
933,4387,139.97,15.39,348,2025-02-27
934,195,158.3,38.69,164,2025-01-01
935,9600,475.55,55.26,500,2024-08-27
936,8311,402.54,36.04,386,2024-11-30
937,2396,75.93,75.9,365,2024-07-20
938,1426,396.41,65.68,45,2024-08-08
939,8798,121.7,67.08,4,2024-10-15
940,3886,343.35,66.72,155,2024-05-23
941,958,120.66,6.11,410,2024-10-23
942,3700,428.5,65.37,478,2025-01-28
943,3100,42.52,32.22,493,2024-12-31
944,2912,384.89,22.38,9,2025-01-10
945,4494,8.02,9.16,340,2024-09-07
946,3748,437.15,68.75,91,2025-04-01
947,6011,308.41,38.05,152,2025-03-23
948,6666,411.06,83.96,281,2024-06-30
949,8434,480.91,1.89,37,2025-04-09
950,7713,495.96,38.41,479,2025-04-08
951,373,139.7,18.75,382,2025-03-01
952,2181,400.71,72.47,168,2024-08-29
953,7902,473.29,21.74,419,2024-07-02
954,7004,198.8,53.52,359,2025-03-20
955,5657,30.15,53.7,255,2025-01-20
956,7292,392.51,87.99,370,2024-08-31
957,3850,55.32,52.16,29,2024-11-22
958,9048,472.33,72.42,402,2024-08-17
959,1785,355.9,34.47,183,2025-04-15
960,5992,422.0,69.3,38,2025-04-23
961,8742,167.21,10.45,7,2025-01-14
962,9872,155.49,18.89,47,2024-08-09
963,840,278.07,29.34,134,2025-02-25
964,2978,122.07,60.48,167,2024-05-04
965,3126,309.98,67.88,403,2024-11-19
966,9583,260.37,32.45,178,2024-08-17
967,9495,256.23,84.64,458,2025-02-18
968,1031,103.48,77.02,27,2024-10-08
969,2328,459.82,21.08,397,2025-02-17
970,6933,241.32,78.66,54,2024-08-22
971,439,81.91,76.98,76,2025-02-15
972,860,182.21,65.8,290,2024-12-19
973,800,186.64,88.31,478,2024-10-26
974,5091,426.69,89.76,33,2024-11-22
975,4946,422.97,19.36,267,2024-08-18
976,4272,199.09,95.01,216,2024-08-20
977,8283,82.31,36.7,81,2024-09-28
978,4187,308.71,70.79,161,2025-02-12
979,5004,308.45,24.53,466,2024-09-10
980,9550,482.96,51.01,452,2025-02-28
981,7336,240.46,48.77,250,2024-07-02
982,6657,453.52,61.66,290,2024-10-22
983,7186,128.52,3.25,247,2024-08-30
984,7186,241.97,13.2,405,2024-11-21
985,6471,209.84,23.69,472,2024-08-09
986,759,470.49,84.99,133,2024-12-17
987,1250,18.84,54.04,488,2025-01-15
988,1889,406.97,2.19,283,2024-11-03
989,4493,386.54,68.94,417,2024-06-17
990,1791,91.32,51.32,217,2024-10-11
991,7065,324.87,77.01,481,2024-05-07
992,8155,294.9,23.12,480,2024-10-16
993,1440,488.13,77.51,149,2024-10-20
994,2732,403.4,11.23,61,2025-02-24
995,9506,496.41,6.83,439,2024-11-19
996,9394,174.23,63.34,139,2025-04-14
997,1546,14.76,72.47,33,2024-08-22
998,9191,437.18,84.75,399,2024-05-23
999,1264,242.87,78.03,396,2025-04-29
1000,5414,338.78,87.33,108,2024-09-10
1001,7735,311.95,0.54,253,2024-12-27
1002,7525,151.84,59.15,358,2024-05-20
1003,7281,450.02,41.48,420,2024-12-09
1004,6254,358.99,4.64,294,2024-12-10
1005,9059,321.73,59.58,299,2024-06-30
1006,2564,6.21,49.43,383,2024-12-11
1007,4403,184.18,10.08,314,2025-03-20
1008,4808,19.66,35.66,35,2024-11-24
1009,4727,396.24,49.67,375,2024-09-11
1010,7951,55.74,58.23,417,2024-08-28
1011,605,356.52,84.28,58,2024-06-23
1012,7230,91.64,87.62,240,2024-12-17
1013,2028,384.6,28.99,401,2025-01-09
1014,4516,406.89,62.18,14,2024-11-02
1015,2170,395.76,12.55,317,2024-06-25
1016,627,421.85,32.88,477,2025-04-10
1017,5003,394.55,93.78,377,2024-10-05
1018,398,389.63,95.25,86,2024-05-24
1019,4972,240.4,55.91,213,2024-06-28
1020,7604,476.94,72.7,63,2024-06-27
1021,9108,220.7,38.98,77,2024-08-23
1022,7135,75.01,70.81,226,2025-03-16
1023,7119,426.81,22.06,497,2024-05-19
1024,557,248.48,73.7,483,2024-08-06
1025,1770,286.26,38.0,277,2025-01-22
1026,199,397.22,17.27,244,2025-01-22
1027,4065,408.04,31.33,428,2025-04-22
1028,8893,202.18,87.5,130,2024-09-08
1029,6739,0.26,63.91,361,2025-03-30
1030,7936,457.89,30.53,1,2025-01-17
1031,6982,166.41,7.46,456,2024-10-05
1032,6590,222.46,16.66,380,2024-10-15
1033,6081,270.79,38.18,446,2025-04-01
1034,557,313.53,7.23,31,2024-06-20
1035,9719,421.12,60.79,321,2025-02-03
1036,5554,385.49,84.74,49,2024-10-03
1037,6988,153.88,47.1,234,2024-09-06
1038,4178,340.76,41.6,201,2024-05-18
1039,4219,210.97,31.86,26,2024-07-21
1040,1077,305.6,68.18,495,2024-11-25
1041,4801,11.94,1.34,222,2024-10-26
1042,6383,223.79,40.82,327,2025-03-06
1043,3567,205.89,84.94,52,2024-11-14
1044,9384,215.73,69.4,72,2024-12-15
1045,790,370.23,57.67,407,2025-03-17
1046,5715,378.3,3.18,53,2025-02-04
1047,8690,293.67,12.18,382,2024-05-22
1048,6051,359.36,86.18,405,2025-03-29
1049,246,193.66,27.14,401,2025-03-21
1050,8146,33.03,29.53,296,2025-01-02
1051,6855,441.05,38.3,382,2025-02-05
1052,2344,242.71,96.17,473,2024-09-28
1053,3149,182.64,8.57,388,2024-06-28
1054,3007,496.56,41.45,77,2024-08-01
1055,5457,198.69,53.23,142,2024-12-23
1056,7232,266.74,0.47,245,2024-07-02
1057,2388,390.5,24.63,294,2025-04-14
1058,7227,226.4,36.82,365,2024-09-01
1059,8055,420.52,93.34,486,2025-02-05
1060,2832,31.67,35.91,326,2025-04-22
1061,9633,400.19,89.06,459,2024-08-18
1062,8173,268.88,12.27,331,2024-10-08
1063,6114,22.6,14.49,446,2025-04-16
1064,9121,366.22,56.99,340,2024-10-14
1065,3512,143.65,3.68,330,2024-06-17
1066,6643,290.19,57.15,318,2024-07-18
1067,7870,147.29,46.41,458,2024-12-09
1068,7218,82.03,27.45,284,2025-03-16
1069,1719,166.93,98.73,354,2025-04-06
1070,8590,89.19,63.2,97,2024-12-01
1071,5543,477.89,74.15,356,2025-03-14
1072,9537,399.38,54.72,258,2024-10-20
1073,3948,499.18,93.5,114,2024-10-05
1074,2270,395.21,26.02,256,2025-04-26
1075,6497,286.02,18.21,196,2024-11-26
1076,9387,73.67,72.39,40,2024-11-11
1077,7834,169.06,49.99,390,2024-11-20
1078,4290,416.43,43.52,61,2024-12-11
1079,8400,386.97,71.99,16,2025-01-03
1080,8060,397.17,12.46,24,2024-05-04
1081,9294,175.1,8.6,307,2024-12-12
1082,8292,104.02,46.92,152,2024-08-11
1083,1683,251.45,73.33,215,2025-04-01
1084,6865,214.85,50.59,214,2024-08-26
1085,7642,440.55,61.37,246,2025-02-04
1086,43,237.51,12.02,41,2025-03-21
1087,2865,326.28,86.42,381,2025-01-22
1088,4752,148.14,80.18,340,2024-06-07
1089,1123,404.88,74.73,164,2025-02-12
1090,9288,422.37,21.51,333,2024-07-31
1091,6601,314.97,44.92,337,2024-05-01
1092,3152,454.9,38.95,294,2024-05-13
1093,3787,185.54,69.13,497,2024-07-09
1094,4788,475.62,54.77,464,2024-07-12
1095,96,70.08,26.21,489,2024-07-11
1096,9094,268.44,32.6,257,2025-02-03
1097,4499,118.66,22.91,145,2024-10-23
1098,8966,42.09,22.38,401,2024-06-15
1099,9287,363.62,72.95,59,2024-07-06
1100,2489,205.44,10.8,365,2024-08-15
1101,3339,353.62,88.5,37,2025-02-19
1102,1215,237.59,94.7,500,2024-10-17
1103,3174,455.18,28.47,423,2024-11-28
1104,5435,252.31,18.31,357,2025-04-29
1105,860,267.71,5.14,237,2024-08-06
1106,6672,251.18,98.66,293,2024-05-25
1107,5344,424.15,61.22,310,2024-10-21
1108,9430,289.78,33.95,73,2024-05-02
1109,9420,268.18,39.5,215,2024-07-16
1110,5119,413.12,95.03,253,2024-06-06
1111,5882,335.22,44.33,423,2024-08-01
1112,3189,85.47,71.06,307,2025-01-07
1113,1047,493.24,18.72,379,2024-08-17
1114,7555,274.88,27.27,123,2025-02-20
1115,9123,193.54,70.82,108,2025-03-07
1116,7198,200.16,16.59,309,2024-10-04
1117,6467,333.31,54.39,264,2024-07-25
1118,2781,1.42,40.66,47,2025-04-16
1119,8700,468.95,58.16,68,2024-06-09
1120,5453,126.28,96.57,141,2025-03-17
1121,3832,229.73,51.9,367,2025-02-19
1122,1192,33.15,29.66,194,2024-05-19
1123,7520,347.74,75.82,165,2024-10-29
1124,7893,192.08,71.45,206,2025-01-06
1125,1376,81.46,14.01,279,2025-01-09
1126,9504,313.85,57.71,376,2024-09-28
1127,2864,228.85,42.68,405,2025-02-18
1128,6293,231.79,97.58,282,2025-04-14
1129,181,101.8,32.63,184,2024-06-07
1130,5625,360.28,76.02,471,2024-08-04
1131,1055,202.12,45.35,486,2024-07-29
1132,683,125.7,39.72,87,2024-11-21
1133,1950,364.09,29.9,152,2025-03-06
1134,7670,205.19,15.46,19,2025-02-12
1135,4765,347.83,68.28,21,2025-02-20
1136,2922,2.35,11.21,12,2024-10-18
1137,1660,262.96,50.52,247,2024-08-12
1138,5756,68.64,24.85,221,2025-04-24
1139,2612,484.38,42.86,448,2024-10-24
1140,8287,5.26,52.08,368,2025-02-24
1141,1491,305.8,91.32,50,2024-12-04
1142,6921,202.46,61.01,172,2025-01-30
1143,5865,473.23,71.09,325,2025-04-20
1144,8928,352.34,49.04,279,2024-07-08
1145,8583,245.28,92.83,232,2024-10-10
1146,357,208.67,55.89,415,2024-10-02
1147,1643,148.11,39.06,298,2024-08-15
1148,374,79.57,40.65,475,2024-08-06
1149,5109,15.02,59.65,325,2025-01-04
1150,5642,478.69,36.01,97,2025-03-31
1151,6495,246.78,73.0,95,2024-10-25
1152,7730,457.78,76.83,250,2024-12-20
1153,6179,453.32,1.03,276,2025-03-01
1154,714,45.3,53.24,450,2024-11-14
1155,6798,6.3,8.07,159,2024-09-25
1156,4126,171.74,11.06,2,2024-10-26
1157,5135,259.07,7.56,311,2025-03-05
1158,9752,146.05,2.9,295,2024-06-02
1159,8810,496.57,33.86,354,2025-01-03
1160,2445,401.67,58.18,73,2025-01-14
1161,2688,161.55,58.15,234,2024-07-30
1162,7907,4.89,36.27,59,2024-08-30
1163,4411,297.85,17.38,443,2025-04-14
1164,2881,12.83,5.38,271,2024-11-29
1165,3112,93.6,97.82,36,2024-12-04
1166,5415,374.53,34.75,403,2025-03-21
1167,1109,156.98,15.93,152,2024-05-12
1168,7572,456.35,50.27,434,2025-04-04
1169,3813,239.58,73.06,328,2024-08-14
1170,5817,389.32,55.28,209,2025-04-15
1171,2294,288.52,78.37,340,2024-07-08
1172,5060,450.75,6.98,460,2024-07-05
1173,3956,123.38,56.23,36,2024-07-20
1174,3426,235.75,58.08,46,2025-04-17
1175,4567,348.39,15.78,453,2025-04-28
1176,3907,278.89,32.94,416,2024-12-21
1177,639,159.4,85.03,450,2025-04-19
1178,3603,328.6,76.92,472,2024-07-08
1179,8546,336.75,28.73,448,2024-09-19
1180,125,183.98,31.97,175,2024-12-10
1181,8211,397.82,87.93,228,2024-08-27
1182,7085,412.51,76.69,347,2024-07-30
1183,3938,99.49,1.11,378,2024-11-30
1184,2790,493.28,36.3,87,2024-10-11
1185,2387,487.24,53.33,144,2024-11-05
1186,9545,30.78,89.42,207,2025-01-17
1187,7127,4.32,80.44,496,2025-01-12
1188,1003,357.77,99.28,143,2024-11-25
1189,7211,136.81,97.42,388,2024-10-23
1190,8736,255.67,38.15,99,2024-07-22
1191,5788,467.85,65.36,401,2024-09-06
1192,4235,398.67,68.51,449,2025-01-29
1193,8716,406.5,10.87,83,2025-04-13
1194,3547,498.1,36.38,135,2024-11-07
1195,7441,238.93,10.76,156,2025-02-07
1196,3419,39.9,1.9,345,2025-03-26
1197,7021,288.18,91.41,347,2024-09-28
1198,4640,156.38,31.92,421,2024-12-18
1199,8288,257.21,35.02,167,2025-04-29
1200,8876,336.1,2.03,390,2024-07-04
1201,633,197.54,10.19,345,2024-05-28
1202,9049,456.99,77.37,377,2024-11-24
1203,8267,443.15,30.8,479,2025-03-25
1204,2902,16.29,45.2,228,2024-07-04
1205,1255,426.51,70.78,337,2024-05-02
1206,5974,77.51,6.56,195,2025-01-07
1207,8847,79.79,82.83,496,2024-06-20
1208,69,351.82,88.54,1,2025-03-28
1209,6160,216.69,16.22,208,2024-06-03
1210,1785,237.36,66.88,33,2024-05-21
1211,7894,448.29,41.99,106,2024-10-24
1212,8304,26.8,16.43,405,2024-10-17
1213,9328,76.52,30.78,204,2024-12-07
1214,8738,142.29,82.57,381,2024-08-06
1215,4694,443.3,23.91,36,2024-10-22
1216,3615,80.19,49.63,429,2024-11-09
1217,3832,262.08,75.62,182,2025-03-05
1218,2052,466.98,1.6,395,2025-01-07
1219,9169,16.04,34.87,487,2024-06-11
1220,7724,104.68,17.88,209,2024-07-19
1221,5856,443.43,55.47,118,2024-12-08
1222,7440,13.91,35.44,244,2024-11-25
1223,8207,152.96,66.39,292,2025-02-10
1224,7214,304.13,31.09,193,2025-03-26
1225,8648,147.01,13.67,126,2024-08-15
1226,8786,452.82,10.75,160,2024-12-25
1227,1217,0.45,84.22,104,2025-01-20
1228,7004,185.14,34.34,91,2024-07-27
1229,5076,461.65,11.45,317,2024-12-24
1230,8120,382.23,91.95,143,2025-01-02
1231,9419,490.03,81.99,254,2025-01-12
1232,6491,336.98,47.25,456,2024-05-10
1233,7058,271.12,72.62,300,2025-03-30
1234,4152,361.28,46.51,422,2024-07-25
1235,131,68.7,77.49,112,2024-11-23
1236,3525,271.19,19.42,237,2024-05-23
1237,4941,12.16,80.42,430,2024-07-11
1238,281,91.02,11.47,332,2024-08-31
1239,9427,335.76,46.75,28,2024-09-30
1240,2816,152.6,26.23,492,2024-05-16
1241,368,47.89,60.63,189,2024-11-28
1242,5239,36.43,88.78,150,2024-10-29
1243,6996,132.17,74.89,103,2024-08-21
1244,4064,195.02,88.5,132,2024-11-25
1245,2863,456.68,50.73,229,2024-10-01
1246,1081,258.66,15.07,302,2024-07-28
1247,2724,139.63,68.91,129,2024-06-16
1248,7061,484.78,42.03,275,2024-10-31
1249,3274,313.78,61.22,314,2024-12-25
1250,590,424.23,35.84,257,2024-10-03
1251,9513,11.36,27.87,384,2024-07-21
1252,918,266.39,94.57,166,2024-11-24
1253,5621,140.58,97.95,108,2024-09-14
1254,4958,208.12,92.53,338,2024-09-23
1255,3996,37.9,81.86,254,2024-11-10
1256,237,498.61,25.58,81,2024-08-15
1257,4709,181.98,46.09,357,2024-12-22
1258,5858,386.26,1.99,401,2024-06-14
1259,5459,218.62,59.79,405,2024-08-19
1260,2952,353.54,27.96,187,2024-05-11
1261,8538,104.21,71.22,442,2024-10-30
1262,7285,362.62,1.15,197,2024-12-15
1263,2681,24.45,1.08,483,2024-07-08
1264,8904,474.6,20.78,297,2024-11-04
1265,3099,385.91,44.39,483,2024-05-12
1266,1644,21.78,10.65,99,2024-05-11
1267,2417,118.0,55.76,241,2025-01-03
1268,9301,30.22,45.69,189,2025-02-12
1269,2933,401.85,95.14,283,2024-08-25
1270,9470,357.51,6.35,169,2024-10-31
1271,989,467.85,32.89,89,2025-01-06
1272,4852,369.16,32.53,474,2024-05-05
1273,4725,30.51,83.25,146,2024-11-03
1274,9264,29.06,76.15,451,2024-12-18
1275,3592,174.93,18.67,271,2024-11-04
1276,8540,454.54,26.57,190,2024-12-05
1277,8412,320.69,33.5,106,2025-01-11
1278,1831,288.65,65.21,33,2024-12-20
1279,1412,28.36,22.84,261,2025-01-09
1280,8531,381.3,59.58,491,2024-06-12
1281,6310,148.36,77.18,175,2025-03-27
1282,4595,236.06,93.67,444,2024-07-17
1283,5857,76.87,47.72,484,2024-08-12
1284,8659,275.14,19.57,432,2024-05-17
1285,3793,45.23,16.78,411,2024-08-23
1286,514,237.99,30.85,138,2024-08-17
1287,9579,428.89,27.21,274,2024-07-12
1288,9698,78.77,3.51,420,2024-06-14
1289,8126,355.99,78.99,327,2025-03-16
1290,9471,193.0,41.25,419,2024-06-26
1291,3317,256.54,12.93,413,2025-03-15
1292,1081,470.99,8.6,17,2024-12-17
1293,4794,346.99,68.05,232,2025-04-29
1294,8631,386.08,58.92,170,2024-05-19
1295,7335,321.89,18.94,283,2024-05-16
1296,619,115.2,51.82,112,2024-05-28
1297,1765,134.61,65.2,33,2024-05-14
1298,7457,169.3,74.87,309,2024-05-07
1299,1655,289.8,44.61,191,2024-08-30
1300,9563,39.74,31.4,411,2024-06-28
1301,114,362.62,4.94,357,2024-05-30
1302,9881,412.29,36.56,355,2024-09-01
1303,4745,441.79,47.09,287,2024-11-17
1304,7717,195.06,34.86,41,2025-04-07
1305,7773,201.39,47.03,237,2025-01-04
1306,972,127.52,16.75,201,2024-08-21
1307,9651,252.32,99.22,84,2025-04-02
1308,957,481.75,88.18,21,2024-11-26
1309,960,389.46,65.2,77,2024-07-16
1310,8029,18.56,34.98,233,2025-04-06
1311,4760,387.78,14.77,144,2024-09-08
1312,6,84.68,20.69,62,2025-04-15
1313,8401,263.65,98.09,346,2024-05-01
1314,5248,458.87,13.85,338,2025-01-29
1315,9684,280.16,98.95,147,2024-08-09
1316,5882,475.82,84.97,126,2025-01-05
1317,1512,304.32,80.71,76,2024-12-21
1318,5778,28.85,6.38,10,2024-08-22
1319,6929,427.2,65.28,305,2025-01-15
1320,2870,405.1,11.63,214,2024-07-28
1321,5517,63.73,60.67,55,2025-03-19
1322,9994,176.93,98.29,80,2025-01-15
1323,369,28.51,36.64,492,2024-09-09
1324,7779,415.64,11.44,174,2024-12-11
1325,3135,126.97,54.29,459,2025-03-07
1326,2035,62.73,9.51,241,2024-08-06
1327,7275,87.02,80.55,119,2025-01-16
1328,6795,288.09,13.82,464,2024-12-26
1329,6824,447.61,18.56,216,2024-05-30
1330,6477,67.31,66.67,119,2024-06-25
1331,8520,227.45,95.01,411,2025-04-03
1332,3758,407.21,97.71,121,2025-01-07
1333,8637,329.08,61.5,365,2025-01-30
1334,1172,12.51,34.18,66,2024-12-16
1335,5262,307.17,47.37,428,2025-04-24
1336,2529,194.21,54.62,411,2025-03-05
1337,6846,246.8,59.58,180,2024-10-17
1338,1367,41.84,67.12,46,2025-04-22
1339,1562,25.47,54.13,364,2024-09-30
1340,3318,418.6,79.25,347,2024-06-20
1341,3337,412.49,17.27,258,2024-12-27
1342,7770,319.03,41.85,486,2025-04-25
1343,8446,41.16,21.87,301,2024-10-31
1344,5035,264.49,6.51,194,2025-04-01
1345,1028,342.62,28.22,59,2025-04-30
1346,1853,482.09,17.23,94,2024-09-26
1347,1061,40.11,73.93,435,2024-05-28
1348,9895,187.18,2.14,78,2024-12-28
1349,809,183.2,30.72,199,2024-06-27
1350,8067,365.24,97.63,11,2024-07-22
1351,8806,291.95,33.02,294,2025-04-15
1352,3258,385.99,31.13,360,2024-07-20
1353,7845,100.19,43.03,292,2025-02-04
1354,942,440.95,34.45,291,2025-04-19
1355,8362,480.88,27.53,353,2024-07-18
1356,9928,256.37,93.18,190,2024-06-21
1357,752,29.52,81.44,5,2024-07-26
1358,8871,68.32,45.97,314,2024-08-04
1359,3673,65.01,76.26,465,2024-07-28
1360,6967,389.04,16.56,7,2024-08-02
1361,4501,132.09,34.35,18,2024-11-23
1362,7447,234.76,51.71,12,2024-07-15
1363,6110,245.74,29.9,398,2024-08-25
1364,4510,408.56,59.87,40,2024-11-15
1365,2627,8.08,80.61,150,2024-08-22
1366,6506,491.95,88.76,210,2025-03-31
1367,2267,370.26,9.07,268,2024-05-04
1368,9458,1.98,72.7,225,2024-06-22
1369,5204,334.2,74.96,121,2025-03-12
1370,5339,227.57,7.07,22,2025-01-26
1371,7260,149.94,73.14,157,2024-12-21
1372,1448,22.41,13.74,360,2025-01-02
1373,4972,247.92,66.11,67,2025-04-19
1374,4832,161.4,20.9,391,2024-08-20
1375,5017,379.36,84.81,258,2024-07-17
1376,1777,172.18,31.12,294,2024-06-26
1377,7028,440.28,25.51,440,2024-07-03
1378,7855,386.97,14.45,53,2024-10-19
1379,827,423.55,87.54,78,2024-11-27
1380,4828,478.3,26.23,233,2025-01-31
1381,2117,83.81,35.98,258,2024-08-11
1382,9987,449.92,94.73,152,2024-12-03
1383,1796,324.34,85.98,475,2024-10-21
1384,3915,41.61,55.47,3,2024-09-22
1385,1582,450.07,7.54,448,2025-02-19
1386,5398,374.59,73.2,187,2024-07-21
1387,8121,102.48,74.29,155,2024-09-09
1388,3210,461.36,74.44,163,2024-06-26
1389,3544,420.15,23.27,41,2024-06-24
1390,4085,176.46,56.67,188,2024-06-27
1391,4066,498.61,38.52,179,2024-08-13
1392,9847,262.57,81.96,432,2024-12-24
1393,1360,444.06,2.66,148,2024-11-24
1394,6849,30.44,36.53,178,2024-08-22
1395,214,229.66,52.73,129,2024-05-23
1396,9651,397.46,7.54,315,2024-12-20
1397,480,151.3,79.51,110,2025-03-29
1398,6856,227.02,87.62,427,2024-06-23
1399,8861,169.66,57.97,208,2025-04-10
1400,9758,134.72,53.46,325,2025-01-28
1401,856,16.36,22.41,136,2024-07-10
1402,2666,224.3,10.93,443,2024-12-20
1403,9083,293.08,88.4,262,2024-08-03
1404,6336,310.2,54.38,249,2025-03-22
1405,6662,216.11,78.15,131,2025-03-02
1406,9406,426.1,11.0,180,2025-03-23
1407,9737,159.78,72.02,75,2025-03-30
1408,1027,427.72,72.76,287,2024-09-03
1409,6227,47.0,61.12,11,2025-01-14
1410,5258,383.07,65.47,203,2024-10-05
1411,6765,25.58,57.53,349,2024-05-08
1412,5611,89.83,64.23,287,2024-06-08
1413,4746,276.62,27.15,27,2024-08-14
1414,7906,477.7,80.64,396,2025-01-24
1415,2777,400.87,90.34,202,2024-07-27
1416,9034,296.53,84.17,281,2024-08-18
1417,1477,157.32,26.62,90,2024-08-23
1418,4413,480.98,27.18,221,2025-04-29
1419,481,383.59,29.28,328,2024-06-14
1420,1927,344.55,42.49,290,2024-06-10
1421,3961,92.04,85.62,74,2025-02-27
1422,3185,77.45,31.19,198,2024-09-19
1423,8071,342.78,46.04,309,2025-01-19
1424,3664,169.53,28.73,272,2025-04-08
1425,5452,7.24,60.4,495,2024-11-04
1426,9414,137.58,39.83,404,2024-06-19
1427,6012,51.43,80.41,498,2024-11-02
1428,1887,182.46,71.55,165,2024-12-26
1429,9884,441.76,97.67,387,2025-02-28
1430,5393,402.69,6.92,163,2024-06-09
1431,7587,267.9,6.29,410,2025-01-20
1432,8297,342.77,41.43,308,2024-06-17
1433,1373,290.15,83.35,392,2025-04-05
1434,5077,164.39,27.46,311,2025-03-15
1435,5953,269.75,65.19,83,2024-06-11
1436,2010,424.76,79.53,159,2024-06-06
1437,8740,313.2,55.82,350,2024-10-20
1438,2065,422.35,4.92,103,2025-03-24
1439,5925,471.08,51.87,221,2025-03-03
1440,6355,154.37,34.31,196,2024-07-20
1441,3500,462.82,85.97,493,2024-08-04
1442,9077,391.94,79.54,428,2024-10-19
1443,8329,346.06,76.4,212,2024-08-04
1444,842,83.55,68.33,249,2024-07-02
1445,1502,461.69,61.39,360,2024-11-02
1446,13,267.61,46.33,360,2024-08-09
1447,6049,318.99,57.89,177,2024-10-06
1448,6694,220.33,65.83,194,2024-09-19
1449,1576,64.3,32.05,365,2024-07-10
1450,6638,401.8,86.82,136,2024-05-10
1451,8972,134.67,9.98,437,2025-04-06
1452,2683,131.44,50.07,110,2025-01-06
1453,9727,413.41,80.16,66,2024-08-17
1454,9464,303.45,20.64,411,2024-05-03
1455,9740,40.57,6.52,68,2025-03-17
1456,7466,271.04,51.86,253,2024-05-13
1457,4419,94.16,48.77,368,2024-10-16
1458,5407,251.42,54.89,363,2024-06-02
1459,8022,338.98,86.72,249,2025-04-27
1460,440,393.76,87.07,330,2024-05-14
1461,64,335.42,97.28,210,2024-06-26
1462,5763,283.2,83.01,444,2024-11-09
1463,1251,151.65,20.97,361,2025-02-24
1464,4816,491.73,0.82,191,2025-02-12
1465,1416,66.57,83.71,346,2025-04-17
1466,2704,154.05,43.84,45,2024-08-08
1467,1170,154.14,52.45,133,2024-05-06
1468,8347,379.97,35.22,262,2024-05-17
1469,8430,106.71,18.4,411,2024-12-07
1470,1981,170.56,93.25,227,2024-06-24
1471,6438,70.02,32.77,153,2024-07-27
1472,5803,263.75,56.06,163,2025-02-12
1473,6374,233.64,27.36,463,2024-04-30
1474,8338,159.36,68.16,209,2024-12-14
1475,4510,33.24,28.89,167,2024-05-31
1476,6244,263.54,82.27,204,2024-12-11
1477,2064,215.2,75.84,451,2024-10-01
1478,3152,99.81,54.44,48,2024-05-14
1479,258,221.52,36.91,253,2025-04-15
1480,1365,115.27,19.75,30,2025-01-20
1481,5555,53.73,43.03,392,2024-11-28
1482,308,155.5,1.63,498,2024-05-29
1483,9549,356.97,50.79,278,2024-11-06
1484,32,496.06,13.19,345,2025-03-24
1485,4356,202.83,86.32,382,2024-08-20
1486,5394,5.64,39.1,324,2024-10-10
1487,8976,400.8,26.5,383,2025-03-13
1488,4828,341.68,50.68,463,2024-06-13
1489,7301,56.36,17.87,302,2025-01-11
1490,6678,202.05,49.45,127,2025-03-03
1491,1247,429.12,89.53,380,2025-01-01
1492,6416,60.24,9.08,240,2024-07-14
1493,9674,157.3,53.31,195,2024-05-15
1494,5579,196.27,29.18,118,2024-06-21
1495,4504,216.27,67.56,220,2024-11-09
1496,7088,492.37,50.24,143,2025-02-06
1497,8377,357.62,17.9,255,2024-09-27
1498,8293,236.32,96.48,480,2024-07-11
1499,6884,104.73,32.01,351,2025-03-09
1500,2822,376.13,80.29,92,2025-01-16
1501,6134,235.94,49.17,170,2024-06-16
1502,5794,6.98,68.14,348,2025-01-05
1503,2164,253.12,9.87,171,2024-12-26
1504,5324,120.43,37.46,278,2024-11-25
1505,9942,171.94,23.76,394,2025-01-01
1506,9811,253.26,92.49,394,2025-02-24
1507,7123,354.19,45.62,407,2025-03-27
1508,5453,345.44,56.0,494,2024-08-15
1509,565,154.16,64.29,460,2025-04-17
1510,2205,75.21,47.23,428,2024-07-14
1511,7819,62.96,13.08,130,2024-10-25
1512,314,375.48,47.84,258,2024-11-28
1513,9957,46.2,87.1,106,2024-07-30
1514,9485,309.25,31.49,497,2024-08-23
1515,943,355.53,72.42,240,2024-09-05
1516,8459,396.35,45.98,314,2025-01-13
1517,3487,366.08,94.0,494,2024-12-20
1518,6756,436.95,46.15,212,2024-05-26
1519,3845,211.29,93.52,230,2025-01-04
1520,956,20.1,77.13,278,2024-08-21
1521,616,33.65,32.39,373,2024-10-26
1522,4954,372.34,66.6,333,2025-03-12
1523,9271,55.0,41.72,495,2024-12-15
1524,3958,488.14,57.45,464,2025-04-01
1525,5491,134.97,9.99,338,2024-12-04
1526,4097,11.79,80.99,82,2024-07-01
1527,1979,324.82,64.49,477,2025-03-06
1528,7138,311.32,87.15,391,2024-10-11
1529,4935,286.49,17.69,293,2025-04-22
1530,7156,139.27,61.89,321,2024-09-17
1531,1096,245.61,85.68,181,2024-08-17
1532,8534,113.97,17.88,429,2024-08-23
1533,9890,425.93,18.54,170,2024-07-27
1534,1036,423.87,40.92,406,2025-04-28
1535,412,12.33,87.61,317,2025-03-21
1536,1785,145.89,60.65,342,2025-04-11
1537,9081,264.29,67.14,156,2025-01-03
1538,7845,1.05,68.23,18,2025-03-13
1539,4941,131.98,47.96,96,2025-03-11
1540,3793,162.67,90.67,211,2024-07-11
1541,2199,120.1,54.75,314,2024-12-27
1542,3775,400.49,31.01,291,2025-02-28
1543,2157,333.48,51.43,302,2024-12-08
1544,2577,148.97,18.77,203,2025-02-12
1545,4443,183.76,92.63,350,2024-09-16
1546,957,17.7,3.85,138,2024-08-25
1547,392,417.18,35.5,440,2024-06-13
1548,6375,68.54,80.43,84,2024-10-14
1549,7178,467.98,3.13,119,2024-08-12
1550,2324,316.25,52.27,308,2024-06-03
1551,6138,117.93,95.34,154,2025-03-13
1552,9036,357.95,94.1,60,2024-06-23
1553,8819,66.45,43.47,258,2025-01-11
1554,7216,442.36,77.84,154,2024-11-02
1555,2306,96.0,90.76,77,2024-12-02
1556,9515,446.49,93.94,230,2024-12-17
1557,4933,128.11,47.93,220,2024-08-01
1558,2908,87.98,9.35,322,2024-05-08
1559,3836,454.19,96.94,71,2025-03-08
1560,1231,20.89,83.71,193,2025-03-26
1561,4362,112.38,70.1,99,2024-12-11
1562,2930,340.08,40.53,407,2025-02-06
1563,1858,109.24,0.46,128,2024-08-12
1564,8686,143.92,57.77,431,2024-10-20
1565,7853,231.61,28.95,434,2024-07-08
1566,9434,327.77,43.32,261,2024-06-03
1567,8124,61.37,44.64,226,2024-06-20
1568,9783,332.72,50.92,129,2024-08-12
1569,594,244.1,77.35,231,2025-01-10
1570,309,276.67,52.5,395,2024-09-29
1571,8333,274.09,88.32,342,2024-12-26
1572,3002,356.01,29.7,326,2024-05-08
1573,7716,436.75,69.07,424,2024-10-12
1574,2009,288.99,62.73,146,2024-10-11
1575,1182,71.78,58.35,260,2024-08-15
1576,982,210.25,32.09,274,2024-06-30
1577,2398,336.8,6.03,1,2025-01-23
1578,3297,239.68,79.94,60,2024-09-26
1579,5786,397.78,40.99,398,2024-11-28
1580,8401,272.6,27.54,128,2025-03-27
1581,7087,222.53,6.83,255,2025-01-11
1582,5627,369.56,65.9,195,2025-04-01
1583,1404,330.33,54.62,477,2025-01-23
1584,2405,355.73,14.61,24,2025-04-27
1585,3479,34.91,62.53,259,2024-11-25
1586,4222,329.86,39.4,281,2024-09-25
1587,6069,488.24,38.79,97,2025-02-08
1588,8454,2.6,55.5,357,2024-07-05
1589,8640,471.51,45.92,344,2024-09-12
1590,4398,276.64,11.73,117,2024-07-03
1591,2978,364.61,86.04,70,2025-03-18
1592,1206,141.66,69.18,55,2024-10-13
1593,607,7.39,48.0,106,2024-11-15
1594,3604,437.83,96.09,365,2024-07-16
1595,1194,364.89,31.59,245,2025-03-09
1596,9042,352.89,89.72,152,2024-07-02
1597,6524,37.01,93.03,494,2024-10-16
1598,5693,93.38,6.0,253,2024-12-22
1599,6062,24.97,66.0,74,2025-01-02
1600,5248,19.59,1.5,192,2024-12-09
1601,5355,25.5,98.9,12,2025-04-28
1602,1143,78.87,55.77,91,2024-11-23
1603,9691,126.71,16.07,341,2024-08-19
1604,5136,203.09,51.85,208,2025-04-21
1605,2543,16.72,82.05,173,2024-12-01
1606,421,196.52,42.72,142,2024-07-27
1607,3211,340.94,71.87,280,2025-04-03
1608,3798,0.56,4.58,59,2024-10-11
1609,3774,19.03,87.17,3,2024-10-28
1610,7469,92.0,72.47,226,2025-01-09
1611,6392,425.28,57.48,259,2025-04-12
1612,6135,230.7,2.42,278,2025-01-30
1613,7744,153.59,91.97,401,2024-09-14
1614,9683,196.04,15.87,42,2024-11-09
1615,807,257.6,95.89,286,2024-12-25
1616,4418,243.07,0.49,209,2025-01-29
1617,7115,33.09,55.73,383,2025-01-30
1618,5937,36.4,69.81,390,2024-08-29
1619,5596,70.21,6.48,100,2024-07-13
1620,6085,205.93,36.4,86,2024-07-31
1621,1195,157.21,43.6,165,2024-06-17
1622,8073,285.3,91.2,405,2024-04-30
1623,1576,124.86,94.33,418,2024-07-09
1624,653,160.18,27.03,300,2024-09-22
1625,3768,402.74,69.22,195,2024-05-30
1626,7488,340.29,78.54,132,2024-12-03
1627,5554,495.16,5.69,189,2024-11-11
1628,9665,43.29,38.87,81,2024-11-16
1629,3708,498.29,24.15,258,2025-04-05
1630,6887,367.7,46.88,209,2024-06-04
1631,4344,129.79,62.86,495,2024-09-11
1632,692,47.4,43.43,49,2024-10-29
1633,4746,458.56,41.32,468,2024-10-14
1634,6081,439.42,44.84,24,2024-11-08
1635,450,113.88,91.4,111,2025-01-09
1636,3001,493.08,35.7,355,2024-06-11
1637,1434,257.68,57.36,413,2024-06-13
1638,9775,252.21,19.73,489,2025-04-15
1639,5447,423.35,93.93,450,2025-04-30
1640,2832,454.42,1.39,193,2025-02-12
1641,3163,250.48,19.34,377,2025-01-22
1642,5242,74.54,70.62,427,2025-01-31
1643,1282,92.87,47.98,236,2024-05-11
1644,9421,490.15,26.37,254,2025-03-24
1645,2325,446.77,17.59,403,2024-08-23
1646,4814,337.83,47.35,469,2024-07-22
1647,7210,113.6,35.2,49,2024-07-03
1648,892,459.54,34.85,204,2024-08-03
1649,3484,62.01,42.96,232,2024-06-04
1650,7683,433.06,63.56,231,2024-05-18
1651,1335,264.79,5.71,82,2025-03-13
1652,3216,317.55,26.19,241,2025-03-07
1653,7013,12.7,18.85,427,2024-08-13
1654,2584,10.57,98.89,411,2025-01-07
1655,3171,304.64,41.28,310,2024-07-24
1656,8370,233.82,95.61,121,2025-02-10
1657,7584,182.84,12.97,492,2024-10-29
1658,2631,400.33,68.35,62,2025-02-04
1659,1293,262.72,42.21,139,2025-02-22
1660,2638,381.06,58.22,491,2024-12-13
1661,6182,352.59,41.68,170,2025-04-26
1662,4147,488.36,38.18,64,2025-02-03
1663,8991,205.76,90.06,487,2025-04-14
1664,3543,282.84,35.9,449,2025-03-31
1665,7889,392.65,86.22,66,2025-03-06
1666,241,266.38,55.34,314,2025-03-20
1667,3363,103.91,57.75,311,2025-03-05
1668,2726,64.22,34.66,8,2024-07-09
1669,1057,168.61,1.62,317,2025-03-23
1670,1376,229.73,29.99,282,2024-07-07
1671,3099,441.2,98.46,318,2024-12-05
1672,5041,282.74,98.61,500,2024-12-19
1673,415,303.66,26.34,254,2024-12-11
1674,1247,115.23,56.13,437,2025-03-08
1675,2238,448.82,56.53,472,2024-11-22
1676,1741,26.62,85.81,147,2025-01-25
1677,3069,375.41,72.0,235,2024-12-25
1678,5042,31.02,55.89,269,2024-08-07
1679,9383,375.91,78.19,260,2025-01-11
1680,7469,444.18,83.62,443,2024-07-10
1681,3757,30.13,91.29,238,2024-08-12
1682,3599,359.84,78.27,435,2024-11-26
1683,6038,215.01,96.57,482,2025-02-14
1684,9893,34.58,27.96,458,2024-08-09
1685,677,447.69,12.25,276,2024-11-08
1686,5107,288.3,11.84,96,2024-07-10
1687,4133,214.25,93.46,498,2025-03-23
1688,3607,181.99,57.44,242,2024-11-17
1689,5644,109.83,12.34,102,2025-03-28
1690,1848,275.24,93.58,4,2024-12-08
1691,702,461.11,87.39,471,2024-12-23
1692,2688,460.3,67.74,380,2025-04-13
1693,1301,250.92,3.52,388,2024-12-25
1694,7406,131.95,13.86,238,2025-02-21
1695,8108,112.67,8.34,381,2024-09-01
1696,994,456.71,90.31,480,2024-07-25
1697,5724,490.52,57.27,332,2024-07-02
1698,8714,55.33,20.42,96,2025-03-18
1699,6745,136.69,10.29,90,2024-11-24
1700,7280,180.11,64.27,309,2024-11-04
1701,9508,51.84,1.54,253,2024-10-06
1702,5349,12.32,64.13,119,2024-12-05
1703,2093,329.21,67.81,238,2024-10-14
1704,9086,10.96,78.7,75,2024-05-02
1705,1262,45.81,46.42,38,2025-01-17
1706,5161,186.54,21.6,11,2024-11-26
1707,107,62.91,60.27,77,2025-02-02
1708,4279,187.22,70.66,427,2024-12-05
1709,969,362.94,55.12,365,2025-02-25
1710,9633,110.61,86.23,440,2025-03-24
1711,8717,106.56,20.51,416,2024-10-10
1712,2350,95.17,78.16,27,2024-11-24
1713,5112,10.63,35.21,22,2024-11-10
1714,3227,31.98,2.33,243,2025-03-04
1715,5464,305.04,26.31,484,2024-11-30
1716,2202,187.91,71.76,99,2025-02-16
1717,7086,441.59,71.28,365,2024-05-18
1718,5571,30.58,58.12,324,2024-09-23
1719,6083,196.24,94.41,36,2024-08-09
1720,8824,158.78,22.32,3,2024-11-26
1721,4752,379.75,23.46,254,2024-10-19
1722,5171,449.82,42.33,305,2024-05-14
1723,2806,125.39,66.87,196,2025-01-08
1724,230,155.82,18.53,280,2024-07-24
1725,433,160.62,87.46,25,2024-06-04
1726,7389,480.25,95.18,25,2025-02-20
1727,1270,44.46,85.2,359,2024-05-02
1728,3569,413.26,55.73,193,2025-04-09
1729,2475,404.22,87.88,499,2024-06-03
1730,4831,135.61,44.79,461,2025-03-23
1731,4434,317.94,68.96,307,2024-06-08
1732,9070,201.48,21.94,318,2024-11-10
1733,3094,433.3,73.18,184,2025-01-18
1734,539,296.25,88.46,96,2025-02-04
1735,1341,131.13,48.85,459,2024-06-18
1736,4478,443.98,54.92,277,2025-03-11
1737,7210,342.43,62.35,490,2025-04-21
1738,3746,480.0,30.1,304,2024-07-14
1739,7783,349.1,29.17,446,2025-04-30
1740,8890,376.68,90.79,224,2024-09-04
1741,8030,390.25,2.2,321,2024-05-28
1742,1095,175.93,18.21,43,2024-06-24
1743,8340,115.62,44.81,165,2024-10-27
1744,6985,298.31,58.7,75,2024-07-18
1745,3474,304.63,99.48,439,2025-02-16
1746,8147,83.27,26.32,143,2024-06-13
1747,1125,137.61,39.14,304,2024-08-31
1748,5001,178.22,22.74,408,2024-09-27
1749,2253,374.73,75.42,291,2024-08-09
1750,8619,410.23,6.72,170,2025-01-23
1751,9108,415.38,62.69,36,2025-04-11
1752,9648,147.27,76.04,201,2024-07-25
1753,922,144.88,43.89,479,2024-12-15
1754,9515,445.86,55.31,348,2025-04-10
1755,9352,114.23,28.88,141,2025-01-04
1756,278,231.71,21.31,391,2025-04-21
1757,1607,215.42,19.41,81,2024-08-15
1758,2863,187.97,68.46,159,2025-02-15
1759,2772,356.82,76.52,163,2024-10-26
1760,1323,92.33,8.93,414,2024-12-08
1761,6510,183.47,62.98,389,2025-02-28
1762,952,247.37,83.55,67,2024-08-17
1763,6948,148.28,27.22,15,2024-12-26
1764,454,29.18,33.89,41,2024-08-15
1765,6016,119.36,1.29,146,2024-09-21
1766,136,242.77,15.41,21,2024-09-29
1767,4334,83.42,19.08,87,2025-04-13
1768,1759,454.63,82.7,40,2024-11-25
1769,6491,128.56,45.68,431,2024-06-30
1770,9259,239.18,16.17,382,2024-05-28
1771,8775,416.74,85.33,316,2024-07-27
1772,3585,5.05,83.01,455,2024-09-18
1773,9944,78.78,69.57,54,2024-09-28
1774,4112,488.06,18.76,390,2024-09-27
1775,740,234.1,42.97,439,2024-06-09
1776,5665,30.19,27.44,435,2024-06-11
1777,1693,464.96,41.15,127,2024-11-30
1778,4564,497.08,51.36,358,2024-05-27
1779,9531,457.91,14.72,102,2025-01-12
1780,4143,267.07,80.89,205,2024-12-03
1781,7273,141.43,88.35,339,2024-11-02
1782,7105,328.49,33.8,205,2024-12-29
1783,7281,264.94,37.59,493,2024-11-21
1784,1925,132.93,56.96,312,2024-10-06
1785,7748,225.52,45.81,482,2024-07-13
1786,5992,475.46,40.29,435,2024-09-18
1787,5314,93.78,88.72,427,2024-07-26
1788,2937,343.07,55.59,342,2025-01-18
1789,5485,418.2,96.69,160,2024-06-30
1790,8725,397.6,87.17,102,2024-07-04
1791,2317,488.84,9.74,114,2024-08-21
1792,2859,36.79,85.58,37,2024-07-16
1793,4576,295.87,74.22,32,2024-06-08
1794,9339,151.36,70.25,459,2024-12-16
1795,7021,485.6,2.58,432,2024-10-11
1796,9941,164.77,29.63,374,2024-06-18
1797,4185,371.7,67.15,434,2024-09-05
1798,8324,439.46,7.18,269,2024-09-17
1799,3813,94.83,92.13,457,2025-04-01
1800,4328,490.61,81.9,116,2024-08-04
1801,1496,7.19,97.8,349,2025-03-21
1802,174,288.92,16.1,200,2024-05-11
1803,867,380.87,80.98,480,2025-03-20
1804,6866,419.26,13.0,491,2025-03-23
1805,1740,223.97,29.07,340,2024-08-10
1806,5756,247.2,45.77,397,2024-12-18
1807,9844,381.61,18.91,208,2025-02-11
1808,9341,270.39,9.87,204,2024-08-18
1809,9569,143.35,71.4,113,2024-12-20
1810,1909,324.66,27.54,485,2024-10-15
1811,5638,69.38,14.79,340,2024-11-14
1812,9624,73.23,61.57,16,2024-08-30
1813,3981,162.69,20.07,113,2024-07-02
1814,469,226.55,35.31,8,2024-12-04
1815,1002,214.68,69.65,106,2024-10-09
1816,583,264.15,57.6,344,2024-06-30
1817,12,116.38,21.03,210,2024-07-14
1818,7638,351.32,3.29,76,2024-05-14
1819,258,107.92,65.47,4,2024-10-24
1820,8043,153.5,65.5,414,2024-12-02
1821,3361,72.22,45.41,238,2024-07-18
1822,5949,480.52,96.91,178,2024-10-31
1823,8821,267.36,98.72,109,2024-11-25
1824,6661,439.76,75.49,493,2024-06-19
1825,6590,336.81,41.76,266,2024-07-15
1826,9972,413.96,42.23,1,2024-11-13
1827,5129,272.99,3.4,463,2024-12-15
1828,1697,354.26,34.84,300,2025-01-28
1829,3185,140.08,32.1,87,2024-07-14
1830,6996,139.58,28.99,176,2024-06-09
1831,1514,346.33,69.63,449,2024-09-26
1832,6206,447.56,92.32,127,2024-08-26
1833,9802,210.94,89.81,357,2024-12-23
1834,5621,77.09,42.27,187,2025-01-15
1835,6820,48.99,93.61,79,2024-10-14
1836,5469,129.23,75.73,335,2024-07-22
1837,4877,192.51,63.4,14,2024-11-02
1838,4344,486.27,44.39,328,2025-02-12
1839,9105,446.97,31.09,54,2024-08-27
1840,7773,82.46,56.28,28,2024-10-23
1841,8048,226.38,70.82,356,2024-07-09
1842,6831,27.86,1.5,273,2024-09-15
1843,2119,236.72,4.63,45,2025-02-13
1844,8927,470.35,61.23,461,2024-11-23
1845,4372,221.13,99.18,108,2024-09-05
1846,1219,227.66,22.04,206,2025-03-06
1847,3989,395.19,16.28,368,2024-10-14
1848,4550,276.3,69.94,462,2024-06-29
1849,1693,471.87,55.42,350,2024-09-26
1850,9510,205.04,13.84,476,2025-02-06
1851,7287,137.7,97.4,210,2024-10-12
1852,3858,420.26,79.25,381,2024-08-21
1853,1802,211.14,35.76,242,2024-09-04
1854,4231,19.64,85.56,294,2024-09-01
1855,7798,89.58,94.65,303,2024-09-23
1856,7816,215.37,13.22,335,2024-08-10
1857,9242,210.18,70.42,120,2025-01-21
1858,7741,130.64,81.15,487,2024-11-22
1859,9790,210.6,20.36,35,2025-03-15
1860,9774,111.43,80.31,221,2024-06-04
1861,158,402.41,76.6,122,2024-10-23
1862,5039,413.63,25.99,56,2024-05-14
1863,1979,162.85,63.51,175,2025-01-03
1864,1142,70.22,45.86,104,2024-10-03
1865,3496,405.85,21.93,97,2025-01-20
1866,2742,159.12,73.43,470,2024-08-05
1867,5661,395.29,2.55,126,2024-11-05
1868,8191,276.06,72.8,126,2025-04-25
1869,5380,389.09,7.32,456,2024-08-19
1870,4975,491.68,8.94,179,2025-01-13
1871,394,292.69,62.36,251,2024-09-30
1872,9905,113.76,32.18,299,2024-06-04
1873,7495,275.87,79.26,212,2025-03-15
1874,2904,318.51,41.55,410,2024-05-27
1875,5625,275.58,27.64,418,2025-04-23
1876,1050,352.82,62.2,411,2024-06-07
1877,7660,207.88,28.75,156,2024-06-09
1878,575,8.26,49.5,403,2024-07-14
1879,3998,326.63,78.46,11,2025-04-10
1880,6299,272.0,99.93,39,2025-01-26
1881,7505,367.27,86.94,160,2024-08-17
1882,2478,187.77,65.18,64,2024-05-29
1883,1926,48.35,31.38,51,2025-04-28
1884,3941,240.26,36.3,470,2024-10-18
1885,5964,225.34,7.54,158,2024-12-06
1886,8989,472.5,32.86,432,2025-01-31
1887,1064,339.1,56.83,339,2024-06-10
1888,5825,465.26,47.07,383,2024-08-05
1889,820,286.7,99.95,487,2025-02-28
1890,9026,100.66,98.53,446,2024-08-27
1891,401,21.17,41.98,84,2024-08-15
1892,913,222.33,51.5,95,2024-10-25
1893,9011,299.77,92.24,238,2025-01-14
1894,2920,214.59,79.9,68,2024-08-14
1895,87,249.84,44.54,365,2024-11-21
1896,401,4.01,73.08,427,2024-09-05
1897,8026,38.84,4.0,82,2024-06-08
1898,4242,308.25,23.18,137,2024-12-11
1899,2275,450.89,46.72,428,2024-09-03
1900,5247,142.13,2.53,57,2025-01-13
1901,5357,178.44,30.29,157,2024-05-30
1902,3233,358.38,17.09,268,2024-08-09
1903,2036,306.4,50.86,435,2024-08-30
1904,7035,9.94,62.05,476,2024-06-30
1905,1748,63.17,13.39,429,2024-08-22
1906,9187,369.27,75.7,146,2024-10-04
1907,4903,140.86,64.39,496,2025-02-25
1908,7138,368.26,47.44,274,2024-05-14
1909,1103,213.26,45.76,146,2025-04-10
1910,2853,423.67,62.04,389,2024-09-05
1911,5266,451.83,58.11,296,2025-01-04
1912,3020,31.97,87.57,409,2025-02-17
1913,5913,135.08,22.14,296,2024-05-27
1914,6653,487.43,14.35,368,2024-11-04
1915,2414,151.9,67.89,115,2024-11-10
1916,731,471.45,62.89,73,2025-03-08
1917,1503,239.65,70.29,220,2024-06-17
1918,5007,80.47,68.47,388,2024-12-01
1919,7905,195.4,61.65,400,2024-05-16
1920,6855,462.87,20.27,294,2025-03-24
1921,6726,241.93,84.08,429,2025-04-26
1922,1755,54.12,18.45,402,2024-12-15
1923,4266,149.38,33.68,317,2025-02-17
1924,3643,405.11,65.03,145,2025-04-05
1925,6669,337.81,51.49,482,2024-06-05
1926,6297,250.36,65.71,16,2024-10-28
1927,1598,39.76,96.18,73,2024-07-21
1928,4608,141.67,78.53,151,2025-04-25
1929,6956,67.07,54.59,323,2024-08-22
1930,8870,162.75,79.02,303,2025-04-16
1931,1146,216.16,72.37,406,2024-08-04
1932,1619,14.09,26.83,361,2024-10-31
1933,8354,60.11,1.13,462,2025-04-12
1934,1626,282.27,89.01,194,2024-12-27
1935,1113,92.05,86.02,321,2025-02-02
1936,8274,369.89,39.01,292,2024-05-24
1937,7404,334.12,48.86,292,2024-09-28
1938,466,161.12,98.09,26,2024-10-05
1939,8312,491.18,69.34,192,2024-11-09
1940,7083,79.42,37.42,94,2024-11-06
1941,1848,73.14,89.04,123,2024-11-19
1942,4633,434.02,79.24,62,2024-05-14
1943,5788,492.81,41.47,165,2024-06-26
1944,173,282.22,16.13,403,2025-04-01
1945,5000,229.19,99.66,485,2024-07-09
1946,6434,481.53,95.48,127,2024-12-27
1947,3008,138.03,57.82,91,2024-10-25
1948,9078,113.38,69.96,78,2025-01-21
1949,5891,286.46,22.96,247,2024-08-05
1950,1486,256.7,74.52,77,2024-10-11
1951,9750,337.46,52.22,425,2024-06-26
1952,2120,34.06,33.93,96,2025-02-25
1953,2156,74.27,58.72,128,2025-04-19
1954,6414,398.01,99.94,423,2024-11-23
1955,6688,280.95,24.4,217,2024-05-07
1956,4817,458.41,44.26,268,2025-03-18
1957,4177,232.11,20.34,343,2024-09-03
1958,6958,111.35,68.28,256,2025-01-14
1959,6573,19.94,17.71,202,2024-09-18
1960,3215,198.52,20.84,446,2025-01-05
1961,5568,162.04,97.73,196,2024-05-09
1962,200,499.06,43.17,267,2025-03-02
1963,3739,417.07,92.05,217,2024-09-12
1964,1517,465.96,24.74,143,2024-08-02
1965,4011,387.94,32.71,262,2024-05-31
1966,3621,185.93,63.56,57,2025-04-13
1967,5462,309.3,57.7,246,2024-08-10
1968,7562,165.87,17.59,0,2024-06-03
1969,781,490.21,28.13,335,2025-01-01
1970,1602,339.98,75.47,35,2024-05-09
1971,1923,499.05,69.81,191,2024-11-27
1972,9065,140.03,42.16,89,2025-04-26
1973,1400,138.91,75.57,431,2024-04-30
1974,2796,144.06,10.62,117,2024-06-12
1975,358,308.93,93.03,384,2024-06-05
1976,846,453.74,79.89,473,2025-03-01
1977,3249,401.31,52.11,420,2024-07-29
1978,7271,374.22,85.95,58,2024-09-23
1979,6247,43.55,49.56,192,2025-03-08
1980,4680,322.65,84.56,372,2024-07-19
1981,4716,136.23,1.19,100,2024-04-30
1982,2516,9.71,87.53,192,2025-04-05
1983,7861,472.68,21.83,220,2025-04-22
1984,3434,80.49,60.39,415,2024-08-27
1985,3940,290.83,81.78,457,2024-08-11
1986,927,215.43,60.91,478,2024-05-11
1987,1779,318.52,44.88,356,2024-12-16
1988,3225,266.04,21.51,435,2024-05-04
1989,4648,184.98,28.66,130,2024-08-10
1990,3085,122.16,38.36,89,2024-08-18
1991,3279,96.1,23.56,158,2025-01-20
1992,713,315.27,86.1,319,2024-10-23
1993,3530,149.89,16.22,297,2024-06-07
1994,1783,364.08,44.96,187,2024-08-28
1995,1041,24.57,41.41,29,2024-11-06
1996,8418,257.23,92.3,143,2024-10-19
1997,6184,18.85,44.65,255,2024-05-14
1998,4247,351.88,15.41,486,2024-09-05
1999,6689,411.49,24.31,32,2024-05-05
2000,7721,79.21,57.11,375,2024-11-13
2001,4179,320.43,12.35,222,2025-04-29
2002,934,176.58,58.07,13,2024-05-20
2003,8648,202.82,0.63,313,2025-04-03
2004,7346,193.72,75.34,88,2025-02-05
2005,234,88.89,57.08,293,2025-02-13
2006,6676,289.12,95.21,389,2025-01-26
2007,5163,148.56,38.19,489,2024-12-22
2008,5662,495.9,89.68,166,2024-07-26
2009,2137,251.65,17.25,306,2024-05-01
2010,7578,221.59,28.95,196,2024-08-22
2011,610,418.31,94.85,356,2024-05-03
2012,3666,50.34,24.61,166,2025-01-17
2013,9257,300.54,91.69,294,2024-06-18
2014,6963,192.77,6.65,217,2024-10-28
2015,8024,280.69,40.92,306,2024-07-21
2016,5220,84.24,96.33,128,2025-01-30
2017,6458,441.97,65.82,185,2024-10-05
2018,6503,424.93,14.11,433,2024-11-28
2019,8171,415.96,70.2,253,2024-06-27
2020,4046,184.6,38.82,147,2024-12-21
2021,54,371.01,14.79,240,2024-09-21
2022,5699,495.58,25.42,452,2024-11-17
2023,734,127.38,93.44,90,2025-02-08
2024,320,374.85,23.43,286,2025-03-28
2025,3009,456.46,39.99,153,2024-11-24
2026,2902,432.15,91.27,205,2024-06-19
2027,4153,182.18,94.57,168,2025-04-18
2028,2763,51.51,98.9,50,2024-07-03
2029,8674,74.41,35.27,130,2024-07-13
2030,2462,463.79,92.14,42,2024-10-19
2031,9945,158.52,13.74,211,2024-08-16
2032,8064,367.64,48.67,233,2024-05-10
2033,4842,231.07,6.25,228,2024-08-25
2034,4905,89.76,39.79,282,2024-12-13
2035,7972,375.15,2.79,191,2024-06-15
2036,9428,100.41,17.84,235,2025-02-22
2037,7383,126.8,78.46,338,2024-10-26
2038,7763,407.32,58.58,102,2024-06-26
2039,2079,480.86,49.08,62,2025-03-28
2040,8539,491.32,85.75,57,2024-11-26
2041,6754,442.34,97.6,51,2025-03-15
2042,5933,105.06,3.13,125,2025-04-13
2043,4718,317.56,57.64,23,2024-09-25
2044,8152,329.47,16.25,459,2025-03-22
2045,5391,134.72,30.22,196,2024-06-21
2046,1375,429.58,36.89,392,2025-02-13
2047,5820,5.03,81.29,120,2024-10-18
2048,8121,94.81,24.61,99,2024-10-01
2049,1035,244.95,60.64,325,2024-09-20
2050,9783,218.06,46.32,257,2024-06-14
2051,9231,75.57,11.55,292,2025-04-24
2052,8796,483.92,86.24,106,2024-08-31
2053,5000,10.82,10.35,427,2025-02-12
2054,7733,184.31,90.97,203,2024-07-10
2055,9971,444.82,16.51,190,2024-07-04
2056,6131,150.18,52.08,403,2024-12-17
2057,9433,5.08,2.15,37,2024-05-25
2058,2652,425.53,65.55,101,2024-05-16
2059,7391,222.87,98.47,322,2024-06-04
2060,8231,478.76,0.69,175,2024-09-22
2061,9625,242.77,11.43,98,2025-04-08
2062,4307,278.25,24.21,165,2024-10-05
2063,4177,25.14,52.63,190,2024-11-07
2064,7114,200.12,77.34,16,2024-09-25
2065,7867,263.09,56.64,301,2024-10-12
2066,3474,90.2,25.76,465,2024-05-15
2067,5060,294.57,26.77,343,2024-09-05
2068,5871,155.41,50.34,425,2024-08-27
2069,7465,30.4,5.77,123,2024-11-13
2070,5903,233.79,72.9,92,2025-03-18
2071,8480,55.3,89.29,301,2024-06-09
2072,2052,83.02,69.33,115,2024-07-24
2073,185,110.2,64.47,457,2024-05-02
2074,1243,429.03,75.9,142,2024-09-15
2075,4025,237.39,23.86,9,2024-05-31
2076,4392,495.38,74.27,375,2024-08-28
2077,3975,251.49,70.81,399,2024-09-24
2078,6612,385.76,73.01,128,2025-04-14
2079,8065,400.07,77.87,405,2024-06-15
2080,6280,185.87,27.08,348,2024-07-26
2081,3067,283.48,48.67,288,2025-01-21
2082,8708,236.21,66.16,80,2025-03-28
2083,9514,226.9,37.34,468,2024-12-28
2084,8535,35.11,59.19,233,2024-12-31
2085,157,334.81,61.63,20,2025-04-17
2086,7944,229.45,86.72,426,2024-12-02
2087,853,10.71,7.45,476,2025-02-06
2088,177,355.77,96.09,344,2024-10-17
2089,3991,366.52,88.38,229,2024-08-18
2090,3246,291.65,64.89,111,2024-10-31
2091,8882,287.06,50.35,475,2024-11-04
2092,8005,436.59,31.04,207,2024-06-27
2093,4837,184.59,25.12,20,2025-01-19
2094,8916,369.1,88.74,113,2024-07-19
2095,7296,221.63,17.95,368,2024-10-13
2096,8542,193.78,62.58,186,2024-12-09
2097,3850,324.91,57.6,457,2024-07-25
2098,5020,197.65,92.46,487,2025-02-05
2099,373,135.14,62.68,179,2025-01-09
2100,8718,190.12,46.74,152,2024-05-29
2101,3116,364.57,60.41,388,2024-09-03
2102,7207,435.87,72.8,25,2024-08-15
2103,7934,74.05,78.83,487,2024-08-06
2104,4239,60.16,62.57,469,2024-09-30
2105,5205,416.47,50.51,34,2024-09-17
2106,5224,18.11,63.44,15,2024-07-22
2107,3256,65.66,36.34,430,2025-02-28
2108,5814,166.92,35.39,447,2025-02-25
2109,6454,295.25,98.14,485,2025-04-29
2110,6739,108.91,50.05,252,2024-06-04
2111,6665,418.23,78.99,177,2024-08-20
2112,6238,143.13,47.29,385,2024-05-31
2113,4216,214.41,26.6,233,2024-12-13
2114,7860,184.17,93.78,471,2024-07-13
2115,4039,71.48,9.19,264,2025-02-19
2116,3583,279.37,47.09,134,2024-11-11
2117,560,305.28,49.21,410,2024-12-31
2118,2975,100.74,15.12,365,2025-04-10
2119,3953,166.61,3.1,36,2024-06-14
2120,2044,461.32,94.64,14,2025-03-24
2121,3069,141.95,11.82,262,2024-11-13
2122,137,382.57,99.95,78,2024-07-31
2123,5957,153.71,24.37,286,2024-12-20
2124,4367,196.66,45.88,177,2025-02-15
2125,3807,294.95,82.56,397,2024-09-04
2126,172,149.33,84.05,318,2025-01-11
2127,2871,360.59,13.99,28,2024-10-16
2128,4702,21.62,92.73,424,2024-06-15
2129,5984,293.89,65.93,278,2024-09-24
2130,8094,91.55,69.39,265,2024-09-12
2131,7878,36.66,50.83,327,2024-07-28
2132,6762,304.35,49.71,6,2024-05-29
2133,3145,9.19,32.97,420,2025-03-05
2134,2305,215.86,53.31,491,2025-04-03
2135,4196,294.77,92.06,468,2024-11-01
2136,4254,125.62,22.41,383,2024-11-06
2137,4469,265.03,34.11,113,2024-05-21
2138,4697,71.65,71.48,431,2024-07-23
2139,7565,461.89,67.04,134,2025-04-12
2140,3880,25.95,82.86,117,2025-03-09
2141,3132,267.46,31.07,416,2024-10-20
2142,8712,270.69,87.78,324,2025-04-01
2143,6465,247.97,78.13,296,2024-07-21
2144,4747,4.79,49.7,264,2024-05-03
2145,4530,117.22,98.84,486,2024-06-11
2146,8569,243.77,17.12,473,2024-11-09
2147,9644,61.95,49.98,191,2024-07-20
2148,71,165.08,96.09,401,2024-08-24
2149,325,399.38,60.15,232,2024-05-18
2150,9868,99.51,29.76,161,2024-12-20
2151,8759,135.91,67.09,21,2025-03-16
2152,4700,301.78,15.04,63,2025-03-20
2153,9480,225.76,79.12,13,2024-05-01
2154,2018,316.43,86.19,301,2024-07-31
2155,7933,371.9,70.14,232,2024-08-28
2156,8142,315.68,69.63,237,2024-06-12
2157,7006,467.45,79.29,259,2025-04-10
2158,123,44.41,88.64,481,2024-07-23
2159,4527,265.56,13.05,263,2024-07-03
2160,6609,130.65,97.1,210,2024-06-18
2161,3867,275.56,88.63,383,2024-05-03
2162,5864,198.67,12.74,157,2024-09-10
2163,2873,86.42,74.45,55,2025-04-29
2164,8946,139.6,2.99,167,2024-12-11
2165,9986,73.01,2.06,53,2024-09-23
2166,1756,25.73,44.62,220,2024-07-14
2167,7822,488.02,8.77,386,2024-09-29
2168,3925,324.24,57.09,229,2025-02-10
2169,1427,121.16,78.59,114,2025-04-20
2170,2710,190.95,15.61,96,2024-12-28
2171,6515,389.03,88.05,7,2024-12-25
2172,1527,398.17,32.83,118,2024-06-18
2173,5665,403.89,51.77,192,2024-11-06
2174,7314,484.28,8.47,414,2024-12-06
2175,8784,30.52,91.16,168,2024-05-11
2176,6678,84.47,69.03,454,2024-05-15
2177,9119,110.63,0.02,400,2025-01-05
2178,780,319.79,36.38,61,2025-03-27
2179,8136,251.41,4.3,196,2025-03-17
2180,120,61.46,32.65,221,2025-02-21
2181,3138,407.21,59.27,94,2024-05-30
2182,7415,308.89,98.45,86,2024-11-17
2183,1927,450.82,24.85,496,2025-03-03
2184,2064,293.15,2.45,277,2024-08-09
2185,9304,321.48,57.76,63,2025-02-26
2186,2461,154.13,59.39,200,2024-11-30
2187,1923,287.45,80.07,456,2024-07-16
2188,327,387.25,21.1,136,2025-01-06
2189,27,166.56,27.45,310,2025-04-30
2190,9483,30.16,5.34,53,2024-11-16
2191,1458,438.96,81.29,384,2024-07-24
2192,3974,192.04,86.68,256,2024-12-12
2193,3861,283.1,71.26,240,2024-12-04
2194,8211,480.07,97.68,43,2024-08-31
2195,8085,53.0,63.63,121,2025-04-08
2196,3041,40.47,31.95,124,2025-03-01
2197,6165,440.63,92.51,419,2024-06-19
2198,3267,318.97,16.4,219,2024-07-28
2199,7347,214.08,75.0,263,2025-03-05
2200,9687,494.5,33.29,118,2024-10-05
2201,6323,322.68,45.37,276,2024-12-21
2202,4161,69.11,39.7,469,2025-03-16
2203,3717,456.48,15.22,186,2024-06-17
2204,6651,73.91,43.63,479,2025-01-09
2205,266,69.35,34.25,354,2024-09-25
2206,5622,246.88,83.66,460,2024-10-30
2207,7842,167.92,95.81,471,2024-11-20
2208,5539,387.21,59.8,42,2024-11-20
2209,9764,322.21,3.1,208,2024-07-26
2210,4993,27.74,61.18,192,2025-01-09
2211,7219,204.84,16.49,131,2024-07-25
2212,8250,163.38,8.27,167,2025-02-05
2213,9843,222.0,80.99,185,2024-07-09
2214,9196,176.87,99.33,198,2024-06-21
2215,3536,337.25,75.5,459,2024-08-23
2216,3402,175.27,36.85,62,2025-01-08
2217,4368,282.34,25.73,317,2024-10-24
2218,80,115.11,56.77,345,2025-01-29
2219,5728,300.31,33.78,257,2025-01-10
2220,7944,455.36,53.87,396,2025-02-03
2221,2013,242.35,38.86,483,2024-12-16
2222,437,29.24,81.44,265,2025-03-06
2223,5660,288.49,65.12,412,2024-06-16
2224,3620,412.67,13.82,164,2025-01-19
2225,1815,143.64,1.53,122,2024-09-01
2226,2585,481.67,49.46,277,2025-02-22
2227,1399,25.51,77.48,85,2024-09-03
2228,8172,68.89,83.51,19,2025-01-25
2229,3184,211.26,3.57,378,2024-07-19
2230,5179,154.05,79.59,46,2025-04-15
2231,2641,261.82,12.95,109,2024-08-26
2232,5771,154.08,0.92,334,2024-11-23
2233,9314,321.38,6.02,308,2025-04-10
2234,4797,351.52,26.65,250,2024-07-05
2235,6720,335.5,76.83,324,2025-02-25
2236,690,460.45,1.04,424,2024-05-08
2237,8134,60.16,2.74,475,2024-08-25
2238,549,407.12,32.83,311,2024-11-30
2239,5146,32.52,32.36,454,2024-07-22
2240,9585,221.49,19.87,15,2024-12-16
2241,6470,390.04,11.16,343,2024-05-25
2242,4225,301.66,90.0,163,2025-01-22
2243,164,397.01,47.99,62,2025-04-11
2244,9255,440.45,14.7,252,2024-12-09
2245,1607,224.87,24.71,130,2025-01-05
2246,1275,321.78,50.79,213,2024-05-12
2247,2296,382.67,88.87,327,2025-03-18
2248,6002,30.88,24.13,363,2025-01-12
2249,2297,7.76,12.37,156,2025-01-08
2250,6496,228.07,45.8,454,2024-06-24
2251,8656,353.72,96.18,345,2024-09-25
2252,1448,192.54,68.5,179,2024-10-21
2253,8916,403.07,43.94,238,2024-09-23
2254,2277,301.59,33.99,30,2024-05-23
2255,5222,431.09,82.02,7,2024-08-13
2256,5055,227.26,69.26,458,2024-12-09
2257,2986,70.55,33.51,111,2024-07-04
2258,6752,426.51,38.07,248,2024-10-16
2259,5010,413.26,50.58,122,2024-08-19
2260,8715,93.99,93.51,448,2025-04-10
2261,8122,19.98,48.24,326,2024-12-12
2262,5856,286.61,98.08,81,2024-11-22
2263,1290,327.01,60.25,458,2024-06-14
2264,5363,400.7,81.11,154,2024-05-10
2265,7289,2.99,6.56,379,2025-04-04
2266,6539,395.95,25.04,69,2024-12-28
2267,8907,21.08,85.12,256,2025-01-14
2268,1527,90.8,28.91,342,2024-06-24
2269,9202,47.45,86.18,284,2024-08-13
2270,8276,206.19,59.59,315,2025-04-18
2271,2949,334.34,32.54,180,2024-11-23
2272,8102,476.87,54.04,483,2025-02-05
2273,6481,211.53,1.52,477,2024-07-02
2274,5783,411.82,58.44,416,2025-02-03
2275,4857,485.58,34.02,78,2025-02-13
2276,2594,370.26,17.69,286,2025-01-02
2277,8508,447.28,93.04,21,2025-03-17
2278,2562,52.78,85.2,422,2024-12-28
2279,6101,332.22,71.65,209,2024-09-08
2280,6474,308.0,51.37,291,2024-06-06
2281,5089,111.55,76.85,222,2024-09-23
2282,9970,323.31,54.47,69,2024-11-14
2283,1286,150.86,88.01,162,2024-06-15
2284,5923,438.91,79.66,411,2025-02-10
2285,4025,285.95,62.18,468,2025-04-26
2286,154,5.99,57.01,154,2024-09-02
2287,6774,241.15,12.88,468,2024-07-29
2288,6823,35.9,13.67,228,2024-12-21
2289,3388,379.93,0.59,32,2024-07-24
2290,8167,46.14,94.37,219,2024-11-27
2291,2055,156.2,39.42,270,2024-11-19
2292,3740,376.97,31.8,446,2024-08-10
2293,2738,231.22,8.07,168,2025-03-13
2294,9040,400.93,56.37,34,2024-09-10
2295,9574,212.34,28.47,494,2025-01-30
2296,7839,176.96,6.74,189,2025-03-24
2297,8938,182.03,34.31,53,2024-08-04
2298,8063,36.25,35.45,294,2025-02-13
2299,7203,363.65,77.16,158,2024-09-12
2300,3062,184.61,88.55,398,2025-01-26
2301,1291,139.07,23.02,454,2024-07-23
2302,7505,479.48,25.19,218,2024-08-26
2303,1124,52.28,59.31,98,2024-08-12
2304,2632,214.44,68.88,175,2025-01-14
2305,3068,118.82,19.24,244,2025-03-05
2306,8828,172.52,31.28,373,2024-06-21
2307,2309,7.95,62.27,193,2024-10-02
2308,7986,214.25,30.95,385,2025-02-03
2309,3735,117.44,12.63,335,2025-04-14
2310,1655,181.72,94.5,332,2025-02-27
2311,4458,339.76,96.26,140,2024-10-01
2312,2194,401.05,28.35,88,2024-07-31
2313,708,81.85,77.46,220,2024-05-06
2314,2148,333.71,98.24,425,2025-01-17
2315,5239,213.83,2.25,383,2024-09-05
2316,8481,353.56,78.28,222,2024-06-16
2317,650,401.14,78.85,329,2024-08-09
2318,9446,470.37,70.72,232,2024-07-23
2319,7839,286.52,10.55,205,2025-03-19
2320,883,151.11,87.47,299,2024-12-29
2321,8506,184.05,63.07,335,2025-03-29
2322,473,405.28,19.7,79,2024-09-11
2323,2334,426.37,41.68,71,2024-08-06
2324,6749,76.81,25.14,312,2024-09-21
2325,948,282.91,20.34,360,2024-05-29
2326,5885,410.15,59.39,423,2025-02-21
2327,287,227.16,22.12,498,2025-04-17
2328,650,242.06,8.12,479,2024-05-07
2329,5057,179.09,32.65,86,2025-04-13
2330,3645,358.51,22.23,254,2024-08-23
2331,5067,496.26,92.37,417,2024-11-15
2332,1087,29.94,87.19,5,2024-10-11
2333,2397,317.37,32.26,180,2025-01-22
2334,9683,436.47,21.74,249,2024-12-05
2335,1696,469.42,64.93,235,2025-03-26
2336,9930,310.39,69.89,254,2025-04-26
2337,1416,165.23,70.89,416,2024-08-24
2338,1879,15.72,18.67,183,2025-02-06
2339,7642,109.9,90.75,342,2024-12-21
2340,4799,405.1,97.85,480,2025-01-13
2341,530,142.45,2.54,195,2024-08-31
2342,1787,284.2,84.4,446,2025-04-04
2343,2595,133.67,15.52,111,2024-12-30
2344,419,338.58,91.83,312,2024-06-17
2345,1821,428.03,60.85,434,2024-08-16
2346,7590,61.2,43.44,42,2024-07-13
2347,7019,292.34,15.69,220,2025-01-17
2348,2602,54.73,92.26,489,2025-02-24
2349,1003,197.85,29.91,149,2024-05-13
2350,5870,54.26,73.55,64,2025-02-25
2351,5949,294.88,89.91,399,2025-02-19
2352,6114,403.81,74.37,289,2024-10-11
2353,1486,181.24,21.82,0,2024-06-20
2354,7506,422.98,84.7,341,2025-01-23
2355,295,77.03,14.24,440,2024-10-07
2356,7021,228.66,58.45,229,2025-02-12
2357,5937,80.97,78.44,330,2024-05-06
2358,2185,45.2,88.2,413,2024-12-12
2359,6836,421.57,80.54,485,2024-09-25
2360,3104,312.67,9.2,19,2024-10-24
2361,925,97.53,96.39,285,2024-06-29
2362,3893,232.09,51.78,302,2024-06-19
2363,4743,85.37,10.23,73,2024-07-12
2364,705,407.62,26.51,282,2025-02-16
2365,7139,437.15,7.91,144,2024-07-06
2366,9289,328.89,49.93,137,2024-11-08
2367,1389,94.88,9.28,18,2024-09-08
2368,3891,141.04,33.02,288,2024-12-08
2369,2767,479.28,33.18,386,2024-12-16
2370,7782,229.19,71.31,140,2024-12-02
2371,357,179.58,53.35,248,2024-07-06
2372,3321,271.94,83.86,92,2024-06-05
2373,482,435.13,14.48,8,2024-06-23
2374,3040,327.46,6.74,47,2025-03-22
2375,1010,150.71,48.75,331,2025-01-30
2376,1402,109.22,67.27,383,2025-03-13
2377,8199,457.17,37.97,299,2024-08-29
2378,400,319.06,87.13,166,2024-05-01
2379,3247,68.11,34.55,314,2024-05-01
2380,2534,221.05,7.12,172,2025-04-08
2381,9251,479.47,49.57,3,2024-09-28
2382,339,383.19,77.33,59,2024-11-22
2383,3601,321.24,9.33,460,2024-07-05
2384,3302,241.29,44.28,200,2024-12-23
2385,2650,28.12,35.7,58,2025-04-06
2386,4331,491.37,93.82,378,2024-11-30
2387,9934,319.07,17.34,85,2024-05-24
2388,7418,383.46,5.78,93,2024-08-01
2389,6976,402.32,58.25,93,2024-06-25
2390,4037,380.94,64.48,240,2024-06-03
2391,3729,214.68,96.44,275,2024-10-25
2392,8361,152.82,63.78,343,2024-07-13
2393,8855,71.49,2.97,229,2025-03-15
2394,8066,369.54,85.13,359,2024-09-13
2395,5855,489.41,37.99,370,2024-11-16
2396,5599,426.02,61.99,421,2025-03-22
2397,9346,263.37,96.49,184,2024-09-28
2398,7362,75.66,68.74,326,2024-11-11
2399,9328,457.59,33.52,181,2025-04-29
2400,9189,453.39,63.56,222,2024-10-29
2401,4292,312.07,1.93,206,2025-04-15
2402,2186,301.14,89.56,109,2024-10-17
2403,5251,127.36,62.37,39,2025-02-28
2404,4342,103.73,85.91,230,2024-10-28
2405,6317,457.81,46.21,342,2024-11-01
2406,2310,334.41,50.22,477,2024-06-15
2407,8353,222.1,68.81,146,2025-02-11
2408,1737,102.14,29.5,204,2025-01-13
2409,692,255.12,78.61,371,2025-03-23
2410,6841,316.61,51.09,337,2024-08-16
2411,9267,319.56,25.86,223,2024-10-22
2412,183,87.7,55.52,62,2024-10-16
2413,6267,462.76,79.88,195,2024-11-07
2414,7780,204.77,45.86,336,2025-03-28
2415,1138,355.26,29.55,252,2024-10-15
2416,6991,74.13,53.61,275,2024-12-23
2417,5340,329.36,44.55,218,2024-10-19
2418,9418,394.88,81.06,125,2024-05-17
2419,7170,390.85,91.53,271,2025-03-04
2420,6089,309.78,1.85,459,2025-03-18
2421,2675,277.01,66.69,305,2024-10-17
2422,9061,270.9,85.98,406,2024-10-15
2423,1443,214.76,45.85,246,2024-06-06
2424,3052,88.17,13.17,415,2024-05-02
2425,2111,340.16,95.2,480,2024-09-20
2426,3382,293.45,27.26,5,2025-02-23
2427,431,412.61,81.27,495,2025-04-17
2428,2143,304.36,50.66,207,2024-09-26
2429,81,96.08,29.63,458,2025-02-06
2430,1530,13.73,17.85,272,2024-07-17
2431,431,231.54,17.98,101,2024-09-18
2432,7996,141.1,71.02,479,2024-12-10
2433,5492,89.5,17.03,96,2024-10-17
2434,7242,158.38,50.78,174,2024-05-08
2435,3929,250.03,93.23,306,2025-04-22
2436,5763,119.07,66.05,398,2024-11-09
2437,1750,394.25,11.29,438,2024-07-13
2438,5908,281.11,77.21,198,2024-10-02
2439,8048,48.84,38.68,183,2024-10-11
2440,2188,148.62,99.26,370,2024-11-21
2441,3306,171.99,39.72,470,2024-06-24
2442,5295,489.44,72.96,364,2024-11-28
2443,8782,359.94,35.88,424,2024-08-18
2444,5773,364.69,93.43,186,2024-07-03
2445,5543,4.68,24.23,34,2025-02-04
2446,5533,18.19,92.63,347,2024-11-26
2447,7512,346.45,20.64,47,2024-11-20
2448,616,172.03,47.71,413,2024-10-29
2449,6563,370.44,4.35,87,2025-03-11
2450,9318,398.56,16.38,251,2025-02-26
2451,4135,390.0,11.72,94,2025-02-10
2452,9592,186.36,52.81,356,2024-06-02
2453,684,83.29,82.94,374,2024-07-26
2454,4899,479.64,74.35,169,2024-05-24
2455,9264,86.7,68.52,257,2024-05-04
2456,2568,315.21,76.49,51,2024-06-22
2457,7001,72.3,30.58,33,2024-11-29
2458,9995,423.57,98.56,477,2024-08-21
2459,5967,168.45,52.97,343,2025-04-25
2460,9895,368.04,92.32,449,2024-10-08
2461,77,202.27,99.24,215,2024-06-15
2462,8136,254.03,57.96,448,2025-01-18
2463,4747,458.56,35.06,140,2024-09-30
2464,9625,255.2,79.52,303,2024-06-18
2465,7006,212.01,92.78,185,2024-08-02
2466,4715,370.45,84.63,187,2025-01-27
2467,1302,432.27,96.68,316,2024-09-09
2468,7907,446.47,96.39,285,2024-10-14
2469,2973,303.64,58.2,498,2024-05-15
2470,1966,106.59,12.15,96,2025-03-17
2471,1182,309.86,40.92,408,2024-07-21
2472,5709,331.6,44.0,447,2024-11-14
2473,6104,23.78,65.68,34,2024-09-21
2474,46,210.58,87.45,357,2024-11-14
2475,859,243.53,2.65,70,2024-11-21
2476,6700,163.24,52.39,77,2025-04-16
2477,2273,338.57,7.15,283,2025-03-17
2478,44,487.61,35.56,491,2025-04-10
2479,491,408.61,65.64,377,2024-05-22
2480,4835,339.99,74.17,46,2024-05-07
2481,7333,308.16,71.65,337,2024-05-20
2482,9025,309.15,91.97,428,2024-07-04
2483,7723,169.33,46.93,284,2024-05-10
2484,1647,220.19,31.32,17,2024-08-12
2485,9246,410.16,98.53,301,2024-10-10
2486,7839,466.66,86.92,281,2025-03-30
2487,3570,317.22,89.81,236,2024-12-10
2488,9065,394.29,68.56,423,2025-03-09
2489,2159,153.06,63.97,2,2024-08-05
2490,3981,268.45,13.61,48,2024-11-01
2491,2468,0.6,51.41,247,2024-08-11
2492,3890,50.82,69.35,340,2024-05-05
2493,4159,459.17,87.75,447,2025-03-27
2494,9844,482.9,76.66,291,2024-06-01
2495,864,383.54,26.3,139,2024-08-06
2496,9796,429.69,48.42,200,2024-12-15
2497,1112,50.45,91.97,354,2024-05-22
2498,5295,112.15,77.14,367,2024-05-02
2499,8876,162.53,4.43,143,2024-07-03
2500,8781,144.43,79.05,248,2025-02-23
2501,6286,276.31,75.43,12,2024-11-27
2502,548,467.47,75.63,416,2025-03-17
2503,2303,332.19,39.34,122,2025-01-09
2504,7744,115.35,37.83,72,2024-09-20
2505,1946,224.35,44.29,272,2024-09-12
2506,2821,239.75,57.36,61,2025-03-19
2507,9000,268.79,55.93,275,2024-06-21
2508,5506,85.46,40.93,340,2024-11-26
2509,5274,183.66,58.2,9,2025-03-14
2510,6329,117.95,59.59,360,2024-12-04
2511,5541,212.01,72.56,209,2024-10-29
2512,9219,493.4,74.46,238,2024-05-31
2513,6830,398.88,82.21,29,2024-05-29
2514,4567,416.94,39.39,303,2024-06-24
2515,7018,37.37,8.64,26,2024-06-16
2516,4921,101.53,62.31,446,2025-03-23
2517,1511,53.85,88.03,263,2024-12-17
2518,3505,355.2,75.92,110,2024-08-09
2519,9522,490.57,49.31,335,2024-09-15
2520,7780,325.27,74.29,380,2024-11-06
2521,3187,345.01,76.85,459,2024-09-18
2522,4244,324.3,40.93,258,2024-10-02
2523,7903,478.84,62.82,8,2024-07-02
2524,409,271.82,39.66,257,2024-07-13
2525,818,131.43,51.95,107,2024-04-30
2526,2956,121.88,21.5,464,2024-12-16
2527,1962,144.42,86.25,333,2025-04-12
2528,2836,247.46,88.24,5,2024-10-17
2529,8610,2.1,52.15,139,2024-05-22
2530,2,329.36,63.33,203,2024-07-25
2531,5602,406.52,41.7,344,2024-08-20
2532,9283,455.53,22.69,274,2024-05-14
2533,1817,413.94,68.0,105,2024-11-11
2534,2797,97.56,99.12,330,2024-05-16
2535,7358,435.34,17.1,328,2025-03-29
2536,2811,243.25,93.44,31,2025-03-24
2537,4556,167.02,67.34,100,2024-05-19
2538,3568,45.2,11.09,370,2025-01-15
2539,5968,354.65,37.15,109,2025-02-01
2540,3566,124.82,14.75,54,2024-08-05
2541,5281,445.28,69.3,409,2024-06-18
2542,3443,152.15,59.29,350,2024-06-01
2543,7147,262.02,88.43,231,2024-08-03
2544,3928,80.09,47.7,148,2024-11-15
2545,9901,353.11,94.67,180,2025-03-11
2546,5488,332.74,49.85,269,2024-10-19
2547,8218,320.32,46.79,417,2025-02-25
2548,8323,229.09,34.04,430,2025-03-06
2549,592,398.82,33.32,157,2024-10-14
2550,5771,16.18,72.72,308,2024-11-22
2551,1316,480.18,94.78,210,2024-07-21
2552,2573,332.0,99.52,6,2025-02-06
2553,6825,278.48,28.8,394,2024-08-14
2554,9212,373.7,7.64,488,2024-07-14
2555,2398,86.09,68.45,283,2024-09-03
2556,5337,106.9,81.73,113,2024-07-29
2557,6578,275.05,14.45,256,2025-03-05
2558,770,204.34,61.18,405,2024-08-27
2559,2487,156.73,50.13,279,2024-11-21
2560,2222,372.39,11.28,75,2025-03-02
2561,617,276.66,65.64,466,2024-09-02
2562,830,196.95,25.96,314,2024-06-06
2563,5480,238.68,71.89,417,2025-01-07
2564,1095,187.42,43.1,404,2024-07-12
2565,5620,211.43,1.43,60,2024-10-10
2566,7010,365.05,98.54,356,2024-09-21
2567,8175,92.05,94.61,98,2024-07-07
2568,3120,122.88,20.13,279,2025-02-13
2569,6891,195.21,22.4,95,2024-10-13
2570,6959,189.05,19.0,407,2025-03-10
2571,2224,415.64,66.78,144,2024-05-27
2572,3384,315.54,35.97,108,2025-04-05
2573,1191,364.37,69.71,338,2024-05-29
2574,511,244.23,18.87,27,2024-10-12
2575,3947,60.14,5.91,220,2024-07-02
2576,9391,177.0,50.26,373,2025-01-25
2577,8847,470.2,85.14,200,2024-12-22
2578,7522,103.06,31.56,115,2024-10-31
2579,6184,120.22,73.23,390,2025-01-30
2580,5647,247.75,40.64,313,2025-01-28
2581,7797,299.59,51.76,386,2024-10-04
2582,418,326.1,73.44,86,2025-01-11
2583,3076,123.61,46.04,256,2024-06-13
2584,3730,79.68,36.12,136,2025-04-23
2585,6973,53.44,82.04,364,2024-06-03
2586,3604,137.07,43.21,127,2024-07-20
2587,666,308.29,1.35,296,2024-12-11
2588,5055,69.69,31.78,100,2024-11-30
2589,687,171.49,45.75,246,2024-07-27
2590,2053,315.71,85.87,67,2024-12-11
2591,1333,62.03,28.48,248,2024-10-16
2592,7923,155.0,61.51,80,2024-07-25
2593,8451,445.1,1.46,269,2024-10-23
2594,8295,350.89,86.42,398,2024-10-18
2595,5265,91.17,58.18,137,2024-10-24
2596,4249,422.07,15.78,161,2024-12-29
2597,8355,187.06,58.46,31,2024-06-13
2598,5338,51.84,74.05,9,2024-06-17
2599,5067,98.89,69.66,45,2025-04-15
2600,9663,498.4,20.98,366,2024-11-22
2601,1856,192.83,14.28,295,2025-01-18
2602,8595,385.04,43.24,65,2024-10-05
2603,5617,21.11,53.86,174,2024-06-03
2604,3626,203.14,92.14,37,2024-08-25
2605,6325,390.24,94.62,492,2024-11-06
2606,6124,297.11,51.81,345,2024-06-29
2607,9104,262.52,41.9,320,2025-02-22
2608,7021,235.64,99.29,485,2025-03-20
2609,6344,375.46,72.44,154,2024-06-02
2610,4183,72.46,80.51,78,2024-09-25
2611,5961,432.1,18.93,314,2024-11-22
2612,1257,186.03,22.64,460,2025-03-16
2613,7394,396.0,43.29,212,2025-01-03
2614,4688,221.44,38.79,326,2024-11-18
2615,3940,25.22,14.33,126,2025-03-13
2616,7213,402.74,79.95,4,2024-12-28
2617,9414,278.81,34.26,133,2025-02-22
2618,5597,38.48,30.06,74,2024-06-05
2619,1548,106.51,61.13,371,2025-04-08
2620,8441,253.88,50.63,257,2024-05-10
2621,376,321.62,84.88,85,2024-11-01
2622,2727,149.15,18.4,11,2025-04-08
2623,5716,70.15,43.66,218,2024-12-10
2624,4996,253.87,75.35,414,2024-06-17
2625,5711,181.82,3.58,403,2024-05-04
2626,2997,388.81,62.43,442,2024-09-29
2627,6349,20.57,92.56,214,2024-11-17
2628,7582,253.18,42.25,139,2024-09-19
2629,1031,267.08,70.7,323,2024-11-27
2630,4271,38.5,59.29,247,2024-10-01
2631,8782,181.37,1.27,39,2024-08-08
2632,7840,485.61,80.01,388,2024-08-04
2633,7894,148.75,62.81,203,2025-01-30
2634,7847,63.18,79.52,118,2025-02-03
2635,9420,349.06,3.75,61,2025-01-03
2636,7495,405.21,18.54,339,2024-05-18
2637,3129,194.21,41.35,398,2024-10-17
2638,1895,57.33,43.47,498,2024-08-23
2639,9226,227.94,27.71,80,2024-12-27
2640,1219,256.31,77.94,486,2024-10-11
2641,5721,436.25,65.28,281,2025-01-18
2642,5993,499.79,14.62,34,2024-09-05
2643,8683,397.29,5.66,472,2024-05-13
2644,9184,444.62,70.54,219,2024-06-22
2645,7984,385.09,55.43,19,2024-06-10
2646,9185,166.66,3.77,100,2024-11-22
2647,3716,88.67,14.79,40,2024-11-16
2648,2581,229.47,87.68,380,2024-05-29
2649,401,426.47,3.67,496,2024-12-23
2650,2766,194.16,42.12,126,2024-11-05
2651,6021,157.33,64.19,343,2025-02-13
2652,9333,28.82,61.67,397,2025-01-18
2653,4303,454.11,9.94,233,2024-12-04
2654,5678,195.6,71.09,352,2024-11-24
2655,8730,185.21,12.21,405,2024-11-04
2656,4408,184.31,26.95,495,2025-02-27
2657,4198,405.88,48.6,211,2024-12-29
2658,2848,417.34,7.32,435,2024-06-28
2659,1304,277.88,44.66,159,2025-01-03
2660,9579,484.97,94.92,351,2024-09-16
2661,4952,436.37,73.89,425,2024-08-14
2662,5620,318.78,6.91,16,2024-07-15
2663,6337,355.15,43.8,15,2024-11-14
2664,1902,329.83,35.58,134,2024-08-18
2665,403,300.39,81.07,42,2024-12-25
2666,3379,285.44,62.88,400,2025-01-05
2667,6565,180.07,71.54,440,2024-10-31
2668,7027,384.08,63.04,347,2024-10-08
2669,4689,421.77,41.1,390,2024-07-17
2670,4091,77.99,67.42,254,2024-12-09
2671,2673,339.12,67.15,268,2024-07-08
2672,2663,166.08,8.86,132,2024-07-10
2673,9247,236.19,35.62,115,2024-07-09
2674,3805,316.35,4.51,498,2024-12-24
2675,1957,358.42,94.77,194,2025-04-12
2676,3227,148.36,26.19,399,2024-05-25
2677,6402,48.67,63.01,32,2024-11-02
2678,2996,322.12,56.69,163,2024-10-11
2679,2082,140.74,85.04,412,2025-04-30
2680,3404,251.7,62.61,50,2024-10-06
2681,1467,230.03,47.73,382,2024-05-17
2682,9567,197.66,2.29,16,2024-12-18
2683,6240,219.52,82.59,1,2024-09-20
2684,2852,262.87,11.72,398,2024-07-26
2685,8827,174.72,41.37,239,2024-08-20
2686,8834,201.14,33.82,218,2024-11-10
2687,8369,253.02,87.44,470,2025-04-17
2688,2638,359.89,85.02,317,2024-08-26
2689,1689,178.77,92.51,495,2025-04-24
2690,9205,402.64,53.67,496,2025-03-27
2691,2250,307.26,55.32,298,2025-01-27
2692,6871,72.26,74.9,214,2024-06-14
2693,1513,20.68,31.93,213,2024-11-15
2694,7900,383.07,3.04,378,2025-01-09
2695,5700,337.42,69.63,20,2024-10-27
2696,9735,462.1,51.62,27,2025-01-03
2697,7270,238.85,79.77,224,2025-04-16
2698,4592,34.3,46.47,438,2024-12-19
2699,5146,374.13,80.83,16,2024-08-31
2700,4020,285.46,5.89,356,2024-11-17
2701,6557,341.99,46.17,495,2024-09-18
2702,5650,375.26,31.43,274,2024-05-03
2703,921,7.87,29.81,439,2024-09-24
2704,7239,223.17,1.48,123,2025-04-17
2705,21,391.46,39.69,199,2024-06-06
2706,7698,181.94,32.08,52,2024-06-10
2707,4552,392.93,77.4,301,2024-08-15
2708,4487,283.31,56.85,263,2024-06-07
2709,1494,382.04,10.26,118,2025-02-26
2710,4816,355.1,69.1,36,2024-12-11
2711,1970,408.68,75.75,73,2024-05-23
2712,5090,62.61,37.76,22,2024-05-09
2713,7955,414.0,53.01,310,2024-12-19
2714,7612,38.24,41.16,434,2024-11-08
2715,8664,462.21,25.52,213,2024-10-01
2716,555,235.39,78.57,237,2024-12-05
2717,6790,264.9,39.65,471,2024-12-23
2718,8261,386.65,99.43,11,2024-11-16
2719,1437,485.16,46.22,3,2024-08-08
2720,4014,371.13,85.21,169,2024-05-15
2721,9230,5.9,16.34,344,2024-11-12
2722,329,484.93,10.5,278,2025-03-23
2723,4579,360.79,20.54,190,2024-07-19
2724,951,213.33,3.14,304,2025-04-14
2725,6360,79.56,29.01,155,2025-03-25
2726,6869,199.54,83.47,395,2024-08-06
2727,8785,330.79,53.38,28,2025-01-09
2728,7686,341.28,54.12,169,2025-01-04
2729,8643,84.26,87.51,466,2024-06-01
2730,573,190.95,44.83,109,2024-05-11
2731,9139,497.6,7.31,166,2024-12-14
2732,8028,104.82,60.95,219,2025-02-27
2733,3638,284.81,27.98,134,2024-11-04
2734,923,377.21,76.26,119,2025-04-28
2735,6263,38.63,94.89,120,2025-02-04
2736,1061,406.25,76.81,45,2024-06-03
2737,1682,65.77,20.88,67,2024-10-04
2738,9079,6.08,39.34,61,2024-05-25
2739,6960,260.87,73.51,179,2025-04-06
2740,5439,179.26,39.92,444,2025-02-22
2741,5098,216.41,97.08,300,2025-03-06
2742,2515,348.41,38.92,30,2024-05-07
2743,8709,327.15,11.77,489,2024-10-22
2744,2160,335.46,37.29,137,2024-07-31
2745,834,83.32,31.56,164,2025-04-05
2746,798,369.42,26.37,227,2025-03-29
2747,6543,452.97,38.64,307,2024-09-13
2748,450,448.43,56.42,38,2024-10-18
2749,4832,415.54,23.29,229,2024-11-27
2750,6767,144.87,18.51,460,2025-01-12
2751,8769,41.65,47.39,478,2024-09-12
2752,8892,277.71,83.67,249,2025-01-26
2753,6577,237.35,16.39,223,2024-11-19
2754,4646,365.53,89.85,220,2024-06-15
2755,594,71.97,96.43,109,2024-12-23
2756,9153,84.21,77.94,401,2025-03-28
2757,3375,0.8,53.93,151,2024-10-11
2758,5399,455.01,43.13,32,2024-10-06
2759,3493,407.42,0.78,102,2024-11-24
2760,1458,51.94,68.46,201,2025-02-17
2761,5774,411.03,64.18,58,2024-07-02
2762,5898,418.61,19.04,0,2024-05-04
2763,6755,296.84,11.11,401,2025-01-25
2764,843,497.53,19.05,33,2025-01-15
2765,8476,358.0,0.4,358,2024-12-05
2766,444,401.65,99.93,274,2024-09-12
2767,7249,171.56,71.95,367,2025-03-11
2768,1065,143.83,63.49,497,2025-04-09
2769,2071,20.83,36.76,278,2025-01-02
2770,8555,80.78,97.48,265,2024-12-13
2771,9443,294.94,55.69,388,2024-10-06
2772,2978,481.49,24.86,97,2024-10-29
2773,7691,225.1,46.09,449,2024-05-30
2774,7602,31.49,47.93,290,2024-09-15
2775,8484,387.21,53.45,76,2024-07-22
2776,987,126.03,26.86,211,2024-09-22
2777,9386,454.85,55.42,249,2024-12-28
2778,1699,452.22,97.83,46,2024-10-29
2779,5981,212.19,13.23,295,2025-02-13
2780,3336,468.87,29.66,346,2024-08-29
2781,7530,37.28,71.09,315,2024-09-03
2782,7373,297.23,63.9,262,2024-09-17
2783,4509,490.7,10.02,70,2024-07-09
2784,3319,346.17,39.84,417,2025-01-16
2785,4378,454.4,19.18,468,2025-01-16
2786,3762,95.46,81.59,31,2024-05-22
2787,773,146.16,70.15,110,2025-04-24
2788,8459,363.23,45.62,328,2024-11-09
2789,736,151.68,35.44,297,2024-12-29
2790,8854,205.42,49.42,171,2024-08-25
2791,7885,265.08,40.89,406,2024-12-11
2792,7037,6.19,38.63,352,2024-10-04
2793,1714,304.4,64.02,80,2024-11-22
2794,6579,170.59,63.71,346,2024-08-17
2795,6911,254.74,87.36,425,2025-04-25
2796,6293,404.3,54.19,149,2025-04-02
2797,3094,92.23,83.96,448,2025-01-24
2798,9976,345.95,22.98,325,2024-05-10
2799,5537,437.43,57.89,166,2024-12-07
2800,9983,200.14,99.41,33,2024-12-30
2801,3779,161.32,70.77,258,2025-01-11
2802,2869,342.85,46.63,374,2025-03-27
2803,839,404.47,90.19,77,2024-08-23
2804,6274,296.3,39.14,248,2025-03-30
2805,161,497.74,16.91,468,2024-06-18
2806,9361,257.42,68.43,309,2024-12-04
2807,9231,258.35,99.35,322,2024-05-12
2808,1047,121.76,74.14,178,2024-08-04
2809,9330,324.72,91.67,97,2024-05-09
2810,8716,217.17,19.25,79,2025-01-15
2811,4478,15.22,54.5,476,2024-09-22
2812,8935,67.22,64.89,117,2024-12-05
2813,5695,18.62,9.73,245,2024-07-19
2814,3007,232.81,70.62,180,2024-07-15
2815,9500,289.05,9.46,190,2024-12-22
2816,617,487.53,9.44,116,2025-02-26
2817,9067,394.43,88.1,109,2025-01-12
2818,2821,237.67,88.75,473,2025-01-15
2819,8721,39.93,14.92,191,2024-06-30
2820,8838,387.72,84.69,358,2024-06-20
2821,8319,67.46,8.64,490,2024-06-17
2822,378,328.48,58.1,235,2024-12-12
2823,4154,469.51,58.97,208,2024-05-03
2824,7413,222.34,98.97,361,2024-12-26
2825,6417,206.5,3.0,174,2025-02-26
2826,3483,285.07,46.02,155,2024-10-31
2827,1157,17.37,99.68,240,2024-12-11
2828,7354,369.6,88.36,381,2024-07-23
2829,4783,224.19,72.56,243,2025-04-14
2830,1069,72.67,63.52,67,2024-08-22
2831,9148,443.76,70.14,278,2024-11-03
2832,9338,333.53,10.63,170,2024-07-08
2833,7823,82.71,62.56,368,2024-08-31
2834,4771,66.15,18.72,216,2025-01-15
2835,9320,243.17,50.12,67,2025-03-26
2836,3425,66.32,22.48,166,2024-10-11
2837,139,76.67,38.11,385,2025-02-11
2838,2777,241.46,73.23,343,2024-07-26
2839,8274,30.75,86.07,336,2024-12-28
2840,1397,462.1,87.93,171,2024-10-23
2841,9947,479.06,25.48,90,2025-04-01
2842,2938,299.73,90.31,162,2024-06-25
2843,4644,183.6,95.63,272,2024-12-04
2844,4272,359.59,38.24,81,2025-02-10
2845,2684,80.97,40.89,433,2025-03-23
2846,583,307.52,32.09,56,2024-06-09
2847,2020,20.34,83.76,111,2025-02-06
2848,20,386.35,22.6,144,2025-03-29
2849,9666,15.92,70.3,494,2024-12-05
2850,5323,180.12,47.83,284,2025-02-11
2851,3490,140.57,43.55,304,2024-08-05
2852,4456,458.87,97.9,238,2024-10-22
2853,4876,214.61,17.05,496,2024-09-03
2854,7152,202.91,52.93,3,2025-03-23
2855,2039,330.5,61.26,476,2025-01-25
2856,3231,355.65,68.36,63,2024-10-30
2857,631,483.39,79.53,20,2024-10-23
2858,8431,435.36,39.96,232,2025-01-05
2859,9662,362.49,81.0,207,2024-05-12
2860,4441,443.51,93.26,276,2025-02-24
2861,4772,463.71,2.74,37,2024-05-21
2862,3572,250.0,4.77,352,2024-09-28
2863,6585,396.32,26.34,151,2024-07-08
2864,6997,288.59,2.48,251,2024-11-10
2865,6716,491.04,46.01,45,2024-11-08
2866,4498,330.31,51.79,110,2024-07-24
2867,4703,260.25,40.7,210,2024-05-14
2868,6008,204.84,39.72,256,2024-07-08
2869,8066,448.31,27.19,372,2024-11-26
2870,3606,64.18,70.33,28,2024-11-02
2871,9341,263.71,84.44,205,2024-09-26
2872,7402,180.05,91.58,450,2024-12-20
2873,4722,228.62,45.93,390,2024-08-02
2874,6068,410.0,23.31,457,2024-08-11
2875,9222,493.45,13.87,188,2025-02-05
2876,6850,416.73,83.51,93,2024-10-25
2877,493,437.38,10.6,389,2025-04-30
2878,7874,291.33,68.06,199,2024-05-03
2879,8585,11.89,87.09,150,2024-06-13
2880,9895,302.88,80.32,194,2024-10-07
2881,1817,246.45,52.28,398,2024-05-22
2882,9697,46.35,81.18,456,2024-09-08
2883,5886,135.28,39.46,191,2025-04-20
2884,3152,221.89,59.2,24,2024-05-29
2885,5262,93.34,5.26,9,2024-06-30
2886,2912,67.25,51.64,309,2025-04-22
2887,798,298.36,66.09,325,2024-10-18
2888,5709,160.33,11.91,234,2024-09-24
2889,6146,281.19,19.57,326,2025-04-02
2890,4317,375.01,47.03,150,2024-07-23
2891,1368,399.34,33.33,276,2024-10-04
2892,719,77.21,5.04,249,2024-07-02
2893,2898,450.14,23.27,16,2024-07-03
2894,2429,8.34,76.88,305,2024-11-17
2895,2367,275.81,80.65,327,2025-01-21
2896,4380,286.82,84.18,376,2025-04-04
2897,4070,202.07,49.53,197,2024-07-12
2898,453,371.03,33.49,267,2024-05-10
2899,8168,301.64,84.65,471,2025-01-27
2900,7396,334.66,56.11,500,2025-01-27
2901,5233,131.67,97.9,224,2025-04-13
2902,133,57.49,99.1,32,2024-12-24
2903,4283,42.02,4.36,204,2025-03-29
2904,9648,445.62,88.62,8,2024-06-19
2905,7866,333.29,91.37,183,2025-01-14
2906,6513,279.55,8.99,34,2024-11-28
2907,9583,385.49,25.66,317,2024-06-30
2908,6036,397.48,16.73,11,2024-06-27
2909,1885,481.77,60.43,91,2024-08-12
2910,674,320.93,31.29,289,2024-11-06
2911,3157,140.49,55.05,114,2024-05-23
2912,4525,491.62,30.83,459,2024-05-01
2913,7542,283.79,32.25,490,2024-11-25
2914,9348,48.0,56.78,75,2024-08-22
2915,8719,408.86,50.68,349,2024-05-06
2916,4095,91.0,26.94,192,2024-06-09
2917,2935,386.77,0.49,311,2024-12-17
2918,6534,35.77,51.89,277,2025-03-23
2919,4721,163.29,2.95,300,2024-06-17
2920,3242,198.52,59.51,170,2024-06-24
2921,9975,41.83,24.0,13,2025-01-20
2922,991,117.07,94.79,163,2025-04-10
2923,9300,217.11,57.25,330,2025-02-06
2924,5850,378.97,77.42,260,2025-01-25
2925,3987,297.78,17.41,396,2025-03-20
2926,1127,35.42,9.26,234,2024-05-17
2927,7649,451.05,76.04,325,2024-06-04
2928,7347,161.57,5.16,151,2024-07-13
2929,7729,147.86,98.07,363,2024-06-11
2930,6660,169.56,85.9,436,2024-05-30
2931,648,497.71,41.42,79,2025-04-19
2932,8740,479.64,4.79,216,2025-03-12
2933,7731,458.71,65.65,259,2025-04-30
2934,9212,273.41,15.51,434,2024-07-05
2935,9953,357.81,23.76,424,2024-12-31
2936,3231,396.25,63.42,308,2025-04-07
2937,6495,273.45,88.95,272,2025-03-22
2938,9306,177.43,81.02,308,2025-01-07
2939,5073,170.55,46.94,478,2024-05-30
2940,5530,168.91,32.89,310,2024-09-01
2941,4618,355.63,39.86,219,2024-05-29
2942,4166,312.95,48.78,304,2025-02-01
2943,9676,298.01,18.34,148,2024-10-16
2944,5230,118.39,33.33,200,2024-10-15
2945,6239,235.42,83.23,432,2025-03-30
2946,4253,237.63,88.28,377,2024-07-23
2947,4018,199.85,32.22,244,2024-08-28
2948,2338,210.73,54.16,343,2024-12-04
2949,7932,113.41,24.1,302,2024-10-22
2950,6778,136.35,16.66,118,2025-01-21
2951,3839,67.53,52.77,219,2025-01-16
2952,6401,186.38,99.06,73,2024-11-08
2953,8903,149.66,90.17,470,2024-09-19
2954,7386,132.99,56.44,411,2024-09-25
2955,8299,293.01,29.99,188,2024-08-30
2956,515,279.91,10.37,59,2024-09-25
2957,8732,404.55,40.76,248,2025-01-03
2958,4319,460.46,64.29,353,2025-03-30
2959,316,382.09,68.15,460,2025-02-20
2960,8613,401.32,13.84,396,2024-12-05
2961,8966,270.06,75.34,139,2024-05-13
2962,3456,301.55,30.85,290,2024-12-04
2963,9322,230.62,12.05,369,2024-08-14
2964,4169,315.34,87.34,26,2025-03-09
2965,4502,285.6,0.44,269,2024-09-25
2966,2999,348.04,55.81,346,2025-03-24
2967,6990,303.46,24.37,466,2024-09-16
2968,1978,112.41,66.47,141,2025-03-12
2969,1578,110.4,71.66,405,2024-08-05
2970,9459,100.38,11.96,203,2024-07-23
2971,1970,153.99,86.42,374,2024-06-02
2972,2603,92.63,74.05,420,2025-01-25
2973,8265,306.13,30.42,66,2024-08-28
2974,7946,260.37,26.72,10,2025-03-17
2975,7300,126.2,39.18,56,2025-01-10
2976,6843,253.74,52.75,239,2025-04-17
2977,5876,123.69,17.65,398,2025-03-04
2978,4384,230.9,0.97,22,2025-01-16
2979,5445,42.49,92.03,345,2025-03-23
2980,178,433.91,58.49,6,2024-07-15
2981,1073,25.41,26.42,346,2024-08-05
2982,5508,334.83,69.35,139,2025-01-21
2983,7847,396.76,69.46,202,2025-03-04
2984,7769,461.26,15.8,465,2024-06-28
2985,8156,75.31,62.97,203,2024-06-11
2986,4549,148.79,37.98,149,2024-05-10
2987,5689,132.35,86.47,332,2024-07-22
2988,8892,486.29,29.23,124,2024-04-30
2989,2478,355.87,37.6,497,2024-10-19
2990,8071,195.34,27.96,266,2025-04-09
2991,9653,139.73,7.16,323,2024-09-25
2992,2458,245.86,41.76,253,2025-02-11
2993,8206,405.15,53.39,53,2024-09-25
2994,7378,422.55,28.56,199,2024-08-14
2995,6330,456.39,98.97,258,2024-12-17
2996,8128,244.02,42.08,148,2024-07-20
2997,1472,296.43,46.67,142,2024-11-21
2998,7684,370.14,47.16,30,2024-08-03
2999,3810,229.64,46.85,307,2024-09-12
3000,3901,228.86,68.5,451,2024-07-16
3001,6945,102.61,56.73,92,2024-11-22
3002,1525,341.08,89.42,334,2025-02-04
3003,730,403.43,0.26,233,2024-10-23
3004,3693,166.57,53.77,425,2025-04-26
3005,6625,454.58,99.3,149,2025-03-20
3006,9832,351.23,46.27,209,2024-09-13
3007,8798,52.91,7.62,362,2024-05-12
3008,7541,460.74,55.7,122,2024-09-23
3009,2234,350.97,72.97,456,2024-08-16
3010,5555,349.22,20.81,486,2024-10-20
3011,3500,206.13,27.02,163,2025-03-04
3012,2884,120.65,54.22,453,2025-02-13
3013,8436,499.56,70.32,429,2024-06-02
3014,2862,490.47,89.87,285,2025-04-20
3015,1814,107.67,21.02,81,2025-02-20
3016,7150,246.52,60.47,202,2025-03-21
3017,6406,459.23,58.54,356,2024-05-31
3018,5522,462.89,72.71,386,2024-10-12
3019,7972,272.05,57.92,371,2024-10-10
3020,4315,120.22,77.7,183,2024-08-05
3021,304,363.37,29.67,103,2025-04-05
3022,3731,175.98,32.9,345,2024-12-30
3023,5681,87.11,9.86,420,2024-07-12
3024,994,275.0,0.47,453,2024-09-28
3025,4734,86.31,42.47,375,2024-08-28
3026,2940,58.95,44.11,391,2024-06-10
3027,7616,435.22,10.14,179,2024-07-14
3028,4045,481.29,1.87,292,2024-05-07
3029,4787,117.1,29.41,55,2025-02-08
3030,54,380.67,21.44,392,2025-03-10
3031,418,373.0,61.69,317,2024-05-27
3032,2648,225.89,14.63,127,2025-02-17
3033,8685,442.71,48.48,18,2024-07-17
3034,4323,339.54,30.37,351,2025-01-09
3035,8901,287.12,19.31,342,2025-04-17
3036,2006,485.73,91.07,319,2025-01-31
3037,251,177.15,60.21,164,2025-01-15
3038,110,163.07,86.22,268,2025-01-26
3039,8488,81.29,13.91,111,2024-11-20
3040,6013,2.66,29.11,298,2024-09-15
3041,3200,228.12,21.63,102,2025-01-18
3042,2395,458.0,62.39,418,2024-12-02
3043,6330,96.66,26.17,180,2024-09-12
3044,6922,77.33,60.21,281,2024-11-21
3045,4610,253.77,91.89,225,2025-04-13
3046,9688,387.29,80.52,486,2025-04-05
3047,4740,489.83,31.26,93,2024-07-18
3048,2263,445.52,30.35,54,2024-05-30
3049,3859,241.8,46.69,135,2025-04-13
3050,2807,365.01,43.38,469,2025-01-25
3051,2475,449.27,50.19,38,2025-03-20
3052,6479,117.77,69.37,68,2025-02-23
3053,2341,204.78,61.91,350,2024-06-19
3054,2351,14.18,40.49,270,2024-12-16
3055,2001,425.23,76.55,6,2024-06-17
3056,9354,76.08,60.61,324,2024-08-23
3057,6857,221.45,55.47,137,2024-12-06
3058,645,41.6,67.53,399,2024-07-24
3059,4921,425.56,56.73,1,2025-02-13
3060,3994,247.83,31.74,126,2024-07-18
3061,9494,24.99,90.8,328,2024-10-06
3062,9651,18.94,51.12,373,2024-12-26
3063,2597,243.18,6.86,163,2024-05-08
3064,6662,244.62,96.53,188,2025-03-31
3065,4461,440.61,98.56,54,2024-07-30
3066,5498,134.84,18.3,161,2024-06-15
3067,1645,470.43,62.04,384,2024-09-26
3068,8130,356.77,89.02,259,2025-02-07
3069,4064,226.22,21.57,288,2024-12-22
3070,4243,162.19,37.76,370,2025-03-09
3071,8153,163.25,91.79,133,2025-01-15
3072,4850,3.29,7.17,110,2025-04-11
3073,3279,68.58,17.23,406,2025-04-06
3074,2687,465.48,28.54,290,2024-12-31
3075,5650,40.28,93.19,297,2024-10-27
3076,9158,176.98,6.09,322,2024-10-19
3077,7875,431.2,28.08,170,2025-02-06
3078,9703,91.84,40.04,14,2025-03-12
3079,6772,381.39,66.93,378,2024-11-15
3080,1197,167.28,25.83,397,2024-07-22
3081,7019,120.85,65.27,411,2024-06-29
3082,5469,87.44,76.45,5,2024-10-05
3083,223,40.09,89.89,232,2025-04-29
3084,9980,432.49,65.48,40,2024-05-06
3085,3339,35.54,65.11,327,2024-05-14
3086,2181,225.43,63.84,410,2024-08-31
3087,1073,476.46,91.27,419,2024-09-07
3088,5843,246.78,38.51,188,2025-04-06
3089,9445,420.76,45.24,344,2025-01-11
3090,1133,87.74,41.68,261,2024-06-26
3091,9270,229.58,79.13,71,2025-01-12
3092,7371,237.28,99.79,478,2024-05-27
3093,575,463.2,35.47,460,2024-12-01
3094,3442,434.95,99.49,81,2024-12-17
3095,7099,465.77,28.52,407,2024-05-24
3096,7059,369.69,15.31,166,2024-09-03
3097,5504,291.3,29.96,137,2025-04-28
3098,7122,194.25,14.89,222,2024-09-05
3099,6822,408.6,98.53,368,2024-11-03
3100,6517,210.35,58.4,471,2024-09-13
3101,3470,227.2,54.42,398,2025-03-22
3102,233,383.03,16.45,486,2024-10-26
3103,602,181.63,26.23,13,2025-02-08
3104,8803,451.05,60.96,416,2025-04-20
3105,7431,200.47,17.45,248,2025-03-21
3106,9419,60.33,96.26,42,2024-07-17
3107,7035,277.67,79.44,83,2024-07-03
3108,7614,90.23,3.27,205,2024-08-25
3109,8523,56.24,49.85,430,2024-10-08
3110,9722,464.71,40.35,61,2025-02-01
3111,4700,373.06,18.29,473,2025-04-30
3112,609,125.05,29.11,424,2025-02-17
3113,4938,476.44,88.44,219,2024-10-30
3114,6541,393.37,43.12,104,2024-06-22
3115,7534,175.73,36.56,328,2025-01-21
3116,7065,402.89,72.78,299,2025-03-04
3117,3271,339.0,13.39,443,2024-09-14
3118,4452,113.25,63.92,305,2024-08-18
3119,7610,27.73,61.59,4,2024-06-15
3120,4454,394.48,82.84,120,2024-05-23
3121,7666,499.45,80.82,373,2024-08-07
3122,8774,8.54,68.27,238,2024-10-03
3123,3204,289.92,26.4,163,2025-04-25
3124,2085,107.74,89.32,157,2025-02-19
3125,8464,450.1,14.49,375,2025-01-08
3126,7141,159.77,48.94,157,2024-11-27
3127,4853,240.49,47.2,474,2024-06-17
3128,6174,488.61,83.15,418,2024-07-22
3129,2163,275.28,47.98,220,2025-01-26
3130,4979,303.75,10.2,264,2025-02-27
3131,9240,441.35,70.45,139,2024-12-31
3132,4870,487.52,7.89,192,2024-11-02
3133,2096,457.77,97.32,455,2025-03-07
3134,4533,94.38,98.51,162,2024-06-17
3135,2478,221.76,18.04,283,2025-02-07
3136,3953,344.99,31.27,223,2025-04-16
3137,9570,30.56,26.58,209,2025-01-19
3138,8880,91.26,36.36,415,2025-04-14
3139,5522,464.69,90.02,64,2024-12-15
3140,7472,388.29,11.01,94,2024-07-02
3141,8167,472.38,10.44,21,2024-08-16
3142,8250,378.28,77.67,491,2025-03-03
3143,2207,389.92,51.15,143,2024-07-22
3144,1435,299.57,98.62,261,2025-03-22
3145,3560,8.25,76.44,204,2024-09-24
3146,7716,358.72,92.53,273,2025-04-24
3147,981,209.35,94.43,40,2024-11-18
3148,1910,257.88,80.34,137,2024-08-02
3149,7410,88.02,40.61,276,2024-05-06
3150,2445,389.58,31.85,283,2024-09-03
3151,8718,463.79,50.13,117,2024-12-28
3152,4687,467.37,51.38,431,2025-04-08
3153,7801,241.65,44.51,6,2024-08-19
3154,5986,58.87,0.89,333,2025-01-23
3155,2221,185.68,90.85,484,2025-01-24
3156,7824,489.75,93.57,51,2025-02-05
3157,1110,499.86,49.68,77,2024-08-08
3158,5131,39.64,68.89,8,2024-10-02
3159,1388,347.11,18.88,423,2025-03-28
3160,386,280.8,54.99,327,2024-08-14
3161,1976,321.89,85.66,296,2025-04-30
3162,4663,445.57,77.56,348,2024-07-24
3163,5933,336.11,88.28,143,2024-09-10
3164,8735,72.04,18.83,497,2024-10-23
3165,2999,214.85,84.85,207,2025-02-22
3166,8698,415.82,62.39,27,2024-07-16
3167,2448,414.43,29.12,258,2025-04-24
3168,1967,181.53,58.73,468,2025-03-05
3169,4513,72.05,18.75,412,2024-10-04
3170,7616,395.73,61.2,252,2024-06-12
3171,5321,197.09,65.67,338,2024-10-28
3172,2910,399.73,54.71,331,2024-05-17
3173,3268,42.47,11.44,376,2025-03-29
3174,5319,3.53,22.55,452,2024-05-04
3175,4362,293.51,52.89,13,2024-10-20
3176,8092,422.2,56.45,21,2025-01-31
3177,3676,347.61,60.71,450,2024-05-02
3178,1056,274.07,46.46,355,2025-03-20
3179,7568,260.86,20.99,100,2025-02-28
3180,7204,263.3,11.42,453,2024-11-08
3181,9384,494.7,96.1,162,2024-07-29
3182,761,211.96,91.81,342,2024-09-02
3183,7573,239.39,93.52,472,2024-06-15
3184,8054,391.65,77.09,11,2024-06-12
3185,3404,309.3,73.28,241,2024-11-27
3186,4543,309.3,13.08,335,2025-01-04
3187,5478,464.24,79.81,483,2025-01-05
3188,9110,392.83,99.55,371,2025-03-16
3189,4652,448.57,74.27,451,2024-07-19
3190,5278,62.85,55.81,25,2025-02-07
3191,7256,117.83,91.96,377,2025-02-16
3192,9815,329.66,27.57,206,2025-03-27
3193,3387,249.33,58.45,308,2024-08-24
3194,3440,155.25,62.88,103,2025-04-03
3195,4047,46.82,97.82,348,2024-05-11
3196,5221,309.16,18.58,377,2025-04-22
3197,9211,235.58,5.67,258,2024-05-25
3198,2462,293.02,54.92,477,2025-02-16
3199,7725,243.87,16.16,161,2024-09-30
3200,9759,72.54,47.37,416,2025-04-23
3201,5504,132.71,86.65,142,2024-07-14
3202,976,55.8,98.53,280,2025-02-01
3203,9328,185.98,99.65,383,2025-03-13
3204,3098,202.45,17.42,150,2024-09-09
3205,4268,329.93,89.29,161,2025-04-25
3206,9069,45.78,30.56,75,2025-04-24
3207,1391,201.02,1.76,271,2025-01-18
3208,2945,491.59,49.17,383,2024-05-14
3209,3159,319.79,11.12,10,2024-10-29
3210,3219,178.71,10.86,148,2024-06-02
3211,134,249.47,50.25,154,2024-06-15
3212,8266,279.96,32.36,274,2025-02-09
3213,1431,192.9,63.03,344,2025-02-13
3214,4814,281.13,5.66,210,2024-09-26
3215,5922,179.77,82.64,337,2025-01-27
3216,6472,459.1,42.92,183,2024-07-02
3217,8647,122.74,70.14,160,2024-09-27
3218,123,297.8,14.56,21,2025-01-09
3219,5934,266.53,59.32,57,2025-03-16
3220,4984,178.43,14.73,439,2024-11-09
3221,8917,270.75,1.04,22,2025-03-21
3222,1019,346.35,41.3,451,2024-08-08
3223,7935,131.6,83.05,180,2024-10-24
3224,7839,145.89,21.02,134,2024-07-29
3225,8656,101.33,62.96,393,2025-03-12
3226,5143,394.45,32.46,125,2024-05-27
3227,419,62.61,71.41,3,2025-02-17
3228,3260,92.44,23.14,89,2024-07-29
3229,3113,55.46,42.99,283,2025-03-09
3230,7170,158.65,92.13,474,2024-08-16
3231,3821,32.07,46.51,182,2024-06-04
3232,6470,396.08,29.07,478,2024-12-16
3233,6283,155.06,9.76,300,2025-01-25
3234,5594,163.81,36.6,131,2024-11-07
3235,246,235.79,74.18,470,2025-03-16
3236,1072,93.69,26.96,7,2024-12-06
3237,7923,100.11,9.83,91,2025-04-05
3238,867,441.77,6.5,72,2024-07-20
3239,8787,279.29,91.03,96,2025-01-29
3240,9080,364.05,19.41,15,2024-11-14
3241,4488,60.92,41.35,287,2024-06-15
3242,4561,52.07,21.48,80,2024-11-03
3243,5885,487.43,66.81,137,2024-08-01
3244,6967,429.58,9.06,185,2025-01-07
3245,6401,404.56,54.21,276,2024-05-22
3246,7068,317.99,32.08,410,2025-03-06
3247,3790,117.55,11.73,485,2025-01-22
3248,5985,151.66,21.42,393,2024-07-06
3249,7243,392.03,47.0,478,2024-06-14
3250,6489,50.24,71.7,477,2024-10-03
3251,5236,245.85,40.52,398,2025-04-24
3252,513,353.46,96.4,141,2024-09-01
3253,2287,491.25,44.29,138,2024-09-13
3254,9956,122.51,36.9,332,2024-08-14
3255,5212,22.07,14.04,442,2025-01-03
3256,7745,349.72,59.56,48,2024-12-10
3257,354,7.07,46.46,69,2025-03-22
3258,7734,416.61,42.73,413,2024-11-13
3259,6531,355.57,80.96,145,2025-01-19
3260,5276,288.54,28.6,454,2024-06-25
3261,999,387.94,66.68,272,2025-03-08
3262,4526,427.83,22.86,6,2024-07-13
3263,6490,443.08,25.17,142,2025-03-19
3264,7872,276.25,41.59,166,2024-06-15
3265,5702,323.84,52.39,250,2025-03-13
3266,545,414.55,21.61,400,2025-04-22
3267,4017,399.36,32.3,397,2024-11-11
3268,9280,408.98,1.55,281,2025-03-07
3269,9563,231.33,49.35,498,2024-12-21
3270,8730,317.68,81.17,264,2025-01-17
3271,3875,128.6,47.66,409,2024-06-16
3272,9048,405.93,41.71,101,2025-02-11
3273,8218,165.35,29.02,401,2024-08-01
3274,3901,142.43,89.33,194,2025-01-27
3275,9024,484.99,99.13,238,2024-05-25
3276,6147,151.69,23.36,155,2025-03-11
3277,3904,72.34,78.8,433,2025-04-09
3278,8011,151.7,10.96,483,2024-06-25
3279,254,438.11,19.97,61,2024-09-13
3280,9494,281.66,48.17,246,2025-02-21
3281,7766,476.02,91.7,250,2024-10-31
3282,9871,418.93,47.59,46,2025-01-31
3283,8841,273.11,10.76,123,2025-04-09
3284,6508,61.63,52.38,279,2025-01-14
3285,1279,302.07,66.03,315,2024-09-10
3286,6995,108.52,11.13,183,2025-04-03
3287,2317,295.6,95.93,11,2025-02-23
3288,4004,4.57,1.59,170,2024-08-19
3289,9900,130.79,67.77,204,2024-11-18
3290,4674,219.29,62.36,35,2024-10-15
3291,7225,247.4,4.97,424,2024-09-24
3292,2072,164.43,45.7,191,2025-04-25
3293,9584,187.52,88.7,56,2025-04-17
3294,4561,280.25,69.97,3,2024-06-19
3295,5192,463.28,34.11,316,2025-02-14
3296,6433,311.18,12.61,10,2025-01-13
3297,2178,298.72,18.65,193,2025-02-01
3298,1628,22.09,68.28,491,2024-05-26
3299,4220,467.72,58.74,138,2025-04-15
3300,4600,22.86,94.08,326,2024-11-15
3301,2281,255.84,37.07,493,2025-01-05
3302,1022,395.04,79.59,467,2025-01-29
3303,9689,277.27,61.24,262,2025-01-10
3304,2793,195.68,56.46,87,2024-08-01
3305,1394,452.93,77.97,239,2025-04-01
3306,508,464.34,34.63,157,2025-01-06
3307,8597,226.82,35.58,285,2024-09-25
3308,7208,252.3,38.52,457,2024-05-14
3309,7148,323.71,28.66,202,2025-03-03
3310,2942,95.88,25.67,416,2025-03-27
3311,4415,197.96,52.69,162,2024-10-29
3312,9695,168.99,97.35,11,2025-03-08
3313,690,31.27,62.27,179,2025-03-14
3314,9038,60.02,55.95,373,2025-02-19
3315,5142,62.9,63.45,311,2025-04-17
3316,3889,27.77,58.42,465,2025-01-29
3317,4727,164.91,54.71,315,2024-06-13
3318,238,50.67,73.14,9,2024-09-16
3319,9566,157.44,30.31,374,2024-06-10
3320,311,322.93,23.02,247,2024-05-09
3321,263,120.38,17.43,227,2025-03-08
3322,2065,456.58,21.72,378,2024-12-13
3323,2089,5.42,81.82,179,2025-03-03
3324,2391,319.9,62.33,29,2024-08-26
3325,3382,473.96,5.62,119,2025-03-03
3326,9185,270.9,58.47,440,2024-10-16
3327,767,402.17,32.08,164,2024-08-08
3328,225,235.08,99.57,435,2024-06-14
3329,9747,477.9,47.68,81,2024-06-09
3330,7204,369.12,26.07,362,2025-01-27
3331,1440,65.16,56.52,156,2024-11-02
3332,6826,208.52,36.37,373,2024-11-17
3333,93,76.25,9.57,283,2024-12-17
3334,9862,228.57,19.26,354,2024-11-18
3335,2986,6.51,6.75,238,2025-03-23
3336,2700,211.21,0.1,236,2025-03-09
3337,4906,371.82,77.67,76,2025-01-09
3338,557,91.04,65.45,360,2024-12-16
3339,3317,348.46,11.12,141,2025-03-16
3340,6732,113.03,59.06,162,2024-09-14
3341,6186,26.11,69.36,107,2024-12-21
3342,2359,93.29,16.48,120,2024-06-11
3343,5615,405.46,92.45,213,2025-04-10
3344,3526,33.63,29.7,332,2024-12-04
3345,3951,439.75,57.4,132,2024-11-27
3346,1259,374.28,41.83,195,2024-04-30
3347,2000,51.75,49.48,237,2024-08-12
3348,2400,418.51,55.99,74,2024-05-17
3349,1031,140.21,16.7,462,2025-03-27
3350,2919,288.84,65.63,277,2024-11-05
3351,4454,286.94,11.08,371,2024-10-28
3352,3403,105.32,6.88,324,2024-06-18
3353,64,138.12,77.12,340,2024-12-14
3354,3075,62.85,41.21,173,2025-04-13
3355,9663,119.43,1.76,78,2025-03-11
3356,6458,386.75,40.26,416,2024-07-16
3357,7202,108.21,11.36,109,2025-03-13
3358,4092,188.21,46.31,17,2025-01-25
3359,9932,336.25,62.58,357,2025-01-03
3360,688,461.53,75.87,94,2024-09-05
3361,9980,312.95,23.39,255,2024-09-22
3362,6230,434.11,37.13,77,2024-10-28
3363,6181,50.27,27.79,368,2024-06-25
3364,2785,36.2,72.54,42,2024-12-18
3365,3703,100.01,12.17,211,2024-08-03
3366,8466,383.15,27.73,202,2025-03-22
3367,2319,436.66,33.41,74,2025-02-21
3368,2811,125.67,25.01,331,2024-09-22
3369,9891,84.38,46.77,75,2025-03-16
3370,4548,61.1,76.19,410,2025-03-28
3371,2372,416.5,71.15,149,2025-04-03
3372,4509,254.97,30.9,451,2024-09-07
3373,2287,282.23,1.3,435,2025-01-06
3374,7812,140.73,59.32,118,2024-11-30
3375,8269,330.57,84.18,327,2025-03-14
3376,8664,198.43,92.68,141,2025-03-23
3377,6709,169.44,33.04,33,2024-12-10
3378,2671,78.95,83.49,28,2024-12-18
3379,8094,97.71,55.59,210,2024-10-07
3380,2339,97.47,73.56,239,2024-09-27
3381,8866,87.6,8.18,188,2025-04-26
3382,9913,165.02,78.82,87,2024-09-21
3383,7584,464.9,52.28,472,2024-10-12
3384,1311,95.64,44.85,259,2024-10-29
3385,7527,274.34,61.25,217,2025-04-30
3386,1024,145.96,52.19,322,2025-02-14
3387,3263,328.0,92.3,143,2025-02-16
3388,4683,169.12,92.54,361,2024-11-29
3389,6266,457.8,6.6,82,2024-09-27
3390,2207,292.22,92.83,276,2024-05-22
3391,8747,308.25,69.5,124,2024-05-25
3392,8548,9.18,23.44,105,2024-06-27
3393,3650,437.49,73.85,37,2024-12-03
3394,8908,455.6,1.64,424,2024-08-05
3395,8187,499.07,90.53,92,2024-11-10
3396,8715,286.61,72.65,70,2024-09-27
3397,146,339.95,81.28,414,2025-02-26
3398,6818,155.59,85.83,187,2025-04-30
3399,8428,281.47,79.91,229,2024-10-18
3400,3953,479.72,52.86,365,2024-04-30
3401,8941,488.13,75.14,406,2024-07-06
3402,6098,254.87,23.61,35,2024-10-11
3403,2352,244.31,79.06,319,2024-06-28
3404,8934,272.46,12.95,281,2025-03-15
3405,3146,469.42,16.8,307,2025-02-12
3406,6652,372.19,13.49,206,2024-10-16
3407,6898,48.95,15.76,331,2024-12-12
3408,9895,424.34,27.45,288,2025-01-02
3409,8878,252.36,5.79,273,2024-07-20
3410,5234,153.64,73.83,184,2024-05-04
3411,4080,20.49,6.09,122,2024-05-02
3412,8122,364.51,58.33,170,2024-10-26
3413,2691,71.72,81.76,119,2024-12-20
3414,6894,311.22,7.16,147,2025-02-03
3415,7123,411.59,78.39,307,2025-01-23
3416,855,182.66,69.09,250,2025-01-21
3417,5239,109.73,17.45,444,2024-10-09
3418,659,297.33,18.5,282,2024-11-21
3419,2094,127.81,45.0,327,2025-02-23
3420,1889,63.84,85.46,434,2024-12-24
3421,4485,58.29,2.22,258,2025-03-28
3422,7724,29.17,8.13,408,2024-10-26
3423,4306,32.63,12.01,321,2025-01-31
3424,7445,221.08,92.42,440,2024-12-13
3425,4858,413.09,74.14,449,2024-08-26
3426,87,318.72,20.01,172,2025-04-30
3427,4108,430.15,32.44,76,2024-09-13
3428,5438,119.6,98.46,144,2024-08-31
3429,8727,367.97,51.38,188,2025-04-30
3430,662,68.86,95.1,448,2024-09-27
3431,1513,447.23,47.81,403,2024-06-10
3432,9621,430.91,38.59,152,2024-05-09
3433,9521,427.67,25.61,236,2024-08-18
3434,4939,471.37,79.16,424,2025-03-23
3435,5169,107.74,28.68,469,2025-03-03
3436,9149,62.06,52.25,111,2025-04-29
3437,2604,78.63,32.73,384,2024-05-28
3438,7361,347.25,35.47,112,2024-10-18
3439,9892,69.99,50.54,202,2024-09-07
3440,7204,150.17,93.64,281,2025-03-23
3441,6959,360.45,99.34,232,2024-10-24
3442,9146,140.38,16.48,99,2024-09-15
3443,6699,0.11,19.34,298,2025-02-03
3444,6672,56.41,74.42,317,2024-07-26
3445,3778,281.26,87.86,333,2024-12-12
3446,9000,351.7,6.31,245,2024-09-23
3447,6119,7.59,59.17,418,2024-11-06
3448,5657,41.79,86.9,324,2024-06-18
3449,4158,108.93,57.63,292,2024-07-08
3450,6229,434.27,23.97,352,2024-05-29
3451,9613,139.08,36.27,5,2024-11-15
3452,7353,185.76,95.78,487,2024-10-04
3453,8684,139.12,80.13,100,2025-02-16
3454,8330,413.3,92.22,133,2025-02-15
3455,3810,166.89,26.77,61,2024-12-06
3456,3819,107.87,94.26,241,2025-02-10
3457,3898,182.84,65.19,58,2024-09-19
3458,9829,386.5,68.4,159,2025-01-29
3459,7067,486.31,58.13,301,2025-04-18
3460,8604,383.22,25.3,101,2024-11-14
3461,8086,438.12,44.07,191,2024-05-31
3462,2237,173.94,13.47,115,2024-07-10
3463,9695,179.77,30.77,353,2024-12-04
3464,4766,350.67,23.46,304,2025-02-07
3465,8240,25.48,66.86,53,2024-10-10
3466,2680,407.62,15.3,480,2025-04-06
3467,895,328.4,57.36,93,2025-02-05
3468,4449,411.81,31.3,429,2024-08-10
3469,1163,95.51,94.95,74,2024-12-25
3470,533,289.66,1.19,76,2025-01-03
3471,2268,21.15,12.61,182,2025-01-20
3472,8224,22.6,21.82,141,2024-12-15
3473,897,292.92,46.66,178,2024-11-19
3474,4691,378.84,69.43,297,2025-01-10
3475,8332,214.9,88.16,117,2025-03-27
3476,7497,484.84,74.29,232,2024-08-12
3477,2825,311.4,99.04,11,2024-11-29
3478,4766,9.45,70.95,399,2025-03-21
3479,6979,5.09,43.02,363,2024-08-05
3480,8588,260.76,46.53,47,2024-11-13
3481,4548,193.61,86.36,240,2024-12-10
3482,8536,357.55,9.02,426,2025-01-11
3483,5961,131.34,98.3,87,2024-09-13
3484,4194,203.36,74.91,94,2025-01-26
3485,8659,178.34,35.37,440,2024-05-07
3486,9990,217.6,64.37,111,2025-03-09
3487,6084,44.3,77.67,394,2024-10-17
3488,6676,245.31,48.22,272,2025-04-19
3489,9808,140.87,17.91,453,2024-11-09
3490,3660,492.78,53.41,337,2024-12-29
3491,6834,14.33,43.93,113,2024-10-31
3492,5247,187.74,55.5,286,2024-08-11
3493,4067,322.6,64.57,423,2025-04-27
3494,8522,84.58,74.93,57,2025-03-24
3495,4370,337.9,12.53,449,2025-04-14
3496,1630,285.79,51.44,428,2024-08-29
3497,7114,166.43,16.48,35,2024-09-17
3498,4457,498.81,80.58,86,2024-12-22
3499,8102,418.9,21.16,189,2024-09-02
3500,1278,147.17,32.39,69,2024-12-19
3501,2230,55.26,53.01,330,2024-12-18
3502,9954,442.64,20.73,131,2025-02-09
3503,7332,460.37,58.42,90,2025-02-08
3504,8862,44.31,44.69,181,2025-02-25
3505,9593,76.06,97.27,348,2025-04-22
3506,8672,235.43,78.11,12,2025-01-14
3507,7586,238.25,75.65,67,2024-09-18
3508,2831,20.11,51.04,218,2024-11-01
3509,2114,352.82,82.47,495,2024-12-08
3510,4535,161.04,57.31,279,2024-10-31
3511,3310,438.75,35.18,240,2025-01-15
3512,5577,303.78,68.92,25,2024-09-27
3513,2463,323.68,35.03,345,2025-02-23
3514,98,263.77,78.4,231,2024-12-06
3515,8356,328.58,53.68,233,2024-11-20
3516,3998,439.18,94.51,246,2024-05-23
3517,2346,37.47,14.63,481,2024-10-12
3518,7482,9.53,32.55,247,2024-11-18
3519,5040,177.66,33.91,479,2024-06-20
3520,7626,380.42,89.51,353,2024-07-22
3521,3002,162.58,28.08,8,2024-04-30
3522,8078,109.04,10.61,474,2024-12-24
3523,7963,316.28,97.28,209,2024-07-16
3524,666,445.22,62.62,422,2024-09-06
3525,729,443.61,18.19,291,2025-01-29
3526,5769,357.42,2.75,83,2025-03-06
3527,631,347.21,24.92,319,2025-04-14
3528,1680,335.6,5.58,169,2025-03-16
3529,5205,14.37,19.47,100,2024-08-24
3530,8633,200.46,87.74,176,2025-01-09
3531,3739,84.2,33.64,266,2025-03-21
3532,327,91.77,9.16,145,2025-04-02
3533,899,441.4,4.59,59,2024-10-22
3534,2969,151.17,16.83,328,2025-04-07
3535,9721,367.37,33.31,38,2025-03-13
3536,1744,296.66,85.51,166,2024-10-29
3537,351,82.54,72.18,147,2024-09-20
3538,9715,3.33,23.53,485,2024-07-08
3539,6079,263.25,24.13,470,2024-12-08
3540,7960,457.25,11.48,177,2025-02-27
3541,9752,155.0,69.39,273,2024-05-07
3542,5191,149.21,34.39,19,2024-12-15
3543,5542,331.34,33.15,179,2024-09-10
3544,6684,377.53,99.0,188,2024-09-29
3545,3924,248.69,86.1,169,2024-07-15
3546,356,148.19,24.56,376,2024-06-02
3547,7354,395.47,21.2,206,2024-05-10
3548,9238,112.74,34.72,46,2024-10-13
3549,4467,259.45,98.13,157,2025-03-26
3550,7435,148.83,29.55,43,2024-05-22
3551,4598,208.57,16.22,188,2024-10-18
3552,756,42.82,7.63,165,2025-02-05
3553,2923,151.15,65.38,165,2024-07-25
3554,1996,328.99,37.2,272,2024-06-05
3555,701,85.94,13.67,24,2024-05-20
3556,7489,302.27,27.08,273,2024-07-17
3557,8176,82.18,54.63,255,2024-05-19
3558,4703,245.83,10.69,119,2024-10-19
3559,6367,225.65,9.51,466,2024-12-05
3560,5999,285.3,3.26,229,2024-08-30
3561,6722,64.12,93.55,155,2024-06-07
3562,4027,9.99,60.9,109,2024-09-16
3563,1876,247.68,18.1,359,2025-04-29
3564,9417,261.35,48.27,199,2024-10-14
3565,8039,277.01,48.91,120,2024-10-09
3566,2793,26.59,97.41,45,2024-09-07
3567,4869,384.41,87.32,201,2024-08-22
3568,7006,312.0,20.17,30,2024-08-12
3569,6823,368.86,47.8,257,2025-02-26
3570,5010,45.67,71.69,186,2024-10-14
3571,5936,315.53,40.82,342,2024-06-20
3572,1953,182.03,13.28,88,2024-10-20
3573,7980,487.11,92.25,157,2024-06-13
3574,1781,162.94,76.89,375,2025-02-23
3575,6204,273.02,10.56,451,2025-04-06
3576,7120,34.42,93.04,30,2024-10-16
3577,718,229.5,67.75,462,2024-09-21
3578,2182,224.11,7.45,112,2024-12-07
3579,3501,378.92,90.64,141,2025-02-21
3580,8886,187.17,69.23,500,2024-11-02
3581,5858,97.29,33.0,210,2025-04-04
3582,5897,160.55,71.96,202,2024-06-15
3583,3281,418.51,32.98,347,2024-05-13
3584,4700,258.46,13.43,83,2025-01-06
3585,2629,66.59,24.59,254,2024-11-26
3586,5561,56.69,93.71,368,2024-11-10
3587,2650,70.84,78.66,399,2024-08-18
3588,1594,465.15,73.62,108,2025-02-20
3589,104,174.52,27.1,70,2024-08-31
3590,3205,430.94,22.41,101,2024-06-02
3591,2812,318.55,35.12,442,2024-11-19
3592,3100,312.02,34.36,156,2025-02-02
3593,1268,415.92,78.79,364,2025-04-26
3594,3881,64.79,95.72,398,2024-09-03
3595,2635,468.81,27.06,230,2024-06-25
3596,896,442.45,74.37,192,2025-04-08
3597,316,179.54,2.38,45,2025-01-13
3598,300,237.38,11.17,21,2024-09-17
3599,1296,135.25,52.44,442,2024-10-09
3600,5996,409.89,15.74,493,2025-02-02
3601,9951,220.26,3.45,240,2025-01-08
3602,1765,411.46,59.22,182,2024-05-18
3603,9373,314.51,6.35,315,2024-09-03
3604,2564,477.35,58.57,193,2025-01-11
3605,1720,201.54,76.49,29,2024-10-13
3606,8988,152.81,36.61,391,2025-04-28
3607,7524,196.0,1.02,161,2025-04-11
3608,4597,125.21,5.72,484,2025-04-03
3609,5212,115.94,34.14,85,2024-09-25
3610,8505,99.89,81.06,367,2024-05-19
3611,7340,26.2,23.05,345,2024-08-25
3612,8939,434.73,13.66,271,2024-06-21
3613,4183,186.22,25.37,74,2024-09-10
3614,8151,491.99,29.78,289,2024-10-03
3615,3556,411.28,58.18,330,2024-09-01
3616,1830,393.82,37.23,183,2024-10-15
3617,1563,107.15,95.36,386,2024-11-21
3618,9582,84.89,59.51,124,2025-01-28
3619,8441,11.69,59.01,400,2024-05-24
3620,932,127.2,49.5,160,2025-04-12
3621,5352,365.17,12.73,499,2025-02-14
3622,1426,189.02,80.89,430,2025-02-22
3623,1748,363.69,3.83,306,2024-05-10
3624,5812,408.44,30.77,346,2024-09-03
3625,246,138.63,89.3,71,2024-09-28
3626,4178,339.56,67.14,353,2024-11-19
3627,8833,5.98,19.98,121,2024-09-16
3628,5030,145.11,98.04,206,2025-01-11
3629,7947,487.72,89.0,67,2024-08-11
3630,9430,415.18,16.77,473,2024-07-24
3631,8049,169.05,88.95,300,2025-01-21
3632,3001,244.59,49.19,165,2025-03-27
3633,4468,188.82,59.53,118,2025-02-25
3634,373,5.11,42.63,461,2024-08-31
3635,801,31.68,83.94,150,2024-11-15
3636,6295,346.39,1.53,270,2024-09-17
3637,8991,135.21,89.15,392,2025-03-09
3638,2701,310.88,51.36,235,2025-01-31
3639,4828,473.88,71.01,438,2024-08-15
3640,525,403.42,62.59,498,2024-07-23
3641,5713,201.35,38.78,274,2025-02-07
3642,2974,106.14,3.71,301,2024-12-02
3643,1906,432.6,51.5,154,2024-12-27
3644,1444,339.94,88.64,172,2024-11-13
3645,7566,390.08,2.58,229,2025-04-10
3646,4042,427.16,0.28,322,2024-09-25
3647,9007,183.99,19.74,318,2024-08-22
3648,2127,174.45,43.83,304,2024-08-15
3649,8093,443.34,89.46,178,2024-05-28
3650,6664,66.08,72.37,305,2025-04-01
3651,9666,304.89,81.92,64,2024-10-23
3652,4191,368.51,86.37,407,2025-01-26
3653,5591,221.25,90.53,89,2025-04-13
3654,7253,226.87,54.57,292,2024-07-22
3655,1175,87.9,43.09,453,2024-07-30
3656,4020,244.76,74.95,265,2024-10-10
3657,3351,1.69,55.23,305,2024-07-13
3658,3013,63.27,48.64,110,2024-05-27
3659,267,442.92,46.98,269,2024-07-13
3660,1151,72.61,13.04,285,2024-09-14
3661,135,456.14,63.02,218,2024-12-07
3662,465,418.42,37.02,20,2025-01-18
3663,7229,305.38,65.38,89,2025-04-18
3664,7542,346.07,45.38,258,2024-07-07
3665,2975,112.17,27.17,377,2024-10-12
3666,6998,127.34,16.63,246,2025-02-09
3667,7974,447.18,16.88,292,2024-08-22
3668,6100,114.45,46.59,151,2024-06-21
3669,8557,364.23,16.15,128,2025-04-04
3670,3397,50.19,11.74,164,2024-06-21
3671,6820,42.95,0.02,153,2024-07-04
3672,2787,438.41,27.9,168,2024-12-16
3673,5208,42.14,7.19,85,2024-09-04
3674,9488,295.4,26.05,268,2025-04-19
3675,6020,295.81,56.9,225,2024-11-11
3676,2612,106.98,75.22,303,2024-08-26
3677,3174,243.17,18.89,473,2025-01-28
3678,9520,406.38,15.02,36,2024-09-11
3679,8709,383.53,47.36,281,2025-02-17
3680,7917,303.43,49.88,220,2025-01-06
3681,6253,149.74,61.65,131,2025-04-08
3682,7457,334.63,64.43,153,2024-09-05
3683,3969,356.31,87.85,227,2025-03-16
3684,1438,338.41,10.86,122,2025-01-02
3685,7713,267.85,95.9,337,2025-02-05
3686,166,268.57,53.74,91,2025-02-09
3687,8574,385.21,61.84,416,2024-11-08
3688,9264,116.49,34.93,319,2024-07-30
3689,9965,233.6,59.2,93,2024-06-22
3690,7681,338.83,34.07,409,2025-03-01
3691,9145,197.79,34.11,134,2024-07-04
3692,6540,461.8,45.76,448,2024-09-24
3693,1856,236.37,56.09,488,2025-03-19
3694,3437,96.91,7.31,46,2025-04-22
3695,7642,300.45,45.02,389,2024-07-08
3696,1721,323.45,13.87,117,2024-10-09
3697,3628,366.25,27.31,7,2024-08-26
3698,1068,495.62,6.59,56,2024-05-12
3699,2666,399.7,5.72,30,2024-08-17
3700,9771,428.06,35.81,356,2024-11-17
3701,84,74.21,92.95,3,2025-02-08
3702,2983,337.93,70.1,226,2024-12-11
3703,7714,67.72,39.04,323,2025-01-20
3704,892,186.53,49.91,324,2024-05-27
3705,8811,57.2,54.64,3,2024-10-24
3706,8182,182.02,41.63,101,2025-01-02
3707,5249,61.86,30.75,380,2024-12-06
3708,8871,488.69,45.93,406,2024-12-16
3709,310,151.93,50.41,101,2024-10-26
3710,2130,179.51,68.0,118,2025-04-08
3711,1325,140.14,52.37,461,2024-08-20
3712,9634,134.14,91.02,214,2024-05-31
3713,4948,309.89,91.64,370,2024-11-07
3714,4201,477.51,98.05,228,2025-04-25
3715,4146,439.07,99.25,487,2025-02-24
3716,78,450.47,70.87,114,2024-12-08
3717,1144,230.98,25.15,476,2025-02-27
3718,5601,177.77,43.66,179,2025-01-10
3719,7892,75.38,54.6,111,2025-03-11
3720,1557,208.5,72.68,291,2024-07-22
3721,5579,209.23,51.66,433,2024-06-10
3722,9860,451.15,37.24,174,2024-08-28
3723,6956,109.49,61.19,242,2025-02-13
3724,2426,15.3,1.44,26,2024-11-03
3725,598,90.39,64.95,371,2025-04-23
3726,7787,11.1,58.79,390,2024-12-31
3727,1203,13.4,53.91,432,2025-04-01
3728,4593,63.36,54.8,342,2024-05-15
3729,1327,17.39,80.9,246,2024-05-31
3730,8578,347.9,63.87,25,2024-07-27
3731,2324,184.2,18.6,321,2025-02-10
3732,6874,133.58,82.06,202,2025-01-23
3733,6747,278.95,76.82,355,2024-11-17
3734,5259,66.83,13.46,420,2024-05-10
3735,6009,246.66,89.3,170,2025-03-04
3736,159,117.36,15.52,312,2025-03-26
3737,393,235.39,60.38,81,2025-04-29
3738,9932,70.15,79.75,355,2024-12-07
3739,9237,95.48,3.55,392,2024-05-30
3740,4661,370.18,42.85,298,2024-06-20
3741,1642,184.19,28.88,117,2024-11-21
3742,209,229.87,41.55,253,2024-10-19
3743,4287,168.18,13.31,127,2024-08-09
3744,7952,16.17,34.65,492,2024-10-22
3745,3916,397.68,17.79,403,2024-06-23
3746,6248,444.27,79.15,316,2024-07-22
3747,5110,162.46,9.05,250,2024-11-28
3748,5435,355.35,39.4,296,2025-01-01
3749,663,241.15,8.26,367,2024-11-11
3750,8444,221.18,11.41,419,2024-07-15
3751,3705,127.3,66.94,157,2024-07-19
3752,5174,459.06,45.88,125,2025-03-10
3753,551,207.17,54.6,299,2025-03-30
3754,1732,149.92,16.39,270,2025-02-06
3755,549,335.77,89.71,175,2024-11-30
3756,3015,40.14,96.39,393,2024-07-29
3757,4358,321.66,19.48,321,2025-03-19
3758,2717,410.51,40.86,225,2025-03-27
3759,8464,129.2,72.67,430,2025-04-29
3760,9204,29.01,70.68,422,2024-06-22
3761,5486,453.15,70.8,23,2025-01-22
3762,7816,76.8,17.94,469,2024-11-06
3763,3556,46.62,78.58,62,2025-03-18
3764,4866,138.45,44.64,383,2024-07-16
3765,3318,379.83,78.22,72,2024-12-18
3766,6619,493.79,34.97,216,2025-04-11
3767,458,351.25,23.08,252,2025-01-20
3768,882,379.51,80.23,166,2025-04-26
3769,7891,302.61,34.26,173,2025-04-15
3770,4659,392.86,28.54,19,2024-11-29
3771,2584,128.6,9.31,238,2025-03-14
3772,4130,117.69,6.77,385,2024-07-03
3773,9967,25.19,57.81,83,2025-02-26
3774,7464,493.71,57.84,205,2024-05-26
3775,518,192.8,61.96,420,2024-09-16
3776,89,282.97,36.45,28,2024-07-02
3777,6844,321.18,50.15,431,2024-10-05
3778,4170,277.27,54.51,334,2024-08-14
3779,9661,33.13,73.91,442,2024-06-07
3780,6421,355.66,45.8,456,2024-07-25
3781,8137,335.96,56.26,485,2024-06-26
3782,480,48.7,0.77,201,2024-05-09
3783,1598,17.36,90.31,179,2024-08-02
3784,2653,357.33,29.47,248,2025-03-18
3785,467,434.01,72.14,283,2025-03-15
3786,3488,370.93,9.02,48,2024-12-12
3787,2829,248.12,75.92,61,2024-10-31
3788,3356,299.87,74.14,56,2024-11-09
3789,7482,321.77,76.29,145,2024-12-27
3790,6041,203.08,19.97,276,2024-11-29
3791,207,367.99,44.46,435,2024-06-06
3792,3981,229.28,64.32,272,2024-09-25
3793,4312,447.91,32.04,171,2024-11-14
3794,829,39.79,48.52,165,2024-05-18
3795,3746,295.84,11.46,25,2024-05-11
3796,283,55.12,2.82,51,2024-12-12
3797,3943,117.03,72.96,339,2024-12-06
3798,7641,238.09,17.64,469,2024-08-14
3799,6802,55.8,31.6,165,2025-02-07
3800,702,319.8,48.6,163,2025-04-23
3801,98,491.65,61.37,444,2024-07-28
3802,9954,345.25,82.49,448,2024-05-08
3803,796,212.74,70.99,470,2024-12-20
3804,1389,426.32,39.85,142,2025-03-29
3805,6614,394.75,19.01,5,2024-09-10
3806,3928,241.54,13.82,235,2024-05-13
3807,50,172.61,78.12,3,2024-09-03
3808,3553,357.53,69.66,476,2024-09-10
3809,7079,25.89,94.54,31,2025-04-27
3810,5625,122.22,85.4,324,2024-12-12
3811,7011,268.68,53.53,453,2025-02-08
3812,1902,208.13,82.16,325,2024-11-08
3813,230,209.98,5.76,152,2024-05-10
3814,409,316.37,91.68,115,2024-11-12
3815,4693,302.44,63.43,228,2025-01-14
3816,929,387.38,80.41,269,2024-11-08
3817,6607,253.56,86.38,452,2025-04-27
3818,9130,136.77,6.86,214,2024-06-27
3819,9544,97.7,60.23,47,2025-03-20
3820,2292,28.52,94.15,190,2024-12-05
3821,8140,443.81,34.2,277,2024-11-30
3822,5459,115.59,46.87,292,2025-01-27
3823,7235,300.65,65.79,353,2024-07-15
3824,8385,249.77,38.96,163,2024-11-25
3825,1124,172.04,67.46,51,2024-10-03
3826,8271,116.79,81.68,365,2024-09-11
3827,8075,339.12,26.45,132,2025-02-07
3828,6607,438.63,60.46,159,2024-09-10
3829,2903,65.99,63.01,292,2024-11-22
3830,2054,310.41,30.21,389,2024-11-28
3831,4793,436.63,59.51,331,2024-10-22
3832,2,292.19,60.44,91,2024-05-21
3833,7831,177.98,85.6,159,2024-07-06
3834,3098,327.84,70.15,360,2025-02-26
3835,3051,335.44,30.01,162,2024-05-17
3836,4280,187.24,79.38,249,2025-04-15
3837,3789,138.89,80.91,91,2024-05-25
3838,28,13.02,69.7,124,2025-01-25
3839,6618,336.1,29.87,454,2024-07-10
3840,5058,43.83,66.9,416,2024-08-21
3841,4489,289.28,45.88,155,2025-03-14
3842,2005,372.77,60.1,164,2024-12-01
3843,1066,16.22,27.43,64,2025-04-14
3844,9631,399.94,92.02,31,2024-11-07
3845,1434,495.23,46.07,398,2024-09-27
3846,6117,325.1,42.5,273,2025-04-03
3847,7803,290.98,8.64,162,2024-08-31
3848,1750,483.46,52.7,116,2024-09-25
3849,1305,63.67,34.24,8,2024-12-25
3850,3153,283.96,21.76,22,2025-04-12
3851,7331,343.34,52.01,46,2024-08-10
3852,9028,288.36,38.84,243,2024-09-07
3853,5976,416.02,90.6,204,2024-08-11
3854,9592,407.38,61.67,331,2024-09-10
3855,3771,269.12,71.2,371,2024-12-12
3856,9869,239.19,74.27,358,2025-03-30
3857,515,210.04,81.93,57,2024-11-14
3858,4337,243.12,87.8,404,2025-03-02
3859,1005,132.42,57.35,15,2025-02-02
3860,7974,372.22,8.17,383,2025-04-30
3861,8941,259.71,6.82,8,2024-07-21
3862,8935,378.29,39.61,298,2024-04-30
3863,2195,72.41,5.9,353,2025-01-02
3864,9057,420.26,63.0,425,2024-06-17
3865,2860,187.91,40.42,293,2025-01-07
3866,6914,204.41,74.14,81,2024-09-22
3867,7406,83.96,22.61,499,2024-10-18
3868,7176,198.93,17.1,295,2024-12-06
3869,4758,31.39,17.19,110,2025-03-17
3870,3517,128.87,39.89,297,2025-01-29
3871,7750,72.93,27.79,352,2025-03-28
3872,6425,383.69,88.87,54,2025-02-15
3873,9559,209.07,34.91,401,2024-07-10
3874,3044,219.1,33.57,317,2024-10-05
3875,5919,28.72,7.49,124,2025-02-03
3876,2329,103.45,51.61,182,2024-08-17
3877,2653,181.03,97.0,127,2024-05-11
3878,639,286.09,68.2,138,2025-01-15
3879,426,196.96,83.26,78,2024-08-24
3880,8076,293.49,40.42,202,2024-12-07
3881,7392,187.73,16.24,4,2024-06-15
3882,5110,23.88,96.08,255,2025-04-22
3883,6979,374.81,95.89,446,2025-04-23
3884,6218,453.39,83.95,384,2024-08-06
3885,9011,323.97,23.6,313,2025-01-05
3886,4902,304.89,99.51,253,2025-04-15
3887,1035,395.61,47.13,337,2025-02-02
3888,4043,32.58,93.03,357,2024-05-25
3889,8664,424.23,96.3,290,2025-02-15
3890,9486,326.32,10.17,467,2024-09-22
3891,9724,61.82,60.36,147,2024-10-12
3892,6351,102.43,54.89,499,2024-11-09
3893,3403,431.8,54.08,205,2024-12-26
3894,9710,114.75,17.81,231,2024-07-01
3895,7263,100.04,44.6,480,2024-11-18
3896,9872,113.45,89.37,162,2024-07-25
3897,7363,36.91,57.86,394,2024-12-14
3898,7970,240.54,84.77,266,2025-01-08
3899,2766,32.79,47.16,435,2025-04-10
3900,9347,125.51,75.3,24,2025-01-14
3901,8147,30.72,1.47,417,2024-08-03
3902,5127,367.41,89.3,468,2025-02-25
3903,4804,123.04,10.57,321,2025-01-31
3904,6149,430.52,5.77,214,2024-12-31
3905,7901,166.21,28.09,266,2024-12-27
3906,4394,390.86,74.96,77,2025-01-18
3907,1707,229.42,7.76,258,2024-11-27
3908,7661,276.81,35.53,58,2024-10-09
3909,1428,15.11,62.12,398,2024-05-15
3910,6673,241.43,10.8,223,2024-05-24
3911,6974,115.74,12.22,41,2025-03-12
3912,6601,223.43,21.7,297,2025-01-22
3913,7304,236.41,4.04,54,2025-02-22
3914,6669,421.84,49.29,351,2025-04-28
3915,6818,35.61,98.31,226,2025-03-17
3916,920,63.0,56.12,157,2024-06-22
3917,34,19.31,81.48,238,2025-02-09
3918,1818,177.4,73.27,262,2024-08-23
3919,1813,415.54,70.74,4,2024-10-01
3920,7388,330.57,40.82,279,2024-10-14
3921,3582,378.65,51.52,423,2024-08-25
3922,7623,80.78,18.05,94,2024-09-06
3923,1389,480.43,15.17,41,2024-08-01
3924,2503,491.54,60.23,278,2024-05-01
3925,2286,70.39,93.7,244,2024-10-20
3926,5033,6.07,43.54,192,2024-06-17
3927,8763,381.82,13.37,210,2024-10-07
3928,8733,142.1,66.9,174,2024-08-07
3929,9023,475.25,9.52,372,2024-10-10
3930,6498,172.12,28.92,236,2025-04-19
3931,4705,370.44,16.44,485,2024-12-14
3932,7668,104.81,97.03,434,2024-07-29
3933,6244,376.16,6.75,140,2025-02-26
3934,287,273.58,43.76,321,2025-03-27
3935,8897,315.61,59.13,194,2025-01-18
3936,9196,493.86,64.85,6,2024-07-08
3937,1405,323.29,63.33,220,2024-11-02
3938,4810,248.86,10.0,471,2024-07-14
3939,8577,236.85,47.78,384,2025-01-11
3940,6894,50.78,3.36,73,2024-06-09
3941,3364,363.16,95.25,200,2024-05-16
3942,9523,13.98,30.59,96,2024-11-29
3943,1999,311.11,86.49,433,2024-08-22
3944,8953,60.71,63.74,248,2024-09-22
3945,2754,464.03,48.11,126,2024-11-26
3946,7353,382.37,5.11,278,2025-01-10
3947,7495,300.91,26.3,357,2025-03-23
3948,2785,499.61,9.06,287,2024-05-08
3949,1615,347.84,3.82,268,2024-08-06
3950,4607,309.03,72.56,426,2024-10-11
3951,5456,309.15,64.89,454,2024-07-11
3952,8232,178.62,1.24,407,2025-03-29
3953,8176,119.32,69.92,377,2024-07-15
3954,4030,447.68,33.46,324,2025-02-24
3955,9715,475.62,2.16,35,2025-04-09
3956,4365,337.02,13.1,212,2024-06-21
3957,4224,457.72,93.07,217,2024-09-07
3958,9776,453.95,26.3,120,2025-02-09
3959,6030,44.03,24.36,446,2024-10-09
3960,2774,224.19,95.84,17,2024-10-28
3961,6700,255.37,71.06,215,2024-12-13
3962,5130,393.29,29.64,376,2025-04-08
3963,5129,361.59,36.33,251,2025-04-21
3964,861,426.5,45.88,142,2025-04-25
3965,5537,236.48,89.16,230,2025-03-31
3966,1040,391.33,57.21,398,2025-04-14
3967,5210,360.63,41.36,472,2024-06-12
3968,1887,315.09,17.91,445,2025-04-09
3969,7721,221.36,72.78,325,2025-04-27
3970,8541,76.92,0.57,88,2025-04-02
3971,3504,230.31,92.86,373,2025-02-13
3972,6263,262.92,79.53,393,2024-11-22
3973,1170,241.86,95.25,134,2024-09-10
3974,7442,207.68,26.49,95,2025-02-11
3975,5722,19.96,44.14,398,2024-08-13
3976,7537,378.35,68.73,26,2025-02-19
3977,8393,130.6,28.55,57,2024-08-17
3978,3982,247.22,95.22,124,2024-12-01
3979,2948,358.19,74.07,332,2024-12-25
3980,5293,270.79,18.46,309,2024-06-22
3981,2470,485.29,87.68,190,2025-03-23
3982,7081,396.19,58.35,398,2024-12-04
3983,8388,331.02,18.74,68,2025-01-30
3984,2769,226.96,75.5,425,2024-06-27
3985,8675,197.5,74.18,412,2024-06-04
3986,4307,164.24,2.72,196,2024-05-02
3987,1404,422.93,1.27,13,2025-01-23
3988,5436,115.25,21.33,304,2024-10-30
3989,8219,5.98,92.37,130,2025-04-24
3990,4823,84.29,51.58,29,2024-10-21
3991,9147,453.14,51.31,128,2024-10-21
3992,285,175.06,76.97,73,2024-11-25
3993,5784,408.49,12.91,403,2024-08-15
3994,472,188.26,67.44,295,2024-08-03
3995,3294,118.4,38.45,344,2024-10-26
3996,9998,396.47,11.21,156,2025-01-23
3997,866,487.36,79.85,64,2025-01-31
3998,6870,346.53,79.77,79,2024-06-12
3999,7354,464.74,80.78,242,2025-04-23
4000,5465,326.86,60.01,255,2024-05-10
4001,296,400.19,2.1,138,2024-12-20
4002,8516,339.59,11.6,413,2025-04-10
4003,7724,0.6,17.64,383,2024-12-23
4004,7509,453.52,5.97,395,2025-04-26
4005,6151,47.64,39.4,230,2025-01-14
4006,8718,268.14,64.3,335,2024-08-17
4007,125,311.67,89.56,68,2025-01-20
4008,1175,435.19,4.85,349,2024-10-04
4009,4102,221.29,25.8,466,2024-08-08
4010,3096,100.95,14.89,333,2024-11-04
4011,1661,49.13,45.95,439,2025-02-12
4012,1971,360.54,89.02,185,2025-01-04
4013,4571,171.05,14.85,73,2024-12-23
4014,4614,65.71,94.36,408,2024-05-18
4015,7911,113.98,10.99,267,2024-06-28
4016,2797,155.62,63.55,162,2025-02-25
4017,138,364.0,32.58,28,2024-10-22
4018,9448,405.83,85.05,5,2024-08-08
4019,8965,283.05,12.91,396,2024-12-25
4020,5213,110.74,58.99,390,2024-06-30
4021,1173,291.03,96.5,346,2024-07-28
4022,3302,108.09,45.6,283,2024-10-02
4023,7972,107.93,40.57,168,2024-06-18
4024,1803,15.42,22.08,176,2024-06-25
4025,3667,81.98,87.22,267,2025-01-12
4026,4007,70.97,29.5,108,2025-03-10
4027,2232,175.42,19.29,57,2024-08-07
4028,1966,202.18,6.28,398,2024-10-17
4029,181,417.85,49.88,406,2024-12-17
4030,4789,253.79,16.39,73,2024-05-28
4031,5713,330.77,89.11,24,2024-10-13
4032,5728,329.73,94.24,186,2025-04-01
4033,3703,7.41,42.11,237,2024-06-23
4034,6510,117.81,77.92,181,2024-08-14
4035,5275,251.72,29.9,396,2024-07-07
4036,3904,176.86,34.68,211,2025-04-29
4037,7969,194.53,95.04,445,2024-10-02
4038,6224,291.0,30.7,162,2024-11-13
4039,8203,60.84,4.93,206,2024-11-20
4040,6056,434.45,46.92,475,2025-03-06
4041,7311,54.52,64.17,200,2025-03-29
4042,9077,305.38,75.05,330,2024-09-03
4043,7999,338.49,87.52,67,2024-09-10
4044,6653,242.7,39.63,339,2025-03-31
4045,5936,175.55,90.42,231,2024-08-10
4046,5443,124.44,92.6,439,2024-12-01
4047,4120,477.12,85.35,351,2025-04-24
4048,8185,346.39,74.47,67,2025-01-30
4049,4177,363.62,81.48,109,2025-03-23
4050,2307,255.95,0.76,300,2025-01-08
4051,9253,456.72,52.6,286,2025-02-28
4052,1841,408.78,5.33,70,2024-06-04
4053,5280,103.67,53.82,333,2025-02-20
4054,4706,396.06,16.82,335,2024-05-02
4055,4538,143.45,97.49,26,2024-11-30
4056,5312,426.45,57.5,209,2024-08-12
4057,1441,176.84,95.22,408,2024-11-14
4058,5706,65.19,88.58,32,2025-04-02
4059,4530,471.92,85.97,396,2025-01-20
4060,6241,18.6,19.72,207,2024-05-01
4061,3495,46.16,56.29,30,2025-02-20
4062,3971,499.69,28.82,498,2024-08-03
4063,4572,488.43,37.62,3,2025-02-16
4064,659,245.38,78.19,90,2025-03-21
4065,3077,278.2,79.96,496,2024-09-23
4066,415,1.39,12.88,487,2024-10-06
4067,1102,175.68,72.06,364,2024-09-12
4068,5413,281.42,49.31,392,2024-05-26
4069,3458,472.71,95.62,357,2024-12-27
4070,6996,194.2,25.28,161,2025-02-13
4071,4037,20.79,34.75,304,2024-12-02
4072,5221,88.84,46.34,24,2025-03-02
4073,9002,34.02,63.37,70,2024-05-12
4074,9316,44.82,90.17,206,2025-04-06
4075,1659,449.95,28.16,137,2025-03-18
4076,4701,2.07,72.54,497,2025-02-08
4077,691,87.55,64.01,373,2024-11-08
4078,3694,30.57,70.53,62,2024-07-19
4079,3524,184.87,92.41,424,2024-06-05
4080,7317,467.08,57.73,415,2024-05-03
4081,1681,65.46,72.52,1,2025-02-14
4082,3971,258.34,67.8,368,2024-06-05
4083,742,472.45,14.56,364,2024-08-08
4084,2864,203.6,15.54,197,2025-03-19
4085,3728,323.89,31.99,425,2025-02-13
4086,623,91.19,99.94,409,2024-08-29
4087,1898,487.32,43.71,352,2024-11-04
4088,2137,359.97,3.96,5,2024-11-06
4089,8764,436.29,66.82,483,2024-12-04
4090,9641,166.86,91.03,184,2025-03-18
4091,9937,279.09,18.34,405,2024-10-10
4092,1741,369.57,53.33,83,2024-11-24
4093,9339,40.5,33.35,307,2025-03-06
4094,2374,475.34,11.59,463,2024-08-09
4095,8972,60.76,60.95,38,2024-12-21
4096,2674,477.51,33.51,479,2024-10-05
4097,6539,50.44,76.0,146,2024-09-24
4098,3418,303.63,31.84,498,2024-11-05
4099,1829,132.93,91.42,411,2025-03-11
4100,4257,362.25,9.81,477,2024-06-04
4101,6034,407.38,7.16,372,2024-05-18
4102,1762,109.56,61.33,1,2024-11-16
4103,1286,480.22,41.67,397,2024-08-03
4104,6649,99.02,76.71,20,2024-07-11
4105,7586,451.09,35.59,32,2024-10-14
4106,102,316.57,24.12,64,2024-11-07
4107,7122,179.97,28.37,321,2024-07-13
4108,7350,242.92,21.21,35,2024-10-13
4109,4609,313.72,41.76,310,2024-08-17
4110,9752,171.69,51.77,184,2024-06-27
4111,8336,214.7,92.38,263,2025-02-14
4112,2620,78.65,72.05,439,2024-09-18
4113,250,446.74,69.27,141,2024-10-09
4114,8964,242.0,80.75,449,2024-07-08
4115,8467,330.78,86.4,324,2024-08-27
4116,4880,150.12,9.45,430,2025-02-12
4117,96,466.56,23.78,107,2024-09-25
4118,3272,230.08,94.47,30,2024-10-22
4119,5566,372.62,75.1,271,2024-07-08
4120,6316,499.04,70.73,245,2024-08-08
4121,1999,27.58,6.71,348,2025-03-17
4122,2792,228.25,31.92,268,2025-03-30
4123,2733,158.03,59.37,305,2024-10-03
4124,1184,330.73,2.47,256,2024-12-27
4125,7662,39.8,21.01,302,2025-01-25
4126,8250,159.77,69.61,125,2025-03-24
4127,6452,119.94,69.58,379,2024-07-31
4128,2047,188.3,45.55,432,2024-09-24
4129,930,311.91,63.61,122,2024-10-10
4130,9906,342.43,11.82,8,2025-01-09
4131,4863,378.11,58.79,484,2024-08-28
4132,7901,196.53,37.11,258,2024-08-28
4133,7685,353.46,64.59,494,2024-11-22
4134,5843,120.97,50.86,19,2024-10-10
4135,2976,202.28,47.96,161,2025-01-28
4136,2562,88.2,40.99,364,2025-03-10
4137,3834,266.15,31.74,48,2024-10-01
4138,8547,195.96,61.77,359,2025-04-24
4139,8203,85.06,43.85,453,2024-12-10
4140,9319,163.2,77.11,68,2024-09-28
4141,2145,145.9,67.69,250,2024-12-08
4142,2235,313.57,90.49,402,2025-01-01
4143,4113,377.15,34.37,196,2024-07-12
4144,5508,367.97,77.07,102,2024-11-18
4145,8771,267.83,47.77,492,2024-06-28
4146,7083,61.19,30.31,93,2025-03-08
4147,3705,197.71,56.23,77,2024-09-10
4148,6651,181.48,36.57,204,2024-07-06
4149,9706,398.63,26.32,271,2024-07-04
4150,42,417.08,58.65,79,2024-08-08
4151,5379,213.76,35.83,28,2025-01-07
4152,3500,335.15,49.58,370,2024-09-23
4153,8959,344.05,14.75,50,2024-09-10
4154,2297,294.32,0.38,105,2025-01-15
4155,8497,471.33,87.2,423,2025-04-01
4156,55,248.16,76.53,256,2024-07-31
4157,979,238.88,63.57,289,2024-07-30
4158,3151,314.13,74.09,319,2025-02-21
4159,185,193.83,12.87,292,2024-10-10
4160,1136,204.26,61.98,178,2025-02-05
4161,7316,184.54,36.81,23,2025-04-17
4162,8519,339.74,94.66,172,2025-04-18
4163,7546,489.23,7.89,18,2025-02-05
4164,4041,362.81,60.25,313,2025-01-05
4165,5276,56.82,36.34,56,2024-05-15
4166,8595,249.07,17.81,148,2025-04-09
4167,3029,365.77,66.23,390,2025-03-12
4168,1646,323.1,66.63,471,2024-07-13
4169,7060,290.51,39.64,265,2024-12-24
4170,3339,219.77,87.44,115,2024-09-13
4171,4200,255.79,48.94,146,2024-06-02
4172,4026,127.3,24.06,352,2025-01-23
4173,3918,255.17,59.12,358,2024-06-12
4174,7447,347.67,47.3,452,2024-12-23
4175,7923,353.5,30.86,117,2024-08-12
4176,1858,331.9,86.16,222,2024-08-31
4177,9623,262.04,1.68,203,2024-12-15
4178,9480,402.94,94.33,149,2024-11-20
4179,4154,111.05,67.64,371,2024-11-06
4180,4339,419.58,77.67,492,2024-06-20
4181,7686,35.0,40.8,224,2025-02-19
4182,5801,16.0,64.98,377,2024-10-30
4183,2166,308.19,28.66,267,2024-10-27
4184,8911,369.35,54.07,5,2025-02-06
4185,9955,122.82,40.88,164,2025-03-19
4186,1284,321.81,47.77,422,2025-03-02
4187,6216,258.32,16.43,330,2025-03-25
4188,3894,448.34,7.74,68,2024-06-27
4189,6868,267.06,51.75,80,2024-07-07
4190,9240,409.87,95.6,333,2025-03-04
4191,555,498.75,1.34,494,2024-10-27
4192,9970,121.87,58.1,136,2025-02-03
4193,1398,175.18,0.64,103,2024-12-14
4194,4404,307.54,23.95,130,2024-07-28
4195,5994,468.08,91.52,229,2024-09-27
4196,2287,477.79,76.3,113,2025-04-15
4197,9389,9.09,85.29,422,2024-11-18
4198,2983,221.21,26.97,201,2025-01-15
4199,130,302.9,52.68,166,2024-05-07
4200,515,365.21,47.66,152,2024-10-15
4201,2038,158.12,92.0,416,2024-05-12
4202,3889,320.65,10.13,296,2024-10-31
4203,3538,151.2,51.32,493,2024-06-07
4204,2295,431.17,91.92,356,2024-05-13
4205,8788,75.86,96.9,0,2025-01-10
4206,5756,104.07,4.91,466,2025-02-03
4207,44,25.5,98.47,2,2024-11-19
4208,4895,77.26,21.37,22,2025-01-12
4209,4694,89.23,45.27,174,2024-06-16
4210,9603,371.08,23.14,426,2024-09-03
4211,443,442.0,4.24,168,2024-06-14
4212,5835,271.78,48.59,344,2025-01-29
4213,9163,267.85,34.29,352,2024-07-26
4214,3313,81.06,42.52,316,2024-10-06
4215,987,473.62,44.19,378,2025-03-30
4216,9227,453.19,20.08,152,2024-09-16
4217,5994,308.22,74.96,448,2024-07-18
4218,7363,492.31,15.62,154,2024-10-14
4219,3699,259.18,87.01,485,2024-06-12
4220,5143,269.06,62.31,401,2025-02-05
4221,821,254.73,39.12,251,2024-06-25
4222,7478,393.0,18.58,147,2024-12-24
4223,9253,369.19,79.04,400,2025-03-30
4224,149,436.5,59.22,453,2024-05-28
4225,3224,228.17,98.19,421,2024-09-09
4226,4566,442.05,89.74,26,2025-01-18
4227,8801,276.62,62.89,343,2024-12-15
4228,7999,273.19,17.76,128,2024-08-30
4229,5829,282.81,89.16,395,2024-08-12
4230,4814,367.13,2.66,340,2024-09-06
4231,6196,365.5,42.48,284,2024-12-11
4232,3534,194.18,9.55,332,2024-06-05
4233,3133,109.38,48.9,89,2024-09-28
4234,8772,51.6,93.31,266,2024-06-17
4235,2322,160.38,85.04,300,2025-02-21
4236,3880,138.35,91.78,331,2025-02-27
4237,5125,473.98,53.96,418,2025-04-09
4238,9722,418.56,32.43,78,2024-12-03
4239,1557,356.37,6.79,43,2024-12-31
4240,9075,231.7,77.58,125,2025-02-01
4241,9121,484.6,10.05,424,2025-01-19
4242,345,299.06,90.73,468,2025-03-23
4243,8077,446.03,83.95,388,2025-02-09
4244,1809,101.43,67.46,297,2025-03-10
4245,9345,162.0,59.04,47,2024-05-18
4246,9032,59.74,81.56,476,2024-07-10
4247,5041,145.08,76.26,197,2024-06-18
4248,624,280.9,9.18,194,2024-11-22
4249,2791,185.9,35.5,256,2024-05-25
4250,5525,425.89,72.9,265,2025-04-30
4251,9573,139.52,59.12,42,2024-09-18
4252,7281,106.98,76.9,204,2024-08-09
4253,99,97.69,21.68,376,2024-07-30
4254,2494,268.44,13.85,56,2024-05-14
4255,9887,246.52,18.5,271,2024-06-01
4256,4050,341.71,57.31,49,2025-04-20
4257,2262,41.36,91.58,124,2024-09-04
4258,1858,35.14,99.55,350,2025-01-16
4259,5258,474.51,33.61,21,2025-02-12
4260,500,473.33,28.52,392,2024-05-26
4261,203,123.56,33.93,301,2024-11-15
4262,2423,23.97,92.55,330,2025-02-07
4263,8616,252.08,89.66,52,2024-11-10
4264,4520,13.3,72.93,55,2025-04-03
4265,4972,399.54,93.25,331,2024-07-27
4266,8051,334.94,18.56,237,2024-12-19
4267,7795,456.08,60.77,393,2024-10-23
4268,3345,171.59,99.39,422,2025-04-30
4269,8371,497.2,16.45,485,2024-08-01
4270,9409,106.33,41.11,254,2024-10-27
4271,2078,135.6,24.45,357,2025-03-06
4272,6548,342.7,97.49,391,2024-07-01
4273,3280,266.06,54.6,292,2024-12-11
4274,9483,415.58,10.32,152,2024-06-09
4275,6167,169.53,52.8,278,2024-05-07
4276,8841,109.82,23.35,2,2024-07-18
4277,905,38.72,81.53,474,2024-07-30
4278,9206,486.71,68.27,306,2024-09-23
4279,5807,345.54,11.31,162,2024-05-05
4280,9761,226.68,6.78,262,2024-10-28
4281,4441,15.9,2.79,232,2024-05-26
4282,6161,54.38,60.36,490,2025-01-06
4283,5705,408.64,50.81,489,2024-11-16
4284,3800,460.36,66.76,58,2024-06-01
4285,1245,394.82,19.17,396,2024-07-05
4286,2552,68.48,48.24,425,2024-08-13
4287,1997,402.04,34.97,167,2024-07-19
4288,3132,347.09,57.03,186,2024-06-10
4289,1104,444.59,34.63,389,2024-05-22
4290,2448,224.76,99.73,465,2024-10-28
4291,7623,472.85,43.17,26,2024-11-21
4292,412,47.11,62.64,461,2024-04-30
4293,1484,378.75,62.15,168,2024-07-09
4294,4754,7.51,74.33,307,2024-08-21
4295,5356,450.59,17.81,254,2024-09-10
4296,1485,472.22,7.83,111,2025-01-15
4297,9613,294.34,17.14,177,2025-04-07
4298,605,264.61,31.09,234,2024-08-26
4299,3038,182.33,46.27,411,2024-10-04
4300,9322,54.45,83.33,323,2024-11-30
4301,6621,56.28,93.89,406,2025-02-04
4302,2913,432.47,61.6,138,2024-12-08
4303,1389,127.69,78.2,84,2024-08-14
4304,8262,284.06,74.72,284,2024-07-12
4305,8570,339.08,12.91,7,2024-07-30
4306,7985,48.38,9.41,161,2025-04-24
4307,8325,483.0,68.15,31,2025-03-29
4308,2825,276.74,20.51,23,2024-11-23
4309,1703,41.37,3.03,248,2024-12-02
4310,1923,55.78,97.95,267,2024-08-27
4311,1629,438.12,28.09,389,2024-08-10
4312,442,31.35,13.87,128,2025-04-25
4313,3258,174.57,6.48,24,2024-07-12
4314,3841,330.33,90.66,10,2025-03-07
4315,2880,227.87,95.97,481,2024-09-20
4316,7200,48.22,71.73,162,2024-09-12
4317,3903,334.74,0.61,49,2024-04-30
4318,5724,377.12,44.7,232,2025-04-26
4319,1806,90.92,37.16,203,2025-04-05
4320,739,317.95,61.9,419,2025-02-28
4321,4724,401.23,23.24,93,2024-06-21
4322,610,376.04,21.58,345,2024-07-12
4323,6418,192.47,53.93,375,2024-07-23
4324,5115,16.02,32.92,173,2025-04-10
4325,3954,11.29,59.37,73,2024-05-12
4326,6186,148.64,36.49,481,2024-12-30
4327,8589,379.94,64.66,43,2024-12-17
4328,7424,117.43,50.19,324,2025-04-18
4329,7194,383.72,43.61,65,2025-02-21
4330,3851,224.66,33.26,321,2024-09-12
4331,248,398.72,97.63,45,2024-12-30
4332,1746,485.05,85.03,392,2025-03-30
4333,7058,241.6,0.86,190,2024-09-23
4334,190,68.02,25.59,365,2025-03-25
4335,3413,391.23,55.08,461,2024-05-21
4336,6923,216.93,15.45,273,2024-12-18
4337,8040,86.78,69.15,312,2024-09-01
4338,2868,191.45,26.33,334,2024-06-10
4339,3534,91.01,91.52,430,2024-09-20
4340,5796,236.06,24.57,313,2024-06-21
4341,868,201.92,55.99,282,2024-10-08
4342,5029,249.24,92.94,482,2024-08-31
4343,5592,129.54,54.72,498,2024-05-26
4344,8441,417.15,87.74,467,2024-08-28
4345,8867,156.78,35.65,473,2024-11-08
4346,7073,124.3,8.02,63,2025-04-26
4347,3704,300.52,40.93,237,2024-07-16
4348,6625,246.32,93.18,125,2024-08-03
4349,6131,317.06,96.05,100,2025-01-10
4350,2225,78.91,9.52,53,2024-10-14
4351,8147,388.99,9.62,196,2025-03-27
4352,279,273.76,93.73,193,2024-08-15
4353,3599,113.06,41.63,482,2024-12-26
4354,5266,120.0,23.69,444,2024-08-28
4355,9647,343.52,78.84,349,2024-12-16
4356,7543,93.13,66.31,493,2024-06-25
4357,8042,343.53,24.63,155,2025-01-16
4358,3231,165.69,13.73,126,2024-07-25
4359,1663,446.97,59.81,354,2025-04-18
4360,1210,144.23,0.24,38,2024-05-17
4361,8105,200.82,66.34,378,2024-10-18
4362,1689,196.71,56.18,51,2025-04-22
4363,6925,385.53,68.56,250,2025-01-26
4364,6755,24.13,3.12,227,2025-03-24
4365,9554,321.66,73.92,202,2024-12-18
4366,3786,185.59,33.49,16,2024-07-30
4367,5943,210.28,66.47,15,2024-06-04
4368,4912,342.07,25.9,83,2025-03-02
4369,3609,32.11,92.14,133,2024-08-30
4370,9667,235.16,62.31,450,2024-05-10
4371,9675,200.5,53.75,492,2025-04-05
4372,5686,9.31,37.59,416,2024-11-24
4373,6874,37.98,63.03,131,2024-10-09
4374,4059,221.9,96.28,427,2024-06-23
4375,3365,5.39,10.23,113,2024-05-13
4376,2339,1.84,35.26,1,2024-08-27
4377,2473,456.96,19.17,274,2025-02-28
4378,4858,75.26,64.98,62,2024-06-08
4379,2700,150.39,51.51,450,2024-10-10
4380,8974,436.48,90.06,33,2024-08-27
4381,9822,499.54,28.92,179,2024-11-20
4382,7088,458.48,3.51,341,2025-04-02
4383,2459,119.26,91.58,77,2025-02-10
4384,6579,373.92,36.96,98,2024-05-18
4385,5511,15.64,36.62,86,2025-04-18
4386,8943,18.58,22.87,292,2025-03-23
4387,3883,428.74,22.58,195,2024-07-01
4388,6078,233.98,95.67,321,2024-09-12
4389,5168,15.28,95.4,99,2024-10-22
4390,8299,55.67,87.54,406,2024-05-17
4391,1763,311.19,61.06,361,2024-08-16
4392,9857,203.86,31.47,0,2024-07-09
4393,3039,422.42,31.54,25,2024-12-16
4394,4416,201.15,56.74,447,2024-09-23
4395,7927,458.32,51.33,287,2024-09-18
4396,5906,245.6,79.9,468,2025-04-14
4397,762,347.68,33.62,193,2024-07-16
4398,2483,106.89,55.53,299,2025-01-26
4399,5337,241.72,49.68,41,2024-10-18
4400,3933,311.91,27.96,301,2024-12-06
4401,6328,381.9,9.49,322,2024-09-23
4402,3042,109.16,92.91,225,2025-04-17
4403,7612,462.23,75.21,281,2024-06-10
4404,8803,324.08,40.79,331,2024-10-26
4405,2447,192.79,66.15,56,2024-12-10
4406,5528,295.1,97.86,324,2024-12-17
4407,952,345.24,16.77,332,2024-07-22
4408,8393,46.95,47.97,106,2024-07-30
4409,7489,101.92,55.93,451,2024-12-13
4410,16,267.87,22.56,136,2024-12-12
4411,5851,256.46,42.31,314,2024-09-05
4412,2244,375.15,22.08,268,2025-02-22
4413,7213,244.63,27.46,446,2024-05-14
4414,6849,370.27,61.15,146,2024-08-07
4415,5882,419.05,52.55,16,2025-01-03
4416,7693,269.45,60.91,480,2024-07-14
4417,6429,382.26,91.12,475,2024-11-20
4418,7080,363.29,7.34,147,2024-07-31
4419,4265,153.11,48.02,463,2024-09-26
4420,4308,73.54,89.31,406,2025-03-28
4421,6887,130.15,41.76,353,2024-09-08
4422,2653,318.78,74.55,47,2024-08-03
4423,1683,287.43,51.81,150,2024-10-05
4424,5854,460.97,17.21,33,2024-08-25
4425,1354,464.95,82.24,131,2024-07-18
4426,949,170.53,97.51,471,2024-05-12
4427,9377,437.9,78.01,357,2024-09-17
4428,7741,104.48,32.46,388,2024-06-12
4429,2847,445.88,34.38,210,2025-04-05
4430,3587,341.87,68.43,439,2024-05-23
4431,7217,237.93,90.33,274,2024-10-22
4432,2847,401.67,45.3,201,2025-01-03
4433,3678,157.51,88.78,157,2025-01-24
4434,8539,413.94,45.23,205,2024-09-07
4435,1910,458.73,30.39,239,2024-07-13
4436,5871,51.88,11.06,305,2024-09-26
4437,1885,124.12,39.66,489,2024-11-06
4438,1115,189.84,71.13,367,2025-04-22
4439,1773,326.65,73.67,39,2024-05-05
4440,400,396.76,75.27,229,2024-11-28
4441,2161,23.43,50.45,482,2024-10-08
4442,2457,40.42,25.11,23,2024-12-14
4443,3004,162.42,74.47,317,2025-02-10
4444,5038,35.63,83.09,267,2024-07-05
4445,1189,463.2,44.47,30,2024-06-14
4446,2021,65.16,88.95,156,2025-04-29
4447,7417,283.67,42.4,345,2025-02-06
4448,8588,123.39,64.08,152,2025-02-06
4449,7531,361.48,35.38,25,2025-02-13
4450,5776,85.56,65.43,424,2025-03-04
4451,4832,78.52,34.46,474,2024-10-16
4452,7363,1.0,63.55,55,2024-05-26
4453,3141,439.51,42.8,361,2025-03-19
4454,9911,362.83,51.85,378,2024-06-22
4455,7326,295.44,80.0,485,2024-06-19
4456,264,469.72,63.3,344,2025-03-28
4457,392,128.43,89.57,40,2024-07-30
4458,7793,271.92,54.13,327,2024-09-24
4459,2166,156.09,82.35,228,2024-07-13
4460,551,153.89,55.97,137,2025-04-14
4461,4325,474.79,41.64,192,2025-02-07
4462,5619,269.06,78.69,465,2024-12-16
4463,6723,439.24,95.75,343,2024-09-13
4464,5536,218.8,63.86,190,2024-12-17
4465,4214,322.38,9.78,244,2024-05-13
4466,6545,2.56,18.58,288,2025-02-25
4467,318,419.97,88.43,56,2024-06-06
4468,4428,197.88,21.14,301,2024-12-02
4469,4287,158.35,8.89,175,2025-01-27
4470,6737,8.31,87.99,239,2024-07-11
4471,7104,368.05,19.7,327,2024-09-12
4472,9592,466.57,38.43,90,2024-12-31
4473,822,497.45,71.63,154,2024-12-22
4474,8083,20.89,80.25,29,2024-06-22
4475,956,268.08,59.92,261,2024-09-05
4476,8612,446.55,55.99,359,2024-09-19
4477,1235,47.02,85.8,477,2024-06-09
4478,2357,391.47,77.36,416,2024-12-22
4479,9366,392.68,79.22,442,2024-05-16
4480,2142,432.03,9.49,109,2024-09-29
4481,385,379.51,20.92,400,2025-04-21
4482,4124,117.11,25.92,29,2024-06-24
4483,1287,368.23,53.1,287,2024-09-25
4484,2365,145.93,5.27,158,2025-01-28
4485,1951,167.87,59.15,23,2024-05-20
4486,1118,63.33,72.11,10,2024-05-11
4487,6405,8.16,37.34,178,2024-08-23
4488,7970,206.09,85.66,286,2024-09-09
4489,6682,452.0,82.31,37,2024-09-05
4490,1290,49.68,92.41,57,2025-03-24
4491,9962,315.28,18.76,287,2024-06-23
4492,2577,32.68,87.01,200,2024-07-28
4493,7475,80.52,30.25,64,2025-02-23
4494,7552,391.4,18.02,378,2024-10-23
4495,356,448.47,50.52,236,2025-01-24
4496,6773,40.8,26.0,164,2024-12-05
4497,8130,13.54,99.61,447,2025-02-12
4498,5571,48.56,23.52,15,2024-07-03
4499,2799,208.02,77.79,6,2025-03-16
4500,3405,456.94,7.81,273,2024-05-30
4501,617,225.81,50.58,281,2025-01-13
4502,6951,282.77,77.39,132,2025-02-01
4503,8168,161.43,51.84,84,2024-08-02
4504,5389,359.56,46.71,314,2024-12-28
4505,8608,453.07,13.48,213,2025-01-30
4506,9154,162.85,38.53,123,2025-04-24
4507,2106,127.68,45.71,184,2024-08-26
4508,7610,167.35,22.05,66,2024-07-12
4509,2382,376.24,25.5,60,2025-02-16
4510,6796,118.02,38.16,216,2025-01-12
4511,6910,242.05,5.58,98,2024-10-13
4512,3370,295.31,89.33,125,2024-10-21
4513,2004,249.3,19.71,124,2025-02-16
4514,4794,222.23,67.36,209,2024-11-19
4515,6772,146.21,60.5,471,2024-09-06
4516,2115,234.54,53.72,455,2024-10-21
4517,1103,381.03,49.6,299,2025-01-08
4518,3753,61.13,94.93,266,2025-04-24
4519,3024,405.2,49.78,323,2024-06-16
4520,1653,467.43,13.97,181,2025-04-05
4521,3725,85.65,15.77,41,2024-12-26
4522,6601,412.81,33.5,80,2024-07-29
4523,4449,479.91,34.19,337,2025-01-11
4524,9871,140.19,17.88,215,2024-12-23
4525,9242,48.24,75.79,65,2024-07-24
4526,226,132.42,51.21,435,2025-02-09
4527,6520,375.75,73.92,176,2025-04-07
4528,2976,50.55,43.38,153,2024-05-06
4529,1014,371.23,70.78,44,2024-12-29
4530,9717,486.72,93.05,326,2025-04-03
4531,937,320.22,99.82,415,2024-05-25
4532,3639,175.09,79.39,154,2024-09-20
4533,1427,166.82,16.29,171,2025-01-13
4534,5081,399.43,83.46,268,2024-08-04
4535,6467,279.65,78.76,128,2024-09-03
4536,6148,331.26,71.44,324,2025-04-21
4537,4563,228.81,47.88,416,2025-04-17
4538,7434,296.78,5.91,15,2024-10-18
4539,4712,98.58,24.47,287,2025-02-02
4540,8727,410.94,55.34,463,2025-01-26
4541,5144,194.92,33.45,469,2025-04-24
4542,3353,192.97,78.91,90,2024-08-16
4543,3569,392.56,1.24,336,2025-02-23
4544,6176,185.24,63.58,136,2024-05-31
4545,9971,7.93,12.09,226,2024-08-11
4546,7791,148.18,60.51,290,2024-07-01
4547,8157,401.5,54.5,375,2024-12-14
4548,1783,168.1,88.41,414,2024-06-11
4549,4089,205.41,71.27,243,2025-03-14
4550,6658,426.88,33.78,93,2024-09-21
4551,6735,218.45,91.82,108,2024-10-31
4552,986,328.88,87.63,345,2024-08-31
4553,5727,241.77,51.69,238,2025-01-04
4554,9236,344.66,82.24,145,2024-05-02
4555,2922,181.1,65.12,401,2024-07-03
4556,6833,306.84,6.67,121,2024-10-10
4557,182,448.39,19.88,412,2025-04-02
4558,2815,464.49,77.79,134,2025-02-04
4559,7636,120.03,69.52,151,2025-03-30
4560,2215,278.03,47.24,422,2024-12-30
4561,150,485.35,95.83,283,2024-10-01
4562,5486,13.81,69.14,37,2025-03-10
4563,5430,177.55,68.3,315,2024-12-03
4564,8224,82.85,57.08,430,2024-10-01
4565,7470,199.61,11.61,69,2024-06-04
4566,8199,265.77,59.18,92,2024-10-27
4567,6353,302.66,30.17,430,2024-05-17
4568,1576,347.24,73.86,83,2025-04-07
4569,8808,169.21,86.82,389,2024-09-26
4570,595,338.67,10.24,374,2024-05-08
4571,8165,377.57,35.45,77,2025-02-21
4572,2200,426.72,6.08,190,2025-03-29
4573,1488,202.3,18.99,262,2024-10-01
4574,8979,398.02,10.5,342,2024-05-02
4575,586,173.42,71.53,360,2024-06-13
4576,7700,412.73,86.17,363,2024-08-05
4577,8278,454.93,82.63,118,2024-08-24
4578,6707,374.31,53.11,99,2024-11-29
4579,9186,192.56,32.83,158,2025-04-19
4580,5754,52.0,24.66,347,2024-08-26
4581,1500,383.37,8.88,102,2025-02-15
4582,6840,269.87,45.28,327,2024-07-01
4583,8397,418.97,99.69,224,2024-07-23
4584,8016,171.92,87.22,197,2024-08-21
4585,6083,492.7,7.18,432,2024-09-20
4586,9210,407.69,38.09,226,2024-09-05
4587,6687,201.85,86.87,165,2024-09-08
4588,7491,220.15,34.68,160,2024-12-27
4589,7806,99.95,36.51,144,2024-05-18
4590,604,101.29,86.34,332,2024-12-23
4591,4475,289.86,0.99,409,2024-12-19
4592,1395,399.53,31.45,66,2024-09-08
4593,9072,395.49,72.87,152,2024-10-20
4594,7051,26.42,93.94,431,2025-02-11
4595,4744,467.27,96.5,96,2025-03-19
4596,69,267.64,66.54,143,2024-10-11
4597,3893,142.02,61.76,476,2024-07-11
4598,9139,480.72,5.6,55,2024-07-23
4599,7319,182.75,24.86,341,2024-09-07
4600,8117,176.98,32.01,234,2025-02-22
4601,5352,450.88,23.6,177,2024-09-26
4602,2029,69.33,28.46,106,2024-06-05
4603,134,76.94,27.8,441,2024-12-23
4604,6050,250.41,32.28,41,2024-08-12
4605,167,211.62,78.78,130,2024-08-05
4606,3417,406.94,36.75,372,2024-09-19
4607,9961,342.99,12.2,444,2024-08-28
4608,9835,183.84,19.56,4,2024-12-22
4609,582,92.12,38.99,311,2025-01-09
4610,5852,113.16,72.16,83,2025-02-16
4611,3580,288.72,57.25,376,2025-02-22
4612,2182,464.89,69.54,438,2024-11-26
4613,9804,46.43,13.96,115,2025-04-18
4614,8549,455.34,55.09,75,2025-03-23
4615,6533,126.84,9.02,309,2025-02-24
4616,5192,428.42,62.4,26,2024-08-02
4617,9936,248.27,84.33,307,2024-11-29
4618,4877,199.58,53.39,151,2024-08-11
4619,7672,137.59,76.85,97,2024-05-28
4620,4374,14.87,63.09,176,2024-09-20
4621,6978,299.6,21.18,36,2025-04-11
4622,5125,492.29,96.81,500,2025-04-05
4623,2386,315.65,37.1,205,2025-02-14
4624,7527,138.45,79.17,262,2024-11-26
4625,5374,348.71,5.92,83,2024-05-09
4626,3365,310.66,81.92,305,2024-10-05
4627,7084,489.09,51.94,201,2024-12-22
4628,2949,45.96,65.77,446,2024-08-20
4629,1816,484.08,93.13,383,2024-09-17
4630,4927,142.12,51.98,246,2025-02-07
4631,1975,138.57,91.34,378,2024-11-26
4632,5043,406.27,20.83,451,2024-12-02
4633,4789,21.39,8.54,53,2024-12-05
4634,2980,469.32,87.67,372,2025-03-06
4635,7099,463.56,11.04,61,2025-03-04
4636,9959,61.43,80.05,471,2024-04-30
4637,5301,373.41,77.97,446,2024-07-21
4638,2619,186.87,38.11,285,2024-08-07
4639,9917,348.45,38.28,24,2024-10-12
4640,6876,326.79,23.87,364,2025-01-07
4641,2143,98.22,73.88,264,2024-10-19
4642,4743,189.69,40.28,90,2024-10-15
4643,6609,323.87,99.84,355,2024-12-29
4644,5089,449.27,75.39,423,2024-06-13
4645,4241,349.84,5.36,26,2025-01-07
4646,8710,396.85,27.11,17,2024-05-15
4647,7086,160.75,45.48,111,2024-09-22
4648,4196,114.19,40.43,187,2025-04-15
4649,3019,116.83,15.56,262,2024-10-09
4650,5109,280.16,94.88,328,2025-01-13
4651,6542,223.54,2.09,330,2025-04-26
4652,3487,463.58,44.01,400,2024-06-08
4653,3633,155.55,57.17,448,2025-01-02
4654,7763,385.35,59.69,434,2025-02-08
4655,2164,275.93,80.02,229,2024-08-17
4656,2482,419.79,32.1,300,2024-11-12
4657,1647,391.09,35.35,340,2024-05-12
4658,1513,39.87,43.26,441,2025-03-10
4659,8903,27.55,81.58,170,2024-11-10
4660,2147,199.08,41.6,165,2025-01-25
4661,1046,465.59,22.25,238,2024-07-24
4662,9159,289.32,83.27,255,2025-01-18
4663,6771,363.91,6.85,111,2025-01-08
4664,9560,223.43,58.18,250,2025-01-08
4665,3085,497.77,74.98,280,2024-08-04
4666,7947,200.71,91.43,144,2025-04-17
4667,4122,397.35,47.34,246,2024-10-03
4668,7948,493.9,14.0,156,2024-07-09
4669,71,267.22,24.86,424,2025-02-11
4670,6511,151.54,52.69,12,2024-10-05
4671,3738,436.27,71.3,132,2024-12-10
4672,316,424.97,32.18,226,2024-09-21
4673,9036,284.53,55.15,248,2024-12-30
4674,887,432.29,42.41,157,2024-09-11
4675,1434,214.68,65.42,431,2025-03-24
4676,3728,439.75,48.12,465,2025-03-26
4677,4016,149.48,4.32,326,2025-02-12
4678,5331,38.31,55.22,263,2024-05-16
4679,3414,344.03,83.97,104,2024-06-11
4680,6048,94.75,88.05,172,2025-03-18
4681,8741,405.46,11.05,187,2024-10-29
4682,9376,8.05,0.75,18,2025-03-12
4683,1557,462.92,41.01,377,2024-12-17
4684,3739,4.44,74.62,190,2025-03-12
4685,264,397.19,92.84,161,2024-08-18
4686,4608,5.0,1.33,41,2024-12-14
4687,9803,50.96,72.81,116,2025-04-10
4688,5027,243.51,16.34,123,2024-07-26
4689,1342,489.27,19.46,89,2025-02-09
4690,5032,124.8,59.66,356,2024-12-23
4691,5238,335.29,62.85,470,2024-09-11
4692,6434,154.73,83.83,178,2025-01-05
4693,9131,53.93,5.98,429,2024-09-30
4694,2409,283.51,89.63,144,2024-11-30
4695,4991,383.62,58.35,78,2024-05-13
4696,7018,425.72,88.07,77,2024-07-08
4697,9571,486.61,16.29,243,2024-09-17
4698,3492,386.89,28.66,499,2024-08-13
4699,3803,174.67,24.74,145,2024-07-21
4700,3791,394.43,80.04,303,2025-02-18
4701,7240,222.25,32.49,471,2025-04-24
4702,6393,418.45,53.08,453,2024-12-21
4703,4101,294.17,71.32,241,2025-04-14
4704,1452,43.55,52.27,341,2024-06-09
4705,7723,94.33,37.97,464,2024-06-14
4706,4876,68.4,83.69,341,2024-10-24
4707,5231,379.54,23.01,376,2025-01-31
4708,369,321.84,32.85,13,2024-08-29
4709,7496,240.88,45.31,257,2024-07-30
4710,1144,421.85,32.41,377,2025-03-19
4711,7524,18.0,53.66,5,2025-04-22
4712,8402,438.9,34.59,283,2024-05-08
4713,5035,55.64,58.73,346,2024-10-06
4714,1657,419.61,78.4,107,2024-09-05
4715,4557,380.75,51.78,452,2025-03-12
4716,4657,113.25,71.99,107,2024-12-25
4717,8445,102.22,83.88,306,2024-12-02
4718,887,190.32,48.36,30,2025-04-10
4719,1819,478.83,47.99,466,2024-05-20
4720,6579,233.1,86.25,170,2024-12-26
4721,4905,139.46,96.45,49,2024-08-29
4722,6349,161.94,40.53,253,2024-08-25
4723,3221,202.07,35.76,208,2024-09-17
4724,6426,174.31,12.01,21,2025-03-02
4725,6871,296.24,24.03,50,2024-12-21
4726,1407,82.72,56.94,161,2024-08-06
4727,8577,410.35,6.35,388,2024-05-06
4728,1823,358.88,46.89,103,2025-04-12
4729,4812,319.09,95.78,390,2024-05-02
4730,4436,416.63,84.55,454,2025-04-11
4731,8051,178.22,33.99,395,2024-12-30
4732,6585,274.88,61.33,285,2024-11-29
4733,4058,41.3,33.45,25,2025-01-07
4734,6702,145.17,85.16,294,2025-03-28
4735,6313,395.29,26.66,141,2024-05-23
4736,9246,475.32,13.19,119,2024-10-05
4737,9745,466.17,36.91,411,2024-11-30
4738,5508,367.13,24.79,473,2024-07-21
4739,8212,68.88,14.91,237,2024-09-09
4740,7971,497.88,76.18,98,2025-03-01
4741,5968,443.56,0.63,33,2024-07-06
4742,7130,379.99,41.71,49,2024-11-28
4743,5167,393.85,7.18,483,2024-08-13
4744,4645,259.1,94.98,208,2024-12-28
4745,5174,118.66,17.57,381,2024-11-06
4746,3913,95.52,1.33,110,2024-06-30
4747,1455,209.97,14.98,438,2024-09-14
4748,492,162.11,83.95,208,2024-05-20
4749,4216,278.4,57.77,378,2024-10-01
4750,5272,60.46,6.58,25,2025-04-11
4751,7559,447.35,3.62,342,2024-11-06
4752,2348,360.27,15.7,75,2024-08-01
4753,8205,203.42,8.22,236,2025-01-15
4754,9211,17.22,94.35,15,2025-03-11
4755,4264,175.2,23.81,376,2024-06-11
4756,2405,270.73,41.42,394,2024-11-08
4757,3165,262.09,67.09,423,2024-12-09
4758,1316,316.08,66.44,198,2025-01-02
4759,7182,136.63,66.49,171,2024-10-30
4760,7630,111.94,68.77,77,2025-04-29
4761,8593,213.48,33.69,409,2024-08-07
4762,9192,26.26,77.67,304,2025-03-29
4763,8303,141.86,23.88,334,2025-02-19
4764,8077,382.99,12.15,454,2025-02-08
4765,8678,8.05,89.57,466,2024-09-29
4766,5161,396.53,51.15,274,2024-12-30
4767,8095,11.21,79.9,386,2024-10-06
4768,14,155.48,71.65,162,2024-09-03
4769,5421,107.0,31.65,342,2024-09-21
4770,5458,329.73,49.13,116,2024-10-08
4771,641,498.73,36.63,52,2025-01-15
4772,1306,271.08,9.25,497,2024-08-30
4773,7305,341.8,10.99,2,2024-07-26
4774,3990,387.4,58.99,455,2024-11-25
4775,196,277.75,90.62,415,2024-07-21
4776,7470,306.65,73.56,36,2024-08-24
4777,8629,442.0,88.94,174,2024-09-25
4778,1224,408.65,47.94,408,2024-06-11
4779,321,421.14,90.7,425,2025-04-30
4780,6189,4.98,90.97,340,2025-04-25
4781,2323,97.96,50.73,430,2025-02-12
4782,5600,209.76,20.81,213,2024-05-16
4783,7655,347.84,85.25,378,2025-01-25
4784,6428,406.87,10.36,129,2025-01-07
4785,7168,195.19,89.46,416,2024-05-26
4786,4878,236.45,86.87,142,2024-07-02
4787,2322,477.29,71.69,427,2024-11-05
4788,2320,449.86,78.37,443,2024-12-28
4789,8548,113.34,0.59,8,2024-11-21
4790,7267,329.07,11.42,155,2025-02-19
4791,2549,341.48,25.87,415,2024-06-19
4792,1117,478.25,82.68,341,2025-01-04
4793,9866,210.63,35.01,39,2024-10-02
4794,5691,264.79,18.52,47,2024-12-31
4795,8885,496.78,16.16,347,2024-12-06
4796,3493,242.83,54.4,52,2024-07-02
4797,6607,91.37,82.64,137,2025-03-07
4798,2391,147.26,39.37,220,2025-04-16
4799,8761,487.36,90.38,74,2025-01-02
4800,2998,392.43,79.17,319,2024-08-14
4801,6071,164.11,20.46,106,2024-06-27
4802,5193,62.14,60.3,9,2024-12-23
4803,9868,423.25,87.67,475,2025-04-01
4804,8659,161.64,39.34,77,2025-04-16
4805,3759,182.46,93.58,161,2024-05-23
4806,7930,280.94,86.44,303,2025-01-20
4807,8765,24.64,14.19,384,2025-04-28
4808,6452,4.58,77.65,120,2024-06-05
4809,4124,363.29,66.5,153,2024-08-08
4810,803,83.92,54.51,112,2024-12-21
4811,8774,444.38,81.99,475,2024-07-25
4812,4958,73.91,7.85,34,2024-06-17
4813,104,498.04,58.9,400,2025-03-21
4814,2172,210.48,58.67,467,2025-02-25
4815,1821,287.36,97.71,92,2025-04-12
4816,7473,262.83,1.03,167,2025-03-31
4817,1108,13.87,76.11,405,2025-03-27
4818,5873,445.41,56.08,47,2024-07-02
4819,5415,270.46,42.8,444,2024-09-11
4820,1411,23.65,70.45,491,2025-01-27
4821,1590,118.4,0.2,318,2024-11-26
4822,677,160.18,10.39,238,2025-02-04
4823,1385,261.94,98.04,156,2024-05-18
4824,1646,334.0,94.28,428,2025-01-03
4825,104,302.64,54.2,134,2024-09-12
4826,9237,400.61,16.77,102,2024-07-23
4827,5731,321.9,7.38,452,2025-01-28
4828,5511,467.18,53.81,249,2024-05-21
4829,1595,160.32,67.5,221,2025-01-07
4830,2214,68.14,66.81,182,2025-01-31
4831,6141,419.71,37.48,83,2025-01-15
4832,9993,255.91,71.92,492,2024-07-11
4833,1554,80.53,56.37,40,2024-07-03
4834,9398,144.89,47.48,69,2024-11-19
4835,269,231.98,46.69,226,2024-08-07
4836,3472,24.51,31.66,432,2025-01-23
4837,8591,290.35,63.88,275,2024-07-26
4838,7012,150.85,55.3,479,2024-12-04
4839,6573,187.13,1.49,442,2025-02-09
4840,5512,411.46,95.19,316,2024-12-10
4841,667,122.81,94.23,428,2024-05-25
4842,4340,382.5,38.13,164,2024-05-24
4843,9525,227.49,76.21,177,2024-12-03
4844,9978,19.42,4.49,266,2024-09-01
4845,445,119.62,31.43,182,2024-08-31
4846,2723,374.26,55.42,166,2024-10-27
4847,2763,219.67,99.45,179,2025-04-18
4848,1377,493.54,84.18,481,2024-10-18
4849,7657,234.56,0.37,455,2025-02-14
4850,8205,447.3,52.54,11,2025-03-11
4851,8657,206.21,40.37,408,2025-03-27
4852,3186,80.47,47.88,381,2025-02-16
4853,2042,425.78,83.27,357,2024-12-07
4854,4186,99.06,53.23,494,2025-04-09
4855,9951,34.76,5.12,482,2025-02-21
4856,2619,198.13,7.11,418,2025-03-10
4857,9819,181.66,5.79,96,2024-12-18
4858,7752,22.4,23.08,375,2024-06-03
4859,4553,465.91,59.23,410,2024-05-13
4860,9517,349.23,35.78,45,2025-02-03
4861,9565,46.46,23.19,13,2024-07-19
4862,7986,102.34,31.21,95,2024-09-07
4863,8448,99.83,38.86,333,2025-01-30
4864,2202,454.62,84.46,246,2024-07-10
4865,1872,472.62,19.19,97,2024-11-23
4866,562,45.03,69.92,490,2024-06-21
4867,8410,306.95,25.26,81,2024-07-09
4868,7481,324.18,21.16,192,2024-08-22
4869,8031,357.37,63.69,262,2024-12-04
4870,6917,382.55,44.3,473,2024-10-17
4871,1092,447.92,7.57,296,2024-06-15
4872,5663,251.5,59.69,334,2025-03-07
4873,5592,47.67,49.96,260,2025-04-10
4874,9839,225.13,57.06,180,2024-09-23
4875,212,148.89,72.68,164,2024-12-14
4876,4851,460.69,10.67,265,2024-09-27
4877,3472,20.23,52.17,318,2024-12-25
4878,5506,325.15,13.79,345,2024-07-13
4879,2619,254.5,26.2,233,2025-02-01
4880,4210,422.26,3.24,22,2025-04-05
4881,6981,360.1,27.74,284,2024-11-18
4882,2301,7.17,37.26,86,2024-08-14
4883,7219,161.73,14.62,155,2025-02-09
4884,1068,238.14,95.91,184,2024-07-03
4885,1264,211.54,83.25,132,2024-12-21
4886,6270,257.28,22.57,347,2025-03-19
4887,2976,426.6,99.0,444,2025-01-28
4888,7578,487.88,74.29,446,2025-04-07
4889,4837,63.16,86.36,400,2024-06-09
4890,5917,298.45,18.63,401,2024-10-14
4891,4316,231.03,48.41,342,2024-12-11
4892,3424,35.42,9.01,400,2024-11-05
4893,5574,143.26,10.45,251,2024-09-17
4894,6736,483.56,3.66,55,2025-01-22
4895,2026,91.88,3.34,207,2024-06-10
4896,5467,439.98,72.35,31,2024-09-19
4897,6039,113.1,23.53,133,2024-09-02
4898,5572,459.58,81.37,198,2025-02-23
4899,8173,223.28,89.38,314,2025-03-23
4900,8205,190.29,14.75,373,2024-10-29
4901,1107,473.86,91.63,281,2024-12-22
4902,4113,117.77,79.53,53,2024-10-04
4903,6594,34.42,83.24,129,2024-04-30
4904,2632,351.36,14.61,500,2024-11-07
4905,3612,51.15,64.41,330,2025-03-17
4906,8065,386.02,19.02,92,2025-03-22
4907,1475,112.81,46.92,277,2025-04-09
4908,8663,56.81,30.73,155,2024-12-09
4909,23,363.64,52.92,308,2024-08-07
4910,8226,77.0,98.81,325,2025-03-05
4911,9454,487.96,11.89,237,2024-06-16
4912,8025,291.6,40.62,48,2024-05-06
4913,2513,23.08,37.0,336,2024-06-29
4914,819,273.5,85.96,492,2024-07-21
4915,3889,339.09,60.9,31,2024-05-20
4916,2958,30.73,53.9,2,2024-08-22
4917,7056,219.32,53.64,244,2025-02-20
4918,3258,440.59,81.42,410,2025-03-26
4919,1920,36.32,91.52,444,2024-09-07
4920,8596,498.77,81.15,250,2024-06-13
4921,9335,232.78,6.89,256,2024-08-10
4922,527,367.97,82.86,308,2025-04-19
4923,832,122.25,41.78,294,2025-03-26
4924,4941,226.22,97.13,481,2024-11-08
4925,1350,254.15,66.86,118,2025-04-11
4926,5087,0.42,87.04,287,2024-07-05
4927,1447,427.92,28.69,296,2024-09-28
4928,4352,37.73,31.33,223,2024-09-27
4929,5348,237.04,39.71,221,2024-08-03
4930,389,251.83,35.11,98,2024-05-11
4931,4299,405.09,37.93,187,2025-02-03
4932,3865,243.17,47.34,384,2024-08-01
4933,3425,159.17,23.11,334,2024-08-02
4934,2691,162.52,20.36,484,2025-02-05
4935,2135,374.24,43.63,71,2024-07-31
4936,6244,249.2,94.03,413,2024-07-31
4937,700,96.82,97.21,203,2025-03-14
4938,4471,148.75,34.85,364,2024-05-12
4939,8184,198.22,22.11,482,2024-07-15
4940,2129,324.05,85.63,301,2024-08-11
4941,1941,186.08,24.74,422,2024-11-19
4942,7368,445.74,14.35,253,2025-02-06
4943,7398,469.38,7.4,369,2024-08-14
4944,9902,150.58,3.3,286,2025-03-19
4945,5804,283.15,11.67,207,2024-11-23
4946,31,300.21,62.69,185,2024-07-03
4947,4466,455.79,65.55,299,2025-02-19
4948,3673,164.01,58.64,41,2024-11-03
4949,8164,374.54,17.58,471,2024-05-16
4950,9467,393.55,17.79,165,2024-09-11
4951,3571,114.06,40.62,371,2024-11-11
4952,8101,62.17,58.58,50,2024-11-03
4953,3421,154.81,20.43,175,2024-08-13
4954,7251,39.43,55.52,225,2024-07-15
4955,5180,298.98,13.83,105,2024-11-19
4956,8733,81.71,97.96,274,2024-10-14
4957,8524,13.51,13.48,478,2024-09-14
4958,2696,1.85,21.3,244,2025-01-02
4959,9052,388.47,90.88,169,2024-07-15
4960,9278,417.22,52.78,326,2025-04-23
4961,2622,476.12,59.94,58,2024-10-16
4962,7457,383.22,78.83,362,2024-11-13
4963,728,78.88,90.18,69,2025-01-19
4964,8913,309.63,96.27,213,2024-12-17
4965,2930,375.15,9.6,156,2025-02-03
4966,5049,440.43,99.6,155,2024-05-26
4967,1928,204.92,66.56,253,2024-07-13
4968,4846,494.76,14.69,349,2025-04-14
4969,3624,425.86,18.6,436,2024-12-26
4970,335,417.7,51.45,31,2025-03-20
4971,7694,283.7,68.08,371,2024-10-08
4972,2030,301.03,81.31,194,2024-12-30
4973,8236,198.32,9.22,171,2025-01-09
4974,2146,427.09,64.53,90,2024-10-12
4975,8480,493.2,17.55,481,2024-11-18
4976,6831,385.6,5.14,233,2025-03-30
4977,1106,367.51,52.6,261,2025-02-18
4978,2701,286.3,21.58,209,2024-05-09
4979,1183,446.76,88.75,455,2024-08-05
4980,2510,221.55,16.5,13,2025-02-17
4981,1272,67.24,28.08,335,2024-05-01
4982,1606,58.09,95.66,83,2024-05-31
4983,3116,384.11,27.51,413,2024-10-10
4984,4224,345.36,29.16,214,2024-05-28
4985,3648,461.01,49.45,377,2025-04-30
4986,4040,44.47,18.94,400,2025-04-30
4987,2290,121.25,7.47,239,2024-12-11
4988,5138,291.45,83.45,298,2024-11-10
4989,7246,445.23,52.06,302,2024-10-11
4990,9618,83.72,89.07,91,2025-03-16
4991,762,56.42,84.55,232,2025-03-15
4992,5832,8.29,34.31,213,2025-04-22
4993,9672,198.46,78.49,121,2024-09-25
4994,3712,265.08,21.54,318,2024-05-21
4995,6348,334.69,48.66,366,2024-07-29
4996,3278,277.07,59.7,62,2024-11-04
4997,4801,99.0,82.63,269,2025-04-23
4998,8098,189.33,86.33,246,2024-06-01
4999,3946,212.67,8.52,473,2024-10-10
5000,6572,355.18,35.55,42,2024-08-28
5001,1886,144.0,31.65,73,2025-01-30
5002,7903,115.04,92.22,364,2024-09-25
5003,7230,199.47,56.01,63,2025-02-21
5004,2457,440.1,33.98,147,2024-09-04
5005,4738,191.29,71.99,412,2025-03-25
5006,5521,355.73,38.0,251,2024-05-23
5007,932,116.79,21.71,191,2024-09-24
5008,3625,253.82,53.59,88,2024-05-19
5009,1360,169.45,12.04,297,2024-12-24
5010,800,175.45,60.91,358,2025-02-28
5011,3278,354.16,52.87,50,2024-06-04
5012,907,409.28,57.51,41,2025-02-22
5013,4576,49.69,88.94,209,2025-02-06
5014,7461,130.41,71.81,165,2024-12-05
5015,675,348.55,51.64,367,2024-06-21
5016,5871,440.82,97.44,417,2024-05-13
5017,8545,303.49,30.85,110,2024-10-19
5018,9287,414.12,12.93,87,2024-07-02
5019,6202,315.0,25.38,331,2025-04-23
5020,1534,354.86,28.27,158,2024-07-09
5021,3229,95.89,43.23,218,2024-08-15
5022,2674,426.99,44.45,318,2025-02-21
5023,3898,405.8,7.39,81,2024-10-17
5024,3949,67.22,71.15,50,2025-04-29
5025,3335,261.08,22.05,120,2024-09-12
5026,2450,466.61,47.71,420,2025-02-08
5027,7958,444.83,20.5,350,2024-08-26
5028,6964,395.22,75.52,262,2025-02-24
5029,2401,139.03,91.32,238,2025-03-08
5030,2071,14.87,74.93,459,2025-01-19
5031,4453,481.0,17.87,497,2025-01-07
5032,4746,20.48,19.74,209,2025-04-06
5033,8783,205.47,64.7,433,2024-08-20
5034,6116,417.45,93.94,247,2024-08-28
5035,977,305.48,52.72,139,2024-11-11
5036,1390,198.36,67.79,456,2025-01-24
5037,9414,238.13,76.71,332,2025-02-09
5038,2401,424.62,96.77,135,2025-04-19
5039,6071,177.13,98.35,334,2025-04-24
5040,8682,215.03,75.41,360,2024-11-25
5041,4728,111.5,94.13,361,2024-05-15
5042,6530,234.88,24.83,493,2025-04-07
5043,1747,270.99,27.27,222,2025-04-26
5044,9982,106.33,30.02,67,2024-11-12
5045,3713,353.93,93.32,472,2024-06-26
5046,7475,370.85,3.34,421,2025-03-06
5047,7600,237.26,17.11,150,2025-02-07
5048,3669,52.89,61.19,278,2025-01-28
5049,969,7.03,58.56,128,2024-07-12
5050,4435,303.73,74.07,145,2024-10-10
5051,5336,394.04,7.66,354,2025-04-21
5052,9994,117.26,12.17,19,2024-05-10
5053,8635,122.88,44.42,351,2024-12-11
5054,469,320.52,93.64,334,2024-09-29
5055,1872,447.16,26.14,499,2024-10-03
5056,3940,60.75,71.32,207,2024-08-12
5057,7422,442.86,72.6,452,2024-06-27
5058,4958,467.85,39.57,392,2024-05-30
5059,6510,396.86,79.35,152,2025-04-15
5060,9356,417.59,91.9,435,2025-01-12
5061,3513,195.02,44.24,333,2025-03-14
5062,4935,49.58,66.98,25,2025-04-12
5063,1776,15.86,60.64,391,2025-03-20
5064,943,66.92,29.45,331,2024-09-05
5065,8581,487.87,80.13,328,2024-07-05
5066,3687,338.17,62.02,123,2025-01-06
5067,6063,89.48,82.3,293,2025-02-05
5068,8599,190.86,7.29,385,2024-05-23
5069,759,190.8,51.45,134,2024-05-06
5070,9835,395.54,56.44,355,2024-10-30
5071,6737,174.95,2.66,39,2025-01-12
5072,8684,71.98,55.08,388,2025-03-27
5073,9119,377.73,78.03,477,2024-10-06
5074,9797,207.85,69.64,133,2024-12-01
5075,9370,205.84,48.45,118,2024-10-03
5076,1655,95.62,48.21,85,2025-04-24
5077,6491,216.8,64.51,152,2024-07-12
5078,9151,469.99,69.58,342,2024-06-02
5079,6453,221.16,85.39,259,2024-07-01
5080,2009,97.56,92.26,279,2025-03-13
5081,4410,25.76,8.37,498,2024-11-05
5082,3708,387.36,52.34,269,2025-01-11
5083,4503,5.58,10.84,277,2024-06-18
5084,543,53.09,48.8,65,2025-03-15
5085,6243,273.55,0.06,213,2025-04-07
5086,1443,422.62,45.67,158,2024-05-22
5087,7417,97.66,41.0,297,2024-11-23
5088,4111,249.47,35.99,269,2024-07-04
5089,8519,9.7,54.69,217,2024-12-28
5090,8528,450.94,39.42,347,2025-04-23
5091,7815,494.61,99.51,342,2025-02-06
5092,6577,243.03,58.55,448,2024-05-17
5093,1159,425.1,49.02,441,2024-10-18
5094,3999,208.45,49.64,103,2024-05-07
5095,8177,146.53,6.84,207,2025-02-19
5096,3666,456.91,18.31,6,2024-08-03
5097,8078,350.27,45.83,479,2025-01-15
5098,484,359.02,57.14,102,2025-03-02
5099,4473,407.51,62.81,200,2025-02-23
5100,7095,347.87,23.59,30,2025-03-03
5101,5901,485.58,82.43,345,2024-09-14
5102,7222,372.57,55.43,323,2024-12-27
5103,9814,419.16,10.0,34,2025-02-21
5104,3504,236.49,82.23,410,2024-10-27
5105,7956,262.41,85.22,118,2024-08-30
5106,7503,139.61,96.54,386,2024-09-01
5107,9101,221.56,79.08,148,2024-04-30
5108,8632,89.52,74.03,66,2024-11-06
5109,3697,328.49,29.64,163,2024-09-19
5110,5743,3.35,93.98,192,2024-05-17
5111,4557,319.71,3.01,51,2024-08-14
5112,2895,452.19,94.48,1,2025-04-05
5113,5491,312.56,98.71,202,2024-06-29
5114,3676,76.93,17.96,247,2025-02-03
5115,7719,87.17,66.41,479,2024-07-23
5116,5456,499.85,92.0,1,2024-09-15
5117,8575,282.83,87.49,285,2024-05-20
5118,6215,8.03,33.57,432,2025-02-23
5119,6410,276.98,3.85,101,2024-08-24
5120,1694,292.54,11.6,19,2024-12-26
5121,650,17.08,7.0,428,2024-05-19
5122,842,397.94,53.93,357,2024-08-27
5123,9770,300.8,43.81,281,2024-10-03
5124,8509,28.44,2.22,96,2024-12-18
5125,7312,110.31,85.34,98,2024-05-26
5126,3997,95.64,99.67,195,2025-04-17
5127,6159,374.41,44.59,197,2025-02-19
5128,9149,379.35,73.0,376,2025-03-13
5129,9164,93.8,56.48,276,2025-04-12
5130,7188,128.33,83.02,217,2024-08-17
5131,4291,482.8,9.91,138,2025-03-14
5132,7823,488.01,95.05,442,2024-08-29
5133,6632,317.7,19.79,78,2025-03-05
5134,96,290.98,9.57,323,2024-12-19
5135,4886,326.45,66.15,91,2024-07-28
5136,7238,485.83,97.83,18,2024-07-08
5137,5943,377.34,88.93,425,2024-06-02
5138,2668,308.46,96.81,105,2024-12-23
5139,1284,358.2,26.17,233,2024-05-14
5140,9490,150.54,71.49,216,2024-07-10
5141,9086,104.48,61.29,55,2025-02-04
5142,676,446.19,78.67,430,2024-07-04
5143,185,347.48,41.52,433,2024-06-30
5144,1508,171.5,43.31,333,2024-07-22
5145,1147,461.86,68.29,126,2024-11-04
5146,1425,440.25,99.06,374,2025-04-28
5147,1576,195.29,3.52,21,2024-10-02
5148,143,301.16,83.07,314,2025-03-22
5149,1790,462.86,57.45,292,2025-04-25
5150,949,101.89,35.51,182,2024-05-04
5151,3176,310.63,86.67,89,2025-02-22
5152,5697,105.67,38.62,31,2024-10-21
5153,4360,167.11,58.86,209,2024-06-06
5154,2117,435.81,83.04,384,2025-02-18
5155,4291,162.26,89.01,173,2025-03-25
5156,3742,148.87,88.71,16,2025-02-24
5157,2149,89.94,23.29,339,2024-08-09
5158,4966,165.76,43.92,367,2024-06-14
5159,4022,457.56,31.46,103,2025-03-12
5160,6538,4.28,13.99,373,2024-11-01
5161,1485,43.1,89.86,391,2025-01-30
5162,7045,170.63,80.43,102,2024-05-09
5163,1066,57.72,47.38,141,2025-04-17
5164,6461,385.77,57.87,210,2025-03-25
5165,7279,86.02,70.99,315,2024-09-16
5166,2211,112.22,50.18,45,2024-05-29
5167,6989,376.42,72.32,154,2024-06-19
5168,2716,171.54,48.8,195,2024-08-11
5169,7303,420.23,61.18,12,2025-04-25
5170,743,429.29,7.26,480,2024-08-07
5171,6625,178.97,0.15,206,2024-08-15
5172,9790,120.92,59.81,265,2024-11-19
5173,7715,332.59,59.85,278,2024-06-13
5174,3347,22.37,77.66,11,2025-04-18
5175,2687,299.74,49.9,229,2024-11-04
5176,5495,41.5,78.22,87,2024-07-31
5177,8678,465.33,84.16,100,2024-06-27
5178,6799,135.48,11.39,281,2024-05-20
5179,6606,1.09,42.58,110,2024-05-18
5180,1153,348.03,77.31,251,2025-01-13
5181,4058,325.33,84.45,156,2024-08-26
5182,4211,441.62,11.1,318,2024-09-01
5183,3579,270.99,28.04,493,2024-07-29
5184,2954,450.24,91.58,197,2024-12-28
5185,5135,296.03,56.0,434,2024-05-24
5186,6274,361.51,51.98,116,2024-09-11
5187,6895,169.78,49.39,191,2024-06-12
5188,6492,248.86,59.61,253,2024-07-02
5189,7077,47.99,43.33,483,2025-02-02
5190,4998,477.36,19.92,461,2024-09-05
5191,2840,218.95,61.3,147,2024-12-25
5192,1229,479.99,25.44,335,2024-06-24
5193,1545,80.93,80.14,227,2025-03-12
5194,3414,312.34,32.67,436,2024-12-20
5195,8732,277.32,78.06,2,2025-03-22
5196,2099,44.01,38.42,122,2024-06-25
5197,1750,31.19,16.98,236,2024-09-10
5198,1779,462.96,44.1,411,2024-11-24
5199,251,340.24,76.78,251,2024-12-25
5200,1666,93.09,19.02,161,2025-02-24
5201,7140,82.13,28.37,344,2024-07-26
5202,2140,417.25,85.89,293,2025-03-15
5203,3412,414.37,60.16,222,2024-05-13
5204,1996,267.65,21.16,54,2024-07-30
5205,5650,122.15,78.96,264,2024-10-23
5206,7977,161.78,85.77,100,2024-10-02
5207,2713,2.75,80.04,307,2025-02-03
5208,1178,443.93,8.36,337,2024-12-27
5209,6842,137.34,57.28,426,2024-10-10
5210,4194,43.24,73.95,364,2024-08-03
5211,1404,159.74,45.98,404,2024-08-02
5212,5698,307.81,80.14,279,2024-11-30
5213,3873,248.36,14.18,180,2024-09-02
5214,2107,418.81,13.67,496,2024-07-08
5215,1222,83.22,44.26,331,2025-03-19
5216,6474,489.53,45.22,297,2025-01-19
5217,6541,471.52,2.76,470,2024-05-11
5218,5838,55.44,40.71,245,2025-02-14
5219,2705,321.02,53.43,404,2024-12-24
5220,6612,256.63,55.46,261,2024-10-27
5221,7151,490.18,7.62,186,2024-07-23
5222,2029,423.25,73.88,253,2025-01-09
5223,7793,39.05,83.81,341,2024-10-15
5224,1225,300.19,43.42,166,2024-07-08
5225,5810,388.56,5.81,287,2025-02-09
5226,4434,10.57,58.36,84,2024-06-15
5227,5281,76.46,33.24,267,2025-02-04
5228,487,162.69,76.57,348,2024-08-24
5229,4237,59.76,85.98,195,2025-04-07
5230,4362,479.8,98.08,279,2024-12-04
5231,233,338.48,41.64,5,2024-12-27
5232,6887,77.93,98.68,170,2024-12-20
5233,6295,354.13,61.67,181,2024-08-23
5234,4520,45.13,5.22,350,2024-05-06
5235,560,202.46,98.22,200,2025-04-24
5236,3455,210.62,75.29,147,2024-12-02
5237,7618,406.68,40.07,346,2024-09-05
5238,628,18.3,92.22,34,2025-01-29
5239,9084,345.55,93.45,398,2025-04-26
5240,1342,73.62,93.19,19,2025-01-16
5241,234,335.57,51.61,53,2025-03-02
5242,1375,199.07,60.67,430,2025-01-23
5243,2528,219.85,90.22,40,2024-05-21
5244,3959,305.6,63.03,154,2025-04-19
5245,8565,31.8,33.93,1,2024-06-09
5246,6115,124.78,89.27,306,2024-08-02
5247,5277,130.19,3.16,396,2024-07-26
5248,1373,37.88,53.4,351,2024-05-19
5249,5630,107.34,7.08,117,2025-01-22
5250,8927,318.62,20.36,385,2024-09-20
5251,5518,481.22,25.34,301,2025-03-30
5252,1407,255.42,84.17,422,2025-01-15
5253,6214,438.0,20.31,490,2024-09-17
5254,6967,249.25,11.57,374,2024-08-02
5255,6594,366.09,51.71,281,2024-05-16
5256,9272,168.51,50.71,183,2024-05-14
5257,5581,326.42,37.43,385,2024-05-26
5258,9863,342.62,63.23,316,2024-09-21
5259,5966,216.34,29.0,235,2024-06-11
5260,202,220.12,70.8,470,2024-06-19
5261,9550,341.6,86.16,146,2024-06-30
5262,1765,436.62,59.32,307,2025-03-17
5263,437,467.4,20.59,486,2024-12-01
5264,4918,291.3,14.91,400,2025-04-10
5265,9003,153.95,19.17,133,2024-10-03
5266,6295,233.27,72.42,480,2024-08-19
5267,3103,411.32,83.98,75,2024-07-19
5268,251,378.62,67.56,179,2025-03-26
5269,3608,10.88,93.04,73,2025-03-12
5270,3250,284.74,43.37,311,2024-06-18
5271,4300,493.11,88.01,458,2024-08-17
5272,3682,38.47,29.55,25,2025-03-28
5273,6474,228.75,66.83,198,2024-11-06
5274,3726,497.92,80.82,169,2025-02-06
5275,23,68.42,8.2,17,2024-09-20
5276,5191,285.01,95.7,476,2025-01-17
5277,9436,264.37,24.57,359,2025-01-11
5278,1551,189.24,34.07,303,2024-06-29
5279,4482,115.67,46.72,279,2024-06-26
5280,5018,113.87,81.32,195,2025-03-26
5281,1410,343.35,21.56,138,2024-12-14
5282,4953,348.75,61.32,53,2024-05-21
5283,5358,119.77,28.62,326,2025-04-05
5284,8439,345.97,16.8,63,2024-09-16
5285,6449,454.79,31.95,266,2025-04-05
5286,9393,246.3,11.68,231,2024-08-12
5287,3817,75.04,99.29,260,2024-10-07
5288,4797,77.6,16.19,338,2024-12-07
5289,9388,121.56,33.92,326,2024-08-18
5290,8817,220.93,7.86,406,2024-08-10
5291,3486,31.58,23.03,29,2024-10-21
5292,2672,197.02,76.47,412,2025-03-26
5293,5231,327.34,40.19,16,2024-11-07
5294,2330,363.48,47.72,150,2024-10-27
5295,6357,255.04,66.22,464,2024-07-16
5296,5571,2.88,84.73,263,2024-09-11
5297,6495,286.28,64.22,158,2025-02-27
5298,3856,152.72,2.74,257,2024-12-29
5299,9039,4.46,44.66,227,2025-04-25
5300,3948,107.59,96.56,498,2024-06-06
5301,1352,30.61,44.52,244,2024-07-04
5302,1130,390.51,98.89,125,2025-04-13
5303,2258,64.42,93.77,437,2024-05-29
5304,5046,267.95,41.33,146,2025-01-24
5305,725,82.03,18.53,276,2024-11-26
5306,8005,24.67,93.64,369,2024-05-03
5307,1621,370.96,4.43,338,2025-02-26
5308,9463,117.28,26.94,88,2024-07-09
5309,4739,231.8,9.28,430,2024-05-03
5310,1356,180.4,13.5,77,2025-04-04
5311,4288,204.87,13.73,117,2024-11-15
5312,6912,374.06,46.12,117,2025-04-10
5313,46,150.54,43.14,441,2024-10-05
5314,5501,449.57,77.57,338,2024-11-12
5315,820,434.57,17.12,351,2025-04-08
5316,4899,232.52,22.85,190,2024-07-21
5317,7046,95.96,19.8,418,2024-07-23
5318,2511,346.62,66.38,123,2024-07-03
5319,9677,292.49,25.06,497,2024-06-18
5320,6272,492.23,4.84,413,2024-11-13
5321,5717,323.77,88.25,371,2025-02-03
5322,7421,405.53,47.87,259,2024-06-23
5323,2948,457.77,98.38,343,2025-01-27
5324,8943,390.91,32.46,487,2025-04-04
5325,9433,344.98,79.92,276,2025-01-08
5326,3470,494.12,48.68,134,2025-01-12
5327,5843,232.2,6.15,38,2024-08-05
5328,4561,11.55,91.56,126,2024-12-13
5329,307,80.91,16.69,0,2024-08-13
5330,500,237.2,31.44,112,2024-12-02
5331,4880,179.85,37.4,252,2024-08-26
5332,425,217.95,26.29,445,2025-02-08
5333,6593,391.03,70.25,475,2024-05-05
5334,8002,106.83,15.48,427,2024-07-03
5335,4719,222.11,59.09,432,2024-06-16
5336,8801,246.53,49.21,138,2025-02-19
5337,6231,391.45,15.57,212,2024-06-07
5338,7558,418.79,44.71,378,2025-03-01
5339,1484,89.13,88.64,6,2025-03-28
5340,786,281.73,9.99,491,2024-09-14
5341,8450,432.68,66.18,408,2024-11-24
5342,1886,392.47,74.96,436,2025-02-19
5343,5688,39.83,84.24,271,2025-02-19
5344,8803,69.87,34.93,268,2024-12-21
5345,6761,251.06,43.54,318,2025-04-07
5346,5182,75.07,53.37,225,2024-11-12
5347,2979,6.44,23.35,472,2024-09-12
5348,9504,483.13,80.47,481,2025-04-22
5349,5142,372.16,94.17,499,2025-03-02
5350,4911,71.81,7.82,404,2025-02-11
5351,4965,334.32,15.92,187,2024-08-20
5352,8621,223.72,27.94,349,2025-02-07
5353,6985,450.04,18.27,227,2024-08-06
5354,9201,373.5,56.48,447,2025-04-16
5355,8931,401.81,67.39,181,2024-10-10
5356,6966,437.58,46.36,43,2024-11-17
5357,1438,240.95,7.7,288,2024-07-01
5358,3881,226.34,6.18,131,2024-08-19
5359,4583,470.61,99.6,251,2024-12-31
5360,8584,5.14,68.47,23,2024-05-17
5361,7477,327.72,82.67,427,2024-10-30
5362,7519,207.0,6.49,243,2025-02-14
5363,8613,206.24,9.36,457,2024-09-22
5364,1857,188.47,94.94,22,2025-03-31
5365,9168,4.74,54.97,139,2024-10-22
5366,5628,293.74,43.05,326,2024-06-01
5367,7650,29.4,25.01,224,2025-03-11
5368,2741,105.14,30.74,6,2025-01-23
5369,45,53.87,17.08,86,2024-07-25
5370,7324,277.03,64.08,268,2025-01-07
5371,1110,70.51,83.78,128,2024-09-28
5372,2332,58.89,39.08,373,2025-04-18
5373,1794,286.47,6.66,152,2024-10-21
5374,7027,289.57,85.03,194,2025-04-29
5375,3018,17.65,92.1,466,2024-06-17
5376,7936,73.07,38.21,324,2025-02-23
5377,8682,160.47,49.03,181,2024-10-07
5378,5004,114.98,31.21,199,2024-12-14
5379,8696,35.24,11.29,271,2024-10-18
5380,1034,160.88,66.29,6,2025-01-11
5381,9490,195.02,97.11,155,2025-02-13
5382,3323,404.93,80.6,70,2024-06-11
5383,7199,60.11,60.09,99,2024-11-25
5384,8048,302.34,73.19,340,2024-12-22
5385,4336,20.64,83.28,264,2025-04-28
5386,7274,109.96,41.74,328,2024-08-22
5387,7327,381.09,33.31,275,2024-07-28
5388,168,343.64,68.27,114,2024-08-27
5389,2914,299.75,65.85,338,2024-06-05
5390,6270,234.09,97.64,148,2024-07-23
5391,8756,124.17,4.67,286,2024-08-30
5392,8455,417.26,16.28,491,2024-12-24
5393,9941,38.11,54.43,348,2024-07-30
5394,7631,424.88,78.81,446,2025-03-11
5395,9844,249.72,61.72,366,2024-11-07
5396,2220,317.64,2.3,421,2024-06-07
5397,3736,18.99,1.24,105,2024-06-09
5398,4681,212.74,85.91,235,2024-07-18
5399,956,388.54,73.09,289,2024-10-15
5400,2033,343.6,50.52,298,2024-10-04
5401,7976,46.52,1.92,64,2025-02-17
5402,8165,191.61,49.13,195,2025-02-14
5403,6013,341.43,33.69,205,2024-12-27
5404,8550,363.19,5.64,170,2024-10-05
5405,8441,74.97,32.94,95,2024-08-16
5406,3565,404.65,75.53,361,2025-04-02
5407,7813,33.89,31.02,29,2024-12-17
5408,9905,102.7,61.12,381,2025-04-23
5409,7860,292.92,10.12,126,2024-11-10
5410,6519,418.21,47.16,356,2024-08-13
5411,5520,115.96,90.16,362,2024-06-11
5412,9388,334.31,30.16,87,2024-12-27
5413,4821,122.56,95.58,378,2024-09-20
5414,8329,254.43,96.07,345,2024-10-01
5415,4579,129.91,46.47,186,2024-09-18
5416,8979,259.1,53.41,309,2025-03-08
5417,5296,34.4,50.63,363,2024-06-24
5418,4019,193.65,86.84,349,2025-02-19
5419,7322,438.98,43.47,469,2024-12-15
5420,307,154.11,24.66,499,2025-03-02
5421,6259,192.82,56.39,438,2024-11-21
5422,1641,67.07,5.26,245,2024-05-25
5423,5839,289.61,14.32,283,2024-09-23
5424,551,281.25,29.18,173,2024-05-26
5425,8805,144.59,98.94,332,2024-07-24
5426,1721,29.65,15.59,400,2024-05-29
5427,3611,496.04,50.68,131,2024-10-23
5428,7353,197.54,0.02,21,2025-03-14
5429,6316,451.52,94.93,363,2024-08-24
5430,5473,215.78,13.41,210,2024-12-30
5431,4571,155.5,31.62,210,2024-12-01
5432,6821,117.88,85.3,118,2024-09-30
5433,447,358.82,98.9,99,2025-01-07
5434,4143,393.1,37.47,275,2024-07-21
5435,6204,79.73,33.8,211,2024-06-14
5436,9202,452.14,8.4,104,2025-02-06
5437,1913,454.28,34.87,42,2024-11-08
5438,1428,445.7,19.71,92,2024-06-19
5439,6274,412.32,74.11,45,2024-11-01
5440,3953,379.66,67.1,358,2024-05-14
5441,1304,157.27,78.51,492,2024-09-13
5442,2247,278.34,56.32,447,2025-01-18
5443,6340,383.08,32.32,380,2024-09-05
5444,544,418.64,46.1,111,2025-01-10
5445,9797,417.85,43.98,78,2024-08-23
5446,5358,18.82,57.46,73,2024-07-21
5447,1140,219.98,94.7,223,2024-11-21
5448,1009,383.57,66.71,33,2024-08-27
5449,8634,273.89,59.1,463,2024-07-30
5450,6960,315.65,83.64,477,2024-12-18
5451,4843,302.13,66.17,115,2024-10-10
5452,9677,243.49,31.33,479,2025-04-18
5453,6840,49.35,47.64,90,2025-03-04
5454,9658,429.18,39.52,39,2025-02-22
5455,5280,74.0,90.44,292,2025-03-09
5456,8900,320.37,7.29,379,2024-11-14
5457,3463,352.21,21.43,337,2025-02-16
5458,803,328.18,20.77,269,2024-08-25
5459,277,433.97,73.68,210,2024-08-20
5460,5908,126.74,15.29,274,2024-05-09
5461,5101,416.77,94.49,158,2024-11-23
5462,7078,231.45,32.69,129,2025-04-10
5463,4807,367.1,64.46,270,2024-08-16
5464,2690,473.14,73.79,122,2024-10-08
5465,8708,336.52,99.82,167,2024-11-26
5466,9052,20.08,75.24,104,2025-02-14
5467,344,496.51,1.03,379,2024-11-18
5468,2233,468.08,27.24,304,2025-01-17
5469,8517,494.51,75.18,263,2025-01-11
5470,3242,217.7,91.66,300,2024-08-02
5471,9611,221.78,70.71,305,2024-11-26
5472,314,311.26,76.49,268,2024-10-30
5473,6169,237.04,55.09,11,2024-05-09
5474,3532,438.97,11.17,86,2024-07-13
5475,6710,496.67,88.83,498,2025-01-23
5476,6101,373.18,72.21,7,2025-01-24
5477,1867,293.92,80.34,17,2025-02-21
5478,7859,127.36,89.92,174,2024-05-08
5479,3494,450.83,44.17,274,2024-07-04
5480,6487,87.24,86.69,7,2024-12-06
5481,9590,366.59,82.12,405,2024-12-30
5482,9881,449.54,84.34,194,2025-03-16
5483,4573,18.96,10.31,69,2025-02-26
5484,2081,489.34,33.48,73,2025-03-16
5485,5761,494.6,90.19,492,2025-03-30
5486,3710,111.69,81.41,401,2025-03-13
5487,7587,351.5,9.5,166,2025-04-13
5488,2166,131.27,38.77,354,2024-08-25
5489,6004,243.55,68.74,212,2025-02-02
5490,1722,278.67,90.54,318,2024-08-10
5491,8066,162.47,48.48,356,2024-06-15
5492,2966,380.03,36.97,186,2025-01-08
5493,1858,94.73,49.67,236,2024-07-13
5494,7326,392.43,54.74,106,2024-12-02
5495,5116,299.65,92.74,297,2024-06-18
5496,1972,252.15,70.64,138,2025-02-07
5497,9898,460.74,60.22,71,2025-04-11
5498,4503,335.21,30.38,93,2024-12-13
5499,3637,120.52,89.41,454,2025-03-11
5500,5031,422.96,81.08,218,2024-05-18
5501,8806,221.8,11.92,253,2025-04-05
5502,6017,209.29,86.98,323,2024-06-27
5503,6554,218.57,76.91,319,2024-10-22
5504,9657,118.29,46.99,88,2024-05-31
5505,6527,230.06,79.01,301,2024-08-09
5506,8559,406.89,11.23,490,2025-02-06
5507,8362,53.63,6.77,375,2024-08-15
5508,861,411.87,63.57,246,2025-04-22
5509,4028,378.14,98.28,42,2025-01-02
5510,4566,19.36,88.19,481,2024-07-23
5511,6262,24.17,92.97,406,2024-12-16
5512,8532,171.95,60.28,47,2025-03-09
5513,733,460.59,18.25,20,2025-02-03
5514,4151,232.18,0.15,118,2025-02-09
5515,3412,210.0,2.75,320,2024-05-27
5516,3595,269.48,46.25,464,2024-08-17
5517,3546,395.03,46.09,142,2024-08-10
5518,7831,213.54,87.86,210,2024-06-18
5519,8361,179.25,61.16,388,2024-07-25
5520,4503,310.42,29.12,462,2024-08-21
5521,6651,75.07,88.74,187,2025-04-19
5522,7280,413.27,32.98,129,2024-09-12
5523,7783,275.34,23.5,154,2024-05-01
5524,7766,238.37,44.94,183,2024-12-03
5525,6694,189.49,89.61,383,2025-01-31
5526,4664,428.26,87.26,269,2024-09-24
5527,4427,274.73,66.73,93,2024-12-27
5528,9771,387.2,49.2,274,2024-09-30
5529,7629,82.55,31.09,390,2024-11-18
5530,3827,227.14,47.02,67,2025-01-12
5531,6851,283.52,37.52,441,2024-07-15
5532,1072,443.08,56.8,185,2024-10-19
5533,9068,102.0,86.58,67,2025-01-26
5534,2577,160.42,65.81,237,2024-06-18
5535,1248,84.39,69.13,347,2024-08-11
5536,9811,252.79,53.18,465,2024-05-31
5537,9388,401.21,35.55,462,2025-01-31
5538,5470,72.95,17.9,480,2024-05-08
5539,7831,368.62,10.41,370,2024-07-04
5540,7633,383.8,29.42,65,2024-05-11
5541,4497,131.68,7.54,14,2025-04-01
5542,9954,78.52,37.33,383,2024-05-21
5543,6941,197.71,78.32,321,2024-05-29
5544,9368,18.03,44.63,217,2024-07-11
5545,9107,472.2,91.77,374,2025-02-25
5546,9553,85.78,31.27,432,2024-12-20
5547,1927,14.53,4.28,425,2025-02-01
5548,3382,484.54,83.5,347,2024-08-12
5549,4261,354.16,37.58,104,2025-01-07
5550,8336,49.52,68.06,29,2025-01-11
5551,3603,245.94,87.25,330,2024-08-26
5552,7807,161.72,28.4,377,2025-02-07
5553,9938,437.07,9.73,401,2025-04-27
5554,4391,380.49,33.52,133,2024-12-05
5555,7881,133.86,42.43,243,2024-11-30
5556,2312,111.72,52.73,499,2024-06-18
5557,1503,278.59,61.48,36,2024-08-01
5558,3635,478.93,28.05,155,2025-02-09
5559,8902,206.51,71.12,14,2024-10-20
5560,9733,348.85,72.36,365,2024-05-21
5561,8394,400.7,67.21,245,2025-03-24
5562,2519,97.77,94.71,133,2025-03-20
5563,6096,487.29,76.82,253,2024-06-26
5564,7496,401.97,71.85,118,2024-07-17
5565,3206,72.32,93.31,85,2025-01-03
5566,5655,71.2,86.98,498,2024-11-17
5567,4152,405.41,65.62,351,2024-09-01
5568,1723,213.38,82.92,367,2024-05-07
5569,4765,7.17,56.18,3,2024-11-25
5570,7045,10.94,73.61,15,2024-10-29
5571,7270,150.2,18.01,302,2024-07-13
5572,1181,79.09,29.73,47,2024-06-21
5573,3063,20.56,87.24,303,2025-04-24
5574,6757,166.07,35.45,127,2024-06-02
5575,3770,394.42,74.68,474,2025-01-05
5576,8460,159.96,68.08,156,2025-01-13
5577,5932,412.85,66.74,97,2024-09-25
5578,9516,139.66,69.65,401,2025-03-15
5579,6694,238.77,40.5,55,2024-09-17
5580,9499,455.47,68.05,4,2025-01-04
5581,1124,185.93,74.47,190,2024-08-23
5582,3420,398.87,61.79,419,2024-05-29
5583,3887,108.73,63.68,381,2024-06-23
5584,4152,344.4,64.52,30,2024-10-16
5585,1097,164.05,61.54,183,2025-01-29
5586,2651,472.8,33.24,167,2024-08-17
5587,8147,212.31,36.87,406,2025-02-07
5588,1951,216.32,24.75,463,2024-11-09
5589,7622,198.86,35.56,500,2024-05-08
5590,6149,65.47,88.04,45,2024-10-27
5591,8481,78.71,41.49,179,2024-08-16
5592,1172,482.54,20.61,288,2024-12-14
5593,9024,247.1,20.41,119,2025-01-08
5594,5066,292.68,16.64,423,2024-07-28
5595,4048,36.75,15.69,378,2024-12-22
5596,3061,428.62,78.01,291,2024-10-08
5597,1007,359.49,70.73,29,2025-02-09
5598,1214,419.3,44.61,112,2025-01-15
5599,6714,380.21,38.33,471,2025-02-17
5600,2597,20.6,8.31,150,2024-10-12
5601,3581,43.45,99.98,114,2024-10-24
5602,1311,454.67,6.14,452,2024-11-22
5603,1163,380.25,80.07,78,2025-03-08
5604,2453,12.74,55.21,361,2024-08-22
5605,3684,238.54,78.26,201,2024-11-06
5606,9114,379.75,44.8,350,2024-08-07
5607,3732,81.09,80.12,474,2024-06-25
5608,7119,220.26,37.93,56,2025-01-30
5609,5445,276.75,44.41,1,2025-01-21
5610,4057,118.97,96.3,328,2025-03-10
5611,8709,65.92,39.18,434,2025-04-08
5612,227,387.3,22.87,251,2025-02-08
5613,1185,427.52,16.01,136,2024-10-17
5614,9272,273.79,67.15,31,2024-10-03
5615,5500,269.68,83.7,75,2024-06-01
5616,3827,292.11,55.88,445,2024-11-16
5617,1989,276.58,4.47,345,2024-05-10
5618,7137,255.83,98.89,461,2025-01-30
5619,7382,223.13,70.03,421,2024-10-29
5620,1015,124.59,65.7,168,2025-01-12
5621,3936,101.27,89.4,400,2024-06-24
5622,2529,285.59,26.82,479,2024-07-01
5623,1941,194.43,30.52,251,2025-01-21
5624,4581,0.04,31.46,385,2024-06-05
5625,3425,334.96,79.0,262,2024-10-29
5626,9397,454.97,62.68,321,2024-07-23
5627,4861,441.66,84.97,182,2024-07-27
5628,8159,13.49,17.19,352,2025-03-29
5629,6566,212.68,77.18,361,2024-07-02
5630,1778,288.26,82.96,370,2025-02-23
5631,9447,261.34,58.14,134,2024-12-10
5632,5859,379.77,16.17,146,2024-09-23
5633,3162,14.22,51.14,370,2024-06-13
5634,1825,140.18,34.72,5,2024-11-25
5635,6927,301.35,89.69,371,2024-11-28
5636,9382,237.26,33.71,230,2025-02-04
5637,6514,342.28,71.43,401,2024-10-07
5638,3908,184.23,76.89,12,2024-12-10
5639,1115,155.49,4.5,487,2024-11-24
5640,7287,490.18,70.39,141,2024-08-25
5641,2931,39.12,15.82,219,2024-09-12
5642,3932,420.47,21.0,360,2024-11-20
5643,3549,101.79,57.81,295,2025-01-16
5644,5310,58.93,72.46,479,2024-09-14
5645,7709,468.96,72.75,423,2024-06-02
5646,8905,90.91,31.12,262,2024-10-05
5647,8636,120.81,23.87,439,2025-04-16
5648,5994,439.13,13.41,342,2024-10-31
5649,1396,260.35,4.47,352,2024-11-18
5650,3598,482.9,9.91,427,2024-11-25
5651,1774,239.51,96.16,295,2024-11-27
5652,2858,96.29,21.01,262,2025-03-31
5653,8870,437.43,31.02,428,2024-11-24
5654,6197,162.31,41.06,468,2024-10-07
5655,4966,212.53,34.34,380,2024-12-11
5656,1638,322.54,12.22,121,2024-09-23
5657,9161,0.68,27.5,196,2024-07-05
5658,8474,42.66,93.52,213,2024-08-30
5659,2468,89.93,41.53,463,2025-02-23
5660,3844,465.46,95.04,270,2024-06-07
5661,3261,493.45,51.91,138,2024-05-08
5662,8419,67.98,33.56,449,2024-11-04
5663,2880,17.01,49.36,120,2024-12-24
5664,5844,303.61,27.48,54,2024-12-08
5665,9807,169.05,17.2,74,2024-06-27
5666,7480,451.5,73.93,126,2025-01-21
5667,6864,361.94,37.49,384,2024-09-30
5668,7857,388.82,53.73,155,2024-07-13
5669,5399,44.12,71.3,336,2024-06-25
5670,1449,405.15,7.27,136,2024-08-21
5671,3277,432.81,88.75,314,2024-10-23
5672,15,168.14,97.48,291,2024-08-22
5673,2860,276.89,18.54,286,2025-03-21
5674,1710,410.22,95.42,481,2024-06-20
5675,4696,317.84,52.21,2,2025-01-20
5676,4005,287.5,28.08,391,2024-06-04
5677,3797,327.77,7.2,287,2024-09-10
5678,9590,46.45,77.17,44,2024-11-01
5679,1209,338.2,49.91,249,2024-11-03
5680,2246,161.23,24.7,84,2025-01-14
5681,2224,196.82,96.72,159,2024-08-13
5682,7122,284.88,40.71,252,2024-07-20
5683,4266,271.63,1.57,487,2024-10-10
5684,729,313.81,60.88,376,2025-03-21
5685,4422,98.38,67.19,240,2024-08-17
5686,6455,381.72,63.37,171,2024-10-21
5687,2361,168.76,75.58,423,2024-10-18
5688,5266,252.32,5.61,263,2024-10-08
5689,8669,262.35,7.2,188,2025-01-15
5690,6430,468.18,78.84,295,2024-06-30
5691,2960,317.97,77.81,117,2024-05-15
5692,7334,179.97,77.07,70,2025-01-09
5693,229,129.75,52.95,151,2025-03-03
5694,9877,104.24,26.89,404,2024-09-03
5695,4152,7.43,77.66,404,2024-11-14
5696,1861,464.06,86.47,103,2025-02-27
5697,6186,435.44,62.7,434,2025-03-17
5698,9384,58.12,19.6,394,2025-04-28
5699,8518,389.04,60.64,172,2024-05-21
5700,7072,414.26,31.87,208,2024-08-05
5701,3865,494.63,54.88,397,2024-09-05
5702,5367,143.86,76.9,14,2024-08-06
5703,1521,258.83,56.02,177,2024-05-11
5704,2457,444.71,63.42,454,2025-04-02
5705,2711,257.04,74.81,322,2025-03-27
5706,7541,12.69,30.91,210,2025-02-15
5707,2264,271.09,43.66,218,2025-03-11
5708,5700,234.18,47.53,248,2025-04-06
5709,3483,64.21,66.49,27,2024-05-09
5710,276,411.97,16.0,232,2024-05-29
5711,7364,9.26,50.81,163,2024-12-25
5712,5519,381.5,41.17,384,2025-04-28
5713,6524,320.7,29.89,141,2024-09-22
5714,1589,373.49,23.82,184,2025-03-30
5715,6707,30.15,66.59,122,2024-12-04
5716,5761,441.0,52.59,440,2024-10-22
5717,1952,359.77,69.05,8,2024-10-14
5718,6436,19.38,94.83,60,2024-06-10
5719,5316,400.98,2.99,44,2025-04-11
5720,8303,10.58,41.05,442,2025-04-22
5721,6680,449.37,98.11,434,2025-02-20
5722,9955,410.09,27.46,147,2024-07-29
5723,367,475.79,19.86,340,2025-04-25
5724,7370,135.08,27.71,190,2024-06-21
5725,2124,335.83,82.89,464,2025-03-12
5726,9582,49.97,46.53,175,2025-01-05
5727,5806,176.82,63.46,445,2024-11-08
5728,757,298.51,21.97,200,2025-04-04
5729,3040,248.7,67.04,215,2025-04-28
5730,9116,226.05,42.76,192,2025-02-04
5731,8553,471.06,97.04,124,2024-10-19
5732,8018,353.63,48.51,109,2024-11-09
5733,8429,449.69,24.39,15,2024-07-11
5734,1115,291.04,89.37,462,2024-10-08
5735,6812,56.74,65.94,259,2024-11-12
5736,2187,237.51,67.89,471,2024-12-29
5737,3597,142.48,16.15,224,2024-06-21
5738,8272,256.8,98.54,479,2024-08-06
5739,7582,492.06,82.68,240,2024-09-06
5740,2679,1.81,32.19,210,2024-09-28
5741,6334,257.56,58.49,239,2025-04-06
5742,9016,98.85,98.14,283,2024-05-19
5743,3321,2.49,91.67,277,2024-07-16
5744,6402,103.18,89.14,117,2025-04-22
5745,1004,184.14,72.16,10,2024-06-19
5746,7068,400.82,75.26,386,2024-08-02
5747,1888,347.8,91.08,340,2025-03-10
5748,197,482.56,33.42,494,2024-12-24
5749,2705,409.25,18.89,326,2024-06-06
5750,2808,271.8,92.95,211,2025-03-17
5751,1562,405.86,77.0,494,2024-05-12
5752,7409,106.97,70.8,136,2024-09-22
5753,4931,106.15,24.72,240,2025-03-23
5754,2655,269.33,9.38,224,2024-09-21
5755,5674,182.66,92.03,53,2025-01-27
5756,1218,477.37,64.54,397,2024-11-08
5757,6949,239.14,30.6,273,2024-06-25
5758,7841,396.3,37.01,0,2024-11-07
5759,4684,446.76,24.31,384,2024-08-01
5760,8939,477.37,62.0,361,2025-04-05
5761,3737,470.56,39.63,310,2024-09-05
5762,9399,268.9,67.45,200,2024-11-10
5763,182,406.71,96.92,206,2024-05-23
5764,7793,58.35,73.41,190,2024-05-08
5765,751,372.98,42.22,122,2024-05-31
5766,8279,158.73,95.48,316,2024-10-30
5767,1,272.85,94.61,334,2025-01-20
5768,4233,373.71,83.28,387,2024-12-27
5769,1289,492.51,34.28,464,2024-08-29
5770,5178,273.81,97.34,404,2025-01-26
5771,7002,439.17,15.46,158,2025-01-19
5772,2746,301.02,4.28,221,2025-03-05
5773,7983,69.34,6.33,389,2025-04-23
5774,6532,232.89,37.08,414,2024-10-20
5775,4643,479.25,93.43,331,2024-09-17
5776,6526,247.05,65.96,462,2024-11-29
5777,2293,476.34,67.63,453,2024-09-04
5778,4776,443.62,91.58,359,2024-09-02
5779,9297,473.14,39.96,91,2025-02-17
5780,5383,92.89,93.8,401,2024-10-12
5781,1439,289.39,97.68,155,2025-03-10
5782,2092,472.78,94.86,276,2024-07-19
5783,6282,349.36,96.98,218,2024-10-28
5784,7676,59.44,41.31,14,2025-04-20
5785,7406,285.19,85.35,324,2024-10-06
5786,4901,234.36,88.51,156,2024-09-07
5787,2810,9.88,23.8,5,2025-02-14
5788,5457,199.76,75.2,136,2024-06-08
5789,9322,474.52,33.85,208,2024-08-03
5790,3376,204.26,42.9,63,2024-05-15
5791,4136,67.04,9.87,323,2025-02-12
5792,8620,365.22,25.76,494,2025-01-12
5793,5203,256.1,82.73,90,2024-05-16
5794,1487,434.42,63.66,234,2025-01-20
5795,1974,313.31,47.78,221,2025-04-18
5796,7133,482.27,55.2,27,2024-09-10
5797,2500,64.04,67.49,234,2024-11-21
5798,9366,52.66,93.46,41,2025-04-18
5799,3686,311.87,99.25,201,2024-10-24
5800,7425,110.63,18.59,29,2024-11-23
5801,4447,307.4,47.47,495,2024-07-26
5802,9957,115.9,48.82,437,2025-01-29
5803,9446,135.33,22.53,405,2025-01-24
5804,5010,205.69,18.4,5,2025-04-16
5805,2902,404.64,46.28,344,2024-09-14
5806,9305,335.27,57.37,141,2024-08-31
5807,4510,75.31,2.34,158,2024-11-16
5808,9414,20.8,65.68,122,2024-11-29
5809,1610,240.8,65.62,342,2025-02-03
5810,1379,52.61,41.23,231,2024-07-10
5811,7602,147.34,97.92,466,2024-09-01
5812,6047,252.79,89.56,179,2025-02-07
5813,6720,107.07,17.97,472,2024-06-11
5814,2447,207.39,44.91,328,2024-07-12
5815,2686,268.99,55.71,409,2024-10-31
5816,5351,84.56,76.99,246,2024-05-13
5817,7926,200.19,39.52,298,2024-05-17
5818,3619,89.78,90.28,455,2024-06-06
5819,2794,316.32,84.86,121,2024-10-07
5820,2385,427.78,64.14,19,2025-01-20
5821,9189,413.89,57.1,121,2024-05-13
5822,7115,44.33,10.72,235,2024-12-03
5823,741,142.42,46.48,310,2024-08-06
5824,5949,139.98,98.67,455,2024-09-17
5825,2394,347.44,24.71,396,2024-09-09
5826,347,298.79,81.79,407,2024-05-23
5827,8352,35.47,52.87,171,2025-03-24
5828,1740,316.2,8.68,474,2024-10-13
5829,1431,465.23,96.66,198,2024-07-03
5830,6371,108.33,41.84,350,2025-01-19
5831,8968,485.16,35.69,410,2024-08-16
5832,810,44.42,22.94,453,2025-01-30
5833,2618,49.17,94.45,251,2024-05-05
5834,9434,252.15,76.29,124,2025-02-10
5835,7089,441.88,71.03,260,2024-09-04
5836,4434,252.03,3.37,9,2024-05-21
5837,2136,349.35,72.79,237,2024-12-03
5838,7621,264.93,4.32,399,2025-03-13
5839,905,429.09,98.82,371,2024-11-30
5840,3648,371.01,43.65,66,2024-06-13
5841,3838,200.45,42.41,56,2025-03-14
5842,2055,118.01,93.1,237,2024-07-07
5843,3358,225.94,2.72,1,2024-12-26
5844,9489,382.14,29.35,162,2024-12-20
5845,6915,447.32,42.6,216,2024-05-18
5846,8923,176.15,59.46,494,2024-05-23
5847,1610,171.67,57.72,386,2024-09-13
5848,2975,272.82,43.4,431,2025-02-27
5849,8115,139.43,5.51,93,2024-10-08
5850,6903,39.08,78.46,100,2024-09-30
5851,8928,489.94,64.34,434,2024-06-26
5852,8273,216.56,80.09,408,2024-06-19
5853,1883,170.42,54.78,472,2024-08-19
5854,8993,398.43,71.16,484,2024-11-17
5855,8982,220.22,25.27,227,2024-09-08
5856,6989,172.78,18.18,390,2025-03-16
5857,5168,327.21,95.69,25,2025-02-28
5858,7767,8.4,17.1,206,2024-06-01
5859,6733,380.43,11.31,204,2024-11-14
5860,8656,308.41,66.53,138,2025-01-22
5861,1454,130.5,75.88,377,2025-02-25
5862,799,131.15,21.9,387,2025-04-04
5863,4025,10.8,13.05,491,2024-09-06
5864,1902,430.62,57.04,129,2025-04-06
5865,538,109.11,32.84,135,2024-07-19
5866,9504,236.68,19.86,200,2024-08-31
5867,8562,324.21,90.99,171,2024-11-14
5868,8607,132.16,72.85,222,2025-01-14
5869,7607,174.59,51.62,218,2024-08-27
5870,2942,54.59,83.79,483,2024-09-11
5871,7469,214.79,69.81,497,2025-03-27
5872,7161,456.03,80.74,399,2025-03-22
5873,2729,221.96,90.79,317,2024-07-04
5874,116,59.31,55.8,221,2025-02-11
5875,7272,54.2,43.25,233,2024-12-04
5876,4348,251.65,73.44,495,2024-05-27
5877,3159,226.89,52.79,352,2024-08-01
5878,6460,29.41,51.72,161,2024-08-18
5879,5027,157.4,94.49,168,2024-12-01
5880,5531,213.32,54.5,180,2024-09-17
5881,2310,52.95,43.12,367,2025-04-16
5882,1945,426.45,51.4,204,2025-03-05
5883,9852,182.47,41.03,349,2024-05-29
5884,5187,274.77,78.27,72,2024-08-10
5885,4152,341.23,13.8,148,2024-08-11
5886,5191,429.96,7.92,147,2025-02-03
5887,7849,40.97,7.17,411,2024-07-03
5888,7269,208.62,59.59,402,2024-08-15
5889,8759,402.43,62.23,165,2024-12-31
5890,359,5.44,28.35,71,2025-04-10
5891,7688,420.14,58.63,435,2024-09-08
5892,5126,221.74,91.52,477,2024-06-05
5893,4068,76.47,82.36,306,2025-04-02
5894,9296,80.14,17.0,262,2024-05-20
5895,5249,438.32,14.21,79,2024-05-05
5896,8291,441.25,69.71,13,2024-10-31
5897,3809,140.18,91.68,457,2024-09-17
5898,9698,16.44,49.49,24,2025-01-04
5899,2162,100.9,80.3,154,2024-09-02
5900,3574,273.58,30.46,58,2025-01-28
5901,5925,384.24,41.2,479,2025-01-26
5902,6049,322.84,3.71,84,2024-10-28
5903,8086,320.53,7.22,396,2025-04-11
5904,5031,432.61,97.43,278,2024-12-12
5905,429,443.04,27.95,314,2025-03-20
5906,3244,118.72,48.46,18,2025-04-18
5907,8245,260.74,91.58,97,2024-05-04
5908,4929,236.84,62.49,201,2025-04-23
5909,8262,146.72,65.79,336,2024-05-07
5910,9920,201.27,78.48,281,2024-08-09
5911,2750,350.9,54.31,111,2024-07-13
5912,2544,151.44,47.69,207,2025-02-27
5913,1970,407.9,69.46,220,2024-10-17
5914,3897,101.28,87.53,72,2024-05-09
5915,272,79.65,36.35,216,2024-09-06
5916,7548,300.83,95.05,84,2025-04-11
5917,2727,165.32,92.69,465,2024-05-14
5918,4802,372.66,16.34,289,2024-07-19
5919,6932,101.38,12.63,253,2024-05-13
5920,9960,410.46,67.43,419,2024-12-26
5921,8426,59.24,14.13,282,2024-12-29
5922,1968,249.05,46.24,290,2024-12-15
5923,301,167.86,41.15,82,2024-11-24
5924,1120,23.87,17.94,243,2025-02-03
5925,9977,164.31,14.39,152,2024-07-02
5926,676,447.05,62.77,443,2024-06-06
5927,6044,494.45,13.71,162,2025-04-02
5928,4979,49.83,13.31,107,2024-08-09
5929,8598,116.12,71.47,29,2025-01-29
5930,3593,337.73,9.97,342,2024-07-29
5931,1680,440.94,13.55,389,2024-10-13
5932,408,187.96,45.59,253,2024-09-17
5933,43,249.23,9.58,86,2024-05-06
5934,436,36.3,98.34,59,2024-11-04
5935,597,241.9,56.07,178,2025-04-03
5936,4436,412.22,55.14,438,2024-10-06
5937,9313,405.86,61.17,438,2024-08-12
5938,5617,160.8,74.13,397,2024-07-27
5939,1741,340.14,83.69,96,2024-06-01
5940,9568,350.9,81.61,341,2024-12-29
5941,2479,207.78,48.78,38,2024-10-19
5942,8747,132.86,7.89,159,2024-12-20
5943,9952,88.62,48.1,89,2024-08-03
5944,9754,83.73,9.49,325,2024-10-11
5945,7192,296.62,20.04,99,2024-12-24
5946,7782,474.91,96.11,485,2024-12-07
5947,3633,258.79,39.22,354,2024-12-13
5948,9463,34.09,23.69,486,2024-11-14
5949,8848,173.3,67.7,279,2025-02-17
5950,8950,388.4,95.04,26,2024-10-24
5951,7792,208.85,85.07,181,2024-08-18
5952,7182,158.4,92.76,19,2024-06-16
5953,5136,425.98,88.57,360,2024-06-30
5954,6469,155.74,21.92,28,2024-12-16
5955,6894,133.38,0.91,112,2024-07-07
5956,6428,426.2,82.39,174,2024-11-26
5957,5464,294.72,26.62,119,2024-07-29
5958,4340,21.72,87.96,443,2024-07-12
5959,1757,362.76,27.33,431,2024-08-01
5960,8330,311.93,2.04,234,2025-04-23
5961,2315,313.06,29.37,438,2024-05-14
5962,1027,180.79,43.16,470,2024-12-18
5963,8132,235.36,93.56,415,2024-05-21
5964,7871,246.02,87.51,456,2024-10-04
5965,9780,495.69,85.26,96,2025-01-07
5966,7808,376.88,12.76,48,2024-12-21
5967,2441,181.38,10.6,254,2024-11-13
5968,1304,329.67,5.64,444,2024-12-12
5969,8361,318.68,98.0,425,2024-07-14
5970,9271,266.83,9.2,368,2025-01-23
5971,4546,327.27,81.9,302,2025-01-19
5972,2349,352.7,74.83,475,2025-01-27
5973,7513,158.94,79.91,321,2024-08-19
5974,9402,57.13,58.58,324,2024-11-04
5975,8405,201.15,92.6,75,2025-02-15
5976,3587,390.05,17.02,25,2024-06-04
5977,2015,313.23,4.06,289,2024-05-30
5978,105,319.88,40.5,81,2024-11-15
5979,6953,58.19,53.18,406,2024-06-18
5980,2786,261.27,71.61,323,2024-08-11
5981,2129,165.86,60.86,331,2024-06-12
5982,6801,175.54,95.13,120,2024-07-25
5983,6358,202.12,39.83,473,2024-11-13
5984,607,241.89,28.45,84,2024-09-25
5985,977,143.16,70.07,320,2024-11-07
5986,8439,250.22,73.67,210,2024-11-01
5987,7310,403.91,56.56,164,2024-08-11
5988,5483,196.65,82.9,368,2024-09-30
5989,5823,288.92,69.09,490,2025-02-04
5990,9757,454.7,91.17,94,2025-03-18
5991,3512,90.42,22.9,472,2024-10-26
5992,9740,160.44,84.11,214,2024-11-30
5993,3006,469.89,75.31,273,2025-02-18
5994,5767,443.92,66.36,230,2025-01-22
5995,8628,148.82,43.12,373,2024-05-15
5996,2669,424.08,73.19,118,2024-10-16
5997,2541,465.47,5.03,389,2025-04-13
5998,4915,409.98,33.04,348,2025-04-24
5999,1481,293.39,93.12,335,2024-10-05
6000,4044,288.09,81.18,139,2024-12-16
6001,1742,425.16,54.65,437,2024-11-05
6002,951,401.89,6.22,357,2024-12-19
6003,9268,251.59,91.65,216,2025-01-18
6004,5598,63.31,99.0,493,2024-11-25
6005,926,299.39,19.31,269,2024-10-20
6006,1110,307.43,1.17,294,2024-08-04
6007,740,271.51,94.63,94,2025-02-06
6008,4720,96.28,1.96,118,2024-05-03
6009,1400,48.24,27.25,0,2024-07-18
6010,7811,148.69,3.32,464,2025-02-24
6011,9122,2.22,66.4,426,2025-01-18
6012,9837,130.39,63.52,105,2024-11-29
6013,388,101.62,16.41,295,2025-04-09
6014,2787,350.76,15.2,354,2024-09-29
6015,915,413.87,11.17,13,2024-09-05
6016,1570,77.86,1.35,420,2024-10-02
6017,5323,255.28,16.29,351,2024-11-24
6018,8070,465.53,59.56,492,2024-06-22
6019,9874,420.24,19.82,173,2024-10-03
6020,1564,468.85,85.48,363,2024-07-21
6021,2766,473.92,65.02,0,2024-08-20
6022,1156,198.86,62.99,124,2024-10-22
6023,1235,295.36,5.79,179,2024-10-26
6024,6625,75.83,8.39,272,2024-05-15
6025,2727,431.06,11.59,407,2024-10-14
6026,9770,87.93,89.95,212,2024-10-29
6027,8943,408.3,49.78,185,2025-03-14
6028,3445,192.49,30.51,60,2024-12-10
6029,3635,271.95,9.84,24,2024-07-30
6030,1309,371.89,21.63,219,2024-08-30
6031,735,40.66,0.36,175,2025-01-27
6032,9599,63.64,65.66,71,2025-01-14
6033,924,58.41,84.14,389,2024-12-28
6034,4686,401.03,64.09,149,2024-07-16
6035,2307,311.4,98.51,453,2025-02-28
6036,1095,182.97,47.71,248,2024-07-05
6037,3277,407.16,83.73,347,2024-11-24
6038,6089,171.37,18.68,319,2024-12-06
6039,8338,176.28,56.8,441,2024-09-23
6040,7173,137.86,35.32,375,2024-08-14
6041,8187,321.45,90.91,499,2025-03-28
6042,7087,451.02,55.05,270,2024-08-18
6043,3171,285.61,84.16,308,2024-05-12
6044,3001,63.26,23.59,91,2025-04-23
6045,8612,347.96,91.95,221,2024-09-26
6046,938,174.98,11.65,399,2024-07-26
6047,2709,237.22,13.29,297,2024-11-15
6048,375,451.85,40.02,169,2024-07-19
6049,7118,386.16,0.72,98,2024-07-13
6050,4414,115.0,69.92,38,2024-08-31
6051,9407,215.92,42.53,63,2025-02-19
6052,6317,467.38,14.75,484,2024-05-14
6053,7582,298.38,44.17,494,2024-09-26
6054,5515,429.86,72.85,196,2024-11-25
6055,3578,439.59,9.96,148,2025-03-16
6056,7798,349.43,17.69,263,2024-05-27
6057,5867,423.63,50.43,429,2025-01-25
6058,8474,151.15,46.25,340,2024-11-02
6059,6821,281.58,46.59,8,2025-01-25
6060,1546,342.62,59.84,33,2025-03-19
6061,3769,322.3,45.91,265,2024-06-02
6062,1717,413.76,35.77,215,2024-07-07
6063,9908,379.64,31.61,248,2024-12-28
6064,3687,329.3,36.86,204,2024-06-25
6065,787,49.24,64.8,366,2024-10-12
6066,6596,241.44,17.13,421,2024-05-29
6067,2510,146.85,93.79,324,2024-11-29
6068,6259,466.45,49.87,396,2024-07-20
6069,3122,320.32,91.09,105,2024-08-17
6070,5212,27.79,46.7,456,2024-08-06
6071,820,27.0,32.57,176,2025-03-07
6072,3484,0.94,84.24,284,2025-04-07
6073,6827,21.03,50.01,2,2024-12-10
6074,5976,249.22,0.86,336,2024-09-22
6075,2003,30.86,25.32,246,2025-04-20
6076,1878,490.07,21.39,249,2024-08-04
6077,5880,411.12,60.42,338,2024-08-02
6078,1405,391.91,52.92,388,2025-03-14
6079,8206,479.95,69.67,163,2024-07-05
6080,3798,355.04,66.6,84,2025-03-26
6081,6812,33.37,25.85,309,2025-02-04
6082,4538,457.84,79.4,495,2024-06-01
6083,9106,132.17,94.55,171,2024-09-10
6084,7669,140.91,78.07,103,2024-11-22
6085,5381,148.69,38.19,254,2024-06-27
6086,7026,440.31,67.22,255,2025-02-01
6087,7223,355.18,8.38,117,2025-04-26
6088,6734,232.36,87.97,362,2024-07-18
6089,531,347.38,83.38,444,2024-05-01
6090,4459,128.67,28.01,269,2024-05-07
6091,5803,46.54,64.01,493,2025-03-10
6092,3979,334.92,53.05,382,2024-05-01
6093,1081,413.62,16.8,365,2025-03-24
6094,363,231.49,75.62,230,2025-04-20
6095,4940,482.79,4.47,346,2025-01-23
6096,5743,304.85,93.32,106,2024-09-14
6097,435,19.49,49.13,116,2025-01-02
6098,8593,162.52,33.64,497,2024-09-24
6099,1206,413.09,94.08,334,2025-01-15
6100,2059,392.16,42.5,59,2025-04-09
6101,5508,308.06,88.0,232,2024-04-30
6102,2280,113.49,94.73,18,2024-06-13
6103,2662,468.01,78.55,248,2024-12-09
6104,3707,398.12,2.02,389,2024-10-10
6105,5547,120.87,46.86,283,2025-04-30
6106,6664,443.42,4.58,197,2024-07-10
6107,5653,191.26,35.38,201,2024-10-19
6108,6408,219.65,84.75,340,2025-02-25
6109,3709,244.05,32.86,470,2024-08-22
6110,5400,222.04,35.21,163,2024-07-08
6111,468,233.57,0.72,36,2024-08-04
6112,2776,458.43,58.21,58,2024-06-15
6113,1953,435.29,81.37,120,2025-03-16
6114,4979,59.35,99.14,359,2025-02-07
6115,4182,345.05,29.15,2,2024-05-13
6116,4672,205.92,95.28,276,2024-09-14
6117,9810,111.62,16.7,105,2024-07-07
6118,9531,95.79,7.32,465,2024-05-02
6119,3578,132.25,33.39,99,2025-04-22
6120,4785,394.42,95.06,5,2025-03-28
6121,2005,438.6,77.28,38,2024-11-26
6122,5723,354.84,21.05,389,2024-11-19
6123,6570,301.42,78.67,198,2025-03-16
6124,8419,389.79,33.06,206,2024-10-02
6125,9073,433.81,76.46,270,2024-07-20
6126,2541,323.73,28.11,115,2024-11-19
6127,9895,215.42,50.38,36,2025-01-06
6128,4258,130.92,15.59,137,2024-10-20
6129,611,133.35,43.79,254,2024-10-30
6130,7770,248.44,14.88,261,2025-03-07
6131,7320,182.55,78.08,188,2024-11-23
6132,1659,331.6,15.7,46,2024-09-04
6133,1212,192.06,48.62,302,2024-07-09
6134,5297,499.33,12.27,250,2025-01-11
6135,2602,429.69,10.66,447,2024-11-05
6136,5387,276.31,51.36,465,2024-10-13
6137,1006,35.13,74.0,34,2024-07-22
6138,770,363.43,51.92,255,2025-01-23
6139,3203,174.45,91.89,236,2025-04-06
6140,6634,249.06,78.72,382,2024-10-09
6141,5072,241.85,87.89,336,2024-07-30
6142,5420,331.62,79.56,388,2024-12-16
6143,2325,486.29,58.82,173,2025-04-20
6144,6233,395.93,20.67,271,2025-03-05
6145,326,135.92,60.22,31,2025-02-02
6146,5783,285.74,58.98,433,2024-10-23
6147,4740,198.41,46.49,347,2024-11-03
6148,3698,242.87,69.27,277,2024-07-01
6149,7755,199.9,96.91,99,2024-12-01
6150,9580,378.11,26.84,428,2024-12-30
6151,4982,272.44,86.07,149,2024-12-23
6152,5585,499.51,79.95,309,2024-07-22
6153,1039,44.17,94.62,404,2024-11-18
6154,5709,95.28,48.7,332,2025-02-05
6155,5715,83.59,92.84,445,2024-12-17
6156,731,343.34,67.87,98,2025-04-06
6157,4613,453.98,55.1,475,2025-04-11
6158,8798,369.31,29.92,60,2024-09-18
6159,6205,227.65,99.86,494,2025-03-28
6160,4408,479.92,62.85,299,2024-09-19
6161,3830,97.29,56.91,346,2024-05-29
6162,654,279.39,16.81,315,2024-10-26
6163,7356,216.51,28.11,147,2024-07-13
6164,7799,375.84,48.01,432,2025-01-24
6165,7436,179.74,22.95,366,2025-01-01
6166,5908,303.0,95.92,33,2025-04-17
6167,9189,478.64,7.55,481,2024-06-13
6168,3568,172.78,72.01,466,2025-01-02
6169,4761,411.16,28.52,496,2024-07-12
6170,5328,184.76,86.68,457,2024-12-10
6171,2638,170.47,62.98,298,2025-02-03
6172,9369,410.78,16.75,408,2024-09-11
6173,8259,177.22,94.36,437,2024-09-27
6174,6806,437.16,12.58,174,2024-12-10
6175,5109,105.01,34.3,493,2025-03-13
6176,572,50.98,1.29,302,2024-09-11
6177,8029,468.42,1.97,30,2024-07-22
6178,3019,385.33,50.0,54,2024-09-28
6179,5607,469.29,73.47,491,2024-11-15
6180,9951,453.49,33.78,198,2024-12-11
6181,4951,442.52,26.23,248,2024-11-13
6182,3608,207.5,81.72,74,2025-01-01
6183,9536,339.76,21.44,98,2024-10-16
6184,888,328.13,17.02,359,2024-10-21
6185,8932,74.36,7.38,259,2024-08-01
6186,105,417.4,38.69,80,2024-06-17
6187,8020,419.31,30.94,445,2024-06-24
6188,8369,138.8,72.65,232,2024-12-19
6189,5662,199.42,97.47,307,2025-02-21
6190,98,36.66,44.49,235,2024-07-05
6191,1628,75.61,5.93,9,2024-09-19
6192,9126,187.41,5.29,311,2024-11-27
6193,2745,394.86,71.5,276,2024-07-19
6194,5272,320.89,76.03,39,2024-10-26
6195,6342,57.45,6.48,429,2025-01-15
6196,9078,483.67,68.14,106,2024-09-14
6197,9100,254.84,81.3,347,2024-10-31
6198,9265,173.62,23.63,353,2024-12-12
6199,5584,310.24,32.76,149,2024-11-02
6200,9351,244.53,98.78,258,2024-06-25
6201,4411,375.64,2.18,328,2024-08-30
6202,8674,396.2,87.29,225,2024-12-13
6203,8306,136.98,79.48,0,2025-02-05
6204,6183,75.1,34.98,138,2024-06-20
6205,8831,125.44,67.88,286,2025-03-25
6206,3066,349.29,16.01,461,2024-10-08
6207,9954,17.4,98.46,475,2024-07-04
6208,4945,462.9,73.04,148,2024-05-28
6209,4943,417.59,48.28,333,2024-12-10
6210,5778,181.92,78.65,356,2024-09-06
6211,3998,484.72,44.2,421,2024-05-09
6212,3256,467.15,57.7,300,2025-04-05
6213,9123,300.17,77.27,415,2024-07-02
6214,1554,410.72,93.1,193,2025-02-13
6215,4454,41.27,43.91,2,2024-05-17
6216,5793,293.61,23.07,310,2025-02-21
6217,2745,438.93,7.95,401,2025-04-01
6218,4726,439.75,71.69,119,2025-03-04
6219,2657,325.08,74.53,102,2024-11-21
6220,1480,493.05,37.84,496,2024-12-28
6221,3193,428.06,80.71,199,2025-03-28
6222,530,23.58,98.84,475,2025-04-22
6223,3610,135.06,11.08,482,2025-01-29
6224,9802,309.54,82.89,265,2025-03-03
6225,1887,392.11,10.13,449,2024-05-04
6226,2503,69.06,80.64,170,2024-06-07
6227,5804,341.62,88.69,136,2024-06-25
6228,8542,193.94,60.95,75,2025-01-31
6229,5357,433.19,19.8,171,2024-12-19
6230,2524,171.78,43.33,457,2024-06-05
6231,4558,39.27,28.85,249,2024-11-29
6232,1011,385.15,96.86,300,2025-01-03
6233,3140,69.26,91.01,251,2024-05-08
6234,5184,393.42,40.83,72,2024-11-07
6235,8352,441.66,12.2,59,2024-12-15
6236,7552,241.0,88.71,279,2025-04-24
6237,6010,254.52,43.56,40,2024-06-11
6238,8711,351.88,67.61,493,2025-03-10
6239,2945,145.71,85.2,384,2024-05-11
6240,6874,69.97,98.03,148,2024-11-27
6241,3636,463.84,45.22,223,2024-05-20
6242,9305,428.61,57.05,84,2024-11-25
6243,153,210.08,76.78,259,2025-01-19
6244,8957,408.73,27.84,125,2024-05-11
6245,4901,157.59,52.64,301,2024-10-07
6246,7391,487.56,19.32,21,2024-10-15
6247,587,162.97,92.82,243,2024-10-07
6248,1852,71.83,74.73,226,2024-12-12
6249,6961,395.1,35.3,219,2025-04-23
6250,3834,404.41,22.11,24,2024-08-24
6251,702,221.13,45.58,399,2025-02-22
6252,3060,403.04,77.31,146,2024-10-02
6253,6208,332.66,54.21,259,2025-02-21
6254,5452,390.31,36.1,325,2024-12-28
6255,1254,372.01,25.51,8,2024-07-10
6256,962,309.75,67.2,107,2024-10-07
6257,9580,480.64,7.39,254,2025-02-24
6258,7125,199.86,97.8,155,2024-10-01
6259,2575,59.91,8.16,117,2024-05-10
6260,2978,381.12,46.56,209,2024-07-07
6261,8459,320.56,96.78,157,2025-02-13
6262,1852,176.31,41.07,320,2025-01-26
6263,9495,150.8,15.49,500,2024-08-10
6264,230,466.84,68.87,374,2024-08-21
6265,5969,310.78,17.36,415,2024-06-16
6266,3352,236.81,81.19,310,2025-04-20
6267,71,336.58,79.57,101,2024-09-25
6268,7969,245.46,70.44,181,2024-06-10
6269,2478,330.55,51.7,90,2024-05-07
6270,8990,449.12,57.73,41,2024-08-27
6271,482,50.39,96.39,486,2025-03-07
6272,6432,251.02,0.32,170,2024-09-01
6273,3681,459.86,36.22,185,2025-03-01
6274,5489,160.96,30.54,404,2024-10-06
6275,1852,219.01,65.98,348,2024-12-15
6276,1391,272.98,86.29,7,2025-01-25
6277,1771,311.34,76.96,221,2024-12-02
6278,5373,422.66,63.14,145,2025-01-03
6279,4240,416.75,21.67,315,2025-04-18
6280,6509,409.71,67.38,395,2025-04-27
6281,1133,118.87,5.95,280,2025-03-11
6282,5655,431.12,9.72,115,2024-10-10
6283,301,406.06,5.9,417,2024-08-12
6284,8200,281.34,28.91,220,2024-12-17
6285,1951,51.93,98.64,345,2025-02-08
6286,6525,117.05,15.83,345,2024-09-04
6287,7883,225.84,73.94,268,2025-03-24
6288,4664,114.31,24.77,498,2025-02-02
6289,4499,97.8,69.64,272,2024-10-28
6290,1691,69.32,30.56,475,2024-09-05
6291,5690,408.54,33.86,61,2025-01-08
6292,6159,413.54,82.76,215,2024-11-21
6293,7440,182.03,3.39,125,2024-08-02
6294,5860,43.98,74.55,130,2024-05-05
6295,4895,43.5,43.24,327,2025-03-07
6296,1097,15.62,45.34,415,2024-06-24
6297,1120,172.12,43.54,260,2024-05-19
6298,7087,395.6,76.23,380,2024-06-06
6299,7156,142.98,79.95,471,2024-11-05
6300,4861,315.29,82.85,344,2025-03-26
6301,680,312.4,76.63,424,2024-12-30
6302,2625,318.19,15.7,138,2024-10-13
6303,42,467.88,72.86,78,2024-07-13
6304,6730,461.5,54.14,471,2025-03-21
6305,4272,78.25,99.92,392,2024-11-16
6306,8640,10.93,3.22,381,2025-01-04
6307,8987,103.67,99.06,70,2024-09-02
6308,8102,106.65,30.69,97,2025-02-01
6309,5562,225.7,74.22,73,2025-02-13
6310,9206,191.21,23.89,255,2024-08-18
6311,4982,208.41,2.31,203,2024-05-11
6312,3061,302.66,11.31,160,2024-07-01
6313,3973,293.03,8.29,145,2024-06-16
6314,9718,407.71,85.1,492,2024-09-17
6315,1789,199.71,53.51,397,2025-03-15
6316,2598,356.9,17.49,442,2024-06-13
6317,1216,184.65,47.98,149,2024-07-05
6318,6887,457.39,56.58,130,2025-03-06
6319,3121,390.86,17.43,80,2024-06-11
6320,3265,318.39,65.08,234,2024-09-06
6321,4054,256.53,68.92,203,2025-02-10
6322,8336,370.12,57.31,42,2024-06-22
6323,8173,336.01,85.05,76,2024-07-22
6324,2748,454.63,5.08,233,2024-08-02
6325,7241,439.3,31.25,277,2024-09-07
6326,7652,209.9,44.8,18,2024-10-19
6327,3269,446.4,36.76,321,2024-10-27
6328,2188,287.41,66.53,300,2024-06-25
6329,2011,399.49,26.6,160,2024-07-27
6330,7608,245.96,40.29,201,2024-06-24
6331,163,146.31,74.11,278,2025-01-28
6332,822,314.65,51.75,136,2024-12-07
6333,3586,309.71,14.2,67,2024-06-28
6334,2443,51.08,55.43,309,2024-10-29
6335,3898,79.2,84.38,469,2024-06-27
6336,4725,347.01,13.61,224,2024-12-20
6337,9701,214.22,14.13,260,2024-05-25
6338,3690,310.65,41.36,159,2024-08-11
6339,7326,119.0,13.02,174,2025-01-14
6340,1491,102.13,6.65,78,2024-12-27
6341,7252,369.89,77.18,216,2024-12-16
6342,5031,54.45,25.97,94,2025-04-13
6343,5220,311.87,46.27,252,2024-06-30
6344,2076,244.19,74.72,215,2025-02-12
6345,7769,308.8,29.19,145,2024-11-24
6346,5764,407.05,6.11,470,2025-02-12
6347,9167,180.05,7.23,222,2024-11-06
6348,8613,7.27,91.44,495,2024-09-02
6349,2792,75.2,56.06,476,2025-01-21
6350,6306,396.96,2.91,183,2025-03-06
6351,2587,184.63,16.68,156,2025-01-11
6352,6260,375.83,4.17,301,2024-08-15
6353,1113,196.04,9.65,358,2024-07-03
6354,2744,305.06,95.73,245,2025-03-19
6355,7250,478.71,87.13,283,2024-10-10
6356,4984,317.54,13.49,282,2024-07-09
6357,6281,337.8,80.39,486,2024-10-22
6358,5939,480.71,21.32,455,2024-07-10
6359,2844,213.21,23.46,142,2024-05-08
6360,4429,102.24,84.78,490,2024-05-05
6361,5423,195.62,23.42,45,2025-04-14
6362,3869,190.11,3.75,281,2025-02-14
6363,2171,303.8,96.5,419,2024-08-21
6364,4100,143.77,55.33,370,2025-04-18
6365,1545,221.04,83.21,491,2024-07-27
6366,7209,335.74,66.09,60,2024-05-21
6367,7958,329.08,84.74,116,2025-03-24
6368,5769,444.24,55.44,490,2025-01-09
6369,3930,375.16,63.07,46,2024-12-02
6370,3480,193.76,14.51,270,2025-04-16
6371,7598,409.51,85.81,74,2025-02-05
6372,2473,216.09,66.77,495,2024-06-02
6373,8738,392.07,47.82,257,2024-11-13
6374,8212,486.88,90.27,43,2024-07-18
6375,9394,372.29,41.67,405,2025-01-22
6376,3061,121.84,95.45,387,2024-07-25
6377,444,7.64,83.61,375,2024-12-03
6378,9541,390.12,37.06,182,2025-01-07
6379,4271,318.53,27.23,243,2024-07-25
6380,6188,266.53,21.27,459,2024-10-30
6381,2437,244.09,81.9,490,2024-06-27
6382,1749,312.14,78.3,296,2024-05-20
6383,8116,181.27,71.32,321,2024-06-22
6384,4907,421.08,50.65,293,2024-06-22
6385,7360,93.75,34.18,174,2024-12-29
6386,1146,28.14,79.91,471,2024-08-06
6387,163,359.9,84.21,91,2024-06-26
6388,369,128.88,40.57,239,2024-11-19
6389,8591,483.71,46.1,409,2025-03-19
6390,9826,6.13,10.42,235,2024-09-15
6391,8967,429.3,66.0,371,2024-11-09
6392,394,150.0,80.52,324,2024-05-21
6393,6499,441.16,58.35,303,2024-06-15
6394,2527,96.66,99.45,17,2024-08-16
6395,6294,121.58,52.82,275,2025-03-19
6396,1550,97.96,97.52,58,2024-07-28
6397,6454,203.08,84.26,318,2025-01-09
6398,5267,71.57,24.68,32,2025-04-28
6399,3509,185.1,51.42,257,2025-02-03
6400,8711,294.98,34.85,244,2025-04-14
6401,3427,179.87,94.36,147,2025-04-15
6402,2628,382.99,56.36,493,2024-09-29
6403,408,246.71,76.58,180,2025-03-21
6404,3343,150.92,2.61,134,2025-04-17
6405,9583,172.6,41.46,150,2024-09-09
6406,4429,483.41,29.35,310,2024-06-01
6407,9841,232.5,85.9,126,2025-01-08
6408,6603,14.82,1.28,14,2025-03-02
6409,6034,161.02,33.4,323,2025-01-19
6410,8945,344.54,50.83,418,2024-06-19
6411,538,168.55,71.86,401,2024-12-03
6412,2050,1.4,29.7,54,2024-08-13
6413,9863,264.68,22.06,458,2024-10-18
6414,1115,109.7,67.81,266,2024-11-24
6415,2590,375.01,15.41,471,2025-04-29
6416,7656,373.62,20.52,335,2024-06-14
6417,3137,375.8,0.85,313,2024-08-20
6418,7757,221.59,64.57,104,2024-12-17
6419,1825,302.23,75.06,348,2025-02-17
6420,5293,227.3,52.86,318,2024-09-21
6421,9401,127.33,14.41,492,2025-03-06
6422,8934,375.82,97.96,164,2025-04-14
6423,7301,287.51,75.86,35,2025-03-04
6424,730,383.37,13.38,256,2025-04-12
6425,4963,184.2,57.5,301,2025-03-22
6426,2642,113.78,77.62,39,2024-06-15
6427,8435,294.52,85.95,16,2024-06-02
6428,9405,15.5,59.02,48,2025-04-25
6429,787,41.52,9.46,486,2024-10-08
6430,7187,313.21,5.44,457,2024-05-17
6431,3294,332.4,55.45,32,2024-08-17
6432,1021,32.93,69.29,184,2024-05-19
6433,8865,166.53,15.53,425,2024-05-04
6434,7618,348.86,67.94,298,2025-01-12
6435,4904,267.59,9.26,274,2025-01-18
6436,5167,411.11,36.25,300,2024-08-12
6437,3027,237.18,14.34,427,2025-01-23
6438,3108,26.16,24.59,88,2024-11-01
6439,9962,343.99,30.37,31,2025-03-04
6440,5336,191.27,65.91,275,2024-07-06
6441,8304,493.98,87.1,115,2024-12-16
6442,1485,273.71,78.79,459,2024-07-01
6443,2668,68.35,54.15,127,2024-07-14
6444,9481,145.91,63.22,157,2024-07-06
6445,3786,293.31,76.72,411,2024-08-22
6446,9516,129.05,39.11,129,2024-07-07
6447,6255,50.72,81.51,368,2025-03-31
6448,6222,265.04,75.7,98,2024-07-15
6449,154,243.18,26.82,362,2024-12-03
6450,8090,242.04,46.77,288,2024-12-09
6451,3575,323.69,52.16,56,2024-05-26
6452,7371,461.29,54.99,485,2024-07-04
6453,4182,285.38,39.24,271,2024-11-05
6454,334,317.82,25.48,392,2025-02-15
6455,3190,162.31,31.68,23,2024-06-19
6456,1545,125.4,42.4,148,2024-12-27
6457,8623,172.84,30.72,32,2025-04-05
6458,2187,374.19,58.27,330,2024-12-06
6459,8566,163.2,89.69,164,2025-02-25
6460,8729,215.4,94.45,156,2024-06-21
6461,7790,276.6,17.89,136,2024-12-09
6462,5253,6.56,79.61,321,2024-05-02
6463,7770,453.57,17.52,17,2024-08-28
6464,5820,2.01,66.14,131,2025-01-16
6465,9703,324.94,9.67,239,2024-08-28
6466,193,148.73,84.77,192,2024-10-20
6467,4255,119.6,64.68,267,2024-10-20
6468,6860,201.55,55.8,264,2024-12-14
6469,7736,119.78,29.77,206,2025-04-16
6470,2091,197.03,64.06,413,2024-10-12
6471,1688,54.84,73.57,116,2024-12-20
6472,2086,418.31,65.36,112,2024-12-26
6473,3146,299.89,24.41,122,2025-03-07
6474,7640,405.26,79.29,183,2025-01-10
6475,236,266.37,27.94,314,2024-11-17
6476,2846,119.47,92.81,438,2024-08-07
6477,9252,202.52,52.42,170,2025-03-05
6478,6818,340.69,24.0,302,2024-12-29
6479,9765,192.59,85.44,448,2024-12-11
6480,379,90.23,48.04,30,2024-07-03
6481,6689,89.25,23.75,151,2024-06-19
6482,8416,142.11,83.48,83,2024-12-08
6483,668,31.08,77.85,449,2025-01-26
6484,7614,126.63,25.02,194,2024-11-07
6485,8503,336.44,41.71,241,2024-10-13
6486,2085,80.62,60.5,229,2024-08-14
6487,5874,79.92,51.43,374,2024-06-13
6488,5351,350.47,95.82,478,2025-01-18
6489,7386,381.68,17.76,7,2025-04-04
6490,4313,299.76,55.54,367,2024-11-24
6491,6002,325.7,89.9,15,2025-04-16
6492,9909,327.32,81.37,94,2024-11-14
6493,9685,359.3,46.21,106,2025-02-18
6494,5394,22.8,44.32,259,2024-05-09
6495,60,141.71,65.41,475,2024-11-29
6496,7264,252.47,86.36,25,2025-04-12
6497,7173,376.12,66.5,344,2024-08-22
6498,4354,33.29,97.77,170,2024-06-07
6499,4792,351.4,34.41,214,2024-07-10
6500,3953,172.13,39.85,181,2024-11-10
6501,5735,396.58,84.45,277,2025-02-28
6502,3329,61.68,0.62,87,2024-11-09
6503,5536,362.45,92.31,316,2025-02-28
6504,9862,458.49,9.53,342,2024-05-05
6505,8111,14.74,1.25,271,2025-02-10
6506,5936,444.72,52.38,217,2024-07-19
6507,6797,324.52,16.48,367,2024-05-04
6508,299,326.11,70.63,77,2024-08-07
6509,1381,201.98,93.04,252,2025-04-18
6510,7040,224.91,39.21,442,2025-04-10
6511,6056,204.17,36.68,131,2024-10-09
6512,2997,109.74,92.45,200,2024-12-26
6513,7527,493.46,20.84,51,2024-06-12
6514,9778,40.53,31.74,181,2025-04-18
6515,1051,468.19,18.54,412,2025-03-31
6516,6940,196.9,65.23,70,2024-12-20
6517,5620,27.11,57.59,288,2025-03-02
6518,8380,318.13,74.4,464,2024-07-27
6519,4343,285.92,5.94,354,2024-12-22
6520,4329,12.2,30.01,118,2024-06-29
6521,3152,236.1,22.43,369,2025-03-12
6522,1294,262.99,96.59,448,2024-07-06
6523,6418,156.22,79.02,102,2025-01-05
6524,9593,237.39,43.23,78,2024-11-27
6525,7573,182.86,46.28,408,2024-05-29
6526,5120,247.86,60.26,344,2024-07-18
6527,1906,360.9,93.41,88,2024-06-05
6528,8778,217.05,6.53,368,2025-01-08
6529,5807,35.19,73.79,209,2024-10-03
6530,5668,288.49,54.17,114,2025-02-21
6531,4420,210.1,40.75,309,2024-09-02
6532,6744,415.86,73.98,119,2024-11-29
6533,4434,398.68,93.97,65,2024-08-20
6534,5581,345.13,25.22,471,2024-11-16
6535,7848,441.69,36.59,176,2024-11-15
6536,8958,317.33,60.95,258,2025-02-14
6537,5326,220.18,49.6,102,2024-10-30
6538,5332,147.24,34.59,189,2025-04-21
6539,231,43.18,8.09,73,2025-03-12
6540,9404,345.23,77.42,317,2024-12-09
6541,8098,285.58,65.51,485,2024-09-25
6542,1191,361.01,42.81,265,2025-02-23
6543,2164,451.46,82.57,48,2024-10-08
6544,7299,328.33,5.79,327,2024-12-21
6545,947,163.53,0.47,79,2025-03-30
6546,5767,156.76,25.65,104,2024-06-05
6547,8797,366.72,72.44,366,2025-04-01
6548,979,304.02,78.89,105,2024-09-14
6549,5608,12.47,66.91,299,2024-09-15
6550,4819,150.2,5.32,60,2024-05-25
6551,5407,431.11,73.15,27,2025-01-12
6552,8420,119.93,93.24,176,2025-03-19
6553,1181,409.25,2.82,222,2025-01-24
6554,6694,139.99,60.91,45,2024-11-16
6555,452,435.56,4.29,324,2025-01-19
6556,5775,455.24,80.04,29,2025-01-22
6557,200,330.85,30.79,175,2024-06-18
6558,5230,240.06,59.95,323,2024-08-28
6559,3764,142.61,87.42,109,2025-04-17
6560,5498,306.59,24.4,247,2024-09-11
6561,3086,471.83,33.63,340,2024-08-02
6562,7634,197.18,24.46,212,2025-01-20
6563,6570,31.04,69.63,389,2025-03-13
6564,5501,434.4,23.36,127,2024-09-15
6565,6732,80.62,29.29,146,2024-05-20
6566,361,307.78,37.07,220,2024-05-12
6567,4106,130.64,65.08,285,2024-11-18
6568,2178,417.66,56.16,245,2025-03-14
6569,1077,191.53,11.34,427,2024-11-09
6570,8828,112.62,79.41,249,2024-06-17
6571,2240,249.41,81.83,346,2025-02-05
6572,2276,33.93,19.68,450,2024-10-20
6573,2428,316.42,89.57,262,2024-05-19
6574,8793,406.73,96.42,344,2024-11-22
6575,5069,45.72,99.28,250,2025-03-07
6576,9803,390.16,13.42,263,2024-10-06
6577,1432,295.16,19.84,260,2025-01-23
6578,571,110.91,70.5,454,2024-07-07
6579,7645,450.08,83.5,217,2025-01-27
6580,4678,263.58,12.98,41,2024-05-22
6581,260,225.24,3.5,337,2025-03-31
6582,1531,335.69,95.65,89,2025-04-28
6583,3192,491.04,92.85,461,2024-07-22
6584,6806,204.63,80.39,69,2024-08-04
6585,7576,38.79,51.97,300,2024-07-08
6586,6098,335.37,91.9,190,2025-01-14
6587,5977,283.21,70.1,173,2024-11-11
6588,2147,216.25,31.12,301,2024-10-06
6589,2972,364.74,26.1,187,2024-09-21
6590,2188,259.06,29.11,416,2025-01-24
6591,60,160.12,2.96,70,2024-09-30
6592,4409,104.06,38.55,54,2025-01-02
6593,9194,455.85,1.68,112,2024-12-06
6594,6349,417.59,34.49,324,2024-06-07
6595,8117,164.47,97.77,16,2025-01-23
6596,8332,200.16,86.79,374,2025-04-21
6597,1437,201.15,84.23,54,2025-03-03
6598,4355,263.83,50.43,447,2024-06-02
6599,8490,238.38,88.17,297,2024-06-05
6600,2876,213.3,24.56,23,2025-01-07
6601,1502,20.71,81.37,288,2024-08-20
6602,7623,495.96,14.79,482,2024-09-10
6603,2669,373.6,22.38,373,2024-08-25
6604,1256,488.76,74.28,347,2024-05-13
6605,2190,371.58,32.7,321,2025-04-06
6606,7418,369.79,51.44,354,2024-08-11
6607,3286,185.31,13.27,107,2024-09-25
6608,1821,15.33,60.87,106,2025-04-03
6609,4257,47.03,44.42,372,2025-04-20
6610,8432,382.4,36.15,315,2025-04-05
6611,8889,74.81,51.73,19,2025-02-22
6612,8900,116.37,74.72,330,2024-05-17
6613,9898,359.99,49.08,344,2025-02-19
6614,7482,171.64,8.84,361,2024-07-08
6615,3017,83.44,33.46,221,2024-11-03
6616,2704,334.9,69.12,22,2025-01-30
6617,558,305.77,57.11,436,2025-03-15
6618,5305,136.77,13.63,458,2025-04-23
6619,9949,304.67,89.67,283,2024-11-06
6620,2325,148.63,13.63,465,2024-06-28
6621,6707,81.02,93.98,236,2024-09-15
6622,4207,330.53,41.82,474,2025-01-26
6623,7267,452.3,30.13,468,2024-12-04
6624,9896,332.02,35.52,263,2025-03-06
6625,7760,143.2,22.33,102,2024-05-29
6626,5501,411.06,33.33,210,2024-06-06
6627,8265,89.06,14.24,484,2024-09-12
6628,9959,363.66,86.16,149,2024-07-25
6629,9316,134.43,58.13,81,2025-03-19
6630,2541,82.51,21.8,251,2024-09-20
6631,5095,408.87,26.86,253,2024-08-29
6632,9949,477.73,22.85,103,2024-09-15
6633,2739,196.2,50.78,321,2024-11-11
6634,4798,51.54,74.73,10,2024-11-23
6635,8775,254.88,33.26,480,2024-09-26
6636,7397,358.59,55.31,227,2025-03-18
6637,2521,383.74,5.71,363,2024-11-27
6638,2515,115.32,17.0,100,2024-11-19
6639,5726,498.62,75.95,372,2024-05-24
6640,3738,424.95,42.18,89,2024-06-27
6641,3202,85.44,47.09,101,2025-03-12
6642,3612,214.8,44.4,335,2024-11-28
6643,6721,295.41,6.82,437,2024-05-18
6644,3625,129.64,30.44,323,2025-01-11
6645,5247,85.09,42.9,157,2025-01-01
6646,1025,305.9,69.97,144,2025-01-03
6647,4972,176.8,22.69,30,2024-12-08
6648,7011,341.04,55.47,393,2024-11-09
6649,6566,109.29,41.41,430,2024-12-08
6650,382,79.25,87.53,186,2025-02-27
6651,1504,391.16,3.12,357,2025-03-03
6652,2870,284.37,35.68,236,2024-10-01
6653,3256,17.63,26.8,203,2025-01-29
6654,8910,353.92,59.84,177,2025-03-25
6655,3358,468.86,6.68,195,2025-02-22
6656,2494,193.87,83.26,159,2024-11-24
6657,6855,402.16,98.04,352,2024-10-27
6658,4555,106.71,41.51,201,2024-10-07
6659,1783,0.09,27.19,260,2024-12-13
6660,8657,11.26,38.81,5,2024-08-22
6661,1870,430.65,81.93,28,2025-01-09
6662,73,19.69,86.83,99,2025-01-10
6663,4578,303.7,62.74,164,2025-02-18
6664,138,5.78,81.85,129,2024-07-04
6665,3473,389.75,72.75,315,2025-03-30
6666,4691,369.73,47.17,54,2025-04-23
6667,6567,263.48,87.74,90,2024-10-26
6668,6584,255.68,44.01,369,2024-10-30
6669,8254,290.11,44.61,353,2024-08-19
6670,2910,198.84,53.69,374,2024-11-23
6671,1691,40.34,31.22,424,2024-05-05
6672,8104,96.22,12.06,312,2024-11-11
6673,6010,356.45,10.33,304,2025-03-20
6674,5092,314.14,53.25,493,2024-12-14
6675,600,221.61,55.02,141,2024-08-12
6676,6299,148.81,58.59,27,2024-05-14
6677,2890,425.16,48.71,487,2024-10-11
6678,9315,476.6,30.78,407,2024-10-13
6679,5329,354.55,96.42,218,2024-08-07
6680,9444,37.17,5.23,87,2024-05-24
6681,1930,118.31,44.41,35,2024-09-18
6682,5400,80.56,84.65,272,2025-04-06
6683,9050,352.96,66.56,296,2024-06-21
6684,5435,192.92,90.2,35,2024-05-20
6685,7674,148.14,56.58,84,2024-10-18
6686,1624,398.34,75.44,164,2025-02-07
6687,1886,330.72,60.44,311,2024-08-21
6688,595,325.81,82.25,130,2024-06-14
6689,5640,416.35,22.02,491,2024-08-29
6690,1829,322.08,66.75,33,2024-08-28
6691,6243,213.1,63.01,273,2025-02-19
6692,2150,129.76,63.62,448,2025-03-19
6693,5890,71.29,49.04,59,2024-09-12
6694,5568,418.61,85.87,305,2025-01-13
6695,3655,435.21,33.98,409,2024-09-20
6696,550,402.28,91.1,247,2024-12-08
6697,1771,162.96,91.76,150,2025-01-10
6698,5108,179.65,28.5,446,2024-09-06
6699,2940,71.91,29.23,358,2025-03-20
6700,8702,367.09,42.11,345,2024-10-19
6701,859,407.52,0.88,330,2025-04-06
6702,8894,5.67,81.04,71,2025-04-04
6703,681,285.47,82.96,254,2024-07-25
6704,9818,130.47,93.52,44,2024-09-01
6705,5688,479.8,56.25,124,2024-09-07
6706,2348,138.26,72.5,308,2024-09-11
6707,2020,272.19,90.26,486,2025-01-26
6708,2194,404.22,32.21,351,2025-04-04
6709,798,413.93,65.35,482,2025-01-07
6710,6756,374.04,44.03,136,2025-03-14
6711,4081,206.13,16.83,85,2024-05-16
6712,6489,333.44,40.25,222,2025-04-21
6713,9588,463.47,94.49,127,2025-02-19
6714,2136,219.34,49.62,35,2024-06-20
6715,2037,278.66,14.08,417,2024-12-08
6716,6084,201.78,15.39,319,2025-01-26
6717,8325,85.49,77.42,346,2025-03-05
6718,9744,384.43,22.99,3,2024-09-21
6719,7243,128.73,46.87,242,2024-05-06
6720,8429,325.68,10.87,303,2024-08-08
6721,2353,336.38,76.04,71,2024-08-05
6722,3116,367.17,98.73,65,2024-06-29
6723,7632,377.66,17.08,300,2024-12-19
6724,8393,386.73,12.44,449,2025-03-21
6725,273,79.87,68.6,105,2024-05-27
6726,7111,240.61,80.65,288,2025-02-22
6727,9008,47.07,18.11,178,2024-06-24
6728,9881,181.04,34.66,82,2024-12-26
6729,18,145.05,77.58,157,2024-12-11
6730,3078,10.35,75.86,303,2024-06-14
6731,4143,146.35,75.03,285,2025-02-09
6732,3423,58.88,67.51,0,2025-02-08
6733,4867,383.33,49.33,156,2025-03-03
6734,4754,43.81,99.19,407,2025-04-16
6735,6230,10.63,53.42,21,2025-04-05
6736,1847,369.18,66.56,359,2024-10-23
6737,1178,92.06,80.57,77,2024-07-29
6738,1200,318.91,83.34,173,2024-10-28
6739,667,388.7,49.27,443,2025-03-23
6740,3511,364.3,7.45,248,2024-10-03
6741,7737,124.16,40.88,179,2024-06-06
6742,6733,186.5,66.56,354,2024-11-11
6743,8270,193.2,56.8,119,2024-10-16
6744,6795,417.09,92.54,36,2025-04-02
6745,4477,490.09,0.6,161,2025-03-15
6746,161,424.84,20.61,329,2025-01-19
6747,8378,117.01,24.41,333,2024-10-10
6748,41,114.0,21.77,44,2025-03-05
6749,9179,387.01,68.08,408,2024-07-30
6750,704,352.65,44.25,397,2025-02-23
6751,2438,287.93,25.09,19,2024-06-30
6752,8317,7.21,86.95,29,2024-08-09
6753,4808,383.25,3.16,19,2024-10-15
6754,1481,138.47,61.96,58,2024-06-27
6755,1763,121.16,94.01,491,2025-03-15
6756,1677,390.2,96.29,354,2025-03-11
6757,2726,485.2,47.64,250,2024-12-05
6758,2174,157.47,86.43,71,2025-04-17
6759,2657,460.42,97.72,342,2025-04-03
6760,5345,187.97,38.79,136,2025-02-15
6761,1379,2.38,46.67,295,2024-05-25
6762,2366,3.97,97.3,33,2024-07-06
6763,2371,175.09,60.77,441,2024-12-04
6764,4400,402.43,55.21,134,2024-10-11
6765,2868,123.24,60.88,304,2025-01-07
6766,7166,369.39,75.5,236,2024-11-24
6767,844,32.16,53.46,356,2025-02-03
6768,3921,4.99,41.25,101,2024-11-25
6769,5180,78.88,12.61,170,2025-04-30
6770,2930,75.54,93.18,145,2024-10-18
6771,6374,496.68,98.45,367,2024-11-19
6772,1021,452.08,40.08,26,2024-11-03
6773,4596,427.39,3.72,331,2024-05-23
6774,4176,215.54,40.17,337,2025-03-07
6775,630,99.29,15.05,61,2024-11-01
6776,5052,57.13,54.21,78,2025-02-05
6777,3420,251.71,83.58,184,2025-03-05
6778,4020,5.73,80.92,64,2024-11-21
6779,4367,285.34,66.06,302,2025-01-11
6780,3942,24.66,37.51,454,2025-02-25
6781,2585,263.85,50.96,297,2024-06-30
6782,8378,138.5,90.86,286,2025-03-31
6783,4210,210.85,57.92,291,2024-11-06
6784,7622,456.96,44.12,227,2024-09-24
6785,645,68.91,37.3,209,2025-04-07
6786,2736,330.94,76.87,85,2024-12-10
6787,9437,457.17,27.99,405,2025-04-26
6788,1101,132.75,27.42,145,2024-12-31
6789,23,299.89,25.64,243,2025-02-24
6790,3811,403.33,51.91,215,2025-04-21
6791,3123,125.56,93.63,64,2024-07-08
6792,7091,81.2,33.2,36,2025-01-30
6793,2758,386.33,62.27,146,2025-02-18
6794,8523,476.79,45.81,404,2024-08-20
6795,2216,58.16,82.71,256,2024-11-27
6796,9403,178.92,29.36,399,2024-09-24
6797,6074,290.42,42.76,185,2025-04-10
6798,7456,287.81,37.13,488,2024-05-20
6799,4766,168.47,2.32,409,2024-07-28
6800,2540,222.38,92.66,184,2024-08-17
6801,5926,267.47,45.19,35,2024-05-24
6802,5829,372.08,77.9,59,2024-10-24
6803,8530,387.01,55.01,2,2024-06-28
6804,3496,199.55,23.18,15,2024-05-28
6805,405,293.46,50.29,123,2024-10-02
6806,1109,498.03,99.23,119,2024-09-17
6807,7769,145.33,91.68,49,2024-05-07
6808,9273,121.3,56.11,81,2024-10-28
6809,4274,218.88,51.79,201,2024-10-13
6810,5505,55.24,5.32,433,2024-09-13
6811,914,300.58,34.57,493,2024-09-08
6812,5060,364.17,76.37,334,2025-01-15
6813,9972,305.42,88.61,339,2025-02-06
6814,3159,219.83,23.22,286,2024-07-16
6815,1172,363.67,73.88,357,2025-02-06
6816,8307,99.64,64.06,220,2024-08-30
6817,9073,251.38,16.79,168,2024-07-15
6818,5799,281.45,4.82,310,2024-08-26
6819,5328,411.12,58.79,369,2024-11-19
6820,8062,202.63,30.01,217,2025-03-22
6821,9564,384.58,85.08,285,2025-02-22
6822,8120,307.05,22.4,286,2025-04-26
6823,3462,411.78,2.25,461,2024-07-17
6824,257,152.51,96.29,45,2024-11-13
6825,8735,457.93,54.14,151,2024-09-13
6826,2443,147.55,42.57,226,2024-05-11
6827,9684,240.29,65.97,319,2024-06-09
6828,7156,75.62,92.19,345,2025-03-02
6829,8102,93.7,27.4,13,2025-02-11
6830,3619,437.07,26.84,363,2024-08-24
6831,2949,328.62,8.1,71,2024-08-03
6832,3014,453.93,0.17,479,2024-12-31
6833,2142,468.45,56.87,191,2025-02-20
6834,1797,459.02,1.65,221,2024-10-30
6835,254,404.62,45.91,252,2025-01-17
6836,5070,240.97,83.83,488,2024-05-31
6837,9138,97.89,82.13,179,2024-09-14
6838,6106,16.77,56.25,76,2024-10-09
6839,4016,229.46,49.69,317,2024-08-07
6840,7813,131.64,73.69,412,2024-10-12
6841,4037,358.27,87.89,112,2025-01-19
6842,5069,140.25,38.13,333,2024-11-27
6843,6460,194.4,61.11,458,2024-07-15
6844,8912,243.57,78.35,186,2024-10-10
6845,3097,292.96,77.14,136,2024-05-11
6846,8382,290.57,79.59,214,2024-08-10
6847,3212,89.55,90.63,70,2024-09-13
6848,6670,178.69,98.34,301,2024-12-08
6849,7329,8.99,95.98,51,2024-05-10
6850,5331,235.35,27.0,55,2025-04-08
6851,5806,409.52,84.88,389,2024-05-21
6852,6599,90.35,87.08,95,2024-10-22
6853,6471,468.0,65.02,135,2024-07-08
6854,7627,288.47,81.12,449,2024-05-12
6855,7190,197.44,14.42,485,2024-06-01
6856,4333,309.58,49.12,317,2025-04-10
6857,4055,200.66,27.93,110,2024-10-10
6858,6685,119.52,1.28,95,2024-07-13
6859,8601,328.44,7.56,33,2025-04-03
6860,5084,475.83,67.13,95,2024-11-27
6861,737,388.5,36.88,183,2024-06-05
6862,4245,164.09,84.93,412,2025-04-16
6863,5061,136.53,28.77,426,2024-10-23
6864,4516,88.91,87.29,441,2024-10-06
6865,2601,287.23,7.06,87,2024-05-17
6866,1322,28.05,82.71,164,2024-07-10
6867,622,75.02,87.61,296,2024-11-15
6868,6391,94.16,30.42,169,2024-06-12
6869,489,330.66,22.32,205,2024-04-30
6870,4471,193.22,50.52,92,2025-04-03
6871,1516,232.75,22.28,202,2024-08-29
6872,2385,323.63,56.2,7,2025-01-26
6873,7623,148.33,90.81,280,2024-12-09
6874,1974,436.95,57.2,127,2025-02-11
6875,9917,388.48,12.87,125,2025-03-11
6876,177,364.2,51.45,349,2025-01-27
6877,8047,384.78,52.08,205,2024-11-21
6878,9978,228.86,78.04,130,2024-09-03
6879,8158,413.8,62.29,49,2024-12-22
6880,7119,499.86,92.86,293,2024-10-25
6881,328,370.31,14.39,58,2024-05-14
6882,7393,103.07,36.65,314,2024-08-12
6883,2344,350.36,31.81,15,2025-02-21
6884,6527,468.9,19.93,327,2024-12-16
6885,3536,367.46,18.3,222,2024-12-05
6886,3285,251.8,69.4,136,2025-03-05
6887,8137,426.13,3.71,326,2024-07-15
6888,9382,259.78,95.65,407,2024-07-21
6889,2844,442.37,85.57,149,2025-02-23
6890,428,424.04,18.43,100,2024-10-17
6891,5003,17.91,38.44,55,2024-09-26
6892,605,199.01,12.75,98,2025-03-25
6893,4730,414.81,19.36,98,2024-08-11
6894,7375,66.3,64.05,121,2025-03-07
6895,7603,307.14,23.48,406,2024-11-23
6896,6420,489.08,15.7,366,2024-07-03
6897,6644,412.27,42.03,258,2024-09-10
6898,1715,189.16,6.61,199,2024-08-11
6899,5467,493.44,47.93,335,2024-11-21
6900,24,276.21,41.37,386,2025-01-02
6901,6099,184.6,70.6,238,2025-02-23
6902,7561,210.67,81.99,79,2025-01-22
6903,2101,427.13,71.1,369,2025-02-16
6904,6536,14.58,48.8,73,2024-05-13
6905,9143,359.21,90.31,416,2025-03-07
6906,3702,360.31,65.83,126,2024-12-02
6907,3276,366.82,30.68,187,2024-05-08
6908,6597,394.41,1.98,440,2024-11-09
6909,9090,106.59,63.6,232,2024-12-08
6910,7478,3.06,95.63,265,2024-06-15
6911,5376,193.78,20.81,470,2024-10-21
6912,7816,106.92,31.2,1,2024-09-05
6913,8090,43.18,38.42,10,2025-02-28
6914,5655,284.24,69.25,422,2024-10-05
6915,224,382.55,13.34,240,2025-02-10
6916,8115,490.29,38.98,287,2024-08-21
6917,3801,29.02,81.25,220,2024-05-31
6918,1492,289.27,49.8,500,2024-08-12
6919,3844,407.06,35.25,308,2024-12-05
6920,9367,229.36,99.16,19,2024-12-11
6921,6271,341.14,43.21,214,2024-07-13
6922,4331,332.58,53.43,500,2024-05-03
6923,8267,72.6,24.48,59,2025-02-23
6924,9987,124.87,61.41,427,2024-05-24
6925,3942,98.56,74.38,33,2025-01-19
6926,7132,145.29,36.39,495,2025-04-04
6927,1579,151.03,98.66,342,2024-11-25
6928,9298,28.4,47.59,492,2025-01-06
6929,8550,309.58,26.52,404,2024-12-11
6930,963,300.63,98.53,304,2024-11-18
6931,2697,485.28,82.01,361,2025-04-28
6932,5635,290.2,33.44,186,2024-06-23
6933,221,325.67,26.54,23,2024-11-06
6934,8692,467.87,8.62,157,2024-12-09
6935,8745,261.86,87.82,455,2024-09-12
6936,7370,328.18,18.77,304,2024-10-07
6937,3064,247.65,21.25,111,2025-01-30
6938,6877,406.92,13.91,237,2024-11-17
6939,987,476.24,79.83,445,2025-02-15
6940,1243,258.16,87.37,248,2024-12-14
6941,9491,328.92,82.82,59,2024-12-20
6942,7995,179.13,15.5,481,2024-05-01
6943,9038,314.35,33.52,331,2024-11-29
6944,3717,54.06,93.09,316,2024-09-24
6945,1597,77.15,80.31,289,2024-08-29
6946,6567,124.26,34.93,175,2025-02-20
6947,3976,424.68,38.58,96,2025-04-01
6948,4020,374.68,47.87,195,2024-07-24
6949,1247,194.53,21.99,28,2024-08-18
6950,3548,463.06,81.37,495,2024-05-16
6951,5715,162.07,45.04,418,2024-12-04
6952,6930,396.3,91.6,242,2024-06-06
6953,9322,119.03,28.28,170,2024-12-10
6954,5162,352.87,70.17,365,2024-05-05
6955,3532,494.9,49.87,63,2025-03-06
6956,9491,145.64,28.89,85,2024-05-05
6957,6454,359.64,22.73,185,2025-03-10
6958,2347,8.84,90.07,470,2024-07-26
6959,4633,462.19,27.4,404,2024-06-22
6960,5275,271.4,81.79,43,2024-12-23
6961,184,187.65,79.69,441,2025-04-15
6962,4608,364.96,97.42,45,2024-09-23
6963,9536,437.04,8.98,105,2025-04-28
6964,6134,352.57,14.68,13,2025-02-17
6965,9421,268.99,97.37,376,2024-05-24
6966,3576,92.71,27.52,254,2024-06-17
6967,8525,119.05,40.2,424,2025-03-04
6968,5499,93.42,67.21,91,2024-12-10
6969,5741,430.8,12.16,4,2025-01-15
6970,7136,246.37,9.13,144,2024-12-22
6971,1037,8.29,86.16,21,2025-02-02
6972,3667,275.64,30.52,353,2024-10-08
6973,8002,16.48,24.17,308,2025-01-08
6974,8595,215.47,96.04,302,2025-02-18
6975,1802,371.27,28.03,15,2024-06-18
6976,9286,425.6,6.22,186,2025-04-24
6977,2058,316.93,76.81,205,2025-02-19
6978,5363,278.09,20.11,111,2024-07-16
6979,3714,241.01,29.61,337,2024-08-05
6980,7164,421.97,80.46,353,2025-01-13
6981,6559,317.98,81.37,155,2024-05-11
6982,9108,387.94,39.86,435,2024-12-07
6983,6985,225.78,5.0,305,2024-11-27
6984,5020,387.04,79.0,174,2024-06-05
6985,2875,43.94,68.75,109,2024-08-12
6986,923,378.17,76.39,436,2024-09-21
6987,6713,71.07,38.52,152,2025-04-07
6988,349,53.84,94.75,108,2025-01-15
6989,5529,351.92,0.3,381,2024-11-28
6990,2444,107.97,95.26,361,2025-03-22
6991,8558,301.2,94.84,378,2024-08-03
6992,4777,145.49,94.59,178,2024-07-29
6993,7266,95.81,30.95,423,2024-11-12
6994,1178,225.11,98.96,261,2024-09-27
6995,9769,262.67,10.11,455,2025-04-18
6996,3136,276.88,26.3,394,2024-07-17
6997,389,382.07,87.14,237,2024-06-22
6998,5750,381.89,0.32,181,2025-02-02
6999,9453,290.47,19.86,136,2024-09-08
7000,7528,454.24,8.84,406,2025-03-24
7001,4381,406.24,74.94,128,2024-07-19
7002,3999,357.27,68.72,498,2024-08-01
7003,9197,266.57,4.63,37,2024-11-11
7004,5131,110.93,76.17,407,2025-02-11
7005,1463,62.21,95.8,217,2024-10-30
7006,3149,34.83,45.5,260,2024-05-29
7007,9932,115.31,0.04,92,2025-02-23
7008,2708,225.42,61.16,377,2025-04-04
7009,3230,117.55,81.25,380,2024-09-20
7010,538,82.8,51.41,352,2025-01-04
7011,3164,46.81,63.32,226,2024-05-30
7012,5779,261.85,16.74,80,2025-03-01
7013,5414,296.03,25.41,113,2025-02-24
7014,5745,490.14,36.12,484,2025-01-20
7015,8203,359.75,43.61,373,2024-09-20
7016,3485,367.74,27.65,177,2025-04-22
7017,9523,16.4,30.16,198,2025-01-07
7018,5122,410.59,82.56,414,2024-07-15
7019,1285,475.71,19.4,156,2024-11-29
7020,3133,284.61,53.17,366,2024-07-28
7021,3100,229.18,69.85,456,2025-01-28
7022,7348,454.22,21.22,436,2024-08-16
7023,7405,447.37,92.13,165,2025-02-28
7024,3723,419.65,8.73,394,2024-11-07
7025,8312,417.03,37.89,200,2024-08-15
7026,8740,304.17,74.22,58,2025-03-17
7027,708,275.88,73.79,295,2025-01-29
7028,2842,182.0,39.92,41,2024-10-12
7029,2659,289.22,12.86,350,2024-06-23
7030,2412,11.61,82.15,79,2025-01-24
7031,1986,257.39,7.34,458,2025-02-05
7032,131,365.3,35.42,413,2025-04-14
7033,1416,377.86,56.62,31,2024-09-17
7034,1768,267.31,62.55,260,2024-08-29
7035,5634,183.12,25.94,153,2024-12-23
7036,9427,125.24,49.0,49,2024-12-05
7037,710,339.15,33.01,7,2025-03-31
7038,9665,418.71,22.3,43,2024-08-13
7039,7052,36.53,40.11,447,2024-11-22
7040,129,372.63,79.09,313,2024-05-22
7041,6808,219.16,72.49,218,2024-08-04
7042,2933,122.04,30.96,273,2025-04-04
7043,8899,438.51,78.83,316,2024-05-29
7044,5938,303.79,67.85,490,2025-01-17
7045,9406,427.19,7.58,233,2024-06-12
7046,5791,258.67,36.86,427,2024-07-12
7047,760,177.71,35.87,359,2025-01-25
7048,6251,64.77,83.47,262,2025-01-12
7049,8314,491.65,12.85,117,2025-04-17
7050,7311,337.7,50.07,380,2025-02-18
7051,610,179.13,73.82,221,2025-04-05
7052,3902,76.93,79.6,295,2025-04-29
7053,74,404.15,26.64,446,2024-12-01
7054,1851,474.5,71.1,344,2024-11-04
7055,2750,474.43,18.96,188,2025-02-12
7056,1089,379.58,9.12,160,2024-07-31
7057,183,357.5,92.17,327,2024-09-04
7058,2527,492.52,17.49,477,2024-09-13
7059,5815,302.73,61.65,423,2024-11-17
7060,4658,403.06,38.04,177,2024-07-11
7061,4640,379.01,26.63,467,2025-03-14
7062,4883,46.5,10.93,240,2024-10-12
7063,9609,166.77,78.81,375,2024-08-05
7064,9866,331.78,33.2,246,2025-01-26
7065,7184,279.86,65.02,233,2024-09-10
7066,6782,187.44,90.62,82,2025-02-22
7067,2238,278.42,46.16,325,2024-07-15
7068,5519,159.94,88.28,61,2024-08-06
7069,2371,292.17,42.91,350,2024-10-12
7070,4719,199.2,87.94,16,2024-12-14
7071,5866,344.64,4.93,86,2024-05-28
7072,9271,437.62,71.38,290,2024-12-08
7073,9020,55.77,10.35,362,2025-04-30
7074,368,235.93,18.54,249,2024-11-21
7075,1772,402.51,62.07,106,2025-02-18
7076,7163,423.64,13.07,157,2024-12-04
7077,9174,311.08,18.99,315,2024-09-01
7078,342,387.28,20.98,338,2024-05-21
7079,9462,462.74,48.59,440,2025-03-28
7080,3590,109.21,85.47,208,2024-08-05
7081,7294,367.56,15.71,325,2024-07-02
7082,8558,202.82,49.12,244,2025-01-03
7083,5516,358.6,77.19,266,2025-01-07
7084,1606,68.72,22.19,355,2024-11-20
7085,6445,489.4,10.71,92,2024-08-19
7086,8871,134.86,48.64,236,2025-02-25
7087,1274,224.13,74.11,261,2024-10-31
7088,2271,471.43,38.21,327,2024-10-14
7089,6958,41.54,46.45,259,2024-11-20
7090,9477,147.38,25.27,466,2024-10-02
7091,287,497.4,29.18,98,2024-07-01
7092,1110,448.93,20.93,301,2025-03-24
7093,5489,403.23,75.14,294,2025-01-17
7094,849,139.71,19.77,110,2025-04-23
7095,8062,367.32,11.02,488,2025-02-11
7096,2146,125.29,70.33,295,2024-06-09
7097,6022,220.43,1.01,357,2024-06-08
7098,6202,399.31,31.42,181,2024-09-20
7099,7,189.57,76.75,442,2024-05-01
7100,7724,291.12,56.9,381,2025-04-22
7101,3097,415.87,41.92,218,2025-01-22
7102,7297,37.37,96.9,473,2024-08-11
7103,7236,375.88,41.83,439,2025-01-25
7104,4569,115.08,28.14,52,2024-08-24
7105,7232,422.94,18.78,370,2024-06-09
7106,8664,307.56,88.41,358,2024-07-11
7107,8608,63.21,91.33,110,2024-10-14
7108,9991,225.75,9.38,325,2025-04-28
7109,8897,35.62,4.85,16,2025-03-09
7110,9458,420.99,19.39,495,2024-06-11
7111,4713,283.15,18.92,477,2025-03-07
7112,9761,69.64,40.65,443,2024-11-23
7113,7082,479.38,31.36,478,2024-09-12
7114,5872,57.12,96.9,430,2024-06-28
7115,9314,86.84,82.58,56,2024-09-03
7116,6280,329.46,8.99,410,2024-10-13
7117,4624,47.65,55.48,99,2024-06-12
7118,8536,488.53,43.06,381,2024-06-30
7119,9700,108.91,74.93,85,2024-06-24
7120,427,385.42,12.57,324,2024-08-17
7121,5936,98.69,62.08,476,2024-08-20
7122,9147,45.64,50.22,329,2025-04-19
7123,2871,245.03,64.79,492,2024-07-03
7124,6923,6.83,78.07,403,2024-07-18
7125,4006,207.67,74.34,425,2024-05-29
7126,538,376.82,74.15,4,2024-08-18
7127,4377,328.94,18.81,242,2024-08-08
7128,6424,468.23,63.62,41,2025-03-03
7129,7460,146.49,51.04,70,2024-08-09
7130,6181,182.01,30.83,495,2025-03-24
7131,7936,259.73,82.16,304,2025-03-29
7132,4594,114.87,33.13,63,2025-04-26
7133,3876,236.18,65.75,105,2025-01-24
7134,6070,269.0,38.65,86,2025-01-03
7135,9749,304.67,41.47,152,2024-11-24
7136,2645,198.15,82.66,405,2025-03-20
7137,1739,486.38,86.73,102,2024-08-08
7138,6676,278.11,79.3,41,2024-08-27
7139,8928,444.2,10.68,202,2024-12-12
7140,2298,102.19,32.61,25,2024-10-04
7141,516,396.99,43.57,363,2024-07-02
7142,9452,262.65,24.08,38,2024-09-16
7143,8250,363.32,19.72,147,2025-01-03
7144,44,235.78,0.27,236,2025-01-24
7145,6999,212.52,50.98,159,2024-06-30
7146,40,391.68,81.61,323,2024-12-27
7147,4532,223.1,60.62,385,2024-05-26
7148,9128,332.09,31.1,89,2025-04-04
7149,9028,231.23,32.58,475,2025-04-15
7150,179,304.97,83.28,38,2025-04-05
7151,6609,358.64,68.14,225,2025-01-04
7152,2699,382.08,68.39,436,2025-01-28
7153,2266,223.28,9.72,42,2025-02-04
7154,7356,75.09,73.87,94,2025-04-02
7155,6174,338.35,8.06,318,2025-04-20
7156,7049,378.13,46.34,125,2024-11-23
7157,3986,261.76,29.49,450,2025-02-08
7158,3946,53.14,43.37,426,2024-07-15
7159,7709,483.12,78.76,464,2024-07-21
7160,837,266.49,69.05,256,2024-05-23
7161,7491,411.45,77.4,481,2024-07-15
7162,2954,155.31,66.59,227,2024-07-07
7163,6172,26.34,2.32,184,2024-05-19
7164,5590,76.05,93.36,224,2024-09-17
7165,6648,306.34,83.0,422,2024-10-06
7166,31,422.38,19.76,379,2024-06-08
7167,652,350.91,99.31,101,2024-06-18
7168,7472,454.46,57.22,115,2024-07-11
7169,3914,373.32,26.41,349,2024-05-20
7170,3541,365.94,66.57,306,2024-10-07
7171,6917,116.09,29.86,142,2024-09-21
7172,4717,410.81,28.05,148,2024-08-22
7173,1073,479.21,82.7,349,2025-04-30
7174,2833,164.61,94.13,500,2024-09-24
7175,6714,433.16,43.79,224,2025-04-02
7176,9470,264.27,70.34,302,2024-09-01
7177,8417,431.91,77.58,108,2024-12-18
7178,2897,379.26,96.38,122,2024-09-21
7179,1149,216.9,81.94,227,2025-02-24
7180,9508,73.67,98.53,418,2025-02-08
7181,6745,65.59,22.43,210,2024-07-28
7182,7891,5.63,66.83,268,2025-01-23
7183,3430,158.7,3.72,358,2025-02-28
7184,1435,281.22,12.05,169,2024-06-19
7185,3057,441.83,82.71,9,2024-09-07
7186,1357,338.26,27.46,228,2024-08-29
7187,1920,163.1,11.94,278,2024-12-24
7188,6711,358.13,97.2,106,2024-06-27
7189,6923,167.03,0.18,116,2024-05-18
7190,1906,488.92,99.66,203,2024-07-12
7191,930,221.95,70.17,55,2024-06-30
7192,4952,36.46,1.3,258,2025-04-15
7193,7320,498.03,98.62,64,2024-09-20
7194,7685,141.85,33.72,453,2025-03-01
7195,9783,111.28,49.79,467,2024-10-04
7196,6869,348.96,87.27,473,2025-01-08
7197,4752,241.95,32.43,139,2024-09-03
7198,1486,372.89,11.4,163,2024-10-22
7199,3385,247.74,67.68,311,2024-05-28
7200,6944,19.08,14.47,49,2025-02-23
7201,8088,149.04,45.06,6,2025-01-23
7202,5626,425.75,24.78,276,2024-05-27
7203,48,52.5,58.17,96,2025-02-08
7204,4549,48.97,71.34,60,2024-11-28
7205,7294,186.73,36.23,380,2025-04-22
7206,4682,373.13,62.13,430,2024-11-15
7207,3248,470.76,72.06,138,2025-04-03
7208,7818,414.38,52.31,218,2024-11-12
7209,6091,187.88,74.87,271,2024-09-09
7210,5309,208.21,50.84,268,2024-11-03
7211,814,179.79,47.83,408,2024-12-10
7212,9768,424.02,48.21,129,2025-02-23
7213,5392,295.15,75.04,104,2024-10-27
7214,4597,49.32,45.48,161,2024-08-10
7215,5004,196.18,60.52,120,2025-02-05
7216,8105,488.87,14.65,271,2024-05-11
7217,9524,394.17,73.66,205,2024-05-25
7218,7045,100.36,58.93,284,2025-01-23
7219,5499,114.24,14.29,299,2024-09-15
7220,7953,302.43,17.16,148,2024-10-25
7221,2716,213.97,9.07,23,2025-02-25
7222,9993,435.47,98.44,497,2025-02-20
7223,5859,105.45,98.92,461,2024-05-19
7224,4627,478.85,31.7,60,2024-07-14
7225,9515,238.99,11.16,248,2024-05-03
7226,6643,497.45,46.85,108,2025-03-12
7227,8574,120.26,77.48,465,2025-02-05
7228,6870,74.74,57.66,271,2025-04-07
7229,1625,267.8,42.26,439,2025-03-20
7230,4508,376.59,47.35,93,2024-11-01
7231,4150,277.99,40.1,19,2025-03-16
7232,4906,433.39,21.02,397,2024-09-12
7233,2402,446.08,15.06,30,2024-10-12
7234,3162,340.81,54.64,370,2025-01-25
7235,9440,52.34,46.46,160,2025-03-24
7236,8491,228.46,13.11,496,2024-10-24
7237,1223,476.86,23.98,185,2025-01-31
7238,1773,31.38,67.7,72,2024-07-15
7239,2177,163.62,12.15,139,2024-09-28
7240,7070,224.38,87.64,203,2025-04-10
7241,2287,399.7,58.12,13,2024-09-01
7242,1172,406.44,87.52,33,2024-05-01
7243,3954,234.62,51.23,316,2024-05-16
7244,5958,414.8,35.76,225,2025-01-06
7245,2142,234.64,21.85,301,2024-09-30
7246,3179,345.63,66.36,494,2025-03-15
7247,8988,204.05,12.39,302,2025-04-25
7248,1130,205.47,1.75,203,2024-09-02
7249,8912,284.85,48.61,366,2024-06-04
7250,4140,456.45,51.3,487,2025-04-30
7251,4546,346.84,95.76,280,2024-12-20
7252,7822,205.71,49.59,137,2024-09-24
7253,9376,207.26,56.38,365,2025-03-23
7254,2216,248.99,96.2,253,2024-09-29
7255,5573,489.0,2.21,449,2024-04-30
7256,9368,76.02,54.82,344,2025-03-20
7257,5525,188.63,27.6,315,2024-08-25
7258,7388,411.37,5.56,34,2025-04-23
7259,7777,223.84,80.92,444,2024-06-06
7260,6888,181.79,64.53,482,2024-10-21
7261,9382,482.57,56.49,38,2025-02-18
7262,4605,426.51,5.15,46,2024-05-07
7263,469,341.87,69.47,195,2025-01-04
7264,216,32.81,61.84,103,2024-11-27
7265,3583,319.95,86.15,350,2024-06-05
7266,1156,457.1,41.61,121,2025-04-04
7267,381,45.52,81.03,154,2025-03-25
7268,1506,243.27,37.64,204,2024-12-12
7269,9670,460.48,24.89,329,2025-04-11
7270,681,250.1,4.42,52,2024-10-16
7271,3401,379.66,45.9,112,2024-10-17
7272,1042,386.92,52.34,238,2025-02-23
7273,3313,354.42,60.63,129,2025-04-03
7274,8714,149.38,27.17,460,2025-03-08
7275,2859,173.67,53.14,464,2025-04-16
7276,437,469.78,7.29,442,2024-12-08
7277,5626,1.76,54.56,356,2025-02-19
7278,455,63.86,75.29,229,2025-03-21
7279,9361,288.87,44.48,198,2024-09-27
7280,4355,441.53,17.24,407,2025-03-14
7281,370,259.82,34.82,406,2025-02-07
7282,9834,491.33,89.84,499,2024-06-10
7283,54,189.19,52.82,358,2024-05-06
7284,6815,219.46,93.85,5,2024-08-28
7285,409,357.53,7.5,208,2024-10-24
7286,720,322.57,28.25,75,2024-08-28
7287,5079,482.45,84.16,397,2025-02-23
7288,6689,117.5,76.87,53,2025-03-25
7289,2426,461.88,81.69,11,2025-03-23
7290,3622,169.56,74.12,435,2024-05-25
7291,1548,390.93,96.51,465,2024-07-07
7292,6678,336.63,44.56,167,2024-11-05
7293,1480,341.32,4.26,120,2024-07-17
7294,2723,235.25,29.44,307,2025-01-10
7295,7313,387.78,94.13,218,2024-07-14
7296,9274,12.46,1.74,424,2024-12-30
7297,7135,151.6,30.52,392,2024-05-11
7298,4233,226.01,56.96,385,2024-08-22
7299,1110,56.14,80.13,306,2024-07-10
7300,4308,211.63,65.39,157,2025-03-24
7301,8424,360.8,3.4,72,2024-10-17
7302,5396,356.29,4.32,150,2024-08-21
7303,7369,330.62,63.87,183,2025-01-23
7304,7351,34.89,66.82,89,2024-06-17
7305,9070,219.87,16.27,288,2025-02-14
7306,8673,492.61,25.12,189,2025-01-24
7307,3065,438.13,55.42,342,2024-06-14
7308,4981,479.62,51.87,466,2025-01-05
7309,5937,98.42,16.18,475,2025-01-23
7310,4612,183.36,81.92,243,2024-11-06
7311,2283,375.64,52.63,257,2024-07-16
7312,5815,156.4,63.08,54,2024-09-25
7313,4328,324.98,19.11,375,2024-11-20
7314,9000,71.64,95.55,56,2025-02-28
7315,5902,309.54,90.3,292,2025-02-04
7316,7998,320.23,46.31,451,2024-06-02
7317,8972,325.12,58.95,125,2024-08-18
7318,471,334.49,13.12,423,2024-07-26
7319,4604,339.83,75.51,105,2024-11-03
7320,1877,225.73,79.71,158,2024-09-09
7321,8356,477.73,60.17,128,2024-07-27
7322,7356,12.45,66.84,344,2025-01-08
7323,3072,443.03,82.23,129,2024-08-03
7324,3994,494.45,22.5,143,2024-12-29
7325,4252,290.65,38.57,374,2025-01-26
7326,722,88.78,34.89,478,2025-02-25
7327,8439,243.1,67.92,115,2025-03-29
7328,886,84.15,66.28,377,2024-10-07
7329,1611,333.52,49.44,155,2024-11-18
7330,3991,93.37,26.26,494,2025-01-20
7331,3333,442.94,69.12,11,2025-01-11
7332,3647,6.72,67.59,85,2024-09-18
7333,3998,282.76,92.76,294,2025-04-13
7334,1842,387.21,65.47,386,2025-03-12
7335,4019,36.21,8.03,432,2025-01-15
7336,7323,177.51,11.1,187,2024-11-26
7337,6011,416.0,7.49,477,2024-11-18
7338,1154,361.8,88.37,485,2024-08-22
7339,2275,479.68,36.88,453,2025-03-02
7340,936,231.83,28.08,133,2024-10-29
7341,7129,294.17,98.03,74,2024-11-10
7342,5689,328.14,22.72,216,2024-11-30
7343,7224,392.74,54.28,360,2024-10-07
7344,5196,23.05,94.6,41,2024-08-07
7345,3982,303.9,99.93,78,2025-02-01
7346,3542,385.73,40.27,315,2024-09-25
7347,1998,469.82,90.53,403,2024-05-12
7348,8624,407.76,40.76,137,2024-06-28
7349,9098,43.86,92.38,298,2024-09-23
7350,2460,450.28,33.86,130,2024-11-03
7351,6989,40.68,88.43,219,2024-07-28
7352,9891,105.77,92.24,173,2025-01-25
7353,4603,371.91,77.69,499,2025-02-06
7354,2230,90.93,47.37,178,2024-10-30
7355,5376,436.09,91.61,288,2024-05-17
7356,9269,34.44,19.42,375,2024-06-04
7357,1854,258.08,29.59,449,2025-03-10
7358,4266,436.42,91.41,91,2025-02-27
7359,1372,459.46,89.48,38,2025-01-07
7360,7469,312.94,69.95,253,2024-06-06
7361,7376,77.67,58.01,94,2025-03-01
7362,1147,207.05,39.53,185,2025-02-04
7363,8072,376.99,95.85,105,2024-09-09
7364,4070,375.21,16.91,46,2025-03-04
7365,8482,240.68,57.89,452,2025-03-09
7366,9929,427.98,76.74,385,2025-01-24
7367,3547,78.83,86.24,343,2024-12-08
7368,3663,33.2,13.36,126,2024-11-15
7369,8970,102.52,9.04,314,2025-02-11
7370,191,292.55,86.54,60,2024-12-31
7371,2304,489.36,80.81,197,2024-11-23
7372,2215,464.91,2.37,0,2025-02-20
7373,3919,134.15,92.28,147,2024-07-08
7374,9033,368.28,68.66,297,2025-04-08
7375,6101,402.28,28.61,231,2024-05-31
7376,8040,450.0,10.28,154,2025-04-30
7377,6550,273.4,86.78,424,2024-08-21
7378,3311,18.98,69.04,166,2024-08-10
7379,3961,341.9,89.6,185,2024-05-05
7380,1414,288.1,15.12,42,2024-09-13
7381,3942,337.89,35.51,299,2024-11-25
7382,5712,307.32,94.91,408,2024-09-02
7383,4714,457.71,28.24,28,2025-02-28
7384,9993,92.45,54.41,396,2024-12-20
7385,3407,332.84,22.72,259,2025-03-20
7386,4420,131.86,78.95,340,2024-09-21
7387,3595,296.96,69.49,185,2024-06-16
7388,1642,323.75,45.33,47,2025-04-15
7389,6865,154.99,63.72,130,2024-09-30
7390,5994,137.16,4.22,14,2024-05-09
7391,7976,258.84,34.73,50,2024-12-27
7392,91,214.56,61.31,32,2025-04-10
7393,3197,171.58,43.94,500,2024-12-15
7394,3413,356.26,60.08,122,2024-05-23
7395,8338,484.36,26.01,48,2024-08-10
7396,3415,372.56,53.57,417,2024-10-28
7397,6907,231.62,61.7,296,2024-07-26
7398,967,393.28,73.19,14,2024-11-16
7399,7618,176.48,70.64,283,2024-06-03
7400,7353,479.17,41.16,18,2024-10-07
7401,9366,207.81,59.06,84,2025-01-24
7402,4488,410.76,20.44,429,2024-09-14
7403,2371,235.43,70.94,181,2025-04-04
7404,1229,108.82,48.62,345,2024-08-23
7405,2838,395.51,59.12,263,2025-03-04
7406,8930,377.04,75.93,67,2024-12-29
7407,9793,256.19,52.77,345,2025-01-12
7408,5397,304.53,7.57,305,2024-07-10
7409,3442,460.92,51.24,106,2025-02-04
7410,6208,4.41,73.39,83,2024-07-11
7411,75,132.5,63.09,277,2025-02-01
7412,8236,294.15,43.65,185,2024-09-23
7413,5072,473.3,39.09,225,2025-03-21
7414,3380,267.17,80.68,228,2024-10-10
7415,5777,293.12,53.87,429,2024-07-07
7416,9260,254.47,59.59,10,2024-09-13
7417,7724,413.14,77.99,56,2024-08-23
7418,7404,483.89,24.06,315,2024-07-14
7419,8867,147.85,61.18,127,2024-07-08
7420,8056,256.51,36.58,151,2024-05-23
7421,821,11.79,75.94,200,2024-07-01
7422,2382,317.88,10.0,157,2024-08-10
7423,9376,279.53,69.42,403,2025-04-26
7424,332,319.41,60.31,210,2024-06-18
7425,3706,93.06,43.07,87,2025-03-17
7426,8166,260.93,88.74,96,2024-07-31
7427,4563,227.67,25.66,2,2024-06-01
7428,6364,256.36,34.38,411,2025-04-28
7429,2112,191.42,74.18,377,2025-02-26
7430,4886,181.74,59.79,324,2024-08-29
7431,8289,64.3,46.04,167,2025-02-11
7432,8992,461.0,98.43,185,2024-06-21
7433,3389,37.02,25.03,387,2025-04-02
7434,6073,89.73,23.16,136,2025-02-10
7435,1591,107.27,81.58,448,2025-02-17
7436,3175,78.03,31.53,348,2024-11-14
7437,1251,231.88,30.9,31,2025-04-25
7438,745,300.26,46.65,180,2025-03-14
7439,6647,92.02,54.34,197,2024-10-21
7440,6820,303.55,70.66,394,2024-12-26
7441,7948,401.94,76.81,315,2024-05-16
7442,7821,52.91,88.25,281,2024-12-11
7443,8534,246.89,48.57,253,2024-10-04
7444,9452,157.57,15.77,79,2024-12-17
7445,5549,434.85,50.42,489,2024-06-16
7446,8822,262.53,60.1,279,2025-04-04
7447,4814,82.61,94.58,53,2024-07-18
7448,4978,232.62,14.43,131,2024-09-15
7449,9604,408.49,58.59,234,2024-08-05
7450,5497,408.58,8.76,366,2024-06-15
7451,3578,50.26,92.51,40,2024-12-23
7452,2266,257.0,55.26,196,2024-10-21
7453,5610,391.05,46.92,227,2024-12-18
7454,5501,178.68,67.89,243,2024-06-20
7455,2320,468.75,49.47,10,2024-06-20
7456,3365,301.83,93.56,245,2025-04-12
7457,4078,413.75,25.71,247,2025-04-05
7458,8431,279.27,59.4,5,2025-04-05
7459,1936,407.1,48.41,47,2024-07-22
7460,7241,277.05,22.74,282,2024-08-23
7461,1460,111.11,63.41,96,2024-12-15
7462,3632,347.65,40.72,147,2024-07-06
7463,3398,437.83,29.18,132,2024-12-22
7464,524,432.96,15.93,288,2025-03-11
7465,7350,441.3,31.46,495,2024-10-08
7466,4166,237.33,71.14,160,2025-01-21
7467,7927,268.65,16.17,441,2024-08-04
7468,4155,58.17,53.25,369,2025-02-09
7469,1500,407.44,82.37,240,2024-05-10
7470,7608,104.71,5.62,486,2024-05-30
7471,4817,190.32,41.32,250,2024-06-15
7472,613,1.69,22.94,100,2025-03-31
7473,4750,387.84,19.68,396,2025-04-21
7474,3927,491.48,85.55,440,2024-05-18
7475,6765,173.67,63.1,2,2024-12-26
7476,7109,377.81,70.01,302,2024-11-06
7477,7562,472.07,47.11,8,2025-04-11
7478,2650,144.12,94.2,171,2025-03-11
7479,9210,154.7,77.32,264,2025-01-28
7480,7559,85.97,14.82,27,2024-08-10
7481,8262,381.92,65.24,422,2025-01-21
7482,9392,404.02,98.31,105,2025-03-02
7483,7319,451.65,23.2,434,2025-01-19
7484,5665,465.65,3.97,62,2025-01-26
7485,4126,331.72,24.74,307,2025-01-15
7486,2698,491.65,38.86,378,2024-12-06
7487,5127,377.8,3.41,115,2024-11-14
7488,530,389.85,29.0,379,2024-05-25
7489,2894,356.24,79.94,344,2024-05-30
7490,9397,280.9,25.16,301,2024-11-20
7491,6590,131.24,2.64,425,2024-06-26
7492,9146,487.75,50.46,443,2024-09-06
7493,3414,468.23,34.32,127,2024-11-18
7494,5225,296.02,46.01,140,2025-01-08
7495,216,481.76,55.96,169,2024-09-07
7496,2015,95.52,15.54,390,2024-05-31
7497,1635,77.53,44.87,282,2024-09-15
7498,2841,209.35,47.47,28,2024-12-30
7499,3230,139.37,93.05,402,2024-12-12
7500,9439,68.09,79.11,123,2024-12-11
7501,8093,442.96,79.79,343,2024-09-21
7502,958,119.82,11.11,282,2024-12-03
7503,7308,449.5,42.35,420,2024-06-24
7504,7956,259.79,28.91,213,2024-06-19
7505,7591,486.68,10.86,273,2024-09-21
7506,3812,199.85,98.21,107,2024-05-24
7507,8250,408.69,87.46,101,2025-04-23
7508,9653,347.63,95.56,245,2024-09-06
7509,4371,223.78,70.52,301,2025-04-19
7510,1443,263.55,82.86,454,2024-09-19
7511,3249,12.68,18.59,233,2025-03-14
7512,6068,9.1,47.38,485,2024-05-31
7513,7144,20.93,89.54,232,2025-04-27
7514,7426,91.59,0.75,380,2024-11-24
7515,6895,62.4,69.38,430,2024-08-30
7516,4418,272.52,10.58,440,2024-05-04
7517,2743,393.08,89.65,485,2024-05-23
7518,4831,362.55,70.81,231,2024-05-03
7519,8800,7.14,77.33,386,2024-09-01
7520,9948,246.97,41.75,400,2024-12-28
7521,80,429.38,57.38,435,2024-05-23
7522,6127,123.78,65.98,244,2025-03-16
7523,5978,135.08,98.99,106,2024-06-08
7524,605,346.42,87.66,137,2025-03-11
7525,425,50.76,89.72,168,2024-10-08
7526,1645,345.72,68.09,494,2024-12-14
7527,2893,334.84,46.41,23,2025-02-23
7528,6969,381.91,57.94,435,2024-12-21
7529,2383,320.69,84.5,481,2025-04-17
7530,8495,146.29,43.78,418,2025-02-15
7531,9817,66.59,8.45,399,2025-03-28
7532,5708,69.17,41.57,497,2024-06-29
7533,4115,55.8,18.74,30,2024-10-26
7534,7324,476.28,36.26,496,2025-04-02
7535,5106,108.87,55.71,247,2024-11-02
7536,6061,310.5,0.33,373,2024-08-27
7537,8346,443.42,30.21,171,2025-04-10
7538,1895,365.26,5.19,76,2024-06-15
7539,5667,6.01,39.52,444,2024-07-18
7540,2865,450.66,54.61,195,2024-07-29
7541,9691,195.94,7.97,150,2024-12-11
7542,2892,474.33,42.56,313,2025-04-07
7543,7914,297.39,31.35,129,2025-02-07
7544,6373,460.84,89.13,160,2024-06-22
7545,1223,459.45,95.45,500,2025-02-18
7546,4263,231.98,3.44,130,2024-07-13
7547,1349,430.89,61.76,184,2024-10-05
7548,3577,10.03,87.65,223,2024-11-15
7549,3302,370.9,90.86,146,2024-11-13
7550,6517,162.15,40.73,325,2024-10-21
7551,4947,332.86,50.39,81,2025-04-29
7552,7110,373.12,92.21,331,2025-03-04
7553,1298,182.44,12.9,444,2025-01-08
7554,2170,123.41,6.56,92,2024-10-23
7555,3648,99.94,23.31,199,2024-05-28
7556,5991,16.65,46.5,201,2025-04-11
7557,6149,357.61,77.43,430,2024-09-04
7558,4672,183.17,63.36,203,2024-12-31
7559,1248,461.9,67.12,296,2024-05-28
7560,3210,452.01,37.53,60,2025-03-20
7561,324,25.48,75.13,162,2025-03-07
7562,3464,325.71,83.92,434,2025-01-03
7563,8006,282.0,70.99,108,2025-03-01
7564,512,62.57,30.79,349,2024-07-04
7565,5844,259.02,83.71,318,2024-05-25
7566,8222,75.35,58.61,214,2024-05-29
7567,4270,263.71,69.78,427,2025-03-03
7568,1027,145.37,24.68,81,2024-06-20
7569,1001,64.52,19.45,439,2024-10-18
7570,603,241.73,53.83,335,2024-12-27
7571,8095,475.17,86.02,28,2025-03-12
7572,2988,360.18,33.62,149,2025-01-02
7573,9286,97.87,70.99,105,2025-02-16
7574,9421,66.55,36.86,99,2025-03-07
7575,5848,227.77,39.5,405,2024-05-06
7576,1395,427.65,27.94,269,2024-05-24
7577,8169,296.46,30.85,251,2025-03-18
7578,8015,179.82,68.14,497,2024-09-14
7579,7340,361.57,46.89,279,2024-06-22
7580,2577,414.99,24.31,234,2024-10-20
7581,2181,35.08,50.49,340,2025-02-17
7582,7388,196.93,15.91,166,2024-07-30
7583,532,166.28,12.21,162,2025-03-22
7584,231,345.01,92.06,450,2025-03-29
7585,4214,474.06,18.97,199,2025-04-04
7586,173,106.04,89.67,457,2025-04-01
7587,5190,128.16,80.83,141,2024-11-24
7588,4602,451.19,71.38,482,2024-05-03
7589,1104,118.77,15.98,311,2025-02-20
7590,9471,154.86,51.32,298,2025-03-03
7591,473,374.82,57.87,15,2024-10-25
7592,8070,28.86,62.71,270,2024-05-19
7593,1398,74.75,57.0,435,2025-03-06
7594,1422,214.9,90.18,363,2025-04-29
7595,4949,337.58,65.13,414,2025-04-18
7596,2673,370.41,82.05,404,2024-06-05
7597,3000,271.86,60.08,389,2024-09-11
7598,1416,336.96,31.53,242,2025-04-28
7599,5482,218.3,94.01,395,2025-03-30
7600,5659,442.47,21.48,5,2025-03-29
7601,9075,318.16,61.02,479,2024-12-12
7602,6007,74.77,80.54,148,2025-03-08
7603,7746,498.51,26.24,170,2025-02-05
7604,1477,322.27,6.09,317,2024-08-19
7605,5488,199.39,60.57,356,2025-01-09
7606,878,332.29,93.25,361,2024-07-20
7607,1886,345.34,75.97,289,2024-09-07
7608,3045,222.76,25.03,50,2024-06-09
7609,8407,293.96,51.08,338,2024-07-19
7610,784,473.16,86.13,404,2024-07-18
7611,3626,80.22,4.11,129,2024-12-11
7612,7681,197.03,11.59,477,2024-06-07
7613,3345,6.42,87.3,115,2025-03-26
7614,2301,368.31,71.09,50,2024-11-10
7615,6995,238.32,27.22,125,2024-11-07
7616,9904,397.55,87.26,42,2024-07-03
7617,3761,349.7,64.7,392,2025-01-26
7618,2542,154.27,14.35,414,2024-09-21
7619,1005,355.21,31.29,13,2024-08-29
7620,491,339.77,87.68,466,2024-07-21
7621,7688,195.97,71.24,309,2024-08-06
7622,3663,450.09,72.18,121,2025-04-24
7623,2920,435.79,77.7,232,2024-06-25
7624,5028,458.01,24.87,207,2024-05-23
7625,3941,307.02,44.44,307,2024-08-30
7626,3183,80.94,53.12,245,2024-11-20
7627,6442,9.08,39.14,403,2024-11-13
7628,6466,86.77,26.03,397,2024-09-24
7629,9752,138.51,83.74,195,2024-10-03
7630,1439,246.0,92.41,347,2024-07-12
7631,6137,55.55,84.67,305,2024-10-21
7632,5139,132.15,6.72,166,2024-06-10
7633,7802,5.4,30.13,109,2025-03-10
7634,9847,104.34,47.02,312,2024-05-16
7635,2144,291.03,42.56,297,2024-10-22
7636,7085,291.1,25.59,447,2025-04-25
7637,1048,382.16,21.85,263,2025-01-13
7638,3822,320.88,46.55,4,2025-01-20
7639,9535,309.12,69.6,131,2024-05-09
7640,1383,413.13,46.52,271,2024-08-10
7641,1282,441.5,3.5,188,2025-02-26
7642,2417,251.14,92.11,445,2024-05-11
7643,7216,258.24,75.5,27,2024-12-20
7644,7622,255.47,81.6,124,2024-08-17
7645,3286,62.79,43.61,439,2024-07-24
7646,3554,445.44,84.66,316,2024-11-07
7647,8098,306.89,30.8,363,2024-07-07
7648,4147,483.38,54.96,82,2024-10-17
7649,1957,217.01,73.86,324,2024-07-22
7650,7607,424.16,95.94,335,2025-04-22
7651,570,406.62,44.96,469,2025-01-31
7652,6510,51.39,39.22,159,2025-01-13
7653,71,31.86,30.07,123,2025-04-30
7654,7022,484.38,39.0,115,2024-05-20
7655,9426,332.92,96.98,169,2025-01-28
7656,2428,320.97,50.63,388,2025-04-11
7657,8817,7.56,11.34,360,2024-10-02
7658,2816,252.16,81.05,358,2024-12-30
7659,4436,296.62,51.76,355,2025-04-11
7660,8956,377.19,67.99,115,2025-04-22
7661,1815,147.07,1.77,390,2024-05-31
7662,3745,88.89,26.56,408,2025-01-22
7663,6758,62.36,43.25,466,2025-03-22
7664,9090,9.18,31.55,298,2024-06-18
7665,6691,475.45,70.07,254,2025-03-06
7666,4966,463.87,77.96,197,2025-01-18
7667,4700,149.73,80.87,467,2024-12-01
7668,9692,235.35,45.88,189,2025-02-18
7669,1780,303.65,44.19,22,2024-05-30
7670,2140,322.83,56.53,0,2024-09-24
7671,5230,174.78,95.54,459,2024-08-07
7672,1100,490.87,39.88,97,2024-12-21
7673,1030,210.1,34.71,153,2024-10-29
7674,4978,304.53,56.56,219,2024-12-13
7675,1363,26.92,74.11,464,2024-12-09
7676,9491,455.26,21.4,399,2025-03-26
7677,2984,232.25,41.72,381,2024-09-20
7678,3024,73.61,61.55,111,2025-03-09
7679,9828,339.29,93.98,0,2024-05-18
7680,5059,229.8,77.79,362,2024-08-07
7681,9925,16.83,11.48,139,2024-12-22
7682,2780,429.46,92.75,241,2025-03-12
7683,9566,7.0,97.14,321,2024-11-19
7684,4767,230.35,54.5,107,2025-03-29
7685,6,9.4,61.79,447,2024-07-12
7686,5062,107.13,9.26,325,2025-02-08
7687,3952,252.68,59.44,171,2025-02-18
7688,8973,140.01,92.96,294,2024-10-05
7689,7919,383.0,49.49,189,2025-03-10
7690,6693,316.99,73.63,289,2024-06-16
7691,5792,473.83,1.93,76,2024-06-21
7692,1988,62.29,59.25,433,2024-06-30
7693,1423,305.69,28.23,59,2024-12-19
7694,8738,333.5,71.24,186,2024-12-13
7695,3678,368.52,61.22,477,2025-04-25
7696,3548,199.68,25.34,39,2024-11-29
7697,5469,235.42,73.66,239,2024-11-17
7698,5342,337.2,16.04,497,2025-01-29
7699,3685,17.9,92.33,56,2024-07-06
7700,6599,116.35,1.17,109,2024-10-21
7701,8713,445.79,78.04,334,2024-08-10
7702,5611,311.88,97.78,222,2024-06-06
7703,1168,254.65,35.22,62,2024-07-01
7704,4060,234.85,56.1,203,2025-03-15
7705,489,471.92,66.43,50,2025-04-04
7706,4668,87.65,6.15,386,2025-01-22
7707,3870,32.12,60.17,410,2024-12-15
7708,7054,151.37,48.35,400,2024-10-31
7709,382,2.28,59.32,65,2024-12-09
7710,1580,276.55,14.67,257,2025-02-06
7711,9230,82.15,81.99,298,2025-01-13
7712,307,341.52,5.95,37,2024-06-28
7713,2235,114.64,4.94,351,2024-08-10
7714,3004,151.32,5.31,29,2024-08-03
7715,3038,378.68,36.62,439,2024-09-23
7716,1524,328.71,17.93,221,2025-03-04
7717,2458,141.86,65.74,198,2024-05-16
7718,935,404.07,25.55,497,2024-08-24
7719,2803,408.79,31.81,10,2024-12-03
7720,9640,281.5,19.69,259,2024-11-19
7721,2931,200.65,46.6,464,2024-06-21
7722,7122,472.38,72.63,443,2025-04-23
7723,9957,228.44,48.05,396,2024-05-23
7724,6800,179.65,40.99,256,2024-07-21
7725,7004,284.3,61.55,305,2024-05-16
7726,6582,86.89,38.88,173,2024-08-11
7727,1521,97.64,16.48,358,2024-06-07
7728,8873,122.59,37.67,28,2025-01-22
7729,2048,200.59,4.06,425,2024-08-13
7730,3941,202.55,8.51,151,2024-06-23
7731,3890,66.22,74.45,79,2025-01-27
7732,2288,27.12,32.62,355,2024-07-17
7733,8017,422.08,55.89,359,2024-09-30
7734,499,83.55,15.25,282,2024-05-01
7735,3264,93.48,65.0,469,2025-01-29
7736,2799,386.27,27.95,135,2025-04-30
7737,3631,146.94,44.46,11,2025-02-22
7738,2287,57.13,73.82,388,2025-03-30
7739,7150,101.77,73.3,470,2024-10-24
7740,8219,360.44,82.16,359,2024-12-23
7741,9959,25.91,39.41,264,2025-02-09
7742,6947,344.38,51.11,148,2024-10-06
7743,8693,412.09,11.64,170,2024-05-25
7744,8699,409.31,7.67,11,2024-11-27
7745,1778,41.74,49.5,85,2024-10-24
7746,3707,151.18,65.89,239,2025-02-12
7747,6913,475.81,87.92,409,2024-07-18
7748,5083,409.67,85.26,171,2025-03-06
7749,870,268.16,8.79,70,2025-04-27
7750,7076,413.17,14.97,136,2025-01-25
7751,4548,187.61,8.53,430,2025-03-21
7752,4672,499.85,31.67,101,2024-05-13
7753,6353,39.86,47.84,241,2025-01-02
7754,9117,254.2,28.77,362,2025-01-01
7755,4100,218.73,73.72,219,2024-07-18
7756,6577,323.67,46.76,28,2025-04-05
7757,9159,333.18,61.65,178,2024-06-06
7758,8494,314.93,98.55,123,2024-11-27
7759,4544,342.02,95.22,397,2024-07-26
7760,2844,236.27,66.49,299,2024-06-20
7761,3083,319.22,39.21,249,2024-08-22
7762,3183,14.02,93.07,455,2024-10-18
7763,9723,283.07,25.86,431,2024-04-30
7764,2821,353.95,47.25,27,2025-03-05
7765,4071,178.68,28.54,77,2024-06-12
7766,7085,447.06,67.56,388,2025-03-29
7767,7832,184.86,93.44,150,2024-09-27
7768,2578,438.55,67.65,418,2024-06-28
7769,4449,494.1,76.72,63,2024-06-06
7770,3662,128.97,9.91,407,2024-04-30
7771,2132,222.03,78.33,0,2024-07-21
7772,5512,30.46,88.09,450,2024-07-04
7773,1115,238.57,46.22,12,2025-03-03
7774,7701,361.1,71.03,128,2024-12-15
7775,3837,414.8,44.73,206,2024-05-07
7776,68,320.1,5.05,285,2024-07-18
7777,1075,472.31,93.92,31,2024-07-21
7778,9616,69.79,78.91,285,2024-06-09
7779,774,158.55,99.59,282,2024-09-13
7780,4461,346.03,8.5,343,2024-07-18
7781,2276,328.33,9.28,481,2024-10-26
7782,3815,36.07,29.99,170,2024-09-12
7783,4305,225.81,27.26,64,2024-09-03
7784,3822,220.04,51.34,316,2024-07-27
7785,4449,204.85,58.95,480,2024-07-01
7786,6264,377.92,17.36,209,2025-01-03
7787,4456,340.28,23.49,436,2024-11-14
7788,304,279.42,63.38,256,2025-01-16
7789,6753,158.06,34.06,57,2024-11-18
7790,582,25.23,45.6,242,2024-08-14
7791,3239,207.09,57.61,62,2024-10-24
7792,2692,443.29,26.44,233,2024-06-15
7793,8991,22.24,72.8,443,2025-03-30
7794,4359,11.32,12.9,132,2025-04-19
7795,7792,59.84,13.85,469,2024-12-20
7796,5148,362.46,13.66,224,2025-01-21
7797,9982,383.5,94.05,164,2024-08-05
7798,9397,486.69,16.44,152,2024-11-10
7799,1212,449.97,81.69,371,2024-10-18
7800,4779,28.76,20.03,450,2024-05-18
7801,2761,421.9,29.28,483,2024-08-20
7802,5708,472.63,99.06,294,2024-09-14
7803,8912,112.83,28.52,487,2024-12-01
7804,4732,156.26,74.02,498,2024-06-10
7805,2773,142.59,3.3,126,2024-07-23
7806,3187,478.29,50.38,231,2024-10-21
7807,7446,220.05,83.24,94,2024-10-11
7808,4497,454.75,43.64,312,2024-11-06
7809,6964,122.94,42.56,285,2025-04-19
7810,9137,484.04,16.6,396,2024-11-02
7811,5941,64.27,1.87,462,2024-08-16
7812,4705,99.63,56.66,85,2024-10-07
7813,1067,144.39,12.62,327,2024-10-29
7814,8567,449.14,55.62,75,2024-06-25
7815,1409,290.88,67.0,42,2024-04-30
7816,6179,77.86,42.31,395,2024-12-30
7817,6832,213.05,3.09,359,2024-09-29
7818,8796,38.06,14.27,130,2024-09-28
7819,7951,391.5,29.06,25,2025-01-17
7820,7492,329.87,73.48,307,2024-07-15
7821,4465,98.3,2.67,389,2025-01-04
7822,8624,36.6,89.02,488,2024-07-26
7823,6168,155.38,2.7,19,2025-03-21
7824,5410,320.86,72.0,116,2024-07-26
7825,4778,2.31,60.9,235,2024-09-20
7826,7081,434.05,92.8,95,2024-06-25
7827,7312,499.75,8.68,460,2024-08-14
7828,9663,229.04,54.75,445,2024-08-07
7829,4030,24.6,23.6,20,2024-05-12
7830,2063,388.56,43.03,430,2025-04-06
7831,1465,244.94,54.08,279,2024-09-04
7832,3405,32.56,73.91,261,2025-04-17
7833,6714,427.44,30.01,64,2024-08-12
7834,888,248.84,18.95,413,2025-04-20
7835,9703,352.11,78.01,72,2025-02-28
7836,760,116.31,24.91,194,2025-04-07
7837,3565,312.55,64.36,288,2025-04-25
7838,7667,25.4,97.44,448,2024-06-10
7839,366,488.14,58.36,192,2025-02-02
7840,8276,413.28,94.06,19,2024-10-24
7841,9525,205.27,66.9,239,2024-05-02
7842,2138,104.31,36.01,416,2025-01-12
7843,3528,168.63,91.68,427,2024-08-21
7844,96,87.42,44.68,28,2024-06-11
7845,8416,427.96,83.95,43,2025-01-19
7846,4913,479.02,93.79,212,2025-03-12
7847,4739,150.73,43.13,492,2024-07-16
7848,277,477.39,57.2,388,2024-10-20
7849,9282,319.34,79.16,467,2024-12-29
7850,8287,150.62,10.74,391,2024-07-15
7851,8610,490.58,12.07,109,2024-05-05
7852,6662,424.99,63.23,447,2024-08-08
7853,5948,229.15,4.89,163,2025-04-02
7854,1207,200.27,45.13,372,2024-09-10
7855,3566,168.2,97.34,87,2025-01-17
7856,3076,192.12,1.35,422,2025-03-26
7857,9482,265.12,56.61,226,2024-08-22
7858,8497,1.68,25.93,21,2024-11-10
7859,2165,253.17,5.08,126,2024-06-29
7860,8874,478.51,56.52,135,2024-07-28
7861,8223,488.87,81.81,345,2025-02-05
7862,6188,494.17,71.14,119,2025-02-02
7863,2836,371.72,81.37,59,2024-07-27
7864,4930,301.01,88.76,331,2024-07-24
7865,1196,211.53,33.34,195,2024-11-27
7866,7984,452.38,46.68,483,2024-06-28
7867,3232,436.08,71.79,396,2024-06-21
7868,9788,30.87,34.91,70,2025-02-28
7869,2969,96.09,98.44,408,2025-03-20
7870,1259,159.54,3.81,319,2024-06-15
7871,786,146.34,47.21,151,2025-03-06
7872,2525,227.27,7.37,272,2024-07-15
7873,9950,77.4,46.36,222,2024-09-28
7874,2925,21.67,18.5,128,2024-10-28
7875,82,411.87,57.77,447,2024-10-08
7876,6094,173.1,56.83,111,2025-03-11
7877,9117,387.63,15.07,432,2025-02-15
7878,3930,282.76,72.89,234,2025-01-25
7879,9807,470.43,2.01,25,2025-02-26
7880,587,409.46,12.35,356,2025-02-28
7881,4257,183.44,27.0,474,2024-10-20
7882,4578,70.88,45.75,467,2024-07-10
7883,3846,446.75,3.69,190,2025-04-16
7884,1650,267.07,68.1,359,2024-05-07
7885,9702,93.19,30.08,485,2024-11-01
7886,305,39.23,94.03,480,2024-12-15
7887,3860,313.04,3.89,338,2024-09-16
7888,6359,39.42,1.06,36,2024-09-03
7889,952,477.23,13.93,431,2024-11-05
7890,6476,220.88,42.71,184,2024-10-13
7891,387,372.25,15.57,361,2024-10-17
7892,4421,252.59,66.72,375,2025-02-20
7893,7917,414.03,43.94,170,2024-11-29
7894,1741,470.15,0.75,355,2025-02-19
7895,4289,398.67,32.7,496,2024-05-10
7896,7696,202.18,10.87,241,2024-10-21
7897,1262,116.03,99.16,149,2024-08-30
7898,1535,57.85,35.96,425,2024-11-18
7899,4950,267.36,77.53,69,2025-02-16
7900,8391,390.12,41.38,235,2025-04-09
7901,3915,381.71,37.58,122,2024-07-05
7902,4912,174.09,75.62,337,2024-05-07
7903,1075,442.24,30.98,323,2024-07-04
7904,2968,408.82,5.72,68,2025-03-29
7905,8593,134.94,75.15,312,2024-08-18
7906,4673,6.41,65.39,249,2025-02-22
7907,3803,150.75,32.72,168,2024-11-25
7908,5344,496.15,56.91,43,2024-10-26
7909,8162,36.43,23.5,6,2024-10-18
7910,9544,249.87,48.0,214,2024-06-03
7911,5355,247.35,75.49,123,2024-06-03
7912,9274,108.41,14.59,19,2025-03-21
7913,1029,449.91,70.81,384,2025-04-28
7914,2050,184.83,24.32,361,2025-03-07
7915,1866,181.85,28.99,483,2024-08-21
7916,3555,314.61,51.03,305,2025-03-15
7917,4140,437.11,79.59,249,2024-12-22
7918,3419,468.25,96.97,22,2024-11-27
7919,9642,59.29,40.24,414,2025-03-25
7920,8370,352.79,55.79,387,2024-11-15
7921,3825,202.1,73.41,288,2024-12-11
7922,1247,223.55,36.97,151,2024-09-17
7923,172,148.89,97.95,119,2024-07-20
7924,7748,365.53,56.14,413,2024-10-04
7925,8592,133.13,28.87,396,2024-11-03
7926,3438,243.07,13.57,371,2024-11-15
7927,8527,32.8,65.82,107,2024-10-09
7928,8840,389.31,65.53,225,2024-10-23
7929,994,77.68,77.08,114,2024-05-08
7930,1933,429.27,87.9,223,2024-06-03
7931,2311,402.64,17.79,327,2024-06-26
7932,5836,70.02,22.45,483,2024-12-10
7933,8738,4.22,26.55,494,2024-05-16
7934,7847,191.11,99.45,436,2024-11-20
7935,1030,302.37,19.11,31,2024-12-31
7936,8058,35.6,2.76,317,2024-05-18
7937,5328,71.26,69.29,388,2024-09-12
7938,2185,306.41,50.42,94,2024-09-16
7939,8073,235.4,45.53,305,2024-05-23
7940,4006,271.33,18.3,294,2024-12-24
7941,1689,27.74,44.92,387,2024-10-20
7942,4822,308.27,61.2,330,2024-12-18
7943,6964,255.57,74.07,102,2024-10-19
7944,4620,112.88,1.39,352,2025-04-23
7945,584,120.07,32.85,224,2024-12-02
7946,5945,438.61,91.4,459,2024-10-22
7947,493,17.04,67.31,35,2024-05-14
7948,3996,140.13,17.78,493,2024-06-20
7949,8500,495.94,48.2,51,2024-05-20
7950,3035,25.12,89.6,260,2025-03-26
7951,6954,282.02,18.48,147,2025-03-09
7952,5279,366.89,45.17,369,2024-12-12
7953,4038,498.2,60.83,194,2024-06-13
7954,8439,79.23,60.06,491,2024-09-27
7955,3452,127.34,21.78,104,2024-12-07
7956,7873,83.47,90.63,33,2024-08-29
7957,5508,108.36,92.98,144,2025-01-02
7958,34,12.26,59.74,376,2025-02-01
7959,6547,181.6,3.76,254,2024-12-13
7960,2896,39.0,65.26,57,2024-07-04
7961,4457,42.31,93.94,44,2024-11-29
7962,8912,411.59,4.88,103,2025-04-12
7963,2294,120.67,68.98,26,2024-10-11
7964,5598,147.23,70.85,237,2024-11-27
7965,9831,325.91,41.42,288,2024-11-03
7966,2615,210.83,9.18,354,2024-10-25
7967,2204,292.89,78.35,183,2024-12-08
7968,9940,52.88,98.56,212,2024-06-17
7969,9979,330.35,3.54,170,2024-06-12
7970,1902,384.32,84.54,25,2024-07-20
7971,7837,22.04,94.78,366,2025-02-27
7972,1814,239.13,77.79,481,2024-08-01
7973,9253,480.58,81.54,57,2024-05-31
7974,6378,276.26,15.72,430,2024-07-11
7975,4402,489.13,62.67,138,2024-07-13
7976,3918,176.84,42.93,63,2025-02-04
7977,8225,201.78,65.18,252,2024-10-03
7978,3467,206.02,73.5,197,2024-05-31
7979,7223,86.97,14.42,271,2025-01-12
7980,6030,72.53,44.89,65,2024-12-06
7981,6592,51.37,47.11,334,2025-03-14
7982,4195,326.22,0.08,421,2024-12-06
7983,5049,153.21,86.02,377,2025-01-18
7984,6841,323.37,69.93,58,2025-04-19
7985,20,439.23,88.95,78,2024-08-01
7986,4788,225.12,20.5,368,2024-10-02
7987,396,85.04,96.87,118,2025-04-06
7988,736,9.57,28.81,86,2025-03-19
7989,5009,87.37,92.14,466,2024-10-17
7990,2370,418.59,33.06,9,2024-08-12
7991,596,204.03,64.73,133,2024-11-04
7992,6486,231.73,10.24,375,2024-05-15
7993,818,317.19,5.1,57,2025-03-03
7994,6312,77.48,47.67,386,2024-12-01
7995,9384,236.11,7.83,126,2025-01-07
7996,5860,255.95,90.7,297,2025-02-27
7997,155,396.41,1.23,215,2025-01-22
7998,9698,474.47,55.01,221,2024-12-11
7999,581,73.13,23.65,462,2024-10-17
8000,2712,413.95,56.26,121,2024-06-14
8001,1338,194.32,5.53,240,2024-10-16
8002,1571,345.81,17.77,9,2024-06-21
8003,7990,306.41,47.74,412,2024-08-29
8004,4664,266.05,50.05,294,2024-11-13
8005,8648,384.65,38.14,158,2024-06-04
8006,2682,492.26,92.49,221,2024-12-30
8007,5187,382.88,17.05,414,2024-07-09
8008,7719,196.02,18.61,271,2024-08-03
8009,2979,357.83,41.28,13,2025-03-15
8010,3984,30.29,91.84,369,2024-08-19
8011,565,383.54,91.49,256,2025-04-08
8012,552,54.26,22.99,102,2024-10-11
8013,1502,497.5,70.46,493,2024-11-03
8014,8747,422.4,60.64,307,2025-01-12
8015,2941,407.72,47.23,171,2024-07-07
8016,3053,96.16,47.15,205,2024-07-19
8017,9467,140.02,22.64,432,2024-09-18
8018,6965,12.92,11.24,13,2025-01-01
8019,7724,423.51,91.26,23,2025-03-25
8020,109,136.56,43.12,493,2024-06-28
8021,9009,286.81,79.72,285,2024-07-22
8022,877,5.14,35.39,131,2024-10-02
8023,1215,68.99,10.19,89,2024-11-19
8024,6266,307.81,35.38,463,2024-11-15
8025,4936,69.34,41.54,208,2025-02-26
8026,9366,495.38,40.7,495,2024-04-30
8027,9315,79.01,48.22,201,2024-06-23
8028,3111,180.87,5.95,77,2024-06-16
8029,8907,73.04,34.83,396,2024-09-26
8030,8823,181.09,36.06,10,2024-10-18
8031,2852,176.22,65.2,454,2024-10-05
8032,9019,368.58,16.77,474,2025-04-18
8033,8642,282.35,6.56,130,2025-04-29
8034,3853,9.95,4.63,367,2024-08-17
8035,1975,281.93,92.25,183,2025-03-24
8036,7045,108.68,95.8,199,2025-01-02
8037,3466,216.19,88.34,11,2025-03-31
8038,8311,48.7,97.82,101,2025-03-12
8039,8115,164.09,88.98,439,2025-04-29
8040,5673,69.23,26.97,354,2025-03-19
8041,2507,371.4,28.42,319,2025-01-09
8042,7810,116.12,83.53,90,2025-03-18
8043,6503,84.12,6.59,488,2025-01-18
8044,7078,225.73,15.94,489,2024-05-07
8045,517,248.61,11.62,358,2024-07-03
8046,661,259.8,42.76,212,2024-11-18
8047,4665,44.83,53.11,95,2025-01-29
8048,6923,330.05,54.24,246,2024-08-12
8049,5219,379.63,69.57,197,2024-09-01
8050,9432,146.97,8.91,480,2025-03-07
8051,7687,234.82,2.03,474,2024-11-07
8052,4221,392.78,93.38,336,2025-03-03
8053,1439,231.0,36.88,101,2025-01-01
8054,8008,182.25,99.84,98,2024-12-09
8055,6781,241.11,68.79,335,2024-09-16
8056,1601,374.2,14.57,125,2024-09-17
8057,5256,190.3,40.8,38,2024-05-18
8058,5933,358.35,58.65,311,2024-07-19
8059,7290,299.45,63.2,447,2024-12-09
8060,6739,291.58,16.57,468,2024-09-06
8061,265,268.94,29.17,463,2024-10-17
8062,335,482.05,60.88,461,2024-09-19
8063,4854,273.49,15.14,369,2024-05-24
8064,4096,158.38,50.78,64,2024-08-11
8065,2694,208.11,90.6,430,2024-05-12
8066,6205,411.93,78.64,85,2025-03-19
8067,387,106.54,85.53,423,2025-02-23
8068,3048,457.8,42.28,441,2024-11-02
8069,8904,98.39,13.77,401,2024-06-19
8070,1469,472.22,25.38,211,2024-09-17
8071,7137,91.93,46.36,44,2024-07-07
8072,7560,66.64,79.79,384,2025-02-18
8073,6022,106.3,0.85,42,2024-11-27
8074,5225,108.89,26.35,52,2024-06-20
8075,9936,432.16,6.64,371,2024-07-31
8076,452,413.73,68.77,452,2025-04-29
8077,7332,375.92,3.41,269,2024-07-15
8078,1669,193.83,72.26,165,2025-04-25
8079,287,339.27,16.65,43,2024-10-19
8080,9273,147.38,84.38,253,2025-01-16
8081,936,469.16,76.74,215,2024-11-15
8082,4052,190.01,5.06,465,2024-06-20
8083,5878,169.64,19.85,388,2024-10-30
8084,48,100.34,23.18,187,2025-03-21
8085,3295,120.6,71.84,244,2024-09-26
8086,848,190.98,1.1,499,2024-06-22
8087,8590,94.7,70.44,208,2024-05-30
8088,5317,194.72,2.55,188,2024-12-05
8089,7019,434.56,62.69,290,2025-04-05
8090,9066,72.65,80.47,52,2024-11-16
8091,3132,81.58,93.82,297,2024-07-30
8092,2979,103.77,41.36,38,2025-02-15
8093,6942,119.61,63.44,258,2024-05-09
8094,1508,449.25,86.64,314,2024-08-07
8095,827,183.52,0.53,115,2025-04-03
8096,5205,249.63,40.77,97,2025-04-23
8097,4433,453.27,64.21,265,2024-07-26
8098,7021,349.32,72.05,359,2025-03-06
8099,9861,178.6,51.89,250,2025-03-18
8100,7414,59.9,76.08,60,2024-12-21
8101,6967,269.9,21.61,218,2025-02-06
8102,8628,263.64,7.51,397,2025-03-06
8103,3678,55.79,82.99,71,2025-02-03
8104,2269,230.74,45.89,418,2024-11-10
8105,2397,332.48,45.84,356,2024-10-06
8106,8584,350.75,52.44,373,2025-03-28
8107,3731,273.23,53.41,39,2025-04-01
8108,1225,333.52,6.85,246,2024-06-26
8109,355,205.1,82.07,120,2025-03-15
8110,2245,239.59,71.67,294,2024-06-21
8111,9036,460.54,33.97,416,2024-08-03
8112,4292,70.37,84.58,403,2025-02-12
8113,4540,363.88,92.38,108,2024-06-26
8114,3933,33.08,22.22,295,2024-05-23
8115,7600,472.15,91.89,340,2024-06-02
8116,1422,4.68,75.88,147,2024-06-17
8117,8175,471.74,60.63,114,2024-09-09
8118,4468,275.42,85.03,34,2024-06-18
8119,9712,261.7,37.48,180,2024-11-14
8120,2207,440.57,12.04,215,2025-01-12
8121,2336,482.19,86.77,129,2025-04-27
8122,6599,193.86,76.88,263,2024-07-16
8123,1059,422.12,29.63,257,2024-06-18
8124,7323,478.51,70.54,218,2024-11-13
8125,7290,287.0,88.42,341,2025-03-11
8126,5772,330.25,65.6,10,2025-01-24
8127,2092,475.87,25.97,230,2025-04-03
8128,6485,36.28,72.47,274,2024-09-06
8129,3064,494.72,36.28,347,2024-09-23
8130,6932,302.41,65.9,305,2024-08-18
8131,3646,21.92,59.41,458,2024-09-14
8132,8358,32.11,63.43,24,2024-05-15
8133,6060,339.85,51.37,32,2024-06-26
8134,6336,264.83,18.56,12,2024-11-26
8135,9934,225.03,36.61,249,2025-02-15
8136,4838,256.9,90.97,465,2024-11-27
8137,9253,121.02,14.24,417,2024-08-01
8138,5721,244.0,41.96,243,2024-05-23
8139,3402,295.02,39.71,106,2024-11-05
8140,5254,340.07,10.13,185,2025-03-24
8141,4777,457.83,91.18,154,2025-01-31
8142,9350,497.87,27.11,55,2024-12-02
8143,2628,448.76,69.01,348,2025-01-04
8144,9636,139.55,95.13,435,2024-08-09
8145,9746,154.76,43.35,272,2024-07-23
8146,5729,482.19,36.76,206,2024-05-13
8147,3497,329.48,67.48,141,2024-06-12
8148,9150,79.67,0.43,335,2024-09-16
8149,1537,68.67,37.33,9,2024-08-08
8150,9617,495.96,41.96,111,2025-04-15
8151,425,37.63,10.63,478,2024-10-29
8152,8960,430.0,61.15,56,2024-08-27
8153,2797,402.89,50.7,287,2024-06-08
8154,269,317.97,2.48,246,2024-07-27
8155,6632,241.12,68.48,238,2024-12-30
8156,7708,478.15,59.73,138,2025-01-17
8157,6782,10.6,75.14,50,2025-01-14
8158,9438,432.09,4.1,453,2025-02-28
8159,2006,156.76,62.58,124,2024-08-07
8160,2425,81.29,21.72,110,2024-08-19
8161,8497,60.89,48.18,59,2025-02-22
8162,3279,22.45,54.59,463,2024-08-24
8163,427,279.08,55.12,40,2024-07-08
8164,8232,29.64,8.93,368,2025-03-16
8165,3990,310.95,40.35,188,2025-04-17
8166,4730,30.28,56.55,414,2024-12-31
8167,6400,225.67,69.13,0,2025-04-05
8168,6225,97.89,51.49,133,2025-03-11
8169,9969,211.03,73.41,439,2024-06-10
8170,2541,175.16,73.47,369,2025-04-27
8171,9270,175.3,93.29,428,2025-01-07
8172,9154,52.61,55.7,10,2024-09-21
8173,7209,408.62,16.38,473,2025-02-14
8174,1699,5.18,60.74,71,2025-01-29
8175,4749,258.56,21.68,218,2024-09-16
8176,407,404.28,63.47,329,2024-12-26
8177,1581,191.58,45.49,439,2025-02-02
8178,4927,208.82,85.88,69,2024-07-02
8179,1382,448.16,37.38,157,2025-01-31
8180,618,157.05,86.54,7,2024-08-01
8181,2747,66.96,14.81,403,2024-12-14
8182,2311,73.74,66.87,335,2024-08-05
8183,5223,131.23,98.6,239,2025-03-12
8184,6083,58.88,80.07,23,2025-04-03
8185,8458,259.29,78.13,439,2024-07-16
8186,2834,325.15,62.29,354,2024-12-30
8187,147,334.35,49.74,427,2024-12-24
8188,6424,384.21,10.22,317,2024-09-28
8189,7463,224.42,61.07,28,2024-11-09
8190,763,378.6,47.17,31,2025-04-28
8191,9457,394.66,84.73,264,2024-12-20
8192,7739,417.91,62.77,311,2025-03-18
8193,5109,449.1,42.61,498,2025-02-12
8194,1959,82.02,46.16,276,2024-05-29
8195,7915,121.39,89.33,362,2024-11-11
8196,4537,473.33,7.33,334,2024-09-14
8197,7624,301.34,99.22,354,2024-11-04
8198,4076,53.87,45.72,353,2024-08-04
8199,7958,415.81,42.36,146,2024-06-14
8200,1001,378.73,22.42,29,2024-12-08
8201,7312,301.35,45.07,44,2025-04-26
8202,2168,187.84,38.29,88,2025-02-01
8203,2962,285.47,27.88,298,2025-04-19
8204,7252,442.84,34.96,335,2025-04-07
8205,6823,44.25,27.04,357,2024-06-12
8206,9130,129.47,60.55,21,2024-10-14
8207,3637,266.96,22.72,263,2024-08-26
8208,968,257.59,97.08,447,2024-05-08
8209,7677,361.34,35.22,124,2024-10-29
8210,6963,397.48,20.39,228,2025-02-24
8211,7476,85.84,48.54,391,2025-01-14
8212,7799,365.94,93.95,27,2024-12-08
8213,6980,212.53,55.92,215,2024-10-28
8214,3732,94.78,84.41,256,2024-12-05
8215,7680,163.82,8.47,249,2025-03-29
8216,6971,289.68,68.59,31,2025-04-26
8217,2464,277.67,94.22,421,2025-01-25
8218,1074,424.51,24.61,371,2025-03-25
8219,2761,41.89,71.01,313,2024-05-12
8220,8352,300.34,33.14,84,2024-09-24
8221,2441,440.42,35.79,387,2024-12-04
8222,217,60.95,59.42,82,2024-11-03
8223,4154,150.36,77.75,490,2024-07-12
8224,3116,315.27,74.6,124,2024-10-20
8225,7855,245.34,76.49,279,2024-05-21
8226,1886,169.78,52.2,32,2024-05-21
8227,1136,165.13,44.45,17,2024-07-30
8228,7559,425.17,79.07,41,2024-07-12
8229,1846,228.35,78.16,242,2024-06-24
8230,622,241.93,9.62,245,2024-12-23
8231,8532,71.02,85.58,283,2024-05-02
8232,6164,89.09,50.22,170,2024-06-26
8233,2422,69.45,35.25,345,2025-01-06
8234,2850,63.97,18.9,317,2024-07-02
8235,869,490.02,83.72,192,2024-11-06
8236,5115,267.14,65.61,181,2025-03-05
8237,9048,329.92,65.99,260,2025-01-10
8238,7825,491.83,78.77,429,2024-10-30
8239,4221,382.07,93.83,169,2025-04-12
8240,1686,433.29,78.09,48,2024-10-12
8241,2306,344.67,46.26,220,2024-07-14
8242,8831,375.4,22.48,412,2024-12-25
8243,8064,134.12,17.43,161,2024-12-26
8244,3694,12.86,63.56,416,2024-05-03
8245,7222,400.68,66.85,389,2024-08-13
8246,3535,131.35,95.69,131,2024-06-08
8247,8101,286.41,82.15,62,2024-10-24
8248,4127,471.13,3.89,418,2025-03-20
8249,7355,111.11,40.64,25,2025-03-15
8250,4599,499.22,87.05,178,2024-06-23
8251,141,271.31,55.19,296,2024-07-21
8252,3349,297.73,99.16,237,2024-10-19
8253,5561,465.79,71.03,472,2024-09-27
8254,9375,219.89,60.97,424,2024-04-30
8255,118,175.52,73.17,296,2024-07-02
8256,2447,424.55,74.83,37,2024-10-29
8257,6685,494.31,10.98,134,2024-07-20
8258,5349,38.83,16.0,125,2024-07-22
8259,4693,224.5,74.22,346,2024-10-28
8260,6176,380.08,29.43,92,2024-05-06
8261,8491,433.89,40.4,23,2024-08-13
8262,951,417.69,0.53,136,2024-08-14
8263,2418,83.45,7.29,73,2025-04-01
8264,1984,418.58,45.37,210,2024-12-17
8265,1819,215.63,6.11,34,2024-09-12
8266,6144,227.58,87.34,344,2025-02-05
8267,5886,458.91,29.77,382,2024-08-22
8268,9008,64.61,21.06,78,2025-03-16
8269,2836,466.3,57.6,319,2024-08-27
8270,927,23.74,29.26,122,2024-09-09
8271,5261,32.51,18.8,235,2025-01-04
8272,1139,290.95,94.26,234,2025-04-13
8273,3409,477.52,50.85,67,2025-02-11
8274,5033,61.23,30.3,129,2024-12-13
8275,5119,498.76,70.8,177,2024-07-22
8276,2971,99.59,71.19,488,2024-06-24
8277,2798,249.92,10.01,293,2025-04-09
8278,2480,50.61,42.49,102,2024-11-06
8279,4475,483.69,38.67,263,2025-01-23
8280,8866,119.87,61.07,297,2025-03-25
8281,9083,410.7,51.66,413,2024-12-14
8282,280,200.95,10.57,66,2024-08-25
8283,95,489.39,98.07,435,2025-01-29
8284,4056,244.18,69.53,457,2024-05-06
8285,4632,328.41,23.04,215,2024-09-01
8286,7438,54.75,54.95,242,2024-06-08
8287,6897,29.32,14.0,496,2024-09-09
8288,9362,416.7,8.57,226,2024-09-07
8289,2134,383.73,72.31,105,2024-10-23
8290,5372,52.81,13.22,358,2024-05-18
8291,5908,163.93,85.56,380,2024-09-08
8292,101,172.01,48.33,234,2024-09-22
8293,3676,79.25,63.87,406,2024-12-27
8294,4220,21.78,72.73,323,2024-05-27
8295,5781,411.58,20.61,168,2025-02-03
8296,9851,442.09,48.68,80,2024-08-22
8297,6909,29.03,93.48,412,2024-11-24
8298,3552,273.02,91.77,493,2024-09-23
8299,9426,396.49,76.56,273,2024-09-23
8300,4565,370.62,60.99,356,2024-05-26
8301,1883,20.75,26.27,259,2025-02-16
8302,3834,325.52,83.36,390,2024-08-29
8303,4486,384.14,12.2,77,2024-11-17
8304,3588,1.62,82.66,174,2024-08-08
8305,4272,487.32,7.72,499,2024-12-12
8306,3250,436.3,51.39,357,2024-06-27
8307,4178,218.69,34.57,487,2024-11-25
8308,8621,51.39,41.78,257,2024-07-02
8309,3938,86.0,28.1,102,2024-11-30
8310,439,149.15,64.79,333,2024-11-29
8311,246,143.79,40.83,160,2024-11-20
8312,1763,267.84,78.69,110,2024-05-26
8313,4036,484.06,50.15,286,2024-10-06
8314,837,45.86,16.51,300,2024-07-20
8315,9858,190.21,14.56,312,2025-03-05
8316,7666,395.49,70.58,450,2024-05-21
8317,5036,333.4,66.61,200,2024-08-13
8318,2760,236.7,74.09,105,2024-05-20
8319,4912,164.57,88.71,364,2025-01-04
8320,6183,171.39,73.2,121,2025-03-10
8321,7497,361.77,25.05,126,2025-04-14
8322,7471,103.21,24.71,71,2024-11-12
8323,8812,129.62,61.35,314,2024-10-02
8324,5969,347.65,67.62,426,2024-06-03
8325,6275,61.2,70.91,82,2025-01-25
8326,2199,21.36,15.77,188,2024-09-17
8327,5511,66.84,93.42,244,2024-07-22
8328,9834,105.8,43.84,375,2024-05-03
8329,3537,152.91,37.57,285,2024-06-23
8330,5810,363.15,33.72,495,2024-09-29
8331,7897,208.97,88.77,349,2024-09-07
8332,7500,196.83,6.26,78,2024-08-24
8333,3117,258.62,67.6,161,2024-05-19
8334,7236,174.16,46.61,470,2025-03-20
8335,8606,197.5,14.23,222,2024-08-03
8336,440,360.5,34.01,476,2024-12-24
8337,2869,66.64,22.57,372,2024-11-03
8338,1331,491.87,85.07,441,2025-02-05
8339,7515,298.85,82.89,454,2025-04-07
8340,1220,74.33,82.39,460,2025-03-08
8341,1116,168.43,75.57,173,2025-01-01
8342,2374,365.31,93.98,147,2024-09-28
8343,3728,46.15,3.24,473,2024-09-08
8344,2688,300.68,21.57,477,2024-12-04
8345,6868,439.44,28.86,477,2024-05-23
8346,3851,160.85,65.35,352,2025-01-15
8347,6725,57.4,85.37,260,2024-05-30
8348,6810,45.39,94.71,454,2024-06-23
8349,3978,439.45,34.9,374,2025-01-08
8350,9611,375.6,49.7,470,2024-05-27
8351,346,211.02,40.16,108,2024-05-21
8352,4352,226.77,77.27,455,2024-12-03
8353,9683,330.1,42.56,79,2024-12-06
8354,4006,381.7,75.05,357,2024-11-17
8355,4355,495.24,53.79,96,2025-01-03
8356,7857,476.25,69.35,158,2025-01-28
8357,3267,411.5,64.29,427,2024-09-22
8358,6766,290.95,24.42,322,2024-09-08
8359,9035,467.57,1.43,231,2024-08-15
8360,6959,266.86,84.41,292,2024-12-08
8361,6835,401.05,90.18,396,2024-12-08
8362,6562,51.77,51.31,342,2024-08-15
8363,5695,325.18,27.04,69,2025-01-21
8364,5844,175.52,63.08,149,2025-02-02
8365,3011,467.07,29.98,116,2025-04-19
8366,2089,265.93,9.31,305,2024-06-10
8367,3263,497.76,40.48,76,2024-07-01
8368,2756,80.93,38.54,132,2025-04-28
8369,9999,56.31,81.75,339,2025-04-03
8370,8511,119.5,30.83,433,2024-11-11
8371,4292,78.93,39.13,76,2024-11-11
8372,9026,14.96,14.12,354,2024-12-12
8373,7810,180.38,58.57,156,2024-05-14
8374,9940,408.35,89.69,393,2024-08-12
8375,3321,129.92,1.75,301,2025-03-05
8376,275,126.55,86.65,14,2025-04-17
8377,9194,229.39,28.79,279,2024-10-01
8378,7659,461.86,62.42,380,2024-09-13
8379,5309,148.89,20.34,138,2024-07-29
8380,899,358.29,59.99,275,2025-01-26
8381,512,283.26,61.32,463,2024-09-01
8382,7529,102.54,36.38,105,2024-05-30
8383,2334,402.21,25.51,337,2025-04-21
8384,1996,467.95,21.87,433,2024-06-22
8385,1787,123.75,96.56,96,2024-09-26
8386,8419,433.41,63.33,343,2024-12-31
8387,1194,470.84,83.18,31,2024-07-12
8388,3276,147.66,34.71,347,2024-10-15
8389,8543,293.93,48.88,74,2025-02-12
8390,8102,306.74,20.1,201,2025-03-06
8391,8357,471.46,6.31,261,2024-05-22
8392,2631,17.13,48.99,391,2024-08-31
8393,3797,247.36,59.65,372,2024-06-01
8394,4974,407.01,3.06,391,2025-04-28
8395,3101,342.61,26.99,475,2024-08-05
8396,5028,90.28,21.59,78,2024-09-07
8397,9326,90.96,69.36,460,2024-09-27
8398,2591,212.73,11.23,152,2025-01-22
8399,4945,200.2,45.6,71,2024-05-28
8400,2771,451.24,45.6,101,2025-01-29
8401,9914,60.31,91.5,472,2024-05-01
8402,3385,308.48,94.45,29,2024-06-11
8403,7126,292.84,52.83,363,2025-01-04
8404,4614,282.6,93.55,379,2024-05-22
8405,797,379.45,89.43,179,2024-11-05
8406,3203,343.44,58.16,351,2024-05-09
8407,1303,76.52,69.46,390,2024-12-10
8408,925,279.46,84.11,184,2024-07-22
8409,9746,169.59,81.35,5,2024-09-06
8410,3534,58.93,49.67,94,2024-06-24
8411,7605,275.16,88.8,158,2025-03-08
8412,524,33.58,38.64,464,2024-10-06
8413,6456,188.72,50.56,110,2024-08-12
8414,2060,327.95,8.4,349,2024-10-14
8415,1417,228.66,44.5,98,2024-10-13
8416,6903,303.4,15.68,442,2025-04-10
8417,9533,443.86,99.67,484,2025-04-11
8418,2634,92.09,56.81,149,2024-10-08
8419,5685,103.68,62.76,71,2025-01-31
8420,4590,292.13,62.41,423,2025-03-20
8421,9891,291.26,49.32,109,2025-01-25
8422,2644,4.46,42.46,485,2024-11-25
8423,8205,434.89,58.87,243,2025-04-14
8424,2905,225.04,59.87,26,2024-12-05
8425,5242,75.88,23.88,93,2025-04-03
8426,1429,385.88,77.32,473,2025-01-06
8427,5483,173.87,37.06,414,2024-11-17
8428,4596,293.51,37.4,370,2025-03-22
8429,9024,187.48,63.89,429,2024-05-18
8430,7469,98.65,50.25,452,2024-08-05
8431,5198,325.61,23.76,34,2025-03-24
8432,1436,399.89,14.04,425,2025-02-06
8433,7123,27.44,15.09,283,2024-05-05
8434,7693,97.81,78.91,41,2024-05-20
8435,8241,149.97,93.11,210,2025-01-12
8436,4911,412.63,39.54,406,2024-10-28
8437,9050,487.66,34.0,18,2025-01-26
8438,8320,220.33,75.86,5,2024-10-24
8439,4490,473.78,46.31,198,2024-05-04
8440,4152,463.82,53.83,116,2024-11-11
8441,2769,84.04,50.34,405,2024-08-06
8442,5626,327.06,36.8,213,2024-05-26
8443,4873,69.58,49.86,398,2024-05-12
8444,2861,62.24,49.25,284,2025-01-21
8445,4373,108.49,16.06,447,2024-11-30
8446,1941,123.88,87.08,362,2024-12-16
8447,9254,256.63,51.38,65,2025-01-06
8448,3453,322.3,73.65,426,2024-05-22
8449,2810,463.43,48.49,234,2024-05-10
8450,1693,279.13,27.41,418,2025-03-29
8451,670,282.22,17.23,175,2024-10-19
8452,3920,277.2,31.19,434,2025-04-02
8453,7514,404.02,68.55,139,2024-12-23
8454,6534,229.42,93.67,329,2024-09-04
8455,7765,263.57,89.75,370,2025-04-01
8456,1399,248.97,63.26,198,2024-06-04
8457,5802,455.86,9.04,358,2025-04-04
8458,5965,362.56,88.33,69,2025-04-29
8459,2236,356.06,59.83,108,2024-06-15
8460,60,259.4,93.75,173,2025-04-14
8461,2158,304.51,10.24,43,2024-06-27
8462,9844,329.34,59.17,389,2025-01-27
8463,6556,185.55,50.23,292,2025-04-14
8464,1952,385.94,83.12,85,2024-10-06
8465,5307,20.97,53.64,152,2024-10-08
8466,802,471.27,93.01,384,2024-06-19
8467,5227,435.18,91.68,380,2024-08-31
8468,3559,142.92,57.52,67,2024-08-29
8469,5773,127.54,61.94,488,2024-08-05
8470,4142,420.72,84.93,242,2024-07-10
8471,5605,89.88,99.83,43,2024-11-09
8472,2432,411.69,92.14,211,2024-08-23
8473,9443,70.84,68.66,296,2024-09-02
8474,1430,52.27,47.54,343,2025-04-12
8475,3022,244.7,75.91,425,2024-10-31
8476,9715,193.86,88.05,422,2025-04-05
8477,9388,360.72,32.43,344,2025-02-25
8478,336,166.86,17.45,44,2024-10-01
8479,9465,489.42,48.49,23,2024-05-08
8480,3556,291.58,49.61,358,2024-11-02
8481,2454,419.18,95.56,202,2024-08-30
8482,1081,282.51,45.25,256,2024-08-04
8483,1338,410.67,44.65,414,2025-03-14
8484,9778,412.2,58.82,468,2024-06-14
8485,9543,291.15,55.74,341,2025-03-17
8486,5656,219.46,31.96,220,2025-01-21
8487,588,206.35,50.67,204,2024-08-13
8488,5403,484.76,98.35,6,2024-12-24
8489,3612,320.38,57.11,98,2025-04-29
8490,1142,413.38,57.64,339,2024-05-11
8491,676,93.16,69.47,122,2025-04-23
8492,8992,373.15,25.17,405,2024-07-20
8493,5274,333.85,81.7,409,2025-03-22
8494,4013,168.47,76.51,415,2024-06-10
8495,8328,122.17,9.33,353,2025-04-12
8496,7234,242.06,56.92,16,2024-06-09
8497,5344,95.68,11.52,124,2024-11-09
8498,4944,122.81,55.06,185,2024-10-15
8499,4227,321.97,92.54,214,2025-03-27
8500,6688,227.62,37.16,20,2024-11-18
8501,5533,182.45,80.51,317,2025-04-15
8502,1035,496.85,33.66,391,2024-08-14
8503,282,416.05,43.16,275,2024-11-22
8504,2721,387.44,54.78,362,2025-04-08
8505,1936,273.92,45.92,477,2024-11-11
8506,597,326.31,35.46,51,2024-05-09
8507,5153,251.99,53.82,133,2025-01-28
8508,1035,331.36,6.41,366,2024-10-19
8509,5935,162.73,99.8,420,2025-03-15
8510,2041,311.17,99.39,453,2024-09-14
8511,3046,49.28,94.64,416,2024-09-23
8512,8069,229.06,48.92,445,2025-01-11
8513,314,168.64,35.84,142,2025-04-22
8514,3160,324.03,99.89,276,2024-04-30
8515,2325,235.2,80.08,340,2025-02-20
8516,5649,490.61,85.5,293,2025-01-05
8517,7403,299.05,53.4,9,2025-02-15
8518,9341,321.21,32.39,235,2024-12-28
8519,2685,428.39,96.94,122,2024-12-25
8520,817,265.09,5.93,133,2025-03-28
8521,7516,24.05,83.22,44,2024-05-04
8522,5658,317.97,82.61,128,2024-11-24
8523,6918,158.87,19.03,311,2025-03-26
8524,5045,442.22,84.37,395,2024-05-03
8525,3618,491.58,0.99,433,2024-07-23
8526,655,338.37,19.14,144,2024-11-20
8527,5692,394.69,96.73,169,2024-10-21
8528,7269,294.96,87.34,266,2024-05-23
8529,1324,447.91,17.0,12,2025-04-08
8530,7730,415.78,94.64,198,2025-03-24
8531,9693,136.94,83.62,22,2024-06-13
8532,2921,483.08,48.82,465,2024-08-07
8533,4903,477.2,73.62,425,2024-11-13
8534,3537,424.69,84.6,239,2024-11-08
8535,6311,366.85,65.65,177,2025-02-15
8536,3508,339.84,99.49,306,2024-08-31
8537,9532,36.66,67.86,171,2024-09-13
8538,6738,277.62,41.81,220,2024-08-11
8539,5654,46.89,5.69,128,2024-09-22
8540,5552,499.49,90.77,298,2025-01-10
8541,8568,331.3,10.94,474,2024-09-17
8542,8349,365.83,50.72,74,2024-05-22
8543,8030,117.61,44.76,411,2025-04-23
8544,6641,223.86,47.94,436,2024-08-01
8545,8550,312.19,33.85,412,2024-06-25
8546,7268,273.93,86.39,24,2024-10-07
8547,4258,300.18,69.57,101,2024-09-28
8548,3526,19.51,87.87,200,2024-12-22
8549,2932,5.08,47.27,343,2024-06-08
8550,4628,187.83,82.57,354,2024-07-31
8551,1455,262.37,10.58,108,2024-05-10
8552,5711,98.88,62.16,13,2024-09-12
8553,4158,383.77,38.79,417,2025-03-11
8554,2731,94.11,25.85,269,2024-10-31
8555,1266,66.73,24.98,245,2024-07-08
8556,5631,38.91,63.99,401,2024-08-09
8557,5502,111.71,0.7,211,2024-07-10
8558,5267,291.55,70.89,64,2025-03-05
8559,8386,30.31,79.48,127,2025-04-10
8560,282,407.12,77.29,151,2024-05-08
8561,7758,86.16,43.55,179,2025-01-12
8562,9446,41.31,17.8,316,2024-08-11
8563,1687,17.35,80.22,274,2024-09-18
8564,1480,124.82,99.36,165,2025-04-11
8565,3306,426.87,23.39,203,2025-04-23
8566,3927,331.44,23.51,142,2024-08-30
8567,4982,471.96,82.19,199,2025-02-07
8568,159,378.1,22.76,320,2024-06-02
8569,2888,181.25,63.58,397,2024-11-24
8570,8390,87.05,30.77,82,2025-01-14
8571,5451,431.61,55.0,225,2025-03-16
8572,4995,252.08,76.03,368,2025-04-11
8573,3709,429.3,34.42,459,2024-12-14
8574,1321,35.11,46.66,392,2024-05-24
8575,7832,158.7,34.94,253,2025-04-17
8576,5803,137.76,61.47,201,2024-09-08
8577,5422,188.28,2.48,67,2024-05-18
8578,825,470.64,22.4,143,2024-09-27
8579,2259,221.01,20.12,441,2024-12-24
8580,9886,237.6,2.96,434,2024-09-13
8581,9803,350.96,98.45,103,2024-07-02
8582,8470,253.26,49.19,349,2024-08-29
8583,200,219.62,79.8,210,2024-12-19
8584,3034,210.18,75.48,226,2025-01-05
8585,459,183.27,95.44,95,2024-09-23
8586,5935,50.12,7.65,95,2024-07-29
8587,4870,436.86,95.93,136,2024-06-20
8588,3691,491.74,74.68,414,2024-09-06
8589,7624,178.86,10.69,195,2024-06-17
8590,126,245.7,31.18,204,2024-07-21
8591,7820,489.44,94.65,46,2025-01-22
8592,5444,440.18,56.6,91,2024-07-07
8593,5519,476.13,49.9,364,2024-06-25
8594,2114,449.77,59.05,282,2024-08-28
8595,925,447.31,25.94,296,2024-07-25
8596,5378,264.49,77.38,258,2024-08-08
8597,6151,22.55,0.2,231,2024-08-18
8598,802,71.64,25.67,227,2024-09-17
8599,2236,100.9,40.09,497,2024-11-16
8600,3599,329.75,54.55,19,2025-01-08
8601,3903,197.84,22.02,122,2024-06-07
8602,8100,356.18,67.53,351,2025-04-05
8603,3576,54.23,43.07,350,2024-11-11
8604,6711,193.93,47.67,135,2024-07-09
8605,2361,239.55,82.84,160,2024-07-19
8606,2190,438.3,72.46,227,2025-04-25
8607,5462,242.43,55.38,0,2024-10-07
8608,4811,194.59,29.31,208,2024-06-23
8609,6732,134.86,84.5,235,2025-01-09
8610,9176,406.1,66.91,49,2024-08-29
8611,687,324.94,10.77,392,2025-02-11
8612,3991,146.15,13.49,316,2025-02-03
8613,5226,379.49,71.64,478,2024-08-20
8614,2496,53.41,9.36,110,2024-10-03
8615,4836,275.64,69.53,488,2024-07-05
8616,8202,202.0,51.67,238,2025-03-18
8617,8172,31.64,89.98,298,2024-08-18
8618,8475,270.01,47.83,350,2025-01-25
8619,457,478.94,88.19,364,2024-05-22
8620,9154,404.34,62.73,103,2024-07-25
8621,6144,468.11,88.78,397,2024-07-01
8622,3077,55.63,32.11,79,2025-01-23
8623,1171,12.55,8.95,205,2024-08-12
8624,8355,422.95,96.8,290,2024-05-13
8625,1813,13.11,21.61,39,2024-07-01
8626,3903,458.25,4.19,11,2024-09-12
8627,2854,142.82,88.74,319,2025-04-14
8628,8606,395.99,24.36,392,2025-01-05
8629,6814,49.71,57.43,221,2024-05-05
8630,9716,350.2,56.2,185,2025-03-11
8631,7045,459.09,33.12,306,2025-02-15
8632,9811,225.85,14.67,1,2025-02-13
8633,998,86.43,19.69,29,2024-09-25
8634,6322,368.48,0.28,43,2024-10-17
8635,2678,203.82,45.91,281,2024-12-15
8636,3681,312.59,79.89,444,2025-03-11
8637,676,448.91,25.75,436,2024-12-03
8638,5694,262.4,6.46,153,2025-03-01
8639,6012,409.53,25.65,22,2025-01-30
8640,1200,156.8,61.18,50,2025-04-05
8641,2176,379.39,97.1,373,2025-04-25
8642,5869,14.28,45.41,446,2024-05-04
8643,7883,205.48,55.32,227,2025-02-27
8644,4088,370.0,85.45,150,2024-07-13
8645,3419,390.65,67.6,112,2025-04-18
8646,9784,107.95,37.3,73,2025-02-05
8647,1652,27.18,41.65,447,2024-08-04
8648,5632,369.04,86.76,39,2025-01-27
8649,827,105.71,57.21,7,2024-11-19
8650,9191,38.92,32.0,289,2024-11-11
8651,5700,30.84,73.57,454,2024-09-19
8652,4389,110.87,7.52,223,2024-10-12
8653,200,343.08,26.57,368,2025-04-07
8654,458,225.21,34.8,111,2024-09-23
8655,2677,138.55,86.11,231,2025-04-03
8656,6773,195.8,37.75,48,2024-08-05
8657,814,375.49,11.17,410,2024-10-10
8658,2962,380.1,24.14,499,2024-06-21
8659,9017,305.91,81.6,267,2024-09-22
8660,350,92.24,2.02,53,2025-01-19
8661,498,478.34,4.08,292,2025-01-02
8662,836,243.43,20.54,199,2025-03-24
8663,9097,81.3,45.57,63,2025-04-22
8664,1034,221.71,24.76,305,2024-09-04
8665,394,187.19,45.55,164,2025-03-09
8666,8701,411.49,22.61,390,2025-04-14
8667,1092,434.94,12.56,138,2024-05-28
8668,7795,300.46,7.83,263,2024-09-26
8669,9371,403.87,63.1,210,2024-06-14
8670,7471,416.21,5.58,129,2025-02-28
8671,8519,448.84,49.68,76,2025-03-24
8672,3068,459.8,84.2,98,2024-08-01
8673,3324,53.55,75.8,279,2024-10-22
8674,3541,422.4,50.42,79,2024-05-31
8675,2666,198.93,85.75,355,2025-03-06
8676,2795,236.15,26.76,498,2024-10-21
8677,6459,303.33,17.21,176,2025-04-26
8678,2700,20.5,2.28,473,2024-12-09
8679,7701,18.19,7.38,280,2025-04-10
8680,1324,260.78,23.67,419,2024-05-30
8681,9030,33.5,10.52,258,2024-07-19
8682,1577,443.2,39.15,377,2024-09-02
8683,3287,295.72,70.24,377,2024-12-04
8684,3390,477.19,61.89,499,2025-04-11
8685,1232,300.64,5.69,336,2024-08-02
8686,4287,136.69,46.75,403,2024-06-19
8687,8798,132.51,84.82,476,2024-08-30
8688,3178,381.4,41.72,265,2024-08-19
8689,2703,189.65,78.51,304,2024-05-12
8690,983,255.75,10.64,35,2024-12-09
8691,6510,82.35,81.99,429,2025-02-25
8692,1260,369.61,57.15,341,2025-02-07
8693,5300,283.73,94.95,224,2024-10-10
8694,9521,479.24,92.01,251,2024-06-14
8695,2879,419.09,46.32,140,2024-12-07
8696,8052,407.11,85.14,303,2025-04-27
8697,1179,145.18,35.83,248,2025-03-19
8698,6190,135.89,74.89,33,2024-06-17
8699,7111,376.41,57.83,39,2024-06-23
8700,9708,437.5,21.39,371,2024-05-08
8701,3360,302.35,46.43,143,2024-06-05
8702,7549,39.41,33.21,212,2025-04-22
8703,1194,177.44,96.46,440,2024-10-10
8704,2160,341.24,89.96,493,2024-11-25
8705,3357,141.15,80.99,232,2024-06-11
8706,7616,237.46,30.34,189,2024-11-24
8707,4786,406.0,60.47,247,2024-12-08
8708,4798,481.46,5.49,444,2024-06-20
8709,7950,315.79,16.07,486,2025-04-30
8710,871,265.74,85.4,315,2024-10-21
8711,8263,280.79,84.65,131,2025-04-10
8712,8942,382.35,10.32,264,2024-12-30
8713,2638,307.27,12.26,397,2024-11-21
8714,6464,413.45,3.22,32,2024-10-14
8715,5095,127.06,54.86,92,2024-05-14
8716,1563,33.95,90.95,477,2025-04-30
8717,9218,270.8,52.16,13,2024-11-29
8718,1928,86.89,17.19,247,2024-06-07
8719,8524,43.22,8.2,131,2025-02-19
8720,2936,82.51,71.65,337,2025-01-13
8721,3089,149.14,79.01,329,2024-05-06
8722,1770,60.25,40.81,314,2024-07-05
8723,9721,372.58,32.57,305,2024-09-14
8724,4778,205.64,39.57,168,2025-02-27
8725,4388,346.28,57.14,370,2025-02-18
8726,4900,347.78,86.84,17,2025-03-01
8727,7056,95.72,86.12,2,2024-11-16
8728,5515,464.7,97.03,493,2024-10-22
8729,4127,100.44,62.92,130,2025-03-31
8730,1361,8.12,76.12,233,2024-06-17
8731,3834,382.49,68.16,440,2024-06-14
8732,140,184.27,94.53,447,2024-12-06
8733,1594,137.3,24.78,273,2024-05-19
8734,3770,436.16,3.14,240,2024-07-21
8735,9469,397.37,3.02,115,2024-08-18
8736,7862,463.53,35.84,414,2025-01-08
8737,6699,204.73,45.12,23,2024-05-23
8738,331,315.46,39.0,106,2024-06-17
8739,1419,2.95,17.11,276,2024-10-17
8740,4388,341.03,57.6,231,2025-03-14
8741,8143,132.32,61.18,342,2024-05-11
8742,5611,423.52,15.97,6,2024-11-25
8743,2479,318.67,41.19,134,2024-12-16
8744,7431,329.0,54.81,238,2024-12-28
8745,56,38.17,76.62,120,2024-12-13
8746,7018,182.09,12.71,12,2025-04-22
8747,1886,181.92,34.86,20,2024-11-25
8748,9921,407.66,66.24,338,2024-11-08
8749,1559,5.28,3.34,214,2024-10-27
8750,8599,228.51,7.35,219,2024-10-25
8751,5904,406.3,30.67,485,2024-11-20
8752,7418,304.31,36.02,364,2024-05-29
8753,9927,58.42,28.82,460,2024-11-22
8754,6312,316.26,40.24,18,2024-09-09
8755,3140,348.25,2.61,317,2024-07-12
8756,9829,332.83,86.78,131,2025-02-11
8757,9235,327.18,90.3,237,2024-09-14
8758,9269,38.32,36.53,183,2025-01-16
8759,9545,69.76,15.64,398,2025-01-01
8760,2195,204.06,35.88,220,2024-10-25
8761,960,116.03,73.88,427,2025-01-07
8762,2608,364.39,26.0,471,2024-05-16
8763,3651,156.36,52.76,368,2024-07-13
8764,5998,67.46,96.29,250,2024-10-17
8765,6894,65.73,5.08,416,2024-11-22
8766,214,452.16,74.26,470,2025-04-08
8767,9995,433.14,10.35,234,2025-02-18
8768,6455,234.63,46.5,219,2024-05-28
8769,8896,3.74,13.82,248,2024-10-16
8770,7866,166.36,31.82,129,2024-09-30
8771,1125,246.72,59.72,399,2025-04-22
8772,2763,235.87,23.21,480,2024-05-24
8773,3243,452.36,69.18,424,2025-03-21
8774,8735,79.82,37.15,67,2024-11-13
8775,2780,397.78,68.62,25,2024-11-17
8776,1396,268.62,45.92,425,2024-07-05
8777,9598,291.34,17.97,84,2024-08-30
8778,8324,21.99,70.0,397,2025-02-21
8779,5467,148.25,21.34,26,2025-01-28
8780,5276,303.78,63.29,177,2025-01-26
8781,3531,442.96,76.21,399,2024-05-25
8782,2036,476.15,17.73,259,2024-05-04
8783,4065,41.38,33.78,433,2024-06-20
8784,5785,97.02,88.41,322,2024-11-06
8785,1727,148.87,45.89,60,2024-08-19
8786,4317,354.33,5.49,328,2024-07-01
8787,6934,367.73,48.28,285,2024-07-10
8788,6861,412.65,36.55,81,2024-11-28
8789,5267,335.7,15.75,400,2024-06-01
8790,9362,244.76,76.65,73,2024-12-28
8791,7925,132.7,4.56,49,2024-12-31
8792,6871,225.57,18.8,55,2024-07-20
8793,9894,32.39,37.89,415,2024-12-29
8794,6649,199.6,57.34,166,2025-04-22
8795,7166,427.6,77.25,422,2024-12-13
8796,5492,1.13,82.12,85,2025-04-16
8797,1310,247.29,27.8,184,2024-05-13
8798,9685,489.26,67.44,291,2025-02-01
8799,3205,97.99,66.78,352,2025-01-21
8800,5745,457.7,4.86,110,2025-02-04
8801,2489,11.38,58.14,436,2025-04-24
8802,9154,442.13,38.94,464,2025-04-29
8803,5701,479.7,16.91,434,2024-06-19
8804,129,247.7,39.45,121,2024-09-29
8805,3146,76.99,89.97,183,2024-06-30
8806,1305,6.87,59.75,468,2024-06-10
8807,9181,256.11,46.18,183,2024-07-20
8808,7835,87.49,19.62,221,2025-01-16
8809,7667,337.8,37.6,132,2024-11-28
8810,4477,59.02,36.23,325,2024-06-02
8811,7999,347.45,8.41,254,2024-12-06
8812,9170,152.52,61.56,115,2024-12-19
8813,6295,193.38,92.45,403,2024-08-20
8814,3554,221.15,74.06,362,2025-01-21
8815,7092,125.25,38.46,100,2024-10-12
8816,528,479.83,0.05,382,2024-09-13
8817,3774,87.45,3.93,437,2025-03-24
8818,7764,355.06,21.6,110,2025-03-12
8819,3886,155.27,49.73,334,2024-12-18
8820,9111,445.5,39.23,335,2024-09-20
8821,6941,443.9,14.4,213,2025-01-13
8822,9551,355.82,29.55,235,2024-08-28
8823,2617,385.39,84.01,45,2024-12-08
8824,4113,389.29,58.38,217,2024-11-19
8825,7149,268.26,52.58,113,2024-10-30
8826,5095,114.08,45.81,421,2024-07-03
8827,1432,48.61,20.48,330,2024-09-25
8828,3262,145.64,91.23,192,2024-10-13
8829,5454,219.03,43.09,163,2025-02-27
8830,4301,319.49,97.56,349,2024-06-06
8831,2488,485.68,23.24,219,2025-04-04
8832,2779,40.17,81.02,39,2025-01-17
8833,1496,467.7,72.09,381,2024-08-04
8834,4271,108.51,33.04,293,2024-06-06
8835,5925,127.95,14.03,66,2024-11-24
8836,5007,45.66,7.22,3,2024-12-28
8837,6633,37.89,26.12,160,2025-01-23
8838,4837,230.17,49.19,30,2025-02-08
8839,9942,473.42,50.27,244,2024-11-22
8840,6971,47.81,1.73,41,2024-06-19
8841,9490,237.19,19.52,183,2024-05-12
8842,8460,465.16,18.86,115,2024-07-04
8843,720,316.93,94.69,486,2025-02-04
8844,3246,404.85,15.37,147,2024-10-20
8845,7566,164.37,72.33,196,2024-06-21
8846,6388,107.37,89.72,23,2024-11-13
8847,2743,150.88,77.75,354,2024-12-09
8848,6144,47.77,16.22,418,2024-10-01
8849,9694,475.05,75.3,122,2025-02-03
8850,3769,73.99,44.43,428,2024-11-17
8851,1666,431.14,42.44,308,2025-02-25
8852,6234,294.67,79.32,196,2025-01-01
8853,3597,297.61,39.86,12,2024-10-11
8854,637,197.32,42.81,274,2024-08-24
8855,5711,58.12,92.12,460,2024-11-05
8856,7126,484.06,23.24,245,2025-03-13
8857,5086,479.75,65.86,417,2024-07-13
8858,5238,360.18,40.36,359,2024-06-27
8859,890,58.13,9.67,242,2024-06-12
8860,6494,491.16,16.65,103,2024-08-31
8861,140,183.49,88.83,111,2024-12-28
8862,3467,187.52,77.82,394,2024-06-25
8863,2452,422.07,1.03,444,2024-05-07
8864,8766,357.31,13.96,361,2024-07-13
8865,4254,59.12,45.63,29,2024-08-07
8866,8286,414.33,30.53,27,2025-02-13
8867,8448,377.58,90.89,223,2024-05-15
8868,6884,281.91,38.04,250,2025-01-11
8869,7108,402.23,45.51,174,2025-02-01
8870,4283,248.78,35.81,78,2024-07-09
8871,2646,71.61,53.86,396,2025-04-08
8872,2776,364.05,25.05,407,2024-12-26
8873,9923,439.5,78.95,455,2025-04-25
8874,1174,73.77,45.52,416,2024-09-22
8875,3057,77.83,72.28,414,2024-12-15
8876,3847,173.21,59.18,454,2025-03-16
8877,7758,345.26,77.57,410,2025-01-07
8878,3542,323.56,17.29,150,2024-08-24
8879,9694,202.38,25.41,212,2024-09-08
8880,2167,208.95,81.81,478,2024-09-07
8881,736,38.67,35.63,106,2025-02-09
8882,836,299.9,11.53,274,2025-01-06
8883,1680,432.13,52.35,243,2025-01-21
8884,9994,334.33,33.97,433,2024-10-05
8885,8443,388.18,72.99,141,2024-12-03
8886,2163,348.76,53.26,494,2025-01-23
8887,5463,66.45,21.47,324,2024-11-04
8888,7550,338.38,85.73,27,2024-05-05
8889,7664,335.41,46.57,63,2024-07-23
8890,6336,50.91,98.2,159,2024-05-20
8891,7529,80.17,25.34,31,2024-10-25
8892,1556,431.78,77.27,130,2024-06-19
8893,8039,407.53,86.52,389,2025-01-13
8894,1408,392.32,6.33,122,2024-07-13
8895,5067,344.82,10.61,47,2024-10-29
8896,7177,274.68,0.34,179,2024-10-30
8897,3261,487.14,5.38,431,2024-08-18
8898,1,245.54,20.71,48,2024-05-04
8899,2604,266.85,60.08,104,2024-12-30
8900,8428,382.25,58.03,166,2025-02-24
8901,9715,428.33,94.24,23,2024-05-26
8902,5745,498.76,93.21,354,2025-04-10
8903,4776,176.22,8.4,458,2024-09-25
8904,7975,33.17,58.37,371,2025-02-09
8905,3058,125.27,14.64,231,2025-02-18
8906,2020,490.13,8.84,337,2024-07-19
8907,5947,374.87,25.19,28,2024-11-27
8908,7879,149.97,20.74,486,2024-04-30
8909,7048,280.82,51.6,478,2024-09-29
8910,4495,356.41,23.91,230,2024-09-11
8911,5825,355.39,91.11,98,2025-01-11
8912,2698,255.07,11.15,173,2025-04-28
8913,2009,33.94,1.46,381,2024-09-22
8914,9814,372.29,70.93,371,2025-01-04
8915,7498,161.4,62.45,405,2024-09-15
8916,3268,8.83,37.44,288,2025-03-27
8917,366,104.78,74.95,262,2025-03-11
8918,4402,4.12,7.7,241,2024-10-10
8919,7659,246.82,3.14,11,2024-11-01
8920,3864,399.01,0.21,496,2025-01-31
8921,9649,225.95,48.05,241,2024-12-25
8922,5589,443.17,94.72,122,2025-02-08
8923,8493,453.15,72.76,4,2024-05-04
8924,7996,100.07,69.81,363,2024-09-20
8925,6556,425.59,6.84,189,2024-10-26
8926,4106,337.45,48.01,136,2025-02-28
8927,7492,229.65,28.51,293,2025-02-24
8928,8901,242.86,45.72,215,2024-11-30
8929,3053,455.47,18.75,104,2024-10-22
8930,2491,345.15,59.75,93,2025-03-18
8931,8775,145.4,39.59,380,2024-12-07
8932,2704,351.54,2.54,265,2024-10-05
8933,857,321.58,40.51,229,2024-07-10
8934,8965,467.06,92.46,177,2024-12-30
8935,2889,461.39,34.89,237,2024-07-01
8936,5407,32.63,32.1,222,2025-02-11
8937,3867,494.19,56.8,203,2024-10-30
8938,7181,484.05,53.82,275,2024-09-22
8939,4622,384.18,93.28,493,2024-11-27
8940,5069,24.88,91.48,107,2024-07-30
8941,2323,388.5,21.55,206,2024-08-16
8942,2140,448.38,26.51,367,2024-09-04
8943,9299,7.06,67.47,267,2025-03-10
8944,6743,316.83,7.51,69,2024-12-06
8945,6173,443.79,82.38,349,2024-07-12
8946,8826,153.36,20.72,439,2024-05-06
8947,222,435.08,85.81,104,2024-10-11
8948,6346,301.05,61.99,59,2024-06-13
8949,6056,408.77,31.34,8,2025-03-02
8950,5849,339.63,25.78,4,2025-04-05
8951,1878,425.74,91.79,186,2025-02-14
8952,9091,231.0,51.44,238,2024-07-29
8953,8057,249.99,58.05,444,2024-09-13
8954,7298,11.91,18.99,13,2025-03-22
8955,3181,343.31,27.08,133,2024-12-13
8956,3134,68.24,3.88,236,2024-08-30
8957,4933,40.05,66.66,164,2025-03-30
8958,3327,334.41,19.96,20,2024-09-16
8959,8562,271.51,99.16,500,2025-01-05
8960,5095,180.57,76.96,385,2024-12-13
8961,6721,347.16,91.86,155,2024-06-14
8962,1961,117.0,78.62,59,2024-11-23
8963,37,34.95,46.86,269,2024-11-19
8964,3703,348.71,61.48,96,2025-02-21
8965,9423,451.6,37.01,319,2024-05-20
8966,1350,391.06,81.37,130,2024-12-31
8967,3630,294.48,92.73,92,2025-03-20
8968,1584,72.56,36.85,219,2025-02-06
8969,8106,81.05,50.87,232,2024-10-11
8970,8291,71.54,87.41,473,2024-08-16
8971,8517,231.74,9.71,149,2024-12-27
8972,9515,35.71,46.33,92,2024-10-25
8973,796,440.33,94.63,93,2025-03-29
8974,2945,358.59,82.95,62,2024-08-12
8975,4177,339.08,57.53,439,2024-06-10
8976,9292,51.18,79.45,223,2025-03-15
8977,4375,258.0,19.41,42,2024-06-27
8978,8865,131.02,45.49,246,2024-12-09
8979,9516,24.42,61.22,252,2024-05-15
8980,7325,272.11,23.51,7,2025-02-25
8981,2960,184.91,33.8,314,2024-12-28
8982,6029,106.56,55.99,175,2025-01-24
8983,5018,454.07,67.16,113,2024-12-06
8984,409,79.83,64.18,216,2025-01-19
8985,5531,494.2,80.17,80,2025-02-16
8986,4631,285.06,47.01,320,2024-09-23
8987,9199,198.96,49.72,16,2024-10-26
8988,7197,0.21,3.79,237,2025-04-07
8989,7513,357.12,29.56,357,2024-10-20
8990,6513,192.73,13.85,235,2024-12-28
8991,7599,459.99,50.62,362,2024-07-09
8992,9430,15.19,96.47,21,2025-02-21
8993,9468,321.08,57.7,109,2024-09-16
8994,1061,375.4,54.32,223,2024-06-13
8995,4893,280.19,23.96,139,2024-07-07
8996,8167,240.39,76.11,156,2024-10-03
8997,287,2.09,95.93,350,2025-02-08
8998,4282,133.42,64.02,455,2024-09-09
8999,9754,435.0,29.36,365,2025-04-15
9000,5716,310.46,87.0,393,2025-01-17
9001,1273,78.21,72.92,437,2025-03-21
9002,6010,256.54,79.25,2,2025-04-27
9003,8099,240.89,10.79,1,2025-01-01
9004,6261,202.47,38.41,136,2024-10-30
9005,9539,241.58,17.02,475,2024-09-23
9006,8930,87.18,70.65,11,2025-01-28
9007,5214,267.67,42.42,272,2024-06-19
9008,3048,386.82,83.19,110,2025-03-14
9009,6165,82.83,12.73,383,2025-01-20
9010,2733,106.11,34.4,264,2024-12-28
9011,681,426.25,47.29,260,2025-04-07
9012,2250,13.06,42.84,43,2024-09-16
9013,5213,344.21,4.07,167,2024-06-13
9014,9519,390.77,24.4,180,2024-08-07
9015,7736,434.69,22.99,47,2025-03-05
9016,1446,18.14,41.22,396,2025-03-06
9017,7001,106.0,95.94,155,2025-04-02
9018,5220,212.6,3.65,168,2024-09-21
9019,8080,229.63,39.99,252,2024-06-03
9020,2320,0.66,6.88,349,2025-01-25
9021,4969,461.23,26.62,477,2024-06-24
9022,1377,184.18,98.9,148,2024-12-04
9023,2737,291.63,68.57,349,2024-05-18
9024,2753,386.14,42.58,58,2024-12-10
9025,191,196.4,25.27,379,2025-01-15
9026,6827,217.1,24.64,36,2024-10-30
9027,4245,0.12,64.49,182,2024-09-22
9028,3851,208.52,49.59,361,2024-12-10
9029,4044,466.73,61.57,99,2024-07-17
9030,1017,100.39,50.92,460,2024-12-23
9031,733,27.15,94.91,375,2024-12-14
9032,7434,211.58,93.72,316,2024-07-16
9033,286,76.41,80.06,25,2024-09-07
9034,9100,242.2,99.12,111,2025-02-12
9035,5769,132.25,79.3,403,2024-09-08
9036,6340,386.14,42.96,202,2024-06-04
9037,3129,374.93,24.52,9,2024-06-10
9038,1140,115.55,65.18,383,2024-07-02
9039,2264,100.68,75.06,295,2025-01-21
9040,5927,62.68,20.18,390,2024-10-28
9041,6944,124.8,82.51,103,2024-10-16
9042,9498,98.36,78.83,453,2024-07-07
9043,7087,337.48,46.84,413,2024-10-25
9044,6049,34.81,6.22,131,2024-09-20
9045,734,325.21,88.49,359,2024-11-22
9046,8546,143.74,16.96,82,2024-10-22
9047,4208,425.22,82.11,297,2024-06-13
9048,2170,131.75,75.69,42,2025-02-05
9049,9372,16.02,57.36,247,2024-05-30
9050,8935,323.08,88.26,146,2024-08-11
9051,9173,14.38,28.48,483,2024-08-26
9052,1194,397.89,39.28,237,2025-03-15
9053,4789,345.95,9.25,424,2024-11-13
9054,633,5.64,89.7,44,2025-01-22
9055,7680,217.8,3.38,109,2024-07-05
9056,9770,306.09,96.0,172,2024-06-22
9057,3708,375.85,41.06,457,2024-07-19
9058,1045,492.73,42.8,229,2025-01-24
9059,1490,4.96,88.44,163,2025-01-04
9060,8325,467.31,48.42,364,2024-05-27
9061,4803,134.74,49.3,251,2024-08-15
9062,1081,87.07,97.51,345,2024-10-09
9063,4636,19.99,95.79,37,2025-03-15
9064,3425,41.16,30.69,455,2024-05-14
9065,6805,266.08,90.42,411,2025-01-28
9066,1963,167.23,90.3,294,2024-05-02
9067,1295,467.63,19.44,295,2024-07-11
9068,5650,229.1,26.38,175,2025-04-22
9069,4762,487.7,41.14,373,2024-07-04
9070,3929,370.16,37.81,384,2024-05-15
9071,2907,253.76,44.18,129,2024-06-17
9072,8430,295.07,67.42,372,2025-03-24
9073,5529,221.37,25.76,469,2024-10-21
9074,2247,340.26,93.55,134,2024-05-28
9075,5440,389.59,61.57,153,2024-05-31
9076,8243,307.18,44.68,102,2024-08-11
9077,9024,441.64,9.26,306,2025-04-14
9078,1734,221.86,55.46,47,2025-01-30
9079,5942,133.64,30.45,186,2024-12-23
9080,5250,135.04,87.29,101,2024-06-27
9081,8505,11.17,34.24,472,2025-01-31
9082,3948,484.64,14.02,85,2024-06-24
9083,2464,495.74,88.94,483,2024-08-27
9084,3705,487.36,61.27,448,2024-06-02
9085,1850,399.43,77.87,106,2024-08-26
9086,58,488.71,80.9,483,2025-04-20
9087,5775,306.07,55.97,296,2024-10-17
9088,3676,181.34,29.8,327,2024-07-25
9089,8041,264.08,40.89,482,2025-02-06
9090,8635,247.57,17.0,491,2024-08-15
9091,6574,423.97,37.63,147,2024-05-30
9092,826,345.6,70.49,475,2024-12-20
9093,1648,291.71,83.05,150,2024-07-29
9094,156,101.94,54.23,341,2025-04-09
9095,4704,461.11,67.92,153,2025-02-11
9096,3166,153.53,24.64,318,2024-09-11
9097,4564,80.04,47.16,73,2025-04-07
9098,2018,33.72,75.97,195,2025-03-28
9099,4562,172.94,27.57,366,2025-04-25
9100,4497,447.45,41.81,86,2024-08-24
9101,2591,297.71,27.42,127,2025-03-04
9102,6940,195.49,18.1,359,2024-12-11
9103,7344,337.51,17.8,474,2025-02-16
9104,8418,297.22,62.32,29,2025-03-03
9105,3400,460.65,94.9,20,2025-04-24
9106,1031,48.65,84.89,402,2025-03-01
9107,7801,259.17,75.16,199,2024-07-19
9108,267,152.59,51.99,226,2024-08-17
9109,7759,431.12,29.96,379,2024-12-24
9110,9790,279.46,70.91,54,2024-12-11
9111,5599,97.38,15.27,232,2025-01-22
9112,1904,413.46,85.41,18,2024-07-17
9113,7606,336.39,75.33,479,2024-08-27
9114,1316,238.34,81.47,426,2025-03-31
9115,9685,155.15,18.63,76,2024-12-29
9116,1664,309.75,47.85,363,2024-05-28
9117,1279,405.8,77.19,75,2025-02-01
9118,1919,297.37,56.62,30,2024-11-06
9119,9714,499.69,88.73,448,2024-08-22
9120,6439,159.89,47.47,193,2025-01-01
9121,6361,133.88,36.56,455,2024-08-25
9122,3703,58.29,90.41,1,2024-10-13
9123,9593,31.26,22.54,351,2025-01-31
9124,3079,262.53,22.49,467,2024-12-13
9125,8168,220.06,34.17,89,2025-02-27
9126,734,165.55,48.74,406,2025-03-20
9127,6050,303.84,81.7,243,2025-03-06
9128,3302,75.3,86.79,208,2024-09-20
9129,9002,247.21,1.45,54,2024-10-04
9130,5894,134.66,30.33,157,2025-03-25
9131,4842,266.44,97.92,178,2025-03-25
9132,1384,277.83,87.38,54,2025-04-16
9133,8635,430.66,38.3,323,2025-01-06
9134,8350,358.61,37.22,91,2025-02-28
9135,893,253.09,66.83,385,2025-04-04
9136,4532,384.66,53.68,64,2024-07-14
9137,9848,85.9,47.95,128,2025-01-03
9138,9684,108.96,1.54,393,2024-06-07
9139,3263,403.24,58.78,374,2024-10-31
9140,5085,438.03,89.48,441,2024-11-07
9141,7521,377.99,49.64,170,2024-09-06
9142,226,351.57,69.87,134,2024-12-17
9143,4734,290.15,92.01,3,2024-07-10
9144,3984,22.65,79.76,18,2024-07-17
9145,496,307.07,9.55,271,2025-02-16
9146,2109,247.7,87.94,438,2024-08-28
9147,5339,272.91,18.19,214,2024-09-28
9148,8942,147.45,61.38,241,2024-08-01
9149,5066,312.88,31.04,98,2025-04-25
9150,7520,123.06,94.16,340,2025-03-07
9151,15,262.11,26.7,48,2024-11-04
9152,4933,288.17,50.27,287,2024-07-26
9153,1862,307.89,73.27,274,2024-10-30
9154,4932,383.73,0.15,355,2024-07-03
9155,6478,10.37,51.78,469,2025-02-23
9156,6267,480.44,44.35,215,2024-11-16
9157,4160,90.14,67.3,94,2025-02-19
9158,3532,481.53,31.74,117,2024-07-30
9159,1781,3.44,63.44,299,2024-08-20
9160,7625,164.16,25.96,361,2024-11-05
9161,8514,395.67,87.25,325,2024-08-22
9162,6864,221.95,6.47,306,2024-09-07
9163,4427,408.79,72.09,280,2025-03-10
9164,7051,94.07,69.95,76,2024-05-13
9165,9678,426.87,65.63,476,2024-08-22
9166,2367,102.7,77.6,475,2024-12-18
9167,659,431.26,58.72,337,2025-02-09
9168,2931,117.02,2.81,438,2024-05-12
9169,3865,134.77,21.2,95,2025-04-19
9170,9103,404.58,14.6,27,2024-07-10
9171,3683,38.05,88.34,474,2024-09-20
9172,995,329.48,9.78,352,2024-08-25
9173,9723,250.86,32.95,118,2024-09-24
9174,646,407.64,32.54,41,2024-12-12
9175,7247,57.25,87.92,449,2024-05-24
9176,81,391.92,51.65,96,2024-10-12
9177,5600,94.44,23.9,156,2024-08-08
9178,5599,278.52,86.22,152,2024-12-19
9179,2701,425.78,76.58,74,2024-07-19
9180,9652,424.14,22.22,396,2025-03-07
9181,2934,279.99,4.08,84,2024-08-11
9182,4542,388.98,34.05,350,2024-08-12
9183,8536,3.86,86.46,308,2024-06-29
9184,4666,43.64,75.26,288,2025-03-23
9185,4912,146.63,94.4,410,2025-02-21
9186,336,178.9,6.16,351,2024-08-27
9187,9070,351.17,27.9,322,2025-04-08
9188,1024,493.95,77.14,425,2025-03-16
9189,16,287.11,11.38,145,2025-02-02
9190,1769,408.77,87.48,232,2024-11-30
9191,3424,346.36,77.45,63,2025-04-20
9192,4182,53.47,52.6,423,2024-05-19
9193,1454,354.76,8.75,56,2024-11-13
9194,2369,400.37,56.28,33,2025-02-22
9195,1552,14.32,89.87,31,2024-11-24
9196,4132,382.95,51.91,57,2024-06-21
9197,9323,118.96,30.88,212,2024-06-30
9198,9754,273.01,70.66,475,2025-04-17
9199,1264,398.94,86.5,26,2024-06-29
9200,4910,326.13,6.61,126,2025-04-25
9201,7901,166.32,21.72,300,2024-06-15
9202,1685,491.14,50.18,387,2024-09-22
9203,2854,197.25,59.71,296,2025-04-04
9204,2066,23.95,95.69,203,2024-07-25
9205,4402,96.02,88.02,285,2024-10-16
9206,6654,304.36,32.54,59,2025-03-24
9207,6688,352.82,87.14,385,2024-05-04
9208,4810,437.07,36.26,268,2025-01-02
9209,9955,68.87,63.35,165,2025-03-16
9210,6605,140.67,56.96,489,2024-07-01
9211,6420,372.75,41.66,131,2024-08-03
9212,7898,483.73,34.75,471,2024-06-09
9213,352,423.74,84.76,384,2024-04-30
9214,7153,351.32,6.1,263,2025-01-22
9215,7966,250.51,20.44,444,2025-02-17
9216,7264,255.66,54.38,190,2025-01-26
9217,6837,128.81,17.33,309,2024-12-14
9218,3218,387.5,23.36,103,2025-03-22
9219,1477,276.88,91.12,235,2024-10-30
9220,6465,397.22,85.04,447,2024-12-13
9221,1919,91.68,7.66,467,2025-04-13
9222,8310,387.22,86.74,336,2025-01-03
9223,2050,409.14,56.48,89,2025-02-06
9224,930,439.18,51.3,172,2025-03-24
9225,2678,165.15,95.17,397,2025-01-03
9226,2320,75.02,76.64,166,2024-08-24
9227,4873,104.5,15.8,366,2025-01-01
9228,225,479.12,22.7,429,2024-12-16
9229,6537,243.69,50.45,198,2024-05-16
9230,785,126.87,32.14,172,2025-04-19
9231,2109,290.87,12.79,195,2024-12-22
9232,2158,36.12,68.73,397,2024-10-19
9233,96,356.25,85.06,111,2024-09-21
9234,1882,296.74,65.33,177,2024-10-18
9235,876,170.08,98.45,242,2024-09-22
9236,1022,293.89,95.48,219,2024-12-26
9237,8392,392.14,95.99,168,2024-07-15
9238,9789,193.33,25.79,49,2025-01-02
9239,2010,409.4,10.71,242,2024-08-02
9240,9613,49.63,94.95,181,2024-08-10
9241,6388,91.01,89.12,304,2024-11-25
9242,7512,41.31,20.38,59,2024-12-12
9243,6917,399.37,89.67,495,2025-02-04
9244,1756,120.35,35.69,31,2024-10-29
9245,1097,439.75,40.1,207,2025-02-27
9246,9317,122.81,18.5,168,2024-12-27
9247,8695,261.32,3.7,219,2024-05-31
9248,1987,154.05,58.78,130,2024-07-28
9249,1745,335.0,77.45,418,2025-02-05
9250,3321,398.5,5.7,433,2024-07-05
9251,5047,181.42,41.74,443,2024-09-04
9252,8222,2.3,48.17,253,2024-10-07
9253,832,411.81,18.38,156,2025-01-13
9254,803,337.15,38.57,200,2024-08-04
9255,3993,101.28,54.52,457,2024-06-21
9256,9850,182.99,38.25,190,2025-04-05
9257,4960,171.17,73.89,478,2024-12-18
9258,3150,253.69,10.77,79,2024-08-15
9259,9297,282.82,53.02,407,2024-11-30
9260,8862,372.12,39.69,152,2024-05-07
9261,3153,42.22,64.04,6,2024-12-25
9262,4958,281.19,38.76,496,2024-08-20
9263,7855,218.32,25.52,447,2025-01-12
9264,893,132.15,45.78,112,2025-03-05
9265,6072,35.71,5.29,225,2024-12-21
9266,8791,304.35,36.28,85,2024-09-01
9267,6373,340.39,65.46,8,2025-04-09
9268,5792,63.82,50.28,107,2024-05-23
9269,488,279.96,21.91,355,2025-04-28
9270,2085,31.3,90.44,73,2024-10-09
9271,9492,497.75,83.59,68,2025-04-07
9272,6550,465.73,16.61,467,2024-12-20
9273,2406,258.46,11.56,460,2024-08-24
9274,6718,160.49,33.9,131,2024-11-30
9275,573,313.3,78.3,341,2024-05-28
9276,3936,144.92,64.6,275,2024-10-30
9277,9515,447.15,17.78,239,2024-11-15
9278,1945,301.33,63.73,154,2025-01-27
9279,7625,413.64,34.24,283,2025-04-01
9280,7686,321.07,14.47,110,2024-07-04
9281,2965,136.27,61.72,198,2024-09-28
9282,4928,309.1,17.95,327,2025-02-16
9283,6651,102.22,92.84,131,2024-06-23
9284,698,353.05,39.76,227,2025-04-30
9285,5159,105.11,38.03,369,2024-09-24
9286,8574,156.18,40.68,373,2024-06-23
9287,5161,430.97,43.4,386,2025-01-10
9288,9337,68.19,63.86,109,2024-07-09
9289,263,41.73,26.47,22,2025-03-02
9290,6913,124.31,37.76,372,2025-03-05
9291,3767,374.37,71.54,162,2024-08-18
9292,4371,53.26,80.2,163,2025-03-23
9293,4627,112.42,47.41,281,2024-10-31
9294,9238,9.29,84.45,373,2024-07-26
9295,4206,226.98,43.68,74,2024-11-07
9296,1152,77.1,53.39,297,2024-06-26
9297,5839,32.95,29.03,116,2024-11-27
9298,6326,245.48,35.64,478,2024-11-04
9299,4585,359.78,15.37,192,2024-05-17
9300,5985,35.91,56.88,23,2024-05-21
9301,2265,299.62,59.49,411,2025-03-25
9302,8152,268.81,53.99,42,2024-12-25
9303,2145,263.74,57.06,451,2025-03-24
9304,234,180.31,29.35,185,2024-07-21
9305,5282,144.43,45.19,145,2024-09-16
9306,2490,497.17,22.48,255,2024-11-27
9307,5554,356.49,70.74,194,2025-02-17
9308,2773,181.53,19.52,205,2024-08-04
9309,8253,13.28,42.08,70,2024-09-28
9310,4708,422.68,20.08,113,2024-08-19
9311,4938,23.83,60.83,231,2024-07-11
9312,214,314.79,28.96,195,2024-11-12
9313,4339,264.78,71.11,138,2024-05-12
9314,6270,433.13,76.48,199,2024-10-13
9315,6516,103.75,82.55,105,2024-08-06
9316,9315,370.39,37.99,464,2024-05-13
9317,7797,2.25,79.51,114,2024-08-02
9318,7816,184.22,64.45,123,2025-03-02
9319,7073,482.38,82.59,446,2025-03-21
9320,5355,338.61,42.05,86,2025-04-26
9321,3319,470.27,62.69,219,2024-07-14
9322,3199,198.03,10.28,187,2024-05-31
9323,9184,360.99,38.63,169,2024-05-12
9324,7415,202.91,56.09,179,2024-06-23
9325,2471,379.36,54.23,183,2025-01-26
9326,2949,414.11,32.43,411,2024-12-23
9327,6151,469.28,27.21,475,2024-10-04
9328,9778,336.75,61.6,374,2024-11-29
9329,5891,413.22,3.01,125,2025-02-07
9330,3685,136.0,34.78,378,2025-01-07
9331,8812,412.59,49.92,19,2024-07-16
9332,8905,169.46,28.59,69,2024-11-30
9333,5597,222.27,66.8,399,2025-01-19
9334,4575,28.06,5.51,48,2025-04-11
9335,5279,308.68,56.38,9,2024-10-30
9336,4202,174.43,38.72,382,2025-03-22
9337,8404,189.22,57.57,467,2024-07-03
9338,9708,83.4,94.22,447,2025-01-08
9339,9267,270.09,77.69,72,2024-06-05
9340,7846,33.12,14.35,381,2024-05-01
9341,526,289.56,98.67,197,2025-03-03
9342,3219,199.57,55.34,434,2024-05-15
9343,30,433.59,17.04,95,2025-02-04
9344,763,405.67,69.19,282,2024-09-27
9345,7728,188.88,39.45,103,2024-12-13
9346,6487,135.75,14.36,251,2024-11-20
9347,7916,37.73,95.97,150,2025-02-05
9348,2593,104.06,64.43,33,2024-12-22
9349,5118,10.71,9.92,44,2024-06-02
9350,3050,42.17,75.23,83,2024-12-16
9351,6338,434.77,3.01,414,2025-01-08
9352,4813,424.44,39.4,355,2024-06-02
9353,3350,484.45,73.82,58,2024-10-17
9354,6002,125.94,23.32,481,2024-11-07
9355,8107,134.68,64.56,474,2025-01-01
9356,1905,211.26,33.61,312,2024-10-11
9357,306,256.4,78.69,232,2024-08-08
9358,303,231.86,0.31,286,2025-02-13
9359,5322,214.82,14.27,467,2025-01-20
9360,3212,295.58,69.0,218,2025-01-08
9361,6904,301.99,84.96,170,2024-11-21
9362,3539,340.81,85.25,219,2024-05-24
9363,956,139.02,63.17,318,2024-09-16
9364,819,241.07,29.16,440,2025-01-17
9365,8874,14.6,89.37,29,2025-04-23
9366,6099,333.65,52.41,6,2025-01-26
9367,7779,267.96,78.69,355,2024-05-13
9368,6857,83.99,2.16,458,2024-10-19
9369,314,6.8,79.55,314,2024-10-26
9370,8268,199.46,96.48,480,2024-06-18
9371,7558,216.18,92.56,385,2024-08-23
9372,2435,248.06,55.03,254,2024-12-15
9373,1114,463.85,25.1,343,2024-06-12
9374,5362,176.39,79.16,256,2025-03-24
9375,5490,233.19,20.97,195,2024-09-07
9376,468,124.33,68.02,152,2024-12-19
9377,6789,99.04,54.8,120,2024-09-18
9378,379,117.57,56.59,142,2024-08-01
9379,4299,58.83,16.16,133,2024-10-11
9380,1855,95.81,22.63,312,2025-03-31
9381,8465,345.4,29.93,378,2024-05-28
9382,3021,72.18,63.47,75,2025-04-06
9383,5110,339.05,54.77,383,2024-07-11
9384,2465,381.94,50.81,363,2024-08-03
9385,7747,384.45,75.36,12,2024-06-21
9386,3740,320.98,41.91,427,2024-12-06
9387,1970,484.17,86.0,137,2024-07-04
9388,1756,201.7,26.12,92,2024-09-12
9389,2595,398.52,33.59,110,2024-06-07
9390,198,15.82,51.91,476,2024-08-22
9391,1130,27.71,66.59,254,2024-09-01
9392,4451,140.72,69.86,353,2024-07-14
9393,7895,51.84,1.72,73,2024-05-18
9394,8080,225.32,88.83,181,2024-12-31
9395,2424,206.69,64.6,245,2025-01-02
9396,5609,346.61,41.53,336,2025-01-14
9397,6779,157.32,54.45,231,2025-01-05
9398,5134,228.01,46.15,476,2024-08-04
9399,1815,389.98,92.86,254,2024-10-18
9400,167,219.64,91.59,286,2025-04-20
9401,6577,243.15,1.45,116,2024-09-20
9402,9859,354.72,81.02,316,2025-01-08
9403,3436,379.49,18.08,462,2024-07-13
9404,6332,247.74,45.38,74,2025-02-12
9405,6552,313.08,87.21,189,2024-09-21
9406,6383,118.39,74.5,119,2024-11-06
9407,2739,212.2,47.29,34,2024-09-08
9408,9191,488.26,98.91,481,2024-09-19
9409,9305,225.49,37.82,173,2025-03-15
9410,3104,351.22,24.11,229,2024-09-16
9411,2505,420.49,46.78,454,2025-01-09
9412,5287,62.29,90.12,267,2025-04-28
9413,4999,327.81,49.35,111,2024-10-24
9414,8687,101.29,33.67,294,2024-07-08
9415,6655,408.59,76.66,59,2024-10-29
9416,9563,433.99,87.18,455,2024-10-01
9417,7556,26.44,14.63,262,2024-08-01
9418,7198,3.07,8.6,429,2025-03-29
9419,9036,399.73,46.14,388,2024-09-25
9420,9883,224.87,11.62,53,2025-01-04
9421,9352,429.5,22.82,348,2025-04-06
9422,6337,72.14,84.89,251,2024-04-30
9423,9266,83.18,50.27,90,2024-12-03
9424,987,224.85,49.8,252,2024-10-24
9425,729,143.98,61.5,284,2024-09-02
9426,5604,395.58,29.71,409,2024-11-05
9427,7397,161.4,84.24,193,2025-03-12
9428,1930,350.43,87.84,179,2024-05-11
9429,8197,98.35,77.77,40,2024-06-08
9430,7778,151.69,15.97,462,2024-12-20
9431,7060,71.77,19.38,307,2024-10-31
9432,8412,26.25,73.89,190,2025-02-04
9433,3231,207.66,40.59,389,2024-10-31
9434,9218,237.29,51.55,409,2024-10-14
9435,8208,285.62,98.39,15,2024-07-04
9436,5522,423.86,10.56,70,2024-08-07
9437,4126,86.81,60.79,343,2024-06-06
9438,7113,473.55,69.18,440,2024-12-19
9439,613,450.89,21.69,88,2024-10-19
9440,787,187.3,77.65,323,2024-10-10
9441,2491,47.53,65.74,130,2025-04-21
9442,9097,457.75,78.85,272,2025-02-03
9443,329,344.79,57.94,48,2025-01-31
9444,4397,244.08,80.68,71,2024-11-03
9445,6437,465.67,88.87,214,2025-04-18
9446,6042,488.76,36.92,74,2025-02-08
9447,7956,252.64,39.23,19,2025-04-27
9448,5935,130.51,12.93,54,2024-05-13
9449,9007,432.74,21.29,436,2024-07-19
9450,7623,127.69,58.49,394,2024-10-31
9451,244,372.56,28.96,144,2024-12-03
9452,3960,253.98,96.03,353,2024-08-10
9453,9781,113.34,84.98,114,2025-02-17
9454,6103,449.14,0.72,466,2024-08-23
9455,236,134.0,6.34,338,2024-10-14
9456,1280,14.26,81.51,473,2024-12-14
9457,4897,219.31,38.86,452,2025-04-03
9458,6322,136.95,16.28,228,2024-09-06
9459,2262,435.01,44.79,303,2024-08-26
9460,7987,79.98,54.17,222,2024-11-30
9461,6313,129.57,84.17,296,2024-12-29
9462,3254,390.39,62.71,440,2024-05-21
9463,1455,218.63,41.67,470,2024-10-04
9464,2488,167.06,31.71,496,2024-07-31
9465,3594,191.65,72.28,172,2025-01-22
9466,1975,129.28,58.52,33,2024-05-09
9467,5996,254.73,9.6,413,2024-05-02
9468,5130,212.76,0.12,85,2024-05-23
9469,4704,14.36,2.99,165,2025-02-21
9470,2950,13.34,54.29,292,2024-05-13
9471,1973,344.06,93.82,307,2025-02-14
9472,9477,226.57,82.4,240,2024-05-16
9473,6718,378.32,32.03,206,2025-02-03
9474,6663,135.82,65.93,331,2024-09-17
9475,693,122.37,34.67,259,2025-04-13
9476,7030,427.68,32.24,194,2025-04-23
9477,1989,179.16,41.28,283,2024-12-20
9478,9264,66.86,22.49,488,2025-01-25
9479,5653,272.33,91.99,112,2024-09-09
9480,8032,31.61,28.42,126,2025-04-01
9481,8660,418.13,97.33,31,2025-04-08
9482,2310,225.37,12.65,409,2025-01-01
9483,2547,383.76,28.2,269,2024-12-21
9484,1243,485.72,46.87,174,2024-05-30
9485,7559,339.32,52.48,163,2025-01-26
9486,2103,325.25,16.64,368,2025-02-27
9487,4081,326.71,27.65,392,2024-10-19
9488,2979,458.51,1.72,325,2025-04-06
9489,860,160.48,41.72,67,2025-03-26
9490,7756,56.89,62.22,424,2024-10-30
9491,295,290.3,33.76,107,2024-10-04
9492,865,96.75,4.85,130,2025-03-14
9493,7508,229.12,54.79,393,2025-04-30
9494,7247,313.13,22.94,293,2025-01-02
9495,4825,81.77,58.15,253,2024-10-16
9496,2777,100.4,55.83,206,2024-10-01
9497,2748,412.78,1.21,399,2025-01-28
9498,9710,274.03,21.67,285,2024-06-14
9499,7621,251.21,34.02,16,2025-01-08
9500,1539,155.8,41.22,205,2024-07-28
9501,830,488.59,11.59,7,2025-04-08
9502,1759,337.44,52.88,367,2024-12-10
9503,8735,475.16,22.31,232,2024-05-24
9504,3943,242.14,44.16,278,2024-12-26
9505,9259,162.52,2.75,432,2024-12-21
9506,9085,326.93,60.25,25,2024-11-08
9507,3787,70.87,10.95,54,2024-10-30
9508,4105,462.85,68.32,429,2024-12-14
9509,1170,430.03,27.85,1,2024-07-04
9510,3513,85.71,32.44,182,2024-09-12
9511,9611,458.25,37.46,119,2025-04-13
9512,4419,326.66,58.51,229,2024-07-15
9513,8098,285.9,12.23,380,2024-07-07
9514,7541,481.36,39.29,351,2024-09-05
9515,9160,471.52,87.32,388,2025-01-07
9516,7652,206.7,58.84,53,2024-10-13
9517,8689,379.81,85.12,102,2025-03-06
9518,4742,77.37,48.12,235,2024-05-08
9519,41,182.6,86.63,199,2024-09-07
9520,5446,252.48,72.32,334,2024-06-29
9521,8227,173.98,17.09,84,2024-09-29
9522,6689,143.63,68.99,261,2024-11-11
9523,3844,30.02,82.67,34,2024-10-10
9524,4119,103.77,22.93,213,2025-04-18
9525,1019,172.97,27.52,76,2025-04-08
9526,7147,377.68,6.71,135,2025-03-16
9527,3339,145.65,0.77,355,2024-05-22
9528,7357,398.08,72.04,337,2024-10-03
9529,4158,434.05,99.71,270,2024-11-11
9530,4187,94.58,17.1,362,2025-04-17
9531,6243,214.7,33.71,78,2024-12-04
9532,8808,404.11,78.51,81,2025-03-03
9533,4534,211.21,54.39,377,2024-09-14
9534,2774,72.49,9.04,259,2025-02-16
9535,9953,216.87,10.18,481,2025-03-23
9536,1988,383.12,98.31,272,2025-01-09
9537,7936,180.1,29.51,159,2025-03-04
9538,6874,175.88,42.09,433,2025-01-17
9539,7043,277.66,5.63,287,2025-04-20
9540,5889,281.18,51.85,488,2024-08-18
9541,894,45.7,18.02,483,2024-06-14
9542,1085,14.86,75.13,221,2024-08-19
9543,3800,116.94,59.26,301,2025-04-09
9544,4157,4.36,7.82,332,2025-01-04
9545,8344,5.98,98.63,305,2024-07-28
9546,5026,186.92,10.63,234,2024-05-10
9547,53,34.19,26.32,178,2025-03-27
9548,9472,307.67,25.68,309,2024-08-04
9549,679,208.63,64.71,119,2024-11-19
9550,673,212.99,22.09,61,2024-07-29
9551,3908,334.76,66.44,224,2024-08-24
9552,8882,345.11,69.5,409,2025-01-19
9553,7390,324.08,87.63,252,2025-03-12
9554,2855,381.89,7.92,352,2024-05-07
9555,430,498.83,74.74,380,2024-10-26
9556,5355,102.61,97.48,480,2024-09-10
9557,2881,302.3,61.31,153,2024-12-05
9558,3031,92.86,42.98,389,2025-02-22
9559,8537,425.11,75.1,264,2025-03-13
9560,7906,71.58,57.72,363,2024-06-11
9561,973,268.9,61.18,4,2024-08-26
9562,9517,166.8,22.02,378,2024-12-16
9563,3235,482.13,61.9,476,2024-07-08
9564,8557,191.55,35.54,258,2024-09-13
9565,6551,153.86,14.42,421,2025-04-01
9566,7424,45.0,98.57,342,2024-05-09
9567,1288,52.23,3.42,9,2024-06-12
9568,9259,445.03,75.18,130,2024-06-03
9569,3616,478.31,64.37,330,2025-03-26
9570,591,288.85,36.34,392,2024-08-05
9571,9714,343.21,44.8,429,2024-06-12
9572,9948,225.9,53.34,483,2024-06-16
9573,1797,2.72,10.42,19,2025-02-21
9574,363,180.07,62.18,312,2025-04-27
9575,9918,248.44,11.86,102,2024-08-18
9576,4035,359.27,27.66,158,2025-03-08
9577,8994,205.92,76.71,241,2024-12-20
9578,7860,212.68,10.78,212,2024-08-31
9579,7284,436.87,47.77,69,2024-08-18
9580,2457,171.97,90.34,352,2025-04-14
9581,3175,149.8,32.26,375,2025-04-22
9582,8349,377.7,93.63,445,2024-08-27
9583,5727,495.59,71.61,455,2024-06-18
9584,4995,386.37,63.37,18,2024-09-12
9585,1627,444.1,1.38,41,2025-01-14
9586,1483,482.22,27.81,73,2024-12-08
9587,3297,229.95,62.16,115,2024-08-03
9588,1742,426.69,36.7,100,2024-11-01
9589,8596,408.79,94.94,217,2025-03-08
9590,6961,2.93,23.83,120,2025-04-07
9591,6472,435.6,31.26,326,2024-05-28
9592,8541,455.89,68.83,3,2024-06-19
9593,2689,253.74,54.55,427,2025-01-17
9594,5292,183.34,12.81,289,2024-06-29
9595,1240,431.22,5.38,360,2024-06-16
9596,4668,284.36,37.25,224,2024-08-04
9597,8810,221.3,23.33,232,2024-10-27
9598,8088,424.65,45.6,16,2025-03-17
9599,5845,453.14,27.2,241,2024-11-18
9600,3089,424.37,40.85,47,2024-09-04
9601,9536,319.28,67.98,397,2024-10-25
9602,8429,259.36,20.98,419,2024-11-09
9603,9905,409.18,95.44,26,2024-06-21
9604,3162,84.5,26.55,46,2024-12-03
9605,2843,257.53,69.02,207,2025-04-28
9606,6472,462.33,44.0,398,2025-02-19
9607,6235,162.0,3.45,168,2024-07-02
9608,8527,31.72,32.11,292,2024-09-25
9609,4546,279.61,62.07,210,2024-09-03
9610,7308,386.65,52.5,262,2025-03-03
9611,943,199.45,56.21,59,2024-06-11
9612,1351,473.71,11.54,48,2024-11-08
9613,7145,30.32,1.01,59,2024-10-29
9614,2276,301.36,40.57,479,2024-11-27
9615,8890,316.39,87.09,293,2024-05-07
9616,1925,96.95,3.36,496,2025-01-28
9617,7264,288.69,31.6,400,2025-02-13
9618,6062,318.41,49.96,477,2024-06-26
9619,3122,53.76,64.6,207,2024-05-19
9620,3012,101.61,2.55,98,2025-01-02
9621,5985,208.87,97.31,276,2024-06-29
9622,2031,470.27,94.92,43,2025-04-07
9623,7420,214.12,71.81,235,2024-05-27
9624,9715,494.02,2.14,82,2025-02-15
9625,2470,104.31,29.46,302,2024-10-01
9626,4470,266.58,49.38,203,2025-04-04
9627,5095,203.61,86.07,132,2025-03-29
9628,1528,422.5,62.4,103,2024-06-29
9629,9477,314.58,13.44,439,2024-06-03
9630,5948,449.74,72.48,245,2024-05-17
9631,2506,482.78,65.2,488,2024-07-27
9632,5720,316.97,14.36,430,2024-07-10
9633,5908,420.65,44.66,42,2024-08-07
9634,9968,108.98,39.19,93,2025-04-07
9635,6374,106.71,57.26,436,2024-08-13
9636,3101,477.97,25.64,10,2024-06-07
9637,1945,414.98,31.16,8,2024-08-23
9638,3830,331.64,3.97,153,2024-05-03
9639,3759,173.21,99.74,430,2025-04-28
9640,2224,474.82,14.87,492,2024-10-25
9641,9610,184.93,95.06,300,2025-02-11
9642,3543,298.91,55.06,232,2024-12-19
9643,7860,205.47,86.27,443,2024-12-22
9644,6185,160.41,65.76,191,2025-01-30
9645,3830,455.14,75.06,201,2024-11-03
9646,1528,171.2,39.53,344,2024-06-29
9647,3869,222.55,36.92,236,2025-04-19
9648,9541,181.81,85.86,168,2024-08-11
9649,4950,179.99,88.58,427,2024-08-15
9650,6160,209.52,75.3,222,2024-10-22
9651,8842,440.09,66.48,429,2024-07-16
9652,3407,35.9,55.5,127,2024-07-11
9653,1369,48.87,42.76,279,2024-11-19
9654,5435,53.37,54.57,12,2024-09-17
9655,8677,491.88,94.99,219,2025-02-27
9656,6280,27.15,43.01,22,2024-11-02
9657,3313,269.74,26.37,401,2024-10-26
9658,6573,291.35,90.09,370,2024-09-06
9659,7997,271.68,50.51,369,2024-07-10
9660,2089,92.61,97.34,223,2024-10-25
9661,9376,384.6,2.26,82,2024-12-18
9662,46,300.64,1.59,331,2024-12-05
9663,7121,343.21,79.61,206,2024-12-11
9664,6151,494.11,9.51,133,2025-03-08
9665,8222,392.13,30.55,265,2025-01-12
9666,5182,413.16,38.39,255,2024-05-12
9667,6712,64.7,53.5,290,2025-02-18
9668,6191,459.31,82.34,68,2024-05-16
9669,3212,307.27,37.31,30,2025-01-27
9670,4164,58.21,71.53,72,2025-03-09
9671,1494,70.73,47.52,213,2025-01-09
9672,607,195.82,95.24,239,2025-03-17
9673,3581,256.23,35.2,487,2025-04-10
9674,826,311.62,63.71,73,2024-10-27
9675,4464,44.82,79.44,492,2024-12-28
9676,9867,370.28,51.0,283,2024-06-16
9677,8284,456.79,27.78,285,2025-01-11
9678,7193,189.87,6.59,215,2024-11-21
9679,186,341.84,92.12,239,2025-04-13
9680,1868,89.85,24.2,185,2025-01-14
9681,7253,421.75,32.98,56,2025-04-25
9682,2583,105.92,24.81,243,2025-04-19
9683,8655,323.0,30.23,457,2025-02-22
9684,1583,472.91,39.22,186,2024-08-31
9685,4566,387.75,27.09,18,2024-08-09
9686,5564,237.65,99.62,341,2024-08-19
9687,6298,472.14,59.42,320,2024-08-25
9688,4013,19.65,80.28,259,2024-12-09
9689,4072,34.55,17.82,375,2024-09-26
9690,2312,257.98,23.35,2,2025-03-26
9691,1253,107.07,40.25,138,2025-03-01
9692,1168,182.25,86.18,465,2024-06-20
9693,8467,271.86,15.93,211,2024-05-10
9694,8449,431.52,8.71,65,2025-01-18
9695,6993,17.56,6.19,424,2024-11-30
9696,5722,472.66,0.78,329,2024-11-05
9697,8517,209.32,77.9,334,2024-11-12
9698,5288,338.46,74.72,156,2024-12-24
9699,4233,425.97,32.25,384,2025-01-07
9700,2627,192.43,48.4,9,2024-07-24
9701,9394,83.9,8.23,15,2024-12-24
9702,6038,204.01,47.88,144,2024-12-01
9703,4164,386.19,0.29,321,2025-02-27
9704,6013,485.41,73.07,46,2025-04-03
9705,1711,367.03,75.31,107,2024-11-24
9706,3846,346.09,77.8,26,2025-03-15
9707,2329,24.92,83.42,286,2025-01-28
9708,9581,38.15,98.01,318,2024-07-27
9709,7064,205.82,10.72,150,2025-02-19
9710,3578,372.97,0.02,486,2025-04-09
9711,4310,125.94,16.28,145,2025-01-13
9712,204,425.04,79.46,268,2024-09-08
9713,9927,48.97,0.51,111,2024-11-11
9714,6732,415.71,83.93,150,2025-02-15
9715,192,426.48,91.43,284,2024-09-19
9716,3059,205.52,8.8,26,2024-09-25
9717,5184,81.11,82.81,333,2024-11-28
9718,3319,365.26,17.9,415,2024-10-26
9719,8570,428.4,25.16,479,2025-04-01
9720,701,449.31,92.74,386,2025-01-26
9721,3079,379.71,87.42,225,2024-08-21
9722,9371,255.3,31.68,176,2024-11-27
9723,9760,26.21,46.69,162,2024-11-07
9724,7025,45.24,41.76,84,2024-10-15
9725,8067,210.16,10.56,449,2025-02-24
9726,5211,38.13,35.93,8,2024-12-31
9727,4411,262.8,31.55,62,2024-10-24
9728,1581,255.01,54.91,275,2024-09-13
9729,7567,126.56,94.45,320,2025-03-03
9730,9869,233.46,53.23,185,2025-02-21
9731,2518,172.19,12.77,335,2024-10-02
9732,9032,373.63,49.04,483,2025-04-25
9733,7847,17.07,78.74,430,2024-12-30
9734,5686,348.57,41.56,148,2024-09-16
9735,4034,154.59,99.46,397,2024-06-15
9736,4691,69.03,52.68,236,2024-06-04
9737,9709,392.6,56.15,286,2024-10-02
9738,3838,144.04,38.85,385,2025-03-30
9739,135,137.32,21.25,6,2025-01-06
9740,2612,280.92,42.88,57,2024-10-21
9741,552,374.22,61.83,479,2024-07-10
9742,9979,340.99,15.86,435,2025-01-12
9743,6078,85.42,68.14,248,2024-07-19
9744,6721,376.1,90.15,215,2024-05-18
9745,5577,451.8,3.72,233,2024-07-08
9746,2675,259.62,77.29,35,2024-07-30
9747,9724,129.21,17.76,307,2025-01-24
9748,1604,15.62,75.79,318,2024-09-28
9749,2255,462.65,78.97,403,2025-01-04
9750,9525,88.47,35.98,14,2024-05-11
9751,602,225.6,70.96,321,2024-08-01
9752,9769,175.03,20.49,276,2024-09-15
9753,717,47.37,91.81,138,2024-05-22
9754,9869,48.37,16.97,57,2024-09-05
9755,9528,191.84,92.34,367,2025-04-28
9756,4936,177.91,82.51,215,2024-08-11
9757,7307,466.55,96.86,460,2024-12-05
9758,8550,80.76,16.33,144,2024-11-03
9759,4280,199.0,19.62,118,2024-05-30
9760,523,207.64,0.48,181,2025-03-10
9761,1737,64.07,44.69,418,2025-04-09
9762,5390,59.92,55.64,212,2024-08-16
9763,5336,150.85,1.22,192,2024-10-13
9764,8630,438.9,66.71,265,2024-12-05
9765,9232,32.19,18.54,66,2024-07-29
9766,339,131.54,87.37,141,2024-11-25
9767,3863,232.31,20.62,459,2025-04-25
9768,910,428.79,14.58,343,2024-08-05
9769,8096,415.24,73.21,211,2024-08-26
9770,8105,252.05,34.28,490,2025-04-03
9771,9607,238.53,92.9,28,2024-05-10
9772,8984,160.95,57.85,199,2024-12-06
9773,6672,227.57,73.78,339,2024-05-28
9774,6561,89.62,37.7,15,2024-12-06
9775,4292,359.99,15.44,471,2024-05-15
9776,7898,42.24,55.3,305,2025-03-01
9777,2647,247.1,76.1,400,2024-07-28
9778,9896,343.02,23.11,14,2024-06-22
9779,8313,292.11,54.96,169,2025-03-07
9780,3505,83.13,28.59,114,2024-09-27
9781,4401,422.78,63.29,375,2024-06-02
9782,8457,76.34,84.26,173,2024-08-11
9783,6733,276.14,26.23,192,2024-08-03
9784,8533,203.95,61.71,128,2025-01-25
9785,9882,122.13,83.64,55,2024-06-25
9786,6580,113.51,56.88,343,2024-07-11
9787,3022,291.61,69.83,253,2025-01-09
9788,2323,312.3,82.13,102,2024-07-24
9789,9524,134.37,88.75,194,2024-12-22
9790,7679,37.71,23.73,305,2024-07-11
9791,9086,333.44,35.49,345,2025-02-27
9792,7478,101.53,75.67,417,2024-12-05
9793,9028,270.06,53.32,32,2024-05-06
9794,3411,285.82,38.33,274,2024-08-15
9795,9119,233.78,62.27,420,2025-02-26
9796,2778,437.52,2.12,464,2025-03-10
9797,8829,264.33,68.06,114,2024-11-14
9798,8884,55.83,60.64,410,2025-02-19
9799,6361,481.57,44.2,37,2024-09-19
9800,141,333.13,68.95,425,2024-05-18
9801,3627,400.07,7.55,372,2025-02-19
9802,78,288.12,27.6,90,2024-10-26
9803,352,103.85,94.15,432,2025-02-06
9804,248,164.54,16.16,213,2024-10-02
9805,9694,81.82,1.35,230,2024-08-11
9806,1331,282.65,47.94,315,2024-08-31
9807,7054,15.82,75.07,162,2024-11-10
9808,6228,137.08,50.5,63,2025-03-03
9809,4653,32.26,45.99,266,2024-12-26
9810,3237,330.19,82.07,479,2024-12-29
9811,1198,266.66,64.53,248,2025-01-02
9812,594,472.69,9.19,326,2024-05-20
9813,3008,155.02,23.95,457,2024-07-10
9814,1743,137.87,51.9,344,2024-07-02
9815,1977,453.51,74.18,397,2024-08-06
9816,5818,429.0,28.23,487,2025-03-27
9817,4500,165.66,91.67,340,2024-10-08
9818,5530,243.79,57.12,229,2024-12-17
9819,2634,295.71,70.82,284,2025-02-14
9820,7142,491.16,88.78,433,2024-11-03
9821,4660,273.45,17.66,73,2025-02-24
9822,3932,361.89,96.34,256,2024-11-16
9823,8447,188.65,80.34,65,2025-03-30
9824,69,309.55,69.6,37,2024-05-19
9825,3172,148.68,93.39,50,2025-03-24
9826,8758,340.99,16.06,33,2025-01-22
9827,5866,37.7,86.31,18,2025-01-21
9828,3241,342.33,71.83,498,2024-06-02
9829,2302,326.73,58.46,20,2025-02-11
9830,4894,149.02,92.64,143,2024-08-24
9831,4833,254.09,25.34,473,2024-07-09
9832,1184,118.46,86.45,298,2025-01-12
9833,3356,87.87,36.65,436,2025-04-06
9834,5083,293.23,60.71,229,2024-05-01
9835,7654,15.64,9.42,466,2024-12-26
9836,2166,406.34,48.0,448,2024-10-21
9837,4086,254.61,80.55,382,2024-12-18
9838,2940,300.57,91.05,446,2024-11-06
9839,767,174.97,30.43,271,2025-04-16
9840,4562,34.28,73.25,12,2024-10-05
9841,917,383.95,79.61,478,2024-12-31
9842,4801,21.59,7.44,390,2025-02-06
9843,8284,449.36,61.35,94,2025-04-11
9844,6963,21.61,25.64,403,2024-05-13
9845,7420,107.66,32.69,58,2024-11-04
9846,7681,31.87,22.5,195,2024-09-22
9847,578,373.17,85.45,192,2024-09-04
9848,4476,107.17,95.63,393,2024-11-12
9849,9676,249.21,40.33,337,2025-03-26
9850,2876,390.52,86.78,397,2024-06-26
9851,344,436.07,25.54,210,2024-05-01
9852,7016,469.06,62.77,265,2025-02-23
9853,5929,250.37,96.43,47,2025-04-04
9854,2861,400.71,13.72,249,2024-10-30
9855,1704,210.92,17.39,461,2025-04-20
9856,7169,477.48,11.27,67,2024-12-29
9857,5489,419.59,99.83,257,2024-07-09
9858,1034,144.87,66.39,436,2025-01-17
9859,7684,134.16,52.7,178,2024-12-24
9860,1543,63.4,71.86,486,2025-03-28
9861,6250,185.08,32.47,472,2025-03-04
9862,5050,132.86,53.24,127,2025-02-14
9863,414,187.15,39.65,189,2024-05-08
9864,2640,405.86,78.96,32,2024-11-13
9865,4844,251.15,94.29,33,2024-10-18
9866,9003,335.04,23.2,350,2024-09-24
9867,2102,160.41,24.38,343,2025-04-22
9868,3745,237.92,42.14,411,2024-10-18
9869,7070,79.49,51.96,421,2024-11-01
9870,9994,485.81,5.5,477,2024-08-07
9871,238,437.09,18.04,255,2024-07-06
9872,2387,408.64,76.98,440,2024-12-31
9873,6261,372.43,96.6,239,2025-01-29
9874,2567,329.22,42.52,34,2024-09-26
9875,7726,393.37,82.15,408,2024-11-27
9876,4883,454.28,41.86,255,2024-11-13
9877,4391,237.19,58.65,334,2024-09-19
9878,7870,87.28,32.54,321,2024-10-24
9879,807,111.84,21.14,28,2024-11-20
9880,7197,233.81,83.32,101,2024-11-05
9881,4796,235.03,18.56,422,2025-04-07
9882,6852,372.37,55.22,195,2024-12-08
9883,9260,476.7,35.08,182,2024-08-28
9884,9786,409.25,34.65,256,2025-01-19
9885,5455,367.79,47.22,286,2024-07-04
9886,2660,42.72,56.55,314,2025-03-01
9887,5294,349.56,18.4,398,2025-02-26
9888,3225,291.93,46.74,140,2024-12-22
9889,1400,143.52,6.47,96,2025-02-12
9890,5232,100.68,10.83,215,2025-04-10
9891,8433,129.39,23.05,288,2024-08-10
9892,470,450.23,70.36,14,2024-05-21
9893,6587,332.3,48.18,170,2024-12-23
9894,7789,151.62,40.25,112,2024-06-03
9895,7313,21.64,93.55,220,2024-06-07
9896,5213,246.12,45.23,69,2024-06-02
9897,654,60.62,23.21,76,2024-12-25
9898,1863,33.62,34.55,210,2024-10-30
9899,9730,322.55,27.3,500,2024-09-09
9900,5616,68.9,58.24,197,2024-08-23
9901,5396,397.01,66.68,371,2024-05-23
9902,7556,317.79,5.64,410,2024-09-27
9903,1283,300.38,38.1,215,2025-04-18
9904,5145,322.76,89.63,238,2025-02-16
9905,3640,241.53,0.11,428,2024-09-15
9906,472,436.92,2.39,356,2024-12-01
9907,236,12.46,39.19,173,2024-07-13
9908,4583,286.33,35.51,158,2024-12-07
9909,9831,138.5,59.95,182,2024-05-09
9910,9657,193.24,93.9,58,2024-08-18
9911,6787,417.71,10.32,454,2024-08-27
9912,3393,24.67,39.37,377,2024-06-07
9913,3345,373.26,7.13,1,2024-07-27
9914,8675,84.15,79.55,411,2025-04-04
9915,9582,48.31,29.86,290,2024-12-21
9916,8339,203.91,58.2,498,2024-10-03
9917,7878,410.47,82.77,120,2024-11-17
9918,5698,137.22,95.03,54,2024-05-21
9919,3173,303.42,95.2,44,2024-08-21
9920,3534,12.48,19.97,215,2024-09-21
9921,4728,159.96,76.34,333,2024-12-15
9922,8830,190.09,69.1,470,2024-05-25
9923,3985,442.72,90.21,369,2025-02-18
9924,3602,119.37,53.53,415,2024-08-26
9925,6628,153.17,52.2,374,2025-02-11
9926,265,18.54,28.99,365,2025-01-29
9927,3216,325.12,21.83,41,2024-10-21
9928,692,139.49,70.85,150,2025-02-25
9929,8058,88.64,77.82,348,2024-11-03
9930,6147,142.9,46.12,262,2024-10-13
9931,9924,457.81,60.33,434,2024-07-25
9932,7561,109.87,30.9,153,2024-07-15
9933,6271,138.06,52.76,95,2024-06-08
9934,7058,473.02,76.27,317,2024-06-07
9935,4130,446.93,16.6,240,2025-04-17
9936,3343,450.86,57.45,33,2025-03-22
9937,9390,377.09,9.47,70,2024-09-02
9938,2425,390.19,76.83,150,2024-05-10
9939,9078,56.25,7.25,220,2024-06-02
9940,1811,284.82,49.4,426,2024-09-30
9941,2147,351.56,35.35,360,2024-06-03
9942,5109,66.23,38.99,494,2024-09-28
9943,1812,300.61,92.74,177,2024-07-05
9944,4480,275.04,52.53,477,2024-09-13
9945,8778,387.68,35.25,464,2024-11-28
9946,8520,193.76,88.74,186,2024-10-26
9947,5504,2.1,99.39,340,2024-06-05
9948,4542,393.06,54.69,12,2024-05-14
9949,8679,83.19,68.35,170,2025-03-28
9950,2533,276.27,47.17,280,2024-08-21
9951,6990,333.2,68.84,225,2024-12-26
9952,7922,88.29,65.54,419,2025-03-25
9953,5785,346.8,32.7,9,2024-09-21
9954,3335,425.91,56.84,53,2025-01-15
9955,6416,288.92,95.9,188,2025-02-11
9956,9654,50.89,42.26,24,2024-09-17
9957,5117,59.81,35.1,197,2025-04-08
9958,5804,322.59,67.16,477,2024-06-18
9959,5047,151.61,68.37,60,2024-05-07
9960,3692,157.36,13.56,19,2024-07-06
9961,7170,163.96,38.63,318,2024-12-26
9962,8748,328.91,80.59,314,2024-06-30
9963,9957,49.6,68.72,123,2024-10-21
9964,1515,272.13,23.11,152,2024-07-30
9965,884,23.24,57.78,493,2025-01-03
9966,7740,392.33,40.9,454,2024-05-04
9967,9488,366.61,44.1,211,2024-11-28
9968,9662,219.08,80.55,472,2024-09-17
9969,3734,89.7,77.34,239,2024-09-20
9970,5756,125.9,73.38,90,2024-09-14
9971,276,176.05,16.52,57,2024-09-20
9972,4362,123.59,16.06,342,2025-04-09
9973,5243,192.55,99.26,355,2024-11-12
9974,3272,99.16,15.48,401,2025-01-28
9975,2256,202.03,83.24,279,2025-03-26
9976,2586,478.64,18.36,187,2024-06-28
9977,1639,258.06,99.51,22,2024-06-26
9978,6728,446.51,19.2,123,2024-08-14
9979,7977,436.09,59.46,360,2025-01-09
9980,4973,423.57,23.75,272,2025-04-01
9981,7923,335.25,15.24,1,2024-11-20
9982,5003,415.73,55.58,191,2025-03-28
9983,4929,393.1,96.01,474,2025-03-14
9984,4108,266.65,83.08,472,2024-05-01
9985,3082,304.56,69.67,245,2024-09-14
9986,8741,16.74,3.43,311,2024-08-11
9987,4324,412.17,42.16,408,2024-10-23
9988,2828,113.4,54.57,178,2024-07-13
9989,2676,222.32,78.44,21,2025-03-21
9990,9113,158.3,9.59,494,2024-08-27
9991,8832,293.73,47.22,478,2024-08-18
9992,195,308.82,2.36,241,2025-01-10
9993,4255,80.25,58.69,111,2024-06-19
9994,6923,287.6,5.38,221,2024-11-13
9995,7412,480.84,25.63,103,2024-06-05
9996,3498,163.89,33.79,481,2025-02-18
9997,9415,125.91,43.79,145,2025-01-08
9998,4120,463.91,25.33,65,2024-06-19
9999,5144,199.78,48.65,337,2025-03-05
10000,358,199.92,4.69,365,2024-08-27
10001,4598,406.61,76.49,124,2024-08-12
10002,6548,23.17,84.99,108,2025-02-05
10003,9862,78.88,9.99,330,2024-05-09
10004,4445,32.87,64.71,482,2024-07-07
10005,3369,58.11,2.96,371,2024-09-06
10006,6473,417.27,18.58,340,2024-09-15
10007,6425,92.12,75.47,354,2024-06-16
10008,2865,426.47,82.07,308,2025-04-07
10009,792,66.8,25.23,260,2025-01-01
10010,7782,483.07,65.2,407,2024-10-13
10011,4009,92.61,64.32,444,2024-06-20
10012,7632,306.45,24.04,221,2024-10-05
10013,3904,167.28,54.03,475,2024-06-07
10014,7875,204.7,93.86,410,2024-09-25
10015,8458,268.8,39.58,161,2024-12-08
10016,9629,473.35,90.35,37,2024-11-06
10017,3593,207.48,55.92,29,2024-10-24
10018,2582,35.26,46.49,252,2025-04-24
10019,4462,389.81,89.81,488,2024-06-18
10020,9617,168.49,24.5,494,2024-07-17
10021,205,414.93,20.3,202,2024-10-20
10022,9953,48.89,39.07,7,2024-09-27
10023,6881,207.51,41.46,224,2024-06-10
10024,7083,32.07,39.82,421,2024-10-10
10025,2193,174.65,73.13,297,2024-12-13
10026,9965,330.33,26.41,135,2025-01-31
10027,8434,371.3,74.03,274,2025-04-13
10028,2228,185.41,11.91,130,2025-01-28
10029,7170,430.87,43.13,72,2025-02-15
10030,489,140.34,21.38,365,2024-11-28
10031,6576,450.35,30.05,464,2025-04-03
10032,1738,288.76,11.69,341,2024-11-02
10033,231,100.94,37.28,135,2024-08-27
10034,3585,62.07,90.14,331,2025-01-27
10035,7328,492.28,80.75,171,2024-09-18
10036,7028,437.52,22.55,318,2024-06-27
10037,6979,394.95,50.33,227,2025-03-17
10038,3985,212.37,97.89,444,2025-03-04
10039,9445,76.62,96.55,189,2024-09-04
10040,9307,46.25,7.26,462,2024-05-09
10041,6024,378.39,69.54,5,2025-02-06
10042,7768,154.58,80.85,181,2025-04-25
10043,1277,143.48,94.13,309,2024-12-20
10044,642,464.97,83.95,422,2024-09-12
10045,4572,105.52,13.38,14,2025-04-26
10046,3500,486.63,75.59,180,2025-04-21
10047,1682,16.65,62.24,159,2024-06-14
10048,5688,262.24,73.9,205,2024-06-17
10049,5069,118.08,34.2,130,2024-07-04
10050,7948,47.4,78.62,424,2024-06-09
10051,8352,341.35,95.45,314,2024-11-16
10052,5914,134.52,43.75,452,2025-04-29
10053,6631,416.17,77.19,460,2025-01-21
10054,563,172.41,39.59,323,2024-11-24
10055,2965,474.86,25.63,312,2024-06-03
10056,5378,49.49,40.45,467,2024-05-24
10057,6220,267.14,94.13,145,2024-10-05
10058,3854,347.02,92.67,212,2025-04-05
10059,1164,477.75,19.81,375,2025-01-11
10060,5229,134.27,77.88,495,2024-08-15
10061,602,428.49,76.19,207,2025-01-06
10062,3416,427.16,5.02,441,2025-01-28
10063,6689,168.88,29.17,114,2024-11-19
10064,6248,344.73,98.81,390,2024-11-25
10065,683,384.97,33.25,313,2024-06-05
10066,3369,445.29,76.92,76,2024-06-05
10067,3515,259.22,29.47,219,2024-11-17
10068,6422,400.38,58.7,103,2025-03-30
10069,8486,362.56,41.33,463,2024-08-10
10070,8942,492.18,47.62,184,2024-06-21
10071,6616,312.95,5.65,432,2025-01-30
10072,4271,46.73,81.86,490,2024-12-24
10073,7412,451.67,32.62,5,2024-12-10
10074,5368,0.05,97.32,6,2025-03-26
10075,5747,300.68,26.97,386,2024-09-08
10076,6315,392.5,71.99,445,2024-09-12
10077,4400,182.46,72.87,8,2025-04-03
10078,958,256.25,50.36,62,2024-11-15
10079,855,204.05,16.83,424,2024-07-05
10080,8052,372.52,19.11,352,2024-11-19
10081,51,196.28,61.77,191,2025-02-12
10082,4052,58.22,41.0,143,2024-10-14
10083,6170,363.94,36.54,149,2025-02-07
10084,8586,188.9,27.45,348,2024-06-24
10085,4630,4.18,69.58,253,2024-06-12
10086,9529,448.07,88.63,356,2025-03-04
10087,850,424.59,60.51,405,2024-08-21
10088,4801,310.75,18.92,177,2025-02-26
10089,589,208.45,57.48,351,2025-02-17
10090,2459,104.32,14.95,51,2024-08-15
10091,6518,377.88,20.14,31,2024-07-31
10092,2446,189.11,87.42,483,2024-07-30
10093,5292,347.13,30.66,59,2024-08-14
10094,9084,377.17,35.34,297,2024-06-27
10095,4341,21.15,17.83,54,2024-11-05
10096,2470,320.0,9.1,336,2024-07-22
10097,261,327.9,51.5,467,2025-03-01
10098,8824,403.96,50.15,296,2024-05-06
10099,6338,104.82,2.24,400,2025-02-17
10100,5562,340.48,52.65,57,2024-10-18
10101,8906,7.63,74.0,114,2024-11-01
10102,2666,474.71,53.01,147,2024-10-20
10103,5370,70.26,81.68,486,2024-12-10
10104,3278,310.42,96.07,173,2024-10-15
10105,7379,262.02,33.61,261,2025-04-15
10106,6553,205.92,62.57,478,2025-03-21
10107,4636,362.5,72.12,402,2024-09-21
10108,1929,333.74,61.98,75,2024-09-03
10109,5812,376.59,18.24,41,2025-04-18
10110,397,427.63,48.87,344,2025-01-15
10111,9377,104.39,12.18,128,2024-09-11
10112,9848,237.38,64.66,313,2025-01-21
10113,8242,133.97,28.09,80,2024-12-24
10114,9052,19.13,31.01,376,2024-05-20
10115,6579,488.57,92.34,301,2024-05-01
10116,1226,265.56,37.62,441,2024-10-16
10117,9207,120.52,37.41,23,2025-03-24
10118,3600,92.28,47.74,173,2025-01-14
10119,8959,402.76,35.37,431,2025-02-16
10120,3251,401.32,27.35,326,2024-05-18
10121,8908,483.28,24.99,277,2024-06-09
10122,3049,487.59,88.77,155,2024-06-17
10123,2736,113.65,44.1,9,2024-09-18
10124,9190,495.63,54.65,92,2024-09-12
10125,5798,412.21,12.47,422,2025-03-21
10126,9406,328.48,69.99,394,2024-11-30
10127,4883,297.49,25.95,435,2025-01-11
10128,8255,41.86,79.24,378,2024-12-15
10129,8319,235.62,86.9,230,2024-09-06
10130,3757,380.54,23.8,433,2025-02-24
10131,5119,130.47,16.61,74,2024-05-31
10132,6389,420.63,22.91,410,2024-11-28
10133,1126,489.41,43.34,438,2025-02-02
10134,9574,154.48,78.48,473,2024-05-24
10135,3560,125.38,15.72,60,2024-06-09
10136,4067,116.25,65.5,177,2024-06-06
10137,4318,303.19,23.78,387,2024-11-22
10138,7680,23.59,29.52,65,2024-10-23
10139,7027,163.91,75.25,84,2025-02-09
10140,6535,372.81,77.46,123,2024-07-29
10141,3001,352.27,79.47,45,2024-09-03
10142,8826,158.61,3.47,414,2024-10-21
10143,6349,116.49,90.47,394,2025-02-22
10144,2413,468.91,76.46,418,2025-01-19
10145,8489,79.92,95.27,407,2025-03-11
10146,569,385.08,21.82,466,2025-02-10
10147,525,300.07,8.83,283,2025-02-08
10148,1688,449.58,8.2,499,2024-12-02
10149,1974,208.47,82.01,386,2024-10-17
10150,9990,429.2,82.73,74,2025-04-29
10151,2069,298.05,79.96,314,2025-04-06
10152,8899,418.13,37.3,72,2024-11-04
10153,44,435.53,62.32,354,2024-09-11
10154,3459,169.07,68.01,49,2024-07-30
10155,8184,204.52,27.92,126,2025-04-07
10156,9995,203.0,12.71,461,2024-05-03
10157,492,277.0,48.94,338,2025-03-16
10158,4607,471.68,45.98,212,2025-01-16
10159,9583,422.99,81.39,91,2024-10-07
10160,2587,365.35,2.32,77,2024-11-28
10161,1146,340.16,18.99,289,2025-03-31
10162,2064,67.21,1.32,101,2025-01-01
10163,5799,269.68,22.87,493,2024-05-12
10164,1681,427.47,59.02,90,2025-03-21
10165,8607,295.13,42.91,278,2024-05-01
10166,7464,209.37,85.22,404,2024-11-22
10167,9505,398.21,71.36,205,2025-04-24
10168,1924,207.11,92.7,335,2024-07-17
10169,1689,242.66,89.37,39,2024-05-03
10170,1978,181.34,78.39,488,2024-07-03
10171,5304,239.27,52.04,486,2024-09-18
10172,2815,391.51,41.08,181,2024-07-29
10173,1155,99.03,39.57,71,2024-12-02
10174,2598,75.29,39.69,465,2024-06-20
10175,2982,434.74,40.33,288,2025-01-11
10176,727,240.99,4.15,36,2024-08-19
10177,2117,15.82,50.15,498,2024-10-15
10178,5877,155.97,96.36,486,2024-06-19
10179,7174,54.68,0.25,420,2024-05-27
10180,4860,211.03,91.78,344,2024-05-16
10181,5467,133.8,12.49,200,2025-04-28
10182,1506,303.33,11.98,284,2025-01-24
10183,9345,156.41,8.74,27,2025-03-18
10184,8272,168.64,16.48,154,2024-10-03
10185,3403,258.38,57.74,336,2024-11-10
10186,7148,271.65,61.43,334,2024-08-21
10187,6048,270.37,29.58,46,2024-11-22
10188,9411,331.03,55.48,107,2024-11-21
10189,2686,75.32,4.98,181,2024-11-27
10190,5455,113.85,22.71,141,2024-05-09
10191,6081,495.61,35.74,127,2024-10-27
10192,9034,217.12,35.21,337,2024-07-06
10193,8515,356.74,77.79,178,2024-06-04
10194,1027,16.72,38.12,28,2024-07-14
10195,727,486.03,8.15,345,2025-01-06
10196,5661,447.83,3.7,495,2025-01-14
10197,9401,104.1,55.05,171,2024-09-12
10198,9896,248.59,67.95,391,2025-01-22
10199,1014,456.05,43.79,125,2025-03-11
10200,1332,181.22,19.16,233,2025-01-30
10201,2908,63.14,42.39,470,2024-12-30
10202,4508,247.59,13.03,50,2024-12-12
10203,4314,208.33,7.19,98,2024-12-25
10204,5486,462.14,8.03,416,2024-11-05
10205,3783,130.18,99.47,209,2024-12-09
10206,4562,15.91,38.73,340,2025-02-18
10207,7026,449.15,19.3,144,2025-03-05
10208,9262,480.61,84.29,411,2025-04-13
10209,4072,491.7,28.11,325,2024-07-20
10210,1782,438.04,18.2,473,2024-09-02
10211,9361,206.3,51.78,448,2024-10-31
10212,5064,340.46,57.95,412,2025-01-12
10213,752,256.35,76.88,108,2025-03-29
10214,8405,404.14,87.24,362,2025-01-08
10215,2298,92.77,57.14,484,2024-12-25
10216,7599,125.9,72.11,339,2024-08-10
10217,2941,438.11,74.0,131,2024-07-24
10218,1774,457.34,88.92,496,2024-07-02
10219,1907,28.59,28.54,353,2024-07-20
10220,174,468.83,35.83,155,2024-07-09
10221,1615,236.46,46.24,242,2025-02-26
10222,6736,389.37,99.18,483,2024-07-07
10223,6633,256.62,62.19,160,2025-04-12
10224,3756,18.82,94.19,9,2025-02-10
10225,8522,388.54,33.01,252,2024-10-29
10226,6864,90.76,46.12,109,2024-08-19
10227,1429,229.8,72.32,94,2024-08-03
10228,2827,92.7,2.99,98,2024-09-12
10229,8612,360.56,43.21,31,2025-03-21
10230,2945,435.05,19.68,171,2024-12-02
10231,3705,210.31,62.48,42,2025-04-28
10232,5474,150.67,40.04,495,2024-10-21
10233,4836,59.19,27.22,378,2024-11-06
10234,9393,309.38,30.39,406,2025-04-25
10235,5999,323.76,27.68,377,2025-02-16
10236,2720,465.45,15.71,163,2025-03-09
10237,2676,237.89,33.54,447,2024-10-05
10238,5219,6.53,45.81,142,2025-01-30
10239,7702,208.37,48.42,133,2024-08-27
10240,8899,176.88,4.58,332,2024-05-31
10241,8910,414.48,95.76,432,2025-01-27
10242,7979,205.67,82.24,346,2024-05-17
10243,6173,420.12,86.49,3,2024-07-06
10244,6781,142.2,28.81,160,2024-05-02
10245,6434,341.96,56.0,384,2025-04-08
10246,6851,166.12,95.14,215,2025-02-23
10247,6906,33.43,20.01,418,2024-12-27
10248,7225,229.38,25.49,309,2024-11-09
10249,2329,34.45,85.58,478,2024-08-21
10250,1642,262.7,12.74,215,2024-06-06
10251,9514,209.46,23.62,61,2024-12-15
10252,1920,167.49,26.43,484,2025-03-28
10253,9850,383.65,0.39,264,2025-03-28
10254,2281,42.31,84.22,96,2024-07-17
10255,936,193.86,80.01,179,2024-06-19
10256,934,276.01,40.14,95,2024-06-03
10257,788,483.07,51.1,492,2024-07-23
10258,2387,19.31,2.38,288,2024-11-14
10259,4163,424.5,40.49,264,2024-10-16
10260,9708,317.02,51.87,179,2025-03-20
10261,2432,187.45,15.03,294,2025-03-14
10262,8898,277.91,81.06,205,2025-02-01
10263,7333,205.87,0.41,0,2024-11-15
10264,5238,323.44,80.99,192,2025-04-14
10265,7857,226.09,56.61,363,2024-06-12
10266,4108,211.76,94.2,27,2024-05-24
10267,6118,300.87,83.75,109,2024-07-01
10268,9609,231.96,18.26,38,2025-03-19
10269,9213,148.83,52.21,260,2024-09-06
10270,503,443.03,41.58,425,2024-08-16
10271,7943,196.68,95.2,252,2025-03-10
10272,9433,407.37,90.35,401,2024-10-06
10273,6616,383.41,33.63,0,2024-11-30
10274,2572,429.79,29.78,368,2024-09-20
10275,1631,433.26,32.36,135,2024-07-28
10276,9129,293.82,92.43,194,2024-09-15
10277,9566,419.32,72.91,166,2025-04-10
10278,655,133.1,41.75,431,2025-04-05
10279,4852,185.27,45.68,49,2024-11-25
10280,5982,454.18,72.99,40,2024-11-16
10281,3019,32.73,99.15,301,2025-04-27
10282,9634,260.16,0.42,103,2024-12-18
10283,157,364.4,64.4,408,2024-05-03
10284,8823,209.71,9.72,4,2024-06-30
10285,6642,373.01,85.01,31,2025-03-13
10286,5400,194.43,35.26,68,2024-11-14
10287,2101,395.37,57.65,441,2024-04-30
10288,5900,394.97,59.29,126,2024-06-22
10289,7258,315.26,15.82,48,2024-12-13
10290,5648,119.19,86.62,301,2025-04-21
10291,6129,50.65,13.7,197,2025-02-09
10292,219,143.02,38.72,415,2025-03-08
10293,1490,371.42,30.87,79,2024-05-13
10294,7506,267.87,9.68,456,2024-09-21
10295,5242,138.83,2.9,190,2024-05-04
10296,3433,205.95,2.71,192,2024-11-05
10297,8429,192.18,45.86,445,2024-07-03
10298,421,439.04,64.47,261,2024-11-03
10299,195,319.46,3.43,291,2024-12-14
10300,171,13.46,54.79,347,2024-05-25
10301,7088,325.27,36.02,411,2024-10-30
10302,5739,133.54,2.9,463,2025-02-03
10303,6768,401.95,99.64,441,2025-04-08
10304,4794,363.69,23.49,129,2024-09-11
10305,3976,445.86,43.31,153,2024-06-25
10306,2875,242.76,50.33,18,2024-08-11
10307,4961,443.93,26.73,336,2024-12-30
10308,672,183.35,80.07,396,2025-04-18
10309,6384,101.27,60.24,67,2025-01-21
10310,2619,417.32,2.69,41,2024-09-27
10311,3900,252.86,57.68,1,2024-08-14
10312,3834,74.78,70.47,146,2025-01-22
10313,5384,232.99,0.71,91,2024-11-23
10314,8900,380.41,63.46,196,2025-03-31
10315,5761,173.02,43.38,226,2024-11-28
10316,6200,329.91,89.47,209,2024-06-24
10317,7435,40.46,27.55,375,2024-06-13
10318,7802,444.47,2.68,21,2025-04-20
10319,2695,185.12,54.4,446,2024-09-12
10320,7879,389.23,66.71,324,2024-06-23
10321,5037,133.77,49.38,31,2024-09-14
10322,2381,366.43,7.11,185,2024-11-17
10323,9947,29.61,38.18,149,2024-07-24
10324,627,232.34,96.36,12,2024-11-15
10325,6100,414.06,42.53,324,2024-06-01
10326,2956,269.01,54.55,483,2025-04-26
10327,6630,414.77,92.47,81,2024-09-10
10328,7885,233.46,59.1,165,2024-05-23
10329,9598,350.18,61.69,365,2024-10-21
10330,5824,476.25,30.47,80,2024-05-01
10331,7993,110.56,50.96,214,2025-01-08
10332,3911,379.47,11.37,231,2025-04-20
10333,405,283.89,11.61,253,2025-03-17
10334,4094,442.4,53.57,39,2024-11-24
10335,3105,127.51,4.86,158,2025-02-09
10336,5816,264.15,11.64,157,2025-01-24
10337,8758,396.84,19.1,497,2025-03-04
10338,3451,430.31,86.55,193,2024-11-30
10339,7475,448.94,6.06,187,2024-10-11
10340,3772,14.71,21.6,360,2025-02-17
10341,3460,350.4,67.6,203,2025-02-05
10342,741,362.32,90.4,13,2025-01-25
10343,6532,112.7,47.7,274,2025-02-16
10344,540,218.49,31.45,34,2024-05-22
10345,7264,105.31,37.36,149,2024-10-19
10346,1053,227.86,85.48,434,2024-09-12
10347,6441,244.65,21.72,190,2024-12-27
10348,2939,181.34,17.71,207,2024-06-26
10349,2437,179.35,49.44,188,2024-07-31
10350,7126,465.86,6.03,54,2025-02-14
10351,6302,43.74,79.51,299,2024-07-22
10352,1342,384.4,60.14,31,2024-11-17
10353,9048,459.44,18.6,30,2025-04-26
10354,7741,357.07,84.16,385,2024-09-25
10355,8957,379.67,99.32,110,2024-08-06
10356,7477,153.45,64.63,320,2025-04-23
10357,5038,215.95,38.59,134,2024-05-21
10358,6843,11.75,34.22,359,2024-05-22
10359,9934,359.99,17.69,337,2024-06-22
10360,4470,243.79,15.56,329,2025-04-19
10361,960,474.12,86.44,343,2025-01-27
10362,5057,277.08,0.38,278,2025-03-13
10363,3328,464.09,6.05,420,2024-06-11
10364,441,250.04,93.08,229,2025-01-04
10365,6888,272.7,75.23,333,2025-04-18
10366,3485,385.95,10.68,427,2024-12-18
10367,1484,291.75,92.87,195,2024-11-29
10368,3050,162.69,57.25,203,2025-02-08
10369,6059,270.56,86.77,92,2024-07-01
10370,5892,386.62,77.44,387,2024-07-30
10371,3096,447.51,63.85,185,2024-11-08
10372,9918,42.51,83.17,362,2024-08-29
10373,6104,224.12,6.65,264,2024-09-11
10374,3503,138.9,7.69,9,2025-04-24
10375,1979,345.45,80.04,372,2024-10-21
10376,86,469.55,59.27,221,2025-04-15
10377,315,284.24,47.69,219,2024-10-05
10378,3089,337.55,12.64,96,2024-11-16
10379,61,180.68,31.36,388,2024-09-24
10380,6045,1.23,14.9,291,2024-12-08
10381,6118,171.57,99.18,92,2024-07-28
10382,9662,121.73,20.21,408,2025-01-08
10383,968,426.34,86.54,218,2024-11-28
10384,6803,33.61,77.56,150,2025-03-11
10385,9546,495.56,79.88,471,2024-07-16
10386,5883,300.4,98.39,137,2024-07-07
10387,9510,401.9,6.93,129,2024-11-15
10388,1070,162.23,34.9,242,2025-04-27
10389,5578,87.78,91.73,19,2025-01-27
10390,9953,178.71,91.51,166,2025-01-13
10391,9991,321.74,89.18,165,2025-01-01
10392,4344,301.91,76.58,390,2024-08-02
10393,7061,297.53,33.48,181,2024-06-05
10394,9291,481.52,65.51,136,2024-12-30
10395,2426,379.08,65.78,63,2024-05-02
10396,7993,265.58,0.48,346,2024-05-04
10397,5574,489.12,51.37,492,2025-03-14
10398,5305,34.18,78.75,314,2024-05-23
10399,2247,19.3,51.42,12,2024-06-18
10400,5419,462.35,18.23,266,2024-12-26
10401,9390,49.66,52.96,190,2024-05-02
10402,7189,74.32,68.94,368,2025-01-20
10403,7824,331.99,86.86,425,2025-04-13
10404,7865,162.02,83.84,13,2024-09-05
10405,6093,426.91,2.43,398,2024-07-01
10406,9470,298.84,90.95,165,2024-10-11
10407,9090,153.86,53.0,257,2025-03-04
10408,7871,319.86,20.87,240,2024-09-02
10409,7545,114.32,99.65,482,2024-10-23
10410,622,33.5,63.96,418,2024-06-02
10411,4287,106.06,72.57,485,2024-08-16
10412,4962,225.42,86.92,75,2024-11-02
10413,1799,383.92,54.39,268,2024-09-30
10414,6105,55.69,55.64,349,2025-01-28
10415,9340,161.93,64.11,470,2024-10-14
10416,4610,73.39,58.22,93,2024-05-26
10417,9299,279.36,4.39,348,2024-06-10
10418,2361,348.39,98.62,455,2025-02-04
10419,9624,75.77,52.91,367,2024-07-21
10420,4459,49.97,88.94,219,2025-01-17
10421,2318,492.11,12.49,462,2025-03-04
10422,1477,297.61,5.95,86,2025-02-26
10423,4540,305.95,75.48,99,2024-09-27
10424,4587,490.34,41.15,325,2025-01-24
10425,6715,362.36,57.19,239,2024-09-12
10426,2465,444.78,2.3,96,2025-02-22
10427,700,64.34,92.48,309,2024-11-24
10428,4851,121.48,6.67,84,2024-11-09
10429,9049,339.69,80.97,41,2024-05-15
10430,9444,0.34,9.97,408,2025-01-24
10431,9403,411.25,75.89,200,2025-01-26
10432,7599,75.45,30.9,186,2024-08-31
10433,7758,296.0,75.05,144,2025-01-28
10434,8604,75.91,26.2,77,2024-06-18
10435,742,155.41,94.51,311,2025-01-19
10436,9610,137.27,55.64,448,2024-10-02
10437,4159,158.02,63.15,15,2025-04-27
10438,2164,409.87,17.11,112,2025-03-03
10439,3502,160.45,41.38,269,2024-12-01
10440,2805,222.43,60.44,410,2025-04-01
10441,1956,220.83,20.46,214,2025-01-29
10442,5039,154.14,47.68,4,2024-05-22
10443,2645,348.39,13.0,255,2024-07-27
10444,5944,21.14,1.09,110,2024-09-16
10445,511,42.46,92.16,397,2024-11-20
10446,2012,379.11,30.41,204,2025-01-31
10447,8679,349.51,80.1,244,2024-10-30
10448,4912,274.42,33.32,438,2025-01-17
10449,6301,289.77,96.08,209,2024-12-21
10450,3933,296.97,18.43,238,2024-08-09
10451,5147,197.96,15.72,34,2025-03-12
10452,7794,185.95,92.16,222,2025-03-18
10453,4267,233.52,52.33,114,2024-07-25
10454,7153,250.66,13.51,336,2024-11-20
10455,9236,430.53,32.95,451,2025-02-27
10456,9852,376.55,76.03,230,2025-03-01
10457,8127,350.51,26.88,21,2024-07-16
10458,6363,34.99,95.81,330,2024-07-27
10459,187,213.04,91.29,460,2024-05-04
10460,2225,77.64,15.85,490,2024-05-21
10461,339,486.01,41.17,106,2024-12-28
10462,3643,161.77,73.99,9,2025-02-04
10463,2499,102.02,11.45,239,2024-08-26
10464,1160,405.38,54.71,498,2024-05-14
10465,6639,8.84,53.54,387,2024-11-27
10466,6385,31.42,80.27,461,2024-10-31
10467,9314,99.67,89.67,381,2025-03-01
10468,5146,191.07,78.75,407,2025-02-14
10469,3715,59.52,15.27,126,2024-07-28
10470,386,84.65,85.23,212,2025-02-22
10471,4760,35.65,23.49,331,2024-09-24
10472,8810,458.22,24.06,199,2024-07-09
10473,5267,50.38,78.36,86,2024-05-28
10474,9629,287.23,96.79,215,2024-10-15
10475,584,10.55,45.21,124,2025-03-01
10476,7661,113.01,28.9,472,2025-02-26
10477,1335,6.92,9.49,54,2024-07-29
10478,7733,418.11,18.61,161,2024-05-17
10479,198,108.4,66.14,71,2025-03-09
10480,6768,486.57,15.28,59,2025-01-12
10481,437,154.41,9.42,201,2024-09-02
10482,7400,27.35,83.09,165,2024-08-26
10483,1549,224.85,98.7,207,2024-12-12
10484,2746,103.5,50.6,455,2024-11-15
10485,1146,441.87,19.57,469,2024-06-23
10486,9430,26.37,2.56,87,2024-11-07
10487,1707,222.51,39.21,470,2024-09-26
10488,6964,7.47,17.86,375,2025-01-16
10489,4449,239.38,9.94,488,2025-03-15
10490,9330,20.81,94.16,409,2024-07-04
10491,2267,106.94,31.01,231,2025-03-03
10492,9051,76.99,22.68,122,2025-02-03
10493,6354,219.66,3.54,215,2025-01-09
10494,6933,293.95,17.71,338,2024-05-20
10495,7122,357.32,70.18,120,2024-05-17
10496,9448,202.85,84.23,88,2024-08-19
10497,5115,261.74,92.87,469,2024-10-01
10498,8043,324.56,74.66,38,2024-06-28
10499,2086,234.41,24.81,281,2024-11-14
10500,3282,345.69,9.49,386,2024-09-10
10501,777,256.92,75.0,23,2024-12-02
10502,6749,280.47,97.02,182,2024-06-04
10503,2069,37.7,23.03,368,2024-10-26
10504,3472,86.4,61.7,444,2024-06-12
10505,6754,346.31,29.12,139,2024-05-07
10506,9362,193.35,89.77,123,2024-07-12
10507,6402,339.95,24.45,482,2024-11-22
10508,7904,479.63,87.11,338,2024-06-25
10509,7280,35.3,13.06,230,2025-01-25
10510,4704,431.15,60.56,485,2024-06-24
10511,1259,176.53,54.69,379,2025-04-29
10512,1975,488.12,33.88,172,2024-07-26
10513,1527,145.95,27.33,156,2024-10-04
10514,1966,316.48,77.16,92,2024-06-23
10515,4145,60.8,7.41,304,2025-02-08
10516,8482,394.4,17.24,84,2024-12-28
10517,2970,157.17,73.76,100,2024-05-01
10518,6150,282.5,7.7,395,2025-02-02
10519,7815,160.07,76.83,110,2024-10-17
10520,7831,80.62,12.17,412,2025-04-28
10521,7247,490.93,53.62,267,2024-06-15
10522,329,45.2,86.24,5,2025-04-12
10523,560,99.45,17.22,95,2024-08-06
10524,6572,447.79,87.15,451,2025-02-27
10525,8271,126.29,90.39,67,2025-04-27
10526,1817,441.7,20.0,495,2024-08-09
10527,3309,303.91,0.93,42,2025-01-12
10528,9467,209.1,63.84,162,2024-12-22
10529,6750,287.36,69.89,442,2025-04-13
10530,3000,439.13,47.54,416,2024-05-04
10531,5783,446.44,55.58,174,2024-12-22
10532,5835,38.17,97.48,396,2024-08-14
10533,9356,422.74,74.35,425,2024-12-12
10534,534,447.02,41.82,105,2025-03-19
10535,5766,78.93,7.5,28,2025-02-28
10536,6390,384.7,89.89,431,2024-12-19
10537,4564,410.59,87.58,457,2024-11-11
10538,4904,263.38,95.04,293,2025-03-07
10539,5980,300.74,91.25,33,2025-04-20
10540,4855,205.96,39.07,142,2025-03-14
10541,7652,271.3,12.99,485,2024-05-03
10542,8298,152.6,69.79,14,2024-08-22
10543,1662,55.76,55.73,380,2025-03-03
10544,6905,387.92,98.06,458,2024-12-18
10545,5380,474.39,42.99,229,2025-04-20
10546,4701,293.53,31.45,491,2024-12-29
10547,8630,426.03,90.57,401,2024-11-07
10548,437,162.12,9.47,187,2024-08-26
10549,6082,410.82,39.22,235,2024-08-27
10550,3359,377.32,26.95,396,2024-07-01
10551,2616,47.7,48.68,323,2024-09-26
10552,8332,331.42,30.0,81,2024-07-19
10553,7250,216.5,24.84,73,2024-12-19
10554,8208,256.22,52.86,192,2024-10-19
10555,132,379.19,1.14,423,2024-07-23
10556,1249,409.64,39.27,79,2024-07-02
10557,852,380.15,37.94,250,2025-03-06
10558,7148,278.67,31.48,67,2025-04-18
10559,2311,10.22,76.85,425,2024-09-28
10560,3230,484.53,2.52,479,2024-11-03
10561,7501,241.69,67.08,351,2024-07-27
10562,5153,212.59,35.41,263,2024-12-05
10563,5040,70.14,71.96,10,2024-11-12
10564,8371,442.5,84.4,79,2025-02-15
10565,4813,63.87,91.05,303,2024-05-05
10566,891,55.24,23.0,107,2024-11-24
10567,5297,474.89,78.98,364,2024-10-30
10568,8022,193.21,99.41,475,2024-09-06
10569,7854,466.9,67.17,423,2024-10-19
10570,6367,205.17,70.44,169,2024-05-01
10571,5990,257.4,90.73,470,2024-07-03
10572,6263,178.72,82.07,259,2025-01-13
10573,8457,427.82,41.47,500,2024-08-01
10574,7651,253.67,30.8,217,2024-11-29
10575,8350,207.33,56.75,477,2024-09-17
10576,1469,223.83,17.64,147,2025-03-12
10577,411,109.69,83.6,487,2025-04-25
10578,6014,129.75,77.63,447,2024-05-13
10579,7074,195.69,63.79,56,2024-07-09
10580,372,258.56,15.94,500,2025-02-09
10581,8970,298.35,1.85,238,2025-01-25
10582,3749,32.35,86.71,164,2024-12-11
10583,8939,474.67,44.95,140,2024-06-12
10584,9286,210.02,90.88,20,2024-05-08
10585,1827,227.08,42.41,20,2025-04-22
10586,1606,444.59,44.25,39,2025-04-09
10587,1862,461.25,78.69,11,2025-02-28
10588,7003,382.32,54.5,33,2025-01-25
10589,1740,114.97,43.44,213,2024-05-15
10590,7887,272.57,25.76,37,2024-09-07
10591,2491,142.34,52.26,107,2024-07-28
10592,9005,341.51,2.38,293,2025-02-10
10593,5249,305.7,83.26,52,2025-01-03
10594,3425,478.54,90.8,461,2024-12-17
10595,3392,27.09,89.76,209,2024-12-30
10596,5422,4.42,35.8,131,2024-10-16
10597,4311,356.74,15.03,405,2024-12-09
10598,6641,181.94,98.08,27,2024-05-21
10599,7716,276.2,90.69,180,2024-12-08
10600,2372,34.77,59.73,279,2025-01-19
10601,3259,317.65,74.7,420,2024-10-17
10602,6012,175.47,67.84,468,2024-07-23
10603,3429,60.43,9.43,390,2024-09-08
10604,1077,417.01,29.52,225,2024-05-12
10605,1773,164.91,20.13,118,2025-04-20
10606,9911,438.29,1.98,306,2024-07-15
10607,1011,480.5,1.14,23,2024-11-29
10608,6120,413.16,79.26,499,2024-06-21
10609,3838,284.04,83.66,21,2024-11-01
10610,1866,217.43,22.62,105,2024-07-10
10611,1146,202.16,32.66,285,2024-06-18
10612,3688,363.59,5.39,439,2024-10-05
10613,5368,158.76,55.42,19,2024-07-25
10614,9181,484.85,31.42,457,2024-10-07
10615,8815,333.79,92.47,164,2024-08-06
10616,4699,48.21,93.33,349,2025-02-05
10617,8151,173.09,52.79,117,2024-12-20
10618,1254,412.99,6.38,490,2024-12-24
10619,9716,334.7,16.12,306,2025-03-03
10620,3182,151.63,95.66,214,2024-08-13
10621,2175,495.67,8.34,31,2024-09-13
10622,2161,317.86,52.51,235,2024-05-12
10623,1386,476.02,40.43,227,2025-01-09
10624,7850,489.99,99.47,249,2024-08-05
10625,7519,246.24,59.44,167,2025-01-18
10626,1372,264.39,83.71,307,2024-07-07
10627,8152,440.57,71.56,324,2024-09-29
10628,1638,56.41,26.06,84,2024-07-23
10629,8210,328.83,85.52,253,2025-02-16
10630,8289,451.56,49.96,99,2024-12-21
10631,4708,335.9,74.01,14,2025-03-21
10632,8443,24.64,44.26,126,2024-09-16
10633,4051,333.6,87.85,347,2024-11-05
10634,1602,356.01,63.74,66,2025-02-09
10635,8579,6.46,17.88,87,2024-10-22
10636,568,128.32,0.49,112,2024-08-22
10637,5407,299.64,60.85,180,2024-07-24
10638,6140,159.72,34.45,43,2024-09-08
10639,1977,48.41,40.58,434,2025-03-11
10640,803,362.41,80.62,483,2024-11-02
10641,7943,75.8,29.47,275,2025-03-14
10642,2408,194.38,17.64,15,2025-01-03
10643,1035,308.57,80.48,28,2024-10-18
10644,7606,171.15,77.5,225,2024-05-14
10645,7425,6.47,3.82,329,2024-08-08
10646,4283,405.27,38.28,380,2024-08-20
10647,1743,143.76,77.58,292,2025-04-04
10648,3328,75.22,56.5,9,2025-04-29
10649,7759,58.22,19.21,143,2024-09-09
10650,8414,170.09,1.2,191,2025-04-11
10651,8566,368.68,90.38,374,2025-01-15
10652,9676,103.01,65.28,156,2024-06-08
10653,8981,298.55,21.27,423,2025-03-21
10654,9533,29.82,18.72,50,2025-04-29
10655,8859,463.92,55.39,169,2025-01-12
10656,2248,124.73,23.3,66,2025-01-29
10657,4742,172.41,15.94,280,2024-11-13
10658,8561,153.78,85.76,132,2024-09-06
10659,7272,96.32,99.91,110,2024-12-06
10660,8345,41.35,22.95,372,2024-09-25
10661,5553,0.15,25.91,274,2025-04-24
10662,5700,85.64,39.83,343,2024-05-29
10663,3532,149.12,51.29,454,2024-05-11
10664,6292,294.11,41.09,148,2024-12-27
10665,1026,341.65,20.54,76,2025-03-13
10666,9826,445.96,78.64,483,2025-04-05
10667,39,215.25,52.43,157,2025-02-14
10668,4919,196.73,7.69,212,2024-08-14
10669,278,233.33,19.59,268,2024-04-30
10670,8437,413.96,3.54,15,2024-11-27
10671,376,208.07,52.32,245,2024-05-01
10672,1177,72.56,55.12,219,2024-05-09
10673,2337,38.3,77.93,356,2024-05-20
10674,3238,449.13,1.94,171,2025-03-04
10675,2104,384.96,58.41,69,2024-09-28
10676,3598,53.93,78.06,163,2024-11-10
10677,5706,454.86,88.94,359,2024-09-12
10678,6088,486.68,73.94,497,2025-04-12
10679,6635,269.74,15.93,204,2024-08-11
10680,9627,35.48,41.65,72,2024-11-14
10681,2538,368.24,12.43,261,2025-04-27
10682,2859,367.92,28.6,395,2024-09-02
10683,618,446.97,60.41,450,2024-06-27
10684,6800,211.08,0.29,280,2024-12-25
10685,5230,458.2,97.69,126,2025-03-29
10686,5755,224.97,30.22,323,2024-05-17
10687,6871,376.84,92.35,112,2024-08-29
10688,1696,154.36,40.61,26,2024-05-03
10689,6492,165.6,50.71,78,2024-04-30
10690,5050,170.27,17.52,144,2024-09-08
10691,9595,455.94,11.26,92,2024-10-19
10692,5039,4.14,74.11,484,2024-10-01
10693,7463,426.07,70.45,128,2024-08-12
10694,5190,223.91,24.1,73,2024-08-12
10695,9211,343.38,17.87,27,2025-03-04
10696,2896,181.54,29.18,9,2025-01-15
10697,8821,316.25,82.08,398,2025-04-11
10698,3951,160.98,60.97,295,2024-12-23
10699,429,123.58,24.17,398,2025-02-22
10700,5389,457.18,27.76,195,2024-09-23
10701,4742,411.93,46.25,54,2024-08-05
10702,3124,190.26,30.17,349,2024-10-03
10703,7139,271.69,31.37,265,2025-03-20
10704,1552,278.61,94.59,86,2024-06-21
10705,2075,139.43,56.64,207,2024-11-26
10706,8264,51.67,5.69,487,2024-09-11
10707,3529,49.83,97.39,5,2024-10-12
10708,5499,91.21,61.1,70,2024-09-07
10709,6307,245.85,78.81,204,2024-09-07
10710,6396,23.38,62.36,359,2024-05-14
10711,2403,61.71,54.53,10,2024-06-23
10712,4647,63.61,17.48,224,2024-05-20
10713,3231,305.75,83.54,30,2024-07-27
10714,5088,285.06,76.9,234,2024-07-14
10715,9669,214.6,76.67,422,2024-07-10
10716,8195,43.27,64.6,403,2024-06-16
10717,8821,227.98,59.98,56,2025-03-22
10718,1293,338.28,14.91,125,2024-06-24
10719,6377,89.89,54.94,1,2024-11-07
10720,2141,466.98,85.66,334,2025-01-14
10721,2804,377.12,24.84,178,2025-01-19
10722,4998,120.83,15.95,409,2024-08-19
10723,7168,151.96,47.05,14,2024-11-23
10724,4697,25.07,23.97,349,2024-11-12
10725,9581,466.23,44.44,22,2024-06-01
10726,1935,115.95,92.65,15,2024-11-14
10727,414,101.4,70.16,156,2024-08-11
10728,1190,493.07,0.7,136,2025-03-02
10729,6546,434.3,87.97,265,2024-06-02
10730,5266,492.9,16.68,271,2025-04-28
10731,1833,281.59,56.06,284,2024-06-01
10732,7901,37.2,9.34,101,2024-11-13
10733,6293,402.09,20.67,65,2024-06-30
10734,200,249.39,14.44,371,2024-09-29
10735,3642,470.31,62.24,156,2025-04-14
10736,8334,470.34,87.37,3,2024-12-09
10737,8449,118.52,66.16,464,2024-07-01
10738,8890,224.01,81.45,451,2024-12-26
10739,2606,265.32,25.43,128,2024-05-08
10740,1958,308.84,33.93,67,2024-11-11
10741,3738,324.85,88.61,347,2025-01-01
10742,2618,46.95,63.98,406,2024-11-26
10743,2964,354.08,92.95,288,2024-12-15
10744,4810,335.63,46.71,260,2024-11-17
10745,8787,403.57,73.65,238,2024-06-11
10746,7348,133.31,71.17,219,2024-09-19
10747,5857,171.6,73.43,19,2025-02-13
10748,7705,363.27,25.49,20,2024-09-10
10749,9836,371.29,34.67,270,2025-03-31
10750,3123,293.83,44.65,114,2024-08-06
10751,1628,277.93,29.5,93,2024-12-03
10752,3691,52.38,71.18,440,2024-10-18
10753,8303,133.87,85.96,181,2024-12-23
10754,557,85.88,46.0,187,2024-06-30
10755,2866,164.72,47.47,490,2024-05-22
10756,8265,139.35,30.7,365,2024-06-28
10757,3938,212.13,31.49,203,2025-01-25
10758,5760,25.51,91.69,250,2024-05-16
10759,7218,142.03,0.67,447,2024-07-28
10760,6623,354.5,52.45,96,2024-06-06
10761,3877,318.13,4.25,409,2025-01-10
10762,8155,231.55,39.93,136,2024-12-12
10763,5518,243.51,5.99,10,2024-09-14
10764,7338,323.96,4.26,181,2024-05-18
10765,2328,485.8,86.07,343,2024-07-01
10766,8328,56.13,64.71,110,2024-09-21
10767,7664,50.24,86.62,144,2024-06-16
10768,3891,250.74,24.43,61,2024-11-30
10769,6790,11.77,27.61,382,2024-11-17
10770,2480,161.26,23.04,19,2024-05-16
10771,332,488.99,68.63,315,2024-08-20
10772,3822,317.1,90.36,128,2025-02-03
10773,390,28.27,17.36,100,2025-03-28
10774,2628,280.79,24.67,99,2025-02-05
10775,5658,445.0,3.83,190,2024-12-31
10776,8568,80.54,89.62,6,2024-10-03
10777,6338,323.13,69.09,322,2025-01-28
10778,4328,63.74,82.15,288,2025-03-10
10779,73,6.02,19.98,458,2024-07-19
10780,2027,323.98,29.89,174,2024-05-03
10781,6817,29.35,99.33,469,2024-12-11
10782,5965,221.11,23.29,264,2025-04-11
10783,5443,478.06,74.77,183,2024-06-14
10784,4230,60.08,77.95,92,2024-06-29
10785,2462,380.79,94.33,423,2024-08-13
10786,4640,238.34,83.94,305,2025-03-04
10787,2,295.63,89.35,27,2025-04-14
10788,8420,123.42,3.63,103,2024-11-17
10789,2830,423.73,66.92,204,2025-02-17
10790,7755,468.84,43.69,231,2024-11-12
10791,3139,216.26,86.89,340,2024-06-28
10792,859,18.82,74.55,53,2024-08-08
10793,3548,384.72,82.02,128,2024-12-01
10794,9511,179.75,28.81,400,2024-07-09
10795,5385,86.62,88.1,268,2025-03-30
10796,3261,27.93,11.9,155,2024-10-26
10797,6801,344.51,24.97,84,2024-07-06
10798,497,47.85,51.17,60,2024-06-08
10799,1641,457.55,86.81,166,2024-10-02
10800,9865,390.8,18.91,182,2024-12-12
10801,4180,410.39,61.38,442,2024-06-15
10802,1835,111.34,68.9,434,2024-07-18
10803,6953,62.69,98.53,451,2024-10-08
10804,7564,375.7,20.61,227,2024-07-08
10805,7698,36.79,43.02,220,2024-05-04
10806,7508,391.4,19.91,414,2024-06-06
10807,4871,467.23,67.62,348,2025-03-10
10808,1576,12.23,86.38,28,2024-09-23
10809,9827,252.76,90.44,222,2024-05-02
10810,4352,76.1,63.96,80,2024-08-30
10811,4322,220.2,74.6,200,2024-05-27
10812,8274,320.43,11.45,173,2024-06-11
10813,1078,325.1,64.28,455,2024-12-26
10814,4989,7.53,38.91,253,2025-02-02
10815,4888,247.04,35.77,30,2025-03-24
10816,1769,450.33,84.33,480,2025-04-18
10817,577,208.17,6.35,257,2025-02-22
10818,9717,169.42,40.83,385,2024-11-02
10819,4146,397.87,51.14,40,2024-07-08
10820,2287,313.64,77.65,29,2024-09-16
10821,7997,214.88,11.38,57,2025-03-19
10822,2178,149.58,30.0,254,2025-04-10
10823,9623,418.17,92.19,213,2025-02-26
10824,3430,223.08,27.17,347,2025-02-01
10825,5369,146.72,20.22,263,2025-03-14
10826,3821,247.04,12.21,148,2024-06-04
10827,2536,468.87,60.57,181,2025-02-09
10828,9214,88.92,90.63,457,2025-01-28
10829,3179,260.39,16.32,233,2024-09-24
10830,762,17.96,0.25,469,2024-06-19
10831,6076,253.06,19.76,461,2024-12-24
10832,4969,5.98,92.94,409,2024-08-09
10833,9457,411.74,42.75,402,2024-12-18
10834,644,79.33,99.1,46,2025-01-06
10835,7666,225.34,28.57,383,2025-01-07
10836,9116,391.7,52.4,272,2024-06-29
10837,3874,140.01,66.86,125,2024-09-02
10838,8469,328.87,61.18,422,2024-08-11
10839,8410,453.66,38.7,75,2025-02-14
10840,942,439.03,80.47,228,2024-11-15
10841,4541,239.92,78.24,436,2024-11-30
10842,6633,205.64,63.89,390,2025-01-14
10843,3609,456.48,56.15,99,2024-06-09
10844,5353,110.78,10.68,13,2025-03-18
10845,9993,475.69,94.24,190,2025-01-09
10846,842,146.08,30.04,348,2024-08-03
10847,6878,358.49,90.77,227,2025-04-09
10848,7057,44.86,35.87,106,2024-11-25
10849,986,442.01,73.46,453,2024-05-19
10850,5093,265.37,61.53,393,2024-10-15
10851,224,332.2,37.16,35,2025-02-20
10852,9151,241.7,41.96,342,2024-07-08
10853,5867,355.08,74.35,194,2024-09-13
10854,8338,242.7,25.22,339,2024-07-04
10855,4462,190.84,50.56,281,2025-03-12
10856,7224,159.59,6.64,355,2024-06-08
10857,8725,211.98,72.63,233,2024-05-29
10858,6404,391.89,97.29,298,2024-11-01
10859,934,116.76,13.54,116,2024-09-25
10860,9386,258.3,22.59,253,2024-05-02
10861,7299,342.14,43.36,362,2024-11-02
10862,6059,303.69,83.26,286,2025-02-03
10863,7463,476.42,65.82,167,2024-08-10
10864,2015,62.32,52.51,102,2024-10-17
10865,2402,117.01,39.68,248,2025-01-19
10866,9894,254.74,74.53,271,2025-03-17
10867,5227,58.53,54.46,454,2024-12-27
10868,9292,106.6,20.84,362,2024-05-16
10869,2795,110.56,14.76,1,2024-08-26
10870,5930,265.52,81.59,194,2025-01-22
10871,5144,442.67,35.33,57,2024-08-07
10872,508,385.37,43.84,154,2024-09-16
10873,4600,389.44,81.82,226,2024-09-16
10874,5864,149.22,58.85,7,2024-06-12
10875,4705,47.04,14.27,76,2024-05-17
10876,7186,69.72,82.94,11,2024-12-03
10877,2709,334.14,71.14,142,2024-08-07
10878,8321,3.46,27.73,334,2024-05-10
10879,2396,368.63,7.45,227,2024-06-01
10880,1404,126.99,63.46,206,2024-07-06
10881,7790,454.12,66.94,99,2024-07-07
10882,9233,286.0,11.25,170,2024-12-22
10883,1381,227.22,87.86,138,2024-08-09
10884,8592,103.01,25.72,458,2024-07-07
10885,3928,335.49,52.17,213,2025-01-11
10886,7047,73.71,35.74,175,2025-02-17
10887,7617,46.83,86.97,290,2024-07-24
10888,8752,31.75,61.32,282,2024-05-18
10889,7972,344.69,19.54,290,2025-04-05
10890,79,470.74,88.95,167,2024-11-22
10891,5996,92.0,2.09,499,2024-11-23
10892,8333,271.06,97.93,131,2025-03-23
10893,1220,4.77,28.03,282,2024-06-20
10894,5156,158.55,80.36,121,2025-04-10
10895,1092,6.81,23.23,289,2024-10-14
10896,6161,224.41,83.97,13,2024-10-29
10897,7,388.56,34.89,12,2024-11-21
10898,1688,218.32,94.5,121,2025-01-06
10899,9826,157.88,59.56,483,2024-10-16
10900,3498,55.42,50.58,20,2024-07-13
10901,2102,137.0,16.1,290,2024-09-21
10902,7058,198.12,33.99,428,2024-10-25
10903,5001,159.96,2.31,420,2025-04-11
10904,8051,10.79,33.56,434,2025-01-12
10905,71,309.61,43.81,51,2024-10-17
10906,9300,299.01,96.08,219,2024-11-28
10907,6397,1.95,75.09,185,2024-07-28
10908,4085,282.91,20.23,357,2025-03-17
10909,5256,359.34,68.65,156,2025-04-23
10910,478,208.69,5.04,403,2024-12-27
10911,1881,347.87,67.64,412,2024-09-12
10912,7730,53.84,5.34,110,2024-10-14
10913,2238,345.86,81.23,154,2025-04-24
10914,271,209.07,5.13,391,2024-08-23
10915,3783,82.72,77.45,228,2025-04-29
10916,1699,394.22,6.49,295,2024-12-08
10917,5654,172.79,27.97,450,2025-01-11
10918,9779,247.05,64.68,247,2025-03-18
10919,4439,457.44,72.9,176,2024-08-05
10920,4069,25.43,16.3,297,2025-03-19
10921,7928,427.87,27.26,230,2024-12-26
10922,5636,120.37,44.47,303,2024-05-21
10923,70,335.45,99.2,449,2024-12-11
10924,8351,19.2,89.58,226,2024-06-11
10925,9025,164.87,49.43,206,2025-02-16
10926,4136,109.09,40.0,184,2024-11-02
10927,386,376.61,82.78,17,2024-08-14
10928,8202,206.91,44.61,99,2024-06-06
10929,2385,15.55,96.79,259,2024-08-14
10930,3786,238.13,59.93,26,2024-06-27
10931,8295,87.12,47.18,217,2024-09-06
10932,5415,249.42,82.24,390,2024-08-14
10933,6858,253.49,90.8,168,2024-09-15
10934,9086,364.31,46.5,209,2024-12-26
10935,6885,67.38,15.34,415,2025-01-27
10936,7365,357.41,67.01,271,2025-02-02
10937,7725,18.32,85.82,377,2024-08-30
10938,3382,381.15,41.78,94,2025-04-27
10939,4719,185.12,5.33,331,2024-07-10
10940,7721,375.0,0.58,413,2024-06-02
10941,6786,189.35,36.31,238,2024-12-01
10942,2589,376.88,66.93,219,2024-10-16
10943,5043,350.19,5.41,142,2025-03-08
10944,9716,378.14,49.55,83,2025-04-14
10945,8656,296.88,10.65,41,2025-03-16
10946,3581,93.73,50.31,66,2024-12-24
10947,9159,69.83,17.32,362,2025-04-19
10948,2658,67.07,41.84,107,2024-10-20
10949,4708,53.61,91.65,289,2025-01-02
10950,6517,217.43,19.22,10,2024-11-20
10951,4228,155.99,53.98,222,2024-12-07
10952,3682,207.69,34.27,463,2024-06-06
10953,580,4.58,99.99,486,2024-06-17
10954,509,104.47,82.09,213,2024-10-23
10955,4708,104.29,63.12,387,2024-05-05
10956,894,368.3,31.47,444,2024-09-20
10957,7292,450.06,64.2,301,2024-08-30
10958,3987,190.11,64.67,122,2025-04-06
10959,8684,264.67,53.95,140,2025-03-03
10960,6420,422.45,72.81,34,2024-11-02
10961,2604,400.29,28.47,340,2024-06-17
10962,1468,220.33,84.56,17,2024-06-26
10963,8601,308.99,27.7,25,2024-10-18
10964,3965,419.32,72.75,115,2024-10-27
10965,1129,453.15,69.36,433,2024-05-01
10966,8070,449.24,4.71,195,2024-09-22
10967,9905,483.38,73.68,258,2024-09-13
10968,8822,165.33,82.7,114,2024-10-16
10969,6661,108.41,82.85,72,2024-06-09
10970,2928,356.02,37.23,258,2024-12-06
10971,2296,391.46,35.26,21,2025-01-17
10972,2102,83.43,32.7,450,2024-05-03
10973,8391,224.65,60.02,63,2025-03-03
10974,8551,215.53,18.28,187,2024-08-16
10975,8053,264.14,3.29,80,2024-06-04
10976,7644,20.05,66.43,35,2024-06-12
10977,1521,224.77,13.33,295,2024-06-30
10978,8139,356.79,96.03,448,2024-11-23
10979,5692,208.56,29.51,490,2024-07-14
10980,10000,164.74,7.36,72,2024-06-17
10981,5646,33.87,37.75,272,2024-05-07
10982,4799,459.57,45.43,199,2025-01-10
10983,7717,194.72,73.29,477,2024-12-08
10984,3778,341.15,79.6,241,2024-12-05
10985,7580,65.58,33.5,428,2025-03-25
10986,2954,89.05,29.69,206,2024-05-02
10987,7519,239.13,85.29,43,2024-08-24
10988,1726,212.19,41.92,33,2025-04-03
10989,2407,72.6,97.02,481,2024-07-01
10990,3000,56.38,32.95,279,2024-07-17
10991,4658,450.3,74.05,314,2024-06-12
10992,2339,21.42,48.58,205,2024-07-16
10993,2990,304.59,89.81,104,2024-09-27
10994,3626,488.2,14.99,215,2024-04-30
10995,274,131.91,1.17,441,2025-04-28
10996,4249,194.83,49.18,272,2024-07-28
10997,499,396.32,60.54,7,2024-08-13
10998,6006,343.0,70.84,236,2024-11-28
10999,7709,38.72,13.29,1,2024-05-06
11000,6985,469.42,82.64,112,2024-06-07
11001,7358,335.57,14.53,110,2024-07-14
11002,73,370.66,45.04,94,2025-03-05
11003,4209,446.06,15.39,296,2025-03-01
11004,6178,378.58,2.91,445,2024-12-08
11005,755,258.88,50.05,314,2024-10-27
11006,2665,72.23,38.57,282,2024-10-20
11007,7995,215.49,28.8,109,2024-06-25
11008,7836,138.28,43.29,214,2024-06-23
11009,2125,75.66,13.75,301,2024-12-01
11010,5382,0.52,61.23,290,2024-11-17
11011,512,217.03,17.26,193,2024-09-28
11012,3581,239.16,46.18,228,2025-02-10
11013,4614,175.35,61.77,106,2025-04-23
11014,3458,270.42,85.32,191,2025-02-28
11015,2136,172.94,37.04,144,2024-05-20
11016,3944,222.72,29.5,14,2025-04-25
11017,9903,367.2,31.66,285,2025-02-02
11018,5588,131.93,15.36,410,2024-07-03
11019,1030,77.6,93.13,268,2025-01-26
11020,3184,325.23,60.41,71,2024-08-29
11021,9162,397.06,51.58,245,2024-07-29
11022,7588,418.46,38.79,136,2024-05-22
11023,6129,273.74,82.9,138,2024-05-27
11024,3824,70.65,92.11,428,2025-03-30
11025,8834,29.97,42.89,323,2025-02-21
11026,4888,450.41,81.36,69,2024-09-13
11027,4629,208.08,91.03,165,2024-06-16
11028,3684,172.54,48.28,445,2025-02-08
11029,8834,89.8,26.49,486,2024-11-01
11030,5001,368.31,53.24,157,2024-07-16
11031,9692,338.73,98.74,459,2024-08-09
11032,3229,392.18,63.08,39,2024-10-13
11033,1737,106.96,67.97,426,2025-04-09
11034,6559,392.22,89.4,499,2024-11-18
11035,2742,25.61,56.06,27,2024-05-02
11036,6554,156.37,6.63,213,2024-09-28
11037,6255,192.01,78.5,318,2024-10-06
11038,8587,350.43,2.69,83,2025-03-30
11039,8000,133.93,81.75,224,2024-08-13
11040,7525,9.86,38.12,147,2025-01-16
11041,5062,234.77,57.29,22,2025-02-21
11042,5294,222.63,76.6,10,2024-12-04
11043,9355,416.19,42.46,438,2024-12-04
11044,8108,469.97,87.54,316,2024-09-07
11045,5272,186.37,28.54,46,2024-06-15
11046,3034,81.93,67.03,60,2024-05-10
11047,1028,425.02,37.24,45,2025-02-25
11048,6485,82.62,54.07,324,2025-03-13
11049,865,172.45,20.66,219,2025-02-12
11050,4660,446.99,24.16,53,2024-05-18
11051,6887,104.65,19.08,143,2025-03-15
11052,5378,404.68,58.71,467,2025-04-16
11053,2855,37.84,38.73,338,2024-07-10
11054,5609,311.18,99.22,307,2024-12-01
11055,230,137.22,63.74,96,2024-09-09
11056,1482,150.77,71.67,330,2024-07-25
11057,7667,349.47,36.9,210,2025-02-12
11058,4522,101.01,84.76,283,2024-06-05
11059,4909,255.53,11.54,383,2024-12-09
11060,5910,432.33,60.91,0,2024-08-26
11061,859,272.46,5.66,92,2024-11-09
11062,4249,482.72,56.71,51,2025-04-06
11063,6886,249.67,92.06,186,2024-07-15
11064,7918,457.6,32.48,386,2025-03-22
11065,8374,474.26,42.33,184,2024-12-17
11066,9648,481.1,85.37,251,2025-01-13
11067,7669,385.6,47.67,43,2024-07-08
11068,4458,225.81,62.69,141,2024-12-22
11069,2656,354.94,23.46,227,2024-07-04
11070,6839,267.27,72.72,118,2025-04-22
11071,5014,416.08,22.49,271,2024-09-28
11072,3744,192.46,13.18,118,2024-07-30
11073,5435,329.48,9.5,465,2025-03-07
11074,178,326.76,86.17,417,2024-10-09
11075,7264,275.07,56.46,324,2025-03-26
11076,6948,498.74,2.17,346,2024-11-02
11077,9737,275.07,77.5,237,2025-01-29
11078,8847,404.28,53.1,370,2024-05-18
11079,2091,134.54,48.19,440,2024-11-26
11080,4225,151.44,13.27,39,2024-05-07
11081,1154,146.31,99.04,79,2024-10-19
11082,2995,203.49,49.3,196,2024-05-15
11083,5811,373.4,71.12,361,2024-11-13
11084,7503,58.01,16.48,303,2024-08-24
11085,2070,343.61,98.51,487,2024-10-01
11086,6563,272.44,35.24,294,2024-07-15
11087,9946,350.5,68.08,380,2024-09-30
11088,8378,290.44,4.9,371,2024-12-12
11089,5434,28.56,34.69,248,2024-11-23
11090,8099,0.19,33.63,118,2024-12-14
11091,4900,30.6,73.92,360,2024-12-16
11092,1688,370.03,98.39,250,2025-01-27
11093,9248,401.02,16.46,406,2024-05-29
11094,6638,461.53,11.74,294,2025-02-06
11095,9766,458.58,50.65,142,2024-12-24
11096,6553,357.22,55.55,124,2025-02-13
11097,6872,166.95,56.35,197,2024-12-14
11098,8135,71.9,84.95,136,2025-01-19
11099,3294,115.14,70.59,223,2025-04-28
11100,8088,414.27,41.23,94,2024-10-16
11101,8845,365.53,17.63,109,2024-05-26
11102,8586,57.8,43.72,37,2024-12-13
11103,6197,495.02,10.87,359,2024-07-10
11104,6481,10.19,78.91,60,2024-09-01
11105,7314,17.25,52.65,307,2024-06-24
11106,1234,177.22,90.77,129,2024-08-17
11107,7855,443.22,99.16,434,2024-07-06
11108,7817,394.07,79.59,453,2024-07-09
11109,5920,284.17,71.86,1,2024-10-25
11110,5269,223.33,65.31,460,2024-06-21
11111,1932,170.87,95.63,443,2024-08-03
11112,5619,444.25,98.32,398,2024-09-10
11113,3192,96.93,13.15,17,2025-03-05
11114,7286,208.92,92.78,364,2024-08-23
11115,1042,233.65,97.59,187,2024-10-01
11116,1939,358.58,18.38,350,2024-10-23
11117,8237,297.48,77.62,225,2025-04-14
11118,8382,229.28,47.21,323,2025-03-10
11119,697,201.9,46.75,159,2024-09-04
11120,2549,476.4,58.65,175,2024-12-17
11121,3069,105.59,68.79,92,2025-01-22
11122,8691,219.17,30.94,366,2025-04-26
11123,9886,410.28,46.67,388,2025-01-12
11124,8254,296.79,47.7,120,2024-05-06
11125,5171,333.83,51.18,441,2024-08-14
11126,7337,319.34,54.03,44,2024-07-17
11127,9215,1.76,46.06,171,2024-12-15
11128,8076,398.36,29.35,237,2025-03-08
11129,1194,79.17,43.02,19,2024-08-17
11130,5650,205.31,92.24,95,2025-04-16
11131,6665,78.5,62.65,163,2024-06-20
11132,7245,472.38,50.2,383,2024-06-17
11133,66,189.07,21.88,336,2025-03-17
11134,9776,442.96,34.49,177,2024-06-21
11135,6218,398.85,61.91,392,2024-12-05
11136,1719,496.66,11.28,227,2024-07-15
11137,4172,157.0,55.82,492,2024-12-27
11138,2912,293.46,60.67,499,2025-01-05
11139,8083,363.32,48.16,443,2024-10-24
11140,6919,494.54,54.2,346,2024-05-10
11141,4983,283.68,91.74,332,2024-10-05
11142,5490,246.43,65.45,141,2024-05-08
11143,8954,6.85,18.85,204,2024-05-09
11144,5452,254.7,47.41,304,2024-10-31
11145,8905,52.29,73.87,417,2025-01-16
11146,3654,97.92,9.18,38,2024-05-21
11147,1999,244.67,22.94,157,2025-03-18
11148,1083,346.83,11.64,170,2024-11-22
11149,124,56.52,56.81,225,2025-03-08
11150,4063,72.52,14.93,347,2024-08-19
11151,7598,225.2,64.28,122,2024-10-21
11152,3497,166.7,13.37,359,2024-07-14
11153,4052,458.23,64.02,418,2024-07-25
11154,9227,230.91,4.63,447,2024-05-25
11155,20,397.91,1.63,141,2024-11-16
11156,349,305.65,23.42,445,2025-01-29
11157,5740,420.01,84.54,458,2024-07-15
11158,8570,123.73,40.82,125,2024-07-05
11159,2230,98.4,77.38,236,2024-10-23
11160,4285,377.07,60.91,34,2025-03-27
11161,5745,93.05,85.41,326,2024-09-20
11162,7159,23.13,77.6,275,2024-07-31
11163,4184,285.27,3.95,266,2025-01-10
11164,8387,464.82,58.41,282,2025-04-25
11165,2818,432.49,17.78,456,2024-05-21
11166,3485,160.3,81.62,249,2024-08-23
11167,3881,415.73,83.24,347,2024-09-12
11168,6802,157.73,94.94,363,2025-04-28
11169,9719,426.1,87.54,216,2024-08-18
11170,5575,254.88,9.28,191,2024-12-18
11171,8147,199.09,28.91,492,2024-06-26
11172,1858,319.89,84.94,58,2024-07-18
11173,3297,439.52,83.77,168,2024-11-07
11174,2718,7.0,23.56,235,2024-10-16
11175,1948,160.27,92.66,355,2024-09-01
11176,328,55.93,59.44,136,2024-12-01
11177,3816,250.22,92.61,322,2025-03-10
11178,380,270.5,56.41,448,2024-05-02
11179,3825,369.58,94.88,408,2024-06-25
11180,8723,77.76,36.5,143,2024-08-12
11181,8706,421.57,72.68,182,2024-11-21
11182,6893,225.53,22.22,126,2024-08-21
11183,5891,131.13,81.01,220,2024-07-15
11184,9717,279.77,43.24,138,2025-03-27
11185,8955,120.07,89.27,73,2025-02-07
11186,9484,218.81,25.18,314,2025-04-07
11187,496,468.36,46.14,224,2025-04-03
11188,5163,0.37,50.98,104,2024-10-14
11189,6248,407.91,81.84,250,2024-07-01
11190,1589,160.07,14.14,494,2025-03-21
11191,9125,395.76,19.7,68,2024-06-28
11192,5528,383.96,88.2,5,2024-07-09
11193,4860,442.11,69.93,185,2024-09-01
11194,6733,125.72,64.98,327,2024-09-20
11195,83,388.11,24.04,411,2025-03-12
11196,2920,117.81,36.64,193,2024-12-12
11197,3795,222.74,51.75,70,2024-06-29
11198,5496,39.67,94.6,116,2024-05-29
11199,7471,373.36,62.82,98,2024-06-21
11200,5491,460.94,30.52,97,2024-12-31
11201,2073,321.36,62.68,123,2024-12-18
11202,9411,136.32,32.15,385,2024-06-18
11203,9292,16.87,19.31,219,2025-04-15
11204,9545,26.76,54.51,45,2024-06-30
11205,908,55.36,54.64,402,2024-05-19
11206,2932,255.58,80.52,404,2025-02-28
11207,4342,190.29,40.35,363,2024-10-19
11208,5499,371.01,9.98,294,2025-04-18
11209,6503,380.34,82.86,487,2024-10-24
11210,5478,163.05,35.82,237,2024-07-07
11211,314,283.54,40.19,460,2024-11-28
11212,2145,34.32,36.16,220,2025-01-01
11213,1235,391.78,9.82,83,2024-11-30
11214,8985,69.73,89.66,68,2024-08-20
11215,2231,70.15,27.07,283,2025-01-06
11216,2875,190.43,77.18,275,2025-01-23
11217,6210,322.31,67.75,262,2024-05-29
11218,3795,132.88,80.7,338,2025-01-13
11219,4152,425.2,37.5,433,2024-11-12
11220,1689,13.14,58.79,70,2025-03-15
11221,8098,177.99,80.87,480,2025-03-04
11222,9706,91.8,16.84,468,2024-11-08
11223,2150,278.09,74.42,107,2025-04-29
11224,3134,329.73,99.49,66,2024-12-06
11225,173,428.54,92.03,147,2024-10-14
11226,1907,420.68,88.09,315,2024-10-06
11227,7892,172.76,52.64,310,2024-05-10
11228,3741,192.1,99.68,55,2024-08-11
11229,8495,240.99,32.93,288,2024-12-12
11230,5264,403.97,8.08,146,2024-04-30
11231,4912,69.15,28.83,337,2024-10-21
11232,2632,339.06,37.87,382,2025-04-16
11233,2251,284.82,58.29,464,2024-07-30
11234,4045,167.31,54.2,256,2024-11-20
11235,9475,118.01,66.72,409,2024-10-14
11236,6381,412.27,12.18,247,2024-05-13
11237,2947,426.42,11.02,3,2025-04-15
11238,996,278.64,36.01,437,2024-06-20
11239,8342,91.34,87.98,139,2024-10-15
11240,4371,279.98,4.42,134,2025-02-17
11241,4837,230.94,64.05,37,2024-12-05
11242,7561,83.18,89.61,87,2024-05-20
11243,8736,421.21,31.54,231,2024-12-08
11244,2950,42.58,27.94,182,2025-03-26
11245,2164,275.94,33.45,336,2025-01-13
11246,6139,278.69,85.61,117,2025-04-07
11247,2511,192.17,27.71,172,2025-04-29
11248,6034,104.95,3.89,112,2024-11-02
11249,5496,193.62,63.46,27,2025-01-08
11250,2090,347.83,80.58,390,2024-05-05
11251,9743,16.11,97.43,281,2024-06-01
11252,4408,137.31,90.87,254,2024-08-30
11253,7531,181.71,66.78,71,2025-01-18
11254,6818,433.53,69.42,462,2024-09-23
11255,4341,405.93,29.5,455,2025-04-12
11256,2475,7.75,98.16,303,2025-02-19
11257,4263,494.22,35.05,359,2025-01-26
11258,1813,381.91,42.49,51,2024-05-07
11259,801,142.31,82.63,465,2024-08-15
11260,3042,3.53,73.71,477,2024-08-31
11261,1549,279.45,28.76,19,2024-10-16
11262,7260,485.11,71.22,147,2025-01-03
11263,6469,137.05,93.84,481,2024-12-04
11264,8772,417.02,91.05,33,2024-06-24
11265,9708,462.13,41.45,342,2024-07-20
11266,4228,238.54,25.07,418,2024-05-19
11267,7492,162.51,54.94,177,2024-11-24
11268,3956,96.3,21.76,352,2024-07-13
11269,3703,330.77,53.84,68,2024-07-11
11270,6296,461.18,0.61,209,2024-06-25
11271,5678,474.72,59.67,226,2024-09-22
11272,3597,134.08,55.29,239,2024-12-25
11273,9295,457.58,46.45,187,2024-09-19
11274,4773,442.25,84.27,387,2025-02-02
11275,8412,390.37,68.44,173,2024-11-02
11276,2576,301.59,69.84,227,2024-12-21
11277,2997,78.6,75.19,385,2025-03-24
11278,9743,401.73,72.91,64,2024-11-30
11279,6015,359.6,62.64,400,2024-06-15
11280,4252,144.43,55.86,274,2024-09-17
11281,4,436.24,27.53,165,2024-06-16
11282,6106,85.14,49.27,22,2025-01-14
11283,9226,387.76,29.56,97,2025-02-09
11284,5929,441.88,69.29,180,2025-01-03
11285,9640,472.95,3.07,226,2024-07-04
11286,4143,247.94,48.14,136,2025-02-21
11287,922,345.24,50.72,474,2025-01-03
11288,8772,267.89,64.87,389,2024-09-08
11289,1037,84.02,28.95,160,2024-08-15
11290,9082,493.56,37.69,120,2024-07-19
11291,9101,228.84,22.65,498,2024-09-27
11292,9705,95.25,6.59,223,2024-05-27
11293,3025,32.4,64.73,267,2025-03-28
11294,4604,347.97,87.18,98,2025-04-25
11295,62,172.59,89.4,72,2024-10-28
11296,2594,418.36,66.3,297,2025-02-08
11297,5114,226.44,63.74,89,2024-11-29
11298,4717,83.26,61.81,371,2024-11-09
11299,3157,277.22,62.63,4,2024-10-18
11300,2452,116.67,83.76,274,2025-02-20
11301,1377,40.78,53.19,438,2025-02-18
11302,4541,169.72,93.2,373,2025-04-09
11303,228,258.92,80.38,235,2024-09-22
11304,3191,123.28,80.58,248,2024-11-15
11305,6287,413.82,16.67,150,2024-12-11
11306,1658,417.83,35.11,6,2024-05-10
11307,2900,244.13,33.73,57,2024-07-02
11308,3616,155.06,91.63,229,2024-07-02
11309,3576,267.52,54.12,401,2024-09-12
11310,3751,142.59,53.67,281,2024-06-29
11311,8816,165.36,74.77,335,2024-06-12
11312,6756,456.14,73.71,27,2025-04-21
11313,2656,352.58,81.15,78,2024-06-15
11314,3861,44.35,22.68,149,2025-04-26
11315,6860,124.2,9.74,224,2024-07-20
11316,1687,387.95,67.87,495,2024-10-04
11317,8246,169.14,67.26,253,2024-11-08
11318,5523,196.3,42.2,313,2025-03-31
11319,8597,169.48,72.05,65,2024-07-28
11320,639,211.86,22.77,350,2024-09-18
11321,8212,177.35,10.17,41,2024-09-04
11322,9422,197.76,92.23,448,2024-11-02
11323,6283,405.93,95.37,330,2025-03-30
11324,4218,95.42,5.29,259,2024-06-07
11325,1389,408.84,34.3,164,2025-01-24
11326,5342,424.79,12.92,49,2025-01-28
11327,5893,234.33,99.22,86,2024-07-15
11328,2081,178.51,78.68,239,2025-01-09
11329,9157,126.95,55.78,356,2025-01-27
11330,1993,468.98,12.95,185,2025-04-02
11331,4634,273.57,80.14,93,2024-10-18
11332,7609,339.66,60.31,272,2024-09-17
11333,7896,469.11,98.55,216,2025-01-22
11334,7463,204.27,10.64,44,2025-01-08
11335,974,346.2,94.3,295,2024-09-01
11336,6428,376.91,1.47,445,2024-08-30
11337,8434,95.13,32.11,226,2024-08-25
11338,9042,464.48,17.95,334,2024-12-01
11339,8464,495.06,99.61,157,2025-04-30
11340,2893,78.15,17.57,487,2024-10-29
11341,6316,454.33,44.26,400,2024-10-17
11342,9284,490.61,99.47,421,2024-06-12
11343,7165,314.57,48.78,312,2024-06-13
11344,6870,195.54,7.88,438,2025-03-15
11345,2638,345.1,66.17,227,2024-05-17
11346,4689,252.95,52.23,159,2025-02-08
11347,3176,51.42,27.95,277,2024-06-10
11348,9504,401.43,17.86,409,2024-08-24
11349,5362,473.98,88.33,135,2024-09-26
11350,6946,406.6,52.73,304,2024-08-05
11351,3321,459.84,66.33,391,2024-08-30
11352,9739,340.45,64.21,70,2025-02-02
11353,7020,96.67,13.86,241,2024-05-22
11354,4684,228.91,37.04,127,2024-10-16
11355,6427,416.05,29.52,117,2024-10-22
11356,7197,426.98,6.39,412,2025-01-15
11357,9399,493.65,35.3,292,2024-09-14
11358,3680,354.34,11.57,480,2025-01-01
11359,8678,314.33,82.94,190,2024-12-28
11360,7857,284.55,88.78,141,2024-05-07
11361,9764,142.37,13.22,65,2025-01-31
11362,6988,467.99,23.98,9,2024-08-31
11363,3484,373.07,1.34,43,2024-12-22
11364,9458,115.56,35.0,456,2025-01-23
11365,9187,235.9,80.93,163,2024-12-10
11366,3925,4.35,89.66,326,2024-09-02
11367,4599,17.96,37.68,396,2024-08-08
11368,4575,480.71,84.4,180,2024-11-14
11369,4899,141.45,2.03,341,2024-10-02
11370,2305,285.65,35.65,216,2024-09-24
11371,1664,208.24,1.51,73,2024-06-20
11372,4512,31.08,50.89,263,2024-08-18
11373,724,35.31,64.54,443,2025-03-10
11374,6445,38.09,63.21,460,2024-11-12
11375,3242,138.96,96.48,376,2024-11-02
11376,6129,244.88,80.2,5,2025-01-18
11377,4606,292.04,69.76,135,2024-07-29
11378,5473,75.81,4.21,220,2025-02-07
11379,1089,361.51,63.6,356,2024-05-22
11380,9586,183.98,13.12,165,2025-04-03
11381,314,72.13,93.32,334,2025-04-17
11382,7892,464.06,57.93,35,2024-09-10
11383,9663,129.98,96.14,181,2024-11-25
11384,5628,339.03,78.26,420,2024-05-24
11385,8720,420.15,94.46,394,2024-08-06
11386,9045,458.85,45.6,115,2024-11-23
11387,9419,224.39,20.53,36,2024-09-24
11388,7972,368.83,27.87,0,2024-09-12
11389,1942,178.95,58.95,33,2024-08-22
11390,7598,229.7,5.23,224,2024-12-19
11391,8467,380.6,37.64,130,2024-11-01
11392,7895,401.71,5.4,164,2025-03-31
11393,6601,220.69,20.39,452,2025-03-06
11394,6105,282.05,48.2,120,2024-08-30
11395,1069,275.71,71.59,490,2025-03-08
11396,5302,91.55,65.01,9,2024-10-27
11397,8868,344.82,53.81,316,2024-08-22
11398,5301,300.99,16.01,90,2025-02-02
11399,4593,156.79,28.61,107,2024-07-31
11400,4026,15.91,46.08,257,2024-12-05
11401,444,360.03,61.35,170,2024-11-02
11402,236,17.06,37.56,29,2024-08-07
11403,3629,237.41,7.76,444,2025-02-13
11404,9131,193.18,14.12,262,2024-08-17
11405,4295,394.03,6.41,433,2024-09-04
11406,1829,342.04,51.74,180,2024-12-10
11407,7704,205.48,98.75,412,2024-06-11
11408,3300,392.21,20.54,329,2025-01-31
11409,2293,362.08,87.28,453,2024-12-14
11410,7385,127.41,90.24,382,2024-10-25
11411,3099,402.1,29.76,248,2024-06-15
11412,7745,479.33,17.61,145,2025-02-21
11413,7173,49.56,33.77,369,2024-11-27
11414,1288,218.32,90.87,421,2024-08-23
11415,3479,17.73,11.79,296,2025-03-24
11416,5876,60.16,17.24,364,2025-04-02
11417,4011,361.35,85.78,265,2024-12-30
11418,9350,93.85,13.41,317,2024-09-29
11419,5298,233.82,93.02,275,2024-08-05
11420,9161,130.52,4.07,163,2024-05-15
11421,5781,401.3,54.44,432,2025-04-16
11422,7729,319.69,75.3,413,2024-06-30
11423,8885,69.1,49.92,52,2024-05-09
11424,2327,436.34,48.06,317,2025-02-16
11425,2728,191.57,30.18,270,2024-12-23
11426,4540,125.39,14.58,7,2024-10-28
11427,7759,53.21,37.85,258,2025-03-11
11428,1833,351.04,1.8,72,2024-09-18
11429,3375,492.02,80.56,108,2024-06-17
11430,8116,106.46,92.73,431,2024-11-02
11431,3590,329.12,64.85,13,2024-12-17
11432,1715,388.1,16.49,100,2024-11-15
11433,1880,225.97,67.81,242,2024-06-29
11434,6857,390.29,74.62,327,2024-10-23
11435,7954,407.26,94.83,189,2024-07-25
11436,5026,415.46,78.59,448,2024-06-20
11437,209,411.64,57.67,162,2025-02-12
11438,2807,199.28,1.2,153,2024-08-19
11439,9314,429.02,58.31,350,2025-01-13
11440,4955,101.64,69.38,304,2024-11-18
11441,6115,195.94,56.88,253,2025-04-01
11442,4147,181.06,37.58,118,2024-07-31
11443,3370,402.07,86.44,64,2024-06-21
11444,7923,355.15,53.11,394,2024-09-18
11445,2470,118.1,3.98,444,2025-04-06
11446,6146,294.49,56.65,105,2024-10-17
11447,7184,370.56,8.44,139,2025-01-07
11448,9230,23.37,42.52,289,2024-09-25
11449,863,412.06,21.93,155,2024-10-31
11450,4059,218.5,42.41,399,2025-01-05
11451,1409,90.03,27.3,462,2024-09-25
11452,1981,245.27,25.56,364,2024-10-10
11453,9403,22.17,7.13,123,2025-03-09
11454,8604,12.3,61.19,154,2024-11-30
11455,4574,263.77,1.89,42,2024-10-14
11456,2187,209.08,45.85,299,2024-11-05
11457,1714,388.43,34.42,205,2024-09-25
11458,2557,145.48,62.92,354,2024-06-04
11459,225,445.52,1.16,466,2024-05-12
11460,5185,318.29,61.83,449,2024-05-26
11461,4490,54.66,8.04,455,2024-07-04
11462,1827,206.8,67.54,169,2025-01-18
11463,496,92.36,45.82,465,2024-11-14
11464,4800,297.4,57.24,184,2025-03-29
11465,609,96.05,92.04,181,2025-02-20
11466,4088,406.03,86.57,392,2024-09-07
11467,1163,238.24,4.81,326,2024-08-06
11468,7288,435.64,10.4,472,2024-07-05
11469,2392,110.25,81.32,431,2024-06-10
11470,3470,251.11,74.72,392,2024-06-05
11471,5644,61.99,58.28,139,2024-05-15
11472,6762,474.86,56.7,177,2024-05-11
11473,4316,150.16,41.11,51,2025-01-22
11474,3762,180.35,83.88,487,2024-12-31
11475,767,194.99,72.19,340,2024-11-10
11476,8720,370.03,13.19,290,2024-06-21
11477,6222,284.16,97.43,401,2025-01-05
11478,3231,16.46,45.27,281,2024-08-11
11479,6952,477.84,6.46,270,2025-04-18
11480,6921,372.91,47.08,301,2024-11-30
11481,1135,273.34,44.28,151,2025-03-18
11482,9020,18.31,55.67,173,2025-02-06
11483,9400,107.28,62.78,350,2024-05-08
11484,3883,458.8,70.97,356,2025-04-27
11485,2342,47.25,67.21,107,2024-11-14
11486,661,22.72,50.22,201,2024-09-24
11487,7442,415.19,59.25,32,2024-12-12
11488,1301,401.18,99.06,336,2024-06-19
11489,1002,30.23,1.27,139,2025-04-13
11490,3905,123.43,57.12,155,2025-01-09
11491,4610,469.67,17.22,386,2024-10-03
11492,6249,433.42,37.05,38,2025-02-24
11493,1307,59.88,2.83,350,2024-08-25
11494,4760,406.45,2.08,355,2024-06-10
11495,1865,195.08,39.98,486,2024-11-03
11496,8011,206.52,63.86,353,2024-07-14
11497,2379,267.8,30.41,231,2024-06-27
11498,5108,53.52,57.31,40,2024-07-12
11499,9052,218.88,15.7,23,2024-12-19
11500,8626,449.99,49.61,61,2025-03-20
11501,2816,215.38,72.93,365,2024-05-29
11502,4392,3.14,70.87,426,2024-08-19
11503,2176,238.65,17.63,398,2024-09-24
11504,5320,128.83,67.51,178,2024-05-04
11505,7779,492.02,35.05,344,2024-07-03
11506,3976,114.69,12.54,443,2025-03-26
11507,2098,387.06,73.28,379,2025-03-05
11508,4239,100.59,73.39,356,2024-10-18
11509,5603,342.37,33.08,262,2024-09-28
11510,3495,83.57,82.99,455,2025-04-12
11511,7019,386.08,65.54,105,2025-02-17
11512,2676,74.73,34.11,458,2024-12-30
11513,6110,473.05,91.67,147,2024-05-09
11514,4519,2.32,20.77,192,2025-01-15
11515,9150,120.29,63.56,383,2024-11-01
11516,9901,12.98,92.94,393,2024-12-22
11517,7780,123.82,85.38,53,2024-07-23
11518,6653,413.32,58.9,203,2024-05-05
11519,6426,154.92,84.84,206,2024-05-07
11520,3758,263.46,39.34,281,2025-01-27
11521,2444,146.27,74.62,375,2024-11-17
11522,3655,355.9,60.88,440,2024-07-21
11523,1254,190.21,63.69,167,2025-01-26
11524,2119,428.69,35.29,238,2024-12-07
11525,2809,244.93,31.44,117,2024-09-20
11526,2977,333.47,13.87,174,2024-10-24
11527,3524,210.24,59.87,92,2024-10-22
11528,1773,150.49,21.83,465,2024-07-15
11529,9333,285.23,38.21,165,2024-05-26
11530,3656,359.14,80.29,441,2024-11-19
11531,5942,283.09,88.7,284,2025-03-04
11532,8169,47.17,14.82,420,2024-12-08
11533,2199,390.8,26.8,43,2024-09-25
11534,2383,306.52,38.12,373,2024-12-20
11535,2391,161.83,80.95,425,2024-05-05
11536,612,156.17,79.16,399,2024-12-04
11537,7519,158.92,2.85,173,2024-06-25
11538,6991,108.52,48.55,416,2025-01-09
11539,2986,262.64,2.58,307,2025-01-04
11540,4299,492.98,97.42,19,2024-05-04
11541,1924,79.11,3.38,488,2025-04-16
11542,9296,286.32,73.46,230,2025-01-08
11543,1534,32.58,5.81,343,2024-09-26
11544,5693,345.02,1.28,229,2025-03-30
11545,4104,44.27,29.84,205,2024-10-22
11546,163,472.17,59.9,62,2024-12-11
11547,9744,39.32,3.12,176,2025-03-07
11548,5653,214.07,90.31,312,2025-03-08
11549,5816,112.25,51.94,287,2024-12-11
11550,4921,228.82,0.17,14,2025-04-24
11551,6350,151.68,13.53,491,2024-11-30
11552,1662,399.25,13.84,338,2024-10-11
11553,3667,130.51,53.72,272,2024-06-27
11554,1796,135.33,68.58,152,2024-06-17
11555,9935,328.15,20.43,63,2024-07-06
11556,549,241.03,46.49,29,2024-09-22
11557,6694,277.72,90.84,271,2025-04-06
11558,7576,82.81,87.66,49,2025-01-16
11559,5569,45.07,13.41,11,2024-07-13
11560,4637,337.79,89.28,324,2024-09-24
11561,6658,445.64,68.14,209,2024-07-07
11562,5568,81.22,66.91,220,2024-10-10
11563,1527,26.79,27.94,58,2024-06-13
11564,9488,464.5,99.93,99,2024-10-08
11565,402,28.03,27.13,224,2024-06-11
11566,2601,278.33,0.39,248,2024-09-19
11567,7461,454.12,15.77,76,2024-05-27
11568,3682,248.09,98.02,294,2024-11-13
11569,6351,225.12,47.64,289,2024-10-25
11570,1714,334.44,13.04,285,2024-10-07
11571,1838,331.57,15.89,458,2024-12-21
11572,1194,15.97,5.07,212,2024-05-15
11573,9313,484.95,60.82,18,2024-08-05
11574,9179,109.5,63.33,110,2024-07-20
11575,9394,191.32,91.81,335,2024-05-22
11576,565,191.68,85.24,296,2024-05-09
11577,9043,25.71,16.91,74,2025-03-11
11578,2059,394.27,90.79,81,2024-11-06
11579,739,132.8,35.59,297,2025-02-25
11580,969,25.13,21.25,204,2025-04-15
11581,9248,36.28,22.35,125,2025-01-10
11582,5783,251.45,39.55,3,2024-11-18
11583,8759,202.76,95.3,247,2025-01-01
11584,7687,444.06,1.54,294,2024-11-16
11585,1206,408.66,82.6,339,2024-08-20
11586,7330,485.61,35.26,19,2024-09-03
11587,2175,352.47,50.32,286,2024-10-23
11588,1279,225.6,31.48,120,2024-10-07
11589,5278,273.08,56.57,157,2025-03-05
11590,9688,273.62,73.7,340,2025-03-06
11591,365,433.62,97.09,315,2025-02-12
11592,6855,437.02,88.87,197,2024-08-22
11593,8514,481.88,60.44,36,2024-10-17
11594,9023,196.33,59.15,313,2024-07-29
11595,3608,439.6,94.3,312,2024-12-24
11596,2291,107.41,62.34,169,2024-08-13
11597,6711,319.17,72.16,115,2024-10-31
11598,390,163.68,11.36,281,2024-09-13
11599,2817,474.05,65.59,279,2024-11-26
11600,476,405.88,26.47,433,2024-09-28
11601,9318,309.84,49.02,280,2024-08-08
11602,1285,421.59,85.69,183,2024-11-27
11603,5933,89.1,51.02,365,2024-08-15
11604,9170,303.32,10.68,76,2024-12-10
11605,3904,210.0,11.96,151,2025-03-24
11606,2148,129.68,42.18,15,2024-12-24
11607,9091,386.57,43.68,405,2024-08-16
11608,3376,403.62,53.67,299,2024-11-26
11609,5871,308.31,84.22,391,2024-09-11
11610,9957,328.48,71.72,462,2024-08-07
11611,7477,107.15,90.03,303,2024-12-29
11612,2712,418.52,39.91,200,2025-04-29
11613,9815,328.72,43.8,133,2024-10-27
11614,5369,105.21,84.22,484,2024-05-24
11615,6375,210.72,80.27,28,2025-04-18
11616,7724,164.63,91.23,262,2025-02-10
11617,2137,142.28,38.83,79,2024-10-31
11618,6344,218.84,39.73,389,2024-05-07
11619,7019,269.18,39.37,189,2024-07-13
11620,9573,185.08,82.2,449,2024-10-12
11621,678,306.85,31.31,21,2025-04-17
11622,8509,216.76,83.47,174,2025-01-20
11623,6032,378.41,15.48,105,2025-01-03
11624,5566,337.01,78.45,140,2024-08-30
11625,412,29.04,48.28,33,2025-03-23
11626,201,113.25,65.42,305,2024-06-19
11627,39,471.69,39.45,91,2025-04-30
11628,8500,13.28,7.86,198,2024-06-14
11629,4241,48.81,11.13,183,2025-04-01
11630,9508,57.2,53.79,470,2024-05-22
11631,5671,451.54,61.0,69,2024-05-28
11632,8520,21.25,1.82,383,2025-01-24
11633,8232,338.02,88.86,257,2024-07-25
11634,4708,89.53,64.65,228,2024-10-15
11635,265,454.07,77.63,228,2024-07-28
11636,2764,68.83,88.36,142,2024-11-09
11637,6334,189.68,65.73,89,2024-08-02
11638,281,389.42,40.46,409,2024-11-14
11639,2640,98.37,20.95,427,2024-09-05
11640,389,188.83,1.78,47,2024-06-03
11641,4537,381.91,6.44,394,2024-05-31
11642,2928,331.27,53.68,319,2024-10-16
11643,9710,22.15,76.22,420,2025-04-09
11644,2987,87.68,54.57,48,2024-06-22
11645,6090,382.36,10.78,440,2025-02-11
11646,1853,355.44,75.06,103,2025-01-05
11647,938,46.32,7.15,267,2024-12-14
11648,2899,427.85,75.63,133,2024-11-19
11649,2156,366.59,6.09,200,2025-03-10
11650,1378,124.31,91.32,72,2025-03-10
11651,5191,425.94,1.18,308,2024-09-21
11652,1959,117.36,11.62,432,2024-10-26
11653,3332,276.21,5.94,101,2025-04-02
11654,5206,130.87,72.64,84,2025-04-04
11655,2913,280.06,19.22,86,2025-01-04
11656,659,479.25,14.74,177,2024-07-20
11657,2123,382.73,47.73,137,2024-07-25
11658,758,480.8,55.37,210,2025-01-13
11659,7973,49.57,2.41,403,2024-10-10
11660,8604,487.01,38.25,139,2024-08-19
11661,4615,105.35,90.82,202,2024-10-23
11662,7267,337.94,67.08,376,2025-01-12
11663,9105,149.24,92.37,19,2024-12-14
11664,9090,279.07,92.35,304,2024-12-16
11665,8547,105.77,11.89,293,2024-12-17
11666,1215,0.28,43.74,339,2024-09-22
11667,3258,31.25,14.26,408,2025-03-25
11668,7782,463.89,34.22,116,2025-03-17
11669,8695,256.98,36.4,90,2024-12-01
11670,7668,190.6,4.4,450,2024-10-14
11671,4941,318.04,74.95,313,2024-06-16
11672,8274,407.15,70.87,97,2024-05-29
11673,4686,389.07,10.67,443,2025-04-01
11674,2890,250.15,19.66,79,2024-11-01
11675,1973,362.53,71.16,341,2024-11-18
11676,2637,281.3,90.92,322,2024-12-25
11677,9979,319.22,42.2,231,2025-02-10
11678,721,291.94,53.22,383,2024-09-16
11679,3255,266.08,61.72,231,2024-07-26
11680,7986,210.86,17.94,281,2024-11-19
11681,7478,206.21,65.5,7,2025-02-08
11682,301,362.94,29.92,70,2024-12-31
11683,108,84.52,35.32,488,2024-08-19
11684,5386,308.17,6.11,357,2024-11-02
11685,8195,400.96,3.28,356,2024-05-11
11686,988,205.55,85.86,167,2025-02-06
11687,4153,453.92,7.23,368,2025-01-16
11688,6608,53.79,34.68,401,2024-10-18
11689,293,208.76,99.91,170,2025-03-17
11690,6175,399.55,90.25,119,2025-04-13
11691,2256,112.19,4.26,419,2024-07-25
11692,5738,485.92,28.78,61,2024-11-18
11693,766,176.57,34.71,58,2025-01-13
11694,3649,156.0,59.43,458,2024-10-05
11695,681,70.09,3.77,80,2024-12-11
11696,8212,18.66,67.29,271,2025-02-11
11697,285,277.25,17.76,104,2024-05-20
11698,5901,49.91,8.25,330,2024-05-02
11699,9355,0.49,41.2,416,2025-01-16
11700,9321,385.47,47.68,88,2025-03-17
11701,9209,187.15,90.74,92,2025-04-17
11702,4524,300.87,63.31,476,2024-12-20
11703,7374,241.0,33.92,337,2024-05-22
11704,7302,457.57,78.6,209,2024-12-11
11705,8490,281.33,79.51,247,2024-12-26
11706,8417,113.68,41.57,169,2024-08-11
11707,5078,226.23,89.7,256,2025-01-16
11708,635,35.31,65.03,106,2024-07-12
11709,5427,74.97,5.76,209,2025-01-12
11710,7600,447.87,64.45,128,2024-09-03
11711,6671,297.55,86.07,70,2024-11-30
11712,6660,159.88,58.12,402,2024-12-11
11713,9281,364.61,6.79,191,2024-08-25
11714,5993,409.94,60.98,248,2025-01-07
11715,9432,79.47,66.57,388,2025-04-27
11716,8200,381.71,80.96,352,2024-08-10
11717,6418,144.46,74.24,204,2024-11-28
11718,9689,499.1,72.38,415,2024-06-20
11719,1021,437.5,50.82,197,2025-03-13
11720,7593,214.87,59.82,436,2024-11-01
11721,6368,121.59,71.75,349,2024-08-30
11722,3949,312.13,74.34,148,2024-12-14
11723,75,191.95,80.13,274,2024-12-20
11724,5159,283.76,24.4,38,2024-05-31
11725,8164,95.31,62.16,169,2025-02-13
11726,7184,202.33,26.66,454,2024-05-17
11727,4992,15.69,37.82,242,2024-12-07
11728,3414,166.21,95.59,48,2024-06-10
11729,2177,481.73,37.46,54,2024-11-22
11730,644,17.46,40.85,269,2024-12-22
11731,2918,108.92,67.46,347,2024-08-14
11732,2990,277.06,45.85,51,2024-07-13
11733,7462,334.88,24.18,178,2025-02-12
11734,394,426.29,71.66,29,2024-10-07
11735,6919,140.75,56.49,298,2024-06-07
11736,1491,209.73,93.3,268,2024-10-22
11737,6745,72.33,92.79,288,2024-11-23
11738,1179,444.01,32.92,211,2024-06-15
11739,4747,307.94,54.1,493,2024-09-02
11740,9120,132.26,43.51,52,2025-02-16
11741,4881,418.71,65.98,278,2025-01-03
11742,8045,116.18,99.63,74,2024-05-16
11743,343,115.24,72.47,451,2024-05-17
11744,3743,35.54,94.2,225,2025-04-27
11745,1722,23.71,35.07,65,2024-09-13
11746,8748,464.58,61.8,37,2024-06-11
11747,8082,196.01,91.12,100,2024-10-18
11748,8226,343.74,17.81,310,2024-12-14
11749,3343,268.09,38.62,421,2025-01-29
11750,8060,152.58,68.41,448,2024-10-22
11751,6090,393.46,58.57,230,2024-10-22
11752,2735,432.69,76.13,399,2025-01-03
11753,8613,425.31,73.0,15,2024-09-24
11754,4127,493.37,89.38,373,2024-07-10
11755,9093,363.16,76.36,122,2025-02-08
11756,8675,49.69,34.44,361,2024-10-17
11757,1215,67.84,7.82,239,2024-08-09
11758,2387,272.99,99.58,194,2025-04-05
11759,6846,486.81,8.32,35,2024-06-05
11760,3144,75.62,91.17,440,2025-01-18
11761,6188,122.55,52.17,339,2024-08-03
11762,5195,499.68,52.32,224,2024-10-04
11763,9656,124.72,73.4,178,2024-11-30
11764,6001,234.91,18.14,22,2024-09-06
11765,5797,73.5,53.59,245,2025-03-15
11766,9694,468.93,83.45,431,2024-08-11
11767,7604,103.41,54.79,403,2024-09-02
11768,3293,30.13,30.03,437,2024-07-11
11769,1030,59.44,55.44,60,2024-09-08
11770,4828,208.25,93.69,23,2024-10-25
11771,1374,190.02,8.64,122,2024-07-17
11772,4518,383.22,31.86,176,2025-01-12
11773,9788,461.68,25.37,149,2024-05-20
11774,5447,341.65,46.42,76,2024-12-16
11775,8640,365.72,47.36,352,2025-03-14
11776,1111,217.56,26.14,123,2024-12-15
11777,6906,79.43,98.13,107,2024-11-22
11778,5996,33.19,62.82,352,2024-11-20
11779,193,468.63,27.86,390,2025-03-13
11780,3233,182.98,27.71,315,2024-07-07
11781,2788,364.44,92.49,376,2024-06-08
11782,3580,396.39,20.97,409,2024-12-14
11783,1070,135.92,14.12,161,2025-01-03
11784,8677,37.15,79.24,361,2024-08-04
11785,6189,225.49,47.74,320,2025-03-06
11786,8688,467.39,71.18,154,2025-03-14
11787,8071,191.91,1.06,161,2025-01-10
11788,8496,149.32,10.5,209,2024-07-10
11789,3852,217.14,53.34,466,2024-08-27
11790,5775,46.55,17.53,82,2024-10-07
11791,9646,414.53,29.86,20,2024-09-30
11792,5188,489.51,50.8,360,2024-06-25
11793,1101,222.05,32.7,266,2024-05-20
11794,8747,459.16,18.44,77,2025-02-13
11795,2700,331.48,42.83,101,2025-04-02
11796,5147,26.23,72.45,187,2025-02-13
11797,7518,438.23,64.32,208,2024-09-16
11798,2953,314.96,39.36,263,2024-11-24
11799,9278,286.13,31.32,373,2024-06-24
11800,6178,461.47,79.36,25,2024-07-05
11801,419,496.25,79.6,481,2025-02-09
11802,2613,417.15,29.15,8,2024-08-15
11803,5974,29.42,87.05,260,2024-09-04
11804,6887,204.14,21.76,480,2025-04-22
11805,6819,195.99,85.96,256,2024-09-28
11806,75,327.83,81.31,271,2024-12-12
11807,1944,181.83,67.65,315,2024-09-22
11808,6643,109.09,73.01,476,2025-01-29
11809,8285,496.1,37.39,470,2024-12-08
11810,471,481.61,45.67,154,2024-09-06
11811,5631,268.42,24.44,326,2024-06-15
11812,868,481.82,89.5,106,2024-09-21
11813,1759,58.77,46.76,12,2025-03-01
11814,2341,63.34,13.28,1,2024-09-15
11815,7154,497.78,70.37,41,2024-10-29
11816,3111,34.92,3.21,220,2025-01-31
11817,5652,118.51,89.57,125,2025-01-07
11818,3065,353.45,18.03,190,2024-06-09
11819,3835,154.58,70.73,49,2025-03-10
11820,9886,270.37,32.27,75,2024-07-05
11821,370,432.65,67.64,290,2025-01-31
11822,3574,145.63,76.49,371,2024-12-18
11823,76,95.88,51.47,218,2024-06-15
11824,1036,210.48,58.73,407,2025-01-03
11825,4860,429.4,27.52,342,2025-02-17
11826,1341,320.91,30.27,255,2025-03-19
11827,4628,143.3,76.72,372,2024-08-08
11828,1213,37.98,30.57,162,2024-06-24
11829,4912,22.9,51.87,296,2024-05-04
11830,7141,217.09,97.59,357,2025-02-23
11831,1762,24.34,54.75,164,2024-06-17
11832,4230,256.71,96.04,11,2025-01-05
11833,1266,295.04,13.34,137,2025-03-02
11834,6253,456.84,68.68,93,2025-02-12
11835,8256,20.35,6.94,244,2024-06-30
11836,363,193.56,76.03,489,2025-01-09
11837,6762,303.7,13.19,400,2025-03-02
11838,7560,220.24,68.81,199,2024-10-04
11839,9902,385.31,21.41,221,2024-11-25
11840,466,353.26,64.09,85,2024-11-22
11841,2645,155.38,87.66,373,2024-11-22
11842,542,398.76,38.2,486,2024-07-06
11843,9433,370.91,38.97,384,2024-08-19
11844,679,404.68,13.43,272,2024-07-28
11845,457,109.05,54.63,87,2024-11-20
11846,291,67.62,84.78,253,2024-08-09
11847,160,444.98,34.75,109,2025-04-06
11848,9183,183.0,41.2,375,2024-06-06
11849,7901,464.74,94.51,107,2025-02-18
11850,5665,471.59,44.86,31,2025-03-17
11851,7384,82.29,54.88,301,2024-07-18
11852,2064,358.03,97.92,479,2024-12-06
11853,46,297.2,85.03,229,2024-10-15
11854,5705,330.91,30.93,82,2024-05-06
11855,4705,484.58,99.63,244,2024-07-16
11856,1972,273.61,60.27,46,2024-07-08
11857,6099,123.42,17.57,303,2024-09-21
11858,6116,20.46,57.21,213,2024-11-28
11859,6661,339.96,70.06,75,2024-12-25
11860,5063,314.77,2.13,72,2024-12-02
11861,7681,191.1,70.23,99,2025-04-07
11862,1018,378.1,76.62,26,2025-04-05
11863,2143,25.91,41.2,295,2024-07-14
11864,7903,450.75,60.02,77,2024-10-02
11865,346,341.23,32.3,245,2024-07-02
11866,7578,99.28,49.84,437,2025-03-21
11867,4856,252.34,18.48,297,2024-12-22
11868,7150,146.74,60.04,232,2024-08-16
11869,3065,57.42,19.58,338,2024-12-04
11870,5099,467.88,69.43,450,2025-03-22
11871,4919,115.44,91.23,17,2024-09-13
11872,29,179.0,41.35,214,2024-11-14
11873,6099,105.02,78.66,102,2024-12-19
11874,7130,155.18,15.03,31,2025-03-10
11875,6819,26.65,86.6,175,2025-02-12
11876,4981,59.92,4.44,202,2024-05-08
11877,163,398.01,10.73,15,2024-11-03
11878,4,490.98,23.82,75,2025-04-22
11879,7733,111.9,0.85,106,2024-06-04
11880,4634,176.16,53.81,86,2025-02-06
11881,7217,298.42,82.8,414,2024-11-11
11882,6985,445.6,61.94,156,2024-12-30
11883,5866,394.68,40.13,206,2025-02-01
11884,8216,198.19,36.74,147,2024-08-24
11885,5469,56.03,84.89,245,2025-02-08
11886,1703,357.83,85.59,212,2024-11-02
11887,4063,416.65,71.36,97,2024-11-14
11888,7774,166.33,90.41,360,2024-09-28
11889,444,450.68,77.44,219,2025-03-16
11890,854,438.08,99.04,22,2024-10-07
11891,5720,47.18,58.24,450,2024-07-27
11892,4550,272.06,54.71,89,2025-02-20
11893,9186,323.63,62.88,227,2024-09-21
11894,3184,382.33,51.17,379,2025-02-12
11895,7736,433.43,37.94,22,2025-03-12
11896,3495,155.54,95.77,315,2024-11-23
11897,9531,15.43,3.31,145,2025-02-15
11898,2287,41.82,2.0,159,2025-02-07
11899,9430,329.05,59.03,229,2024-11-06
11900,1363,45.44,27.61,396,2024-11-13
11901,6790,275.27,87.01,356,2025-01-19
11902,9153,102.75,53.46,231,2024-08-30
11903,6436,122.95,56.1,309,2025-04-27
11904,7313,97.36,32.31,307,2024-05-16
11905,1884,331.51,3.59,187,2024-07-22
11906,3164,396.55,83.88,175,2025-01-14
11907,7141,216.54,30.49,483,2024-11-12
11908,8176,83.71,22.53,185,2024-12-01
11909,5905,12.13,60.29,196,2024-11-20
11910,9489,448.87,83.05,466,2024-12-17
11911,6360,316.22,33.55,250,2025-04-02
11912,9672,176.54,58.92,294,2024-10-06
11913,5769,208.87,95.39,202,2024-08-23
11914,9869,467.62,97.3,156,2024-06-30
11915,3832,18.86,21.82,25,2024-07-30
11916,6505,484.71,52.96,0,2024-06-23
11917,4948,335.78,82.94,223,2025-03-16
11918,3825,172.17,87.16,226,2025-01-19
11919,686,285.33,41.75,3,2024-05-27
11920,7999,167.16,75.24,265,2024-05-28
11921,8019,14.52,19.18,285,2024-10-03
11922,6971,356.65,55.01,273,2024-12-15
11923,9101,185.85,14.7,267,2024-08-21
11924,5599,37.99,57.74,192,2025-03-01
11925,4604,121.33,89.31,363,2025-02-24
11926,780,256.43,79.45,150,2024-05-29
11927,3497,361.03,89.64,205,2024-07-31
11928,8047,59.65,9.88,179,2025-03-11
11929,1323,358.26,17.12,489,2024-05-13
11930,1695,0.49,16.75,135,2024-06-06
11931,3362,390.62,65.57,172,2024-10-11
11932,4096,440.94,80.6,95,2024-12-28
11933,393,284.38,87.47,247,2024-10-22
11934,242,96.54,34.7,60,2024-06-13
11935,2203,225.93,86.19,179,2024-05-31
11936,476,12.62,12.23,493,2025-01-09
11937,8059,21.1,48.88,456,2025-04-20
11938,8754,100.89,77.5,464,2024-08-25
11939,5489,431.07,74.56,80,2025-02-10
11940,9591,215.44,62.07,125,2025-04-02
11941,6751,150.12,10.96,374,2025-03-07
11942,8438,57.4,70.55,5,2025-04-10
11943,3878,422.41,79.29,483,2024-11-18
11944,9150,149.81,78.61,452,2025-02-24
11945,1389,236.82,23.21,128,2024-12-10
11946,1479,50.89,25.33,357,2025-04-11
11947,4974,243.05,23.26,411,2024-09-03
11948,2099,472.05,43.87,122,2024-10-06
11949,2983,421.89,73.67,275,2024-07-01
11950,1676,89.8,12.14,68,2025-04-18
11951,6945,191.1,57.02,218,2024-07-14
11952,7054,71.97,72.39,307,2025-03-23
11953,9526,234.56,63.09,144,2024-09-06
11954,7545,302.23,21.9,25,2024-06-26
11955,9603,498.06,51.24,116,2025-04-10
11956,6330,389.91,60.48,108,2025-04-23
11957,5024,463.8,4.28,219,2024-07-13
11958,7124,437.84,4.92,413,2025-01-16
11959,6643,244.9,21.75,386,2025-04-18
11960,2416,141.33,25.7,62,2024-09-17
11961,9091,473.34,31.67,212,2024-12-15
11962,4076,458.67,75.4,150,2024-07-31
11963,1175,21.99,12.54,46,2025-03-23
11964,3209,364.69,11.3,354,2024-10-02
11965,2432,468.73,22.07,14,2024-12-18
11966,5271,282.16,28.49,166,2024-07-07
11967,9343,428.07,27.19,200,2025-04-28
11968,6549,358.7,55.47,415,2024-08-25
11969,6134,441.82,21.14,317,2024-09-26
11970,5346,213.23,43.5,434,2024-06-20
11971,6226,191.13,91.87,10,2025-02-07
11972,6007,22.67,48.5,426,2025-02-07
11973,8465,398.66,82.85,232,2024-06-14
11974,4539,190.1,44.84,65,2024-06-07
11975,7541,121.57,56.93,177,2024-10-06
11976,9782,220.41,63.77,484,2024-11-11
11977,8134,298.55,2.29,25,2024-05-27
11978,1524,232.37,43.45,68,2024-07-08
11979,6252,146.34,79.69,16,2024-12-12
11980,8752,279.6,39.21,38,2024-06-04
11981,4593,133.99,23.52,252,2024-07-26
11982,6633,61.68,11.54,369,2024-07-17
11983,7941,126.97,2.89,273,2024-11-09
11984,9187,137.97,17.96,29,2024-07-12
11985,6729,342.9,9.37,9,2025-01-25
11986,6978,108.47,96.61,259,2024-04-30
11987,8632,256.1,61.21,468,2024-07-14
11988,1862,277.86,18.9,162,2025-03-08
11989,4789,461.74,2.35,80,2024-12-31
11990,3331,296.32,37.95,237,2025-04-18
11991,2248,141.99,50.07,376,2024-05-08
11992,6958,278.52,89.49,181,2025-04-29
11993,392,385.51,34.92,305,2024-07-04
11994,5740,221.59,80.47,145,2024-10-26
11995,827,288.59,37.46,457,2025-04-25
11996,2695,348.32,84.15,452,2024-09-22
11997,9727,370.5,28.09,103,2024-07-14
11998,5177,233.77,91.19,56,2024-08-30
11999,1384,458.52,41.96,420,2025-01-18
12000,7984,44.17,36.37,13,2024-11-03
12001,707,162.39,14.47,347,2024-11-08
12002,1171,238.46,10.54,328,2024-12-19
12003,5541,15.9,71.28,248,2025-02-06
12004,6350,57.97,80.21,116,2024-10-21
12005,8315,279.17,31.8,474,2024-11-07
12006,9724,411.4,30.28,472,2025-03-24
12007,3882,293.56,36.26,66,2025-01-12
12008,2020,279.33,27.28,8,2024-11-11
12009,8107,221.68,28.77,466,2025-01-27
12010,5372,44.11,44.04,138,2025-02-03
12011,915,322.15,82.13,161,2025-01-18
12012,2134,93.67,10.37,229,2025-04-25
12013,423,274.39,18.88,137,2024-08-10
12014,3295,170.36,72.79,55,2024-09-25
12015,1900,145.47,20.62,70,2024-12-06
12016,7310,474.79,41.73,403,2024-07-25
12017,4455,402.38,89.0,374,2024-06-19
12018,2293,343.39,48.77,196,2024-06-15
12019,1575,384.18,34.83,460,2024-12-15
12020,576,150.04,79.5,221,2025-01-20
12021,3385,464.17,52.17,467,2025-04-20
12022,7097,81.75,46.78,474,2024-05-01
12023,3595,338.98,95.44,433,2024-12-06
12024,8909,414.35,28.0,347,2025-03-13
12025,4331,127.96,76.84,70,2024-09-02
12026,692,271.53,65.52,165,2025-01-20
12027,297,432.72,42.97,422,2024-07-19
12028,2021,422.12,42.79,153,2024-05-17
12029,4654,274.8,78.33,149,2024-11-30
12030,8394,222.5,93.15,239,2024-08-11
12031,547,455.53,60.42,238,2024-07-15
12032,8827,193.39,67.52,55,2024-11-06
12033,5399,406.57,38.76,388,2024-05-11
12034,9955,133.52,90.89,312,2025-04-28
12035,9985,134.39,12.29,361,2024-10-11
12036,3713,318.61,97.23,117,2024-06-22
12037,8211,61.07,7.9,99,2025-03-30
12038,1788,423.93,39.57,276,2025-01-24
12039,445,166.51,82.03,31,2025-04-23
12040,9898,308.47,92.4,373,2025-01-11
12041,9195,300.51,50.65,154,2025-04-12
12042,6675,490.21,66.0,178,2024-05-01
12043,5852,450.76,54.27,449,2024-12-08
12044,9511,468.97,10.17,390,2025-03-28
12045,6153,266.76,75.92,160,2024-09-18
12046,5676,143.51,27.38,258,2025-02-11
12047,9397,479.62,49.74,83,2024-12-05
12048,9675,488.62,94.47,48,2024-07-20
12049,1834,386.62,4.05,24,2024-09-24
12050,5213,80.28,6.24,100,2024-05-25
12051,1072,54.72,68.82,496,2024-11-23
12052,8435,223.42,13.83,26,2024-06-01
12053,9213,362.23,87.43,185,2024-10-21
12054,7380,195.74,32.18,464,2024-08-01
12055,9713,84.41,80.64,496,2025-03-08
12056,4602,286.54,27.32,188,2025-03-17
12057,2810,491.03,82.39,334,2025-02-03
12058,289,408.34,41.95,345,2025-04-20
12059,3210,385.17,71.2,39,2024-10-11
12060,6494,374.66,83.59,125,2024-12-13
12061,2207,433.47,77.69,39,2024-12-07
12062,5048,84.55,2.21,127,2024-07-04
12063,3542,48.08,55.01,312,2024-12-04
12064,287,431.36,99.97,446,2024-12-26
12065,3586,249.76,38.61,20,2025-02-20
12066,8127,196.1,16.24,481,2024-07-27
12067,13,202.43,70.43,339,2024-05-10
12068,1322,94.25,76.56,183,2025-01-29
12069,3239,160.77,91.23,285,2025-03-31
12070,325,425.32,32.23,76,2025-03-31
12071,6163,320.07,85.91,160,2025-02-10
12072,7043,492.02,32.98,346,2024-08-30
12073,4060,90.57,25.77,293,2025-03-04
12074,1676,239.92,11.69,116,2024-08-07
12075,5434,255.16,83.08,269,2025-03-26
12076,8024,411.03,13.24,384,2025-04-10
12077,7097,79.07,70.29,242,2025-01-03
12078,1803,195.39,3.0,180,2024-09-07
12079,407,365.53,43.75,62,2025-03-23
12080,3277,491.09,51.78,370,2024-08-14
12081,3774,497.23,80.9,251,2024-08-31
12082,5231,169.94,41.07,500,2024-09-08
12083,4281,430.52,94.37,103,2024-09-04
12084,2992,435.47,44.76,186,2024-12-14
12085,4264,65.59,45.67,8,2024-12-16
12086,5755,344.57,8.4,173,2024-12-21
12087,3008,365.05,60.44,112,2024-04-30
12088,7572,331.93,73.51,83,2024-10-07
12089,7262,260.14,8.65,327,2024-08-04
12090,1730,52.16,9.7,366,2024-07-10
12091,7164,19.06,54.49,382,2024-09-03
12092,6527,315.17,51.05,96,2024-11-13
12093,4262,88.81,1.59,84,2025-01-08
12094,3946,446.52,3.44,382,2024-05-18
12095,9710,374.58,24.61,491,2024-10-17
12096,5697,404.33,93.03,11,2025-03-09
12097,3234,79.69,17.58,280,2024-12-03
12098,993,58.09,51.52,262,2025-02-12
12099,6922,230.79,15.94,137,2025-03-11
12100,6339,456.09,31.27,78,2024-12-31
12101,5587,305.48,87.71,35,2024-10-28
12102,2827,220.16,59.62,300,2025-04-24
12103,9067,369.52,61.03,467,2024-10-26
12104,6970,329.06,38.22,325,2025-02-10
12105,7078,312.32,10.88,368,2024-07-26
12106,4175,260.12,34.31,227,2024-07-28
12107,6684,215.71,34.15,449,2024-07-08
12108,4931,414.39,73.15,21,2024-08-22
12109,3273,102.3,45.94,372,2024-10-04
12110,1611,498.03,15.98,219,2025-01-23
12111,2651,159.29,76.34,414,2024-12-22
12112,9650,356.88,34.53,393,2024-09-09
12113,8451,459.52,70.08,358,2024-06-19
12114,6886,30.6,58.81,412,2024-07-24
12115,3697,276.68,3.92,321,2025-04-03
12116,9785,297.68,18.67,94,2024-05-16
12117,2205,334.02,25.92,105,2024-07-24
12118,9875,225.07,75.72,229,2024-12-04
12119,5203,192.53,83.92,242,2024-09-30
12120,7271,424.69,36.01,120,2024-12-21
12121,8430,322.39,54.6,430,2024-12-18
12122,4757,424.21,8.89,25,2024-09-22
12123,8742,303.24,75.41,57,2024-12-09
12124,7111,266.57,31.5,341,2024-07-22
12125,714,95.9,6.07,264,2024-08-24
12126,9598,247.3,71.24,10,2024-05-06
12127,1656,4.65,5.8,457,2025-04-08
12128,327,445.05,14.92,80,2024-11-15
12129,9732,300.98,81.56,183,2025-02-07
12130,380,101.45,76.67,355,2025-02-13
12131,4367,350.3,51.65,63,2024-06-06
12132,4337,290.99,48.02,219,2025-01-23
12133,3162,301.53,46.61,277,2024-07-12
12134,3660,432.08,75.12,250,2025-04-20
12135,290,257.21,46.5,2,2025-04-09
12136,1879,101.96,7.99,259,2024-12-09
12137,4081,486.47,56.85,427,2024-07-24
12138,8780,79.0,50.69,105,2024-11-22
12139,9714,297.84,89.89,303,2025-02-22
12140,6541,280.61,11.08,47,2024-10-20
12141,1627,169.61,35.45,451,2025-01-01
12142,5937,50.06,20.4,263,2024-12-08
12143,2513,180.39,66.85,9,2025-03-22
12144,7208,491.31,42.93,495,2024-07-11
12145,9019,198.33,35.11,349,2025-01-09
12146,7120,298.11,33.37,483,2024-05-24
12147,8853,120.51,38.1,158,2025-03-21
12148,411,469.23,62.73,164,2025-03-13
12149,8171,333.35,16.75,362,2024-11-29
12150,1650,273.23,90.72,380,2024-09-18
12151,2438,357.81,14.18,409,2024-07-27
12152,6157,256.13,75.44,454,2025-03-05
12153,5099,224.81,2.92,330,2024-08-28
12154,1261,285.37,15.98,410,2024-11-26
12155,9700,195.32,7.26,215,2024-09-18
12156,6397,113.11,94.06,109,2024-10-10
12157,2177,334.17,87.48,472,2024-08-08
12158,7966,17.09,0.06,379,2024-11-16
12159,2873,417.26,76.86,490,2024-09-12
12160,1467,198.48,32.38,261,2024-12-14
12161,1800,450.37,79.87,455,2025-03-05
12162,5105,156.72,89.77,459,2024-07-19
12163,6626,321.68,79.49,28,2024-10-01
12164,666,463.16,48.79,128,2024-05-09
12165,6244,320.0,27.6,304,2024-07-20
12166,4928,322.86,48.94,264,2025-02-18
12167,5007,245.18,87.8,492,2025-02-16
12168,8672,56.05,52.7,332,2025-04-23
12169,343,130.29,22.83,330,2024-06-24
12170,2194,239.21,82.04,423,2024-08-02
12171,1601,33.14,46.98,448,2024-07-09
12172,9930,205.45,57.79,410,2024-06-20
12173,365,296.17,77.17,199,2025-04-30
12174,913,499.12,84.72,131,2024-10-13
12175,8833,148.84,57.08,445,2024-08-22
12176,8535,446.31,55.56,58,2024-06-02
12177,1319,425.93,71.09,0,2024-07-09
12178,353,359.38,45.61,255,2025-04-10
12179,9203,131.37,61.11,318,2024-05-24
12180,2497,195.76,51.34,425,2024-10-11
12181,4515,251.92,91.65,466,2024-09-07
12182,6611,258.52,59.13,474,2025-04-25
12183,302,360.8,6.21,7,2024-12-05
12184,7568,10.43,11.14,276,2024-12-20
12185,6292,156.46,3.91,412,2025-02-17
12186,8482,173.45,37.63,428,2025-02-04
12187,9293,427.32,64.38,23,2025-04-08
12188,5071,305.56,99.53,268,2024-05-10
12189,4878,82.8,45.9,340,2024-10-04
12190,582,399.75,2.92,228,2024-05-03
12191,6149,384.5,17.71,82,2024-09-26
12192,8082,197.47,77.51,46,2024-05-19
12193,1463,354.06,73.34,217,2024-09-17
12194,3012,105.52,91.14,279,2025-04-24
12195,1322,61.62,51.34,27,2025-03-19
12196,6444,158.58,83.06,271,2025-02-17
12197,5594,149.72,27.27,40,2025-03-20
12198,6500,351.37,77.23,275,2024-07-09
12199,7958,99.27,90.44,33,2025-03-26
12200,747,80.83,91.19,35,2025-02-18
12201,8117,436.04,57.16,426,2024-06-06
12202,2560,34.09,79.84,471,2024-09-13
12203,4921,456.24,50.74,440,2024-10-18
12204,6138,217.74,66.13,296,2024-10-30
12205,4620,76.05,89.37,260,2025-01-31
12206,5888,253.62,98.39,446,2024-06-28
12207,7141,26.2,2.3,187,2024-12-03
12208,4343,103.16,62.32,442,2024-11-23
12209,308,464.97,53.03,342,2024-08-30
12210,4779,254.43,34.07,139,2025-01-10
12211,6837,274.29,12.26,3,2024-07-04
12212,5413,304.7,64.42,230,2024-07-06
12213,2174,43.54,97.9,322,2024-10-14
12214,4496,178.65,15.25,488,2025-04-03
12215,7490,49.77,53.25,461,2024-06-25
12216,7868,158.48,0.59,23,2024-12-29
12217,5732,241.51,34.73,139,2024-12-25
12218,9335,51.38,72.69,105,2025-01-13
12219,3500,65.34,85.18,60,2024-05-03
12220,5628,78.09,13.5,433,2025-02-01
12221,7531,208.14,72.69,95,2024-09-22
12222,9246,210.05,70.3,316,2024-12-31
12223,1922,37.54,67.45,456,2024-06-30
12224,4270,377.69,34.96,323,2025-02-24
12225,3084,444.38,65.22,252,2025-01-24
12226,5119,206.69,69.31,169,2025-02-08
12227,7995,238.22,4.59,318,2024-09-04
12228,4182,39.46,65.65,87,2025-02-15
12229,2674,467.37,16.26,303,2024-10-01
12230,8346,125.69,19.51,181,2024-06-17
12231,557,267.78,33.68,363,2024-06-06
12232,9220,22.63,89.51,136,2024-05-17
12233,882,239.88,58.87,290,2024-12-28
12234,375,101.14,60.88,260,2025-04-27
12235,1419,270.43,32.02,436,2025-01-10
12236,9086,157.88,8.12,447,2025-03-20
12237,9679,187.96,70.47,178,2025-02-07
12238,989,491.29,67.27,306,2024-11-09
12239,7844,466.13,52.46,34,2025-03-26
12240,6076,339.64,92.65,17,2024-07-22
12241,309,208.63,55.66,68,2024-05-23
12242,4898,427.35,74.11,162,2024-09-27
12243,185,323.5,83.14,3,2025-01-11
12244,5042,287.6,74.55,286,2025-02-07
12245,5122,172.63,31.5,500,2024-11-16
12246,9023,112.63,67.3,458,2024-08-18
12247,8261,361.31,85.88,397,2024-12-13
12248,4517,146.38,34.52,63,2025-04-28
12249,9847,354.07,15.76,361,2024-08-13
12250,756,26.12,61.47,252,2025-02-26
12251,9291,432.7,11.79,441,2024-06-17
12252,2381,193.61,99.04,231,2025-01-14
12253,6967,261.36,80.5,216,2024-05-13
12254,5649,130.88,70.01,257,2025-04-10
12255,3925,49.08,95.89,324,2024-07-27
12256,3538,254.46,55.7,256,2024-09-15
12257,9307,306.2,22.69,432,2024-08-17
12258,1889,159.9,99.57,437,2024-05-09
12259,7917,323.83,12.52,148,2024-12-25
12260,7685,157.47,64.17,226,2025-02-13
12261,3825,49.96,25.38,464,2024-09-02
12262,5508,48.02,37.54,285,2024-10-22
12263,8014,183.02,13.27,350,2025-03-17
12264,7759,202.26,50.47,185,2024-08-26
12265,928,33.04,91.83,239,2024-09-12
12266,6684,456.61,66.47,71,2025-04-20
12267,6238,11.0,24.13,462,2024-07-01
12268,29,245.01,23.84,443,2024-11-24
12269,4351,372.81,3.91,184,2024-10-24
12270,3613,20.89,29.16,13,2024-05-20
12271,8840,294.34,5.11,378,2025-01-16
12272,5094,38.81,19.61,136,2024-12-10
12273,4050,208.0,34.94,236,2025-02-10
12274,3687,148.03,8.44,468,2025-01-24
12275,3420,383.04,28.97,249,2024-08-01
12276,3227,16.95,7.84,91,2024-08-26
12277,492,164.14,10.11,494,2024-06-27
12278,2380,490.11,94.0,125,2025-02-19
12279,8095,254.39,15.1,416,2025-02-10
12280,186,0.46,1.39,417,2025-04-25
12281,98,155.51,76.71,106,2024-10-12
12282,7233,76.45,18.83,159,2024-06-03
12283,5416,45.57,76.6,283,2024-10-03
12284,4243,123.9,88.33,277,2024-11-10
12285,998,188.38,13.46,60,2024-08-21
12286,9110,93.17,14.58,397,2024-07-30
12287,3103,197.88,55.39,66,2024-06-04
12288,4456,228.78,42.15,253,2024-06-18
12289,993,260.31,67.42,495,2025-03-26
12290,3565,145.9,11.82,183,2024-12-15
12291,2769,409.15,6.77,120,2024-11-09
12292,5149,246.31,67.06,106,2025-01-22
12293,1729,451.37,32.53,126,2024-07-08
12294,5711,115.87,71.27,339,2024-10-13
12295,4431,427.49,72.8,311,2024-11-09
12296,8444,465.88,12.77,314,2024-06-09
12297,858,175.11,58.94,475,2024-10-03
12298,8358,100.22,23.24,20,2025-02-21
12299,8296,245.23,3.34,195,2024-07-29
12300,3198,1.66,82.16,117,2024-07-14
12301,4332,276.16,30.57,85,2025-01-13
12302,2414,99.89,2.12,312,2024-08-17
12303,294,121.8,9.87,28,2025-01-29
12304,1356,221.64,91.81,406,2025-01-26
12305,6777,144.29,37.51,146,2025-02-06
12306,6004,34.56,55.09,205,2024-12-20
12307,4999,431.91,58.23,156,2024-08-14
12308,2616,206.12,29.1,5,2025-01-30
12309,9730,151.39,13.23,340,2024-08-27
12310,6251,180.01,40.7,425,2025-02-06
12311,1264,279.87,51.54,76,2025-03-31
12312,8444,497.31,77.22,178,2025-03-13
12313,5146,173.77,35.4,76,2024-08-25
12314,3688,84.04,37.97,3,2024-10-12
12315,3401,496.44,10.3,41,2024-09-14
12316,1176,382.92,44.83,286,2025-04-14
12317,3725,49.83,49.52,116,2025-01-19
12318,2640,350.63,17.91,46,2024-07-10
12319,5091,359.24,88.35,481,2024-05-22
12320,4627,457.34,88.37,181,2024-05-19
12321,2250,364.8,94.07,484,2024-07-14
12322,4720,328.38,49.55,8,2024-11-13
12323,2183,140.86,84.68,427,2024-11-05
12324,2140,476.7,87.67,192,2024-08-26
12325,6388,355.96,29.45,395,2025-04-19
12326,5969,372.15,36.86,159,2024-07-20
12327,878,152.98,75.49,142,2025-02-19
12328,5458,78.7,97.9,227,2024-06-03
12329,649,115.81,75.62,435,2024-11-27
12330,50,293.29,56.85,379,2025-03-17
12331,6805,238.39,6.59,98,2024-12-16
12332,660,241.71,77.95,268,2024-10-15
12333,6851,0.18,44.3,84,2024-08-27
12334,3103,299.13,73.21,415,2024-11-29
12335,7107,385.01,71.82,264,2024-09-07
12336,8324,198.52,1.01,467,2025-03-14
12337,7698,124.06,16.43,31,2025-03-09
12338,8076,170.22,90.07,43,2024-11-04
12339,8160,478.56,31.22,27,2024-10-16
12340,1395,257.88,59.94,196,2024-05-22
12341,7525,483.53,78.55,254,2025-04-04
12342,9086,483.39,75.41,343,2025-04-07
12343,6076,213.62,16.21,297,2024-06-19
12344,8831,361.33,54.48,315,2025-02-28
12345,9974,424.71,12.85,337,2024-08-14
12346,6695,444.06,25.21,337,2024-09-20
12347,3561,75.8,83.07,483,2024-05-19
12348,7703,428.21,85.7,407,2025-02-06
12349,1600,275.68,2.48,346,2024-07-21
12350,1835,268.3,98.07,257,2025-04-02
12351,7647,339.99,92.85,338,2024-12-20
12352,3698,244.68,49.12,365,2024-07-01
12353,366,340.2,10.52,415,2024-09-06
12354,2354,295.59,32.28,158,2024-12-02
12355,5881,466.28,75.41,151,2025-03-24
12356,6000,373.75,8.27,376,2025-02-10
12357,9666,450.54,66.86,50,2025-03-06
12358,488,282.87,59.51,47,2025-04-07
12359,3242,101.28,17.68,427,2024-10-16
12360,2494,221.12,31.45,14,2025-01-29
12361,6196,93.33,50.98,183,2025-02-15
12362,5855,192.64,69.09,486,2025-02-28
12363,9772,376.44,84.63,496,2024-06-07
12364,3029,152.25,0.11,489,2024-09-11
12365,8364,130.91,18.65,315,2024-10-05
12366,1575,418.68,16.58,463,2025-03-10
12367,4637,419.76,83.9,249,2024-05-22
12368,1897,269.74,9.02,1,2024-05-12
12369,3036,445.57,79.57,419,2024-05-31
12370,1833,21.05,98.82,76,2024-06-06
12371,7384,288.4,55.02,360,2025-02-18
12372,7149,406.34,28.24,117,2024-12-16
12373,2304,331.31,5.99,445,2024-05-20
12374,6713,223.32,12.72,359,2024-12-10
12375,4720,307.9,72.75,135,2024-06-16
12376,3462,255.93,99.69,203,2024-06-21
12377,779,247.93,78.8,150,2025-04-18
12378,5466,256.72,59.09,325,2024-12-11
12379,5588,364.53,58.45,82,2025-04-24
12380,3721,468.26,67.25,288,2024-06-06
12381,2148,424.83,93.19,252,2025-03-17
12382,1565,136.96,34.37,9,2024-04-30
12383,6516,349.43,12.92,183,2025-01-21
12384,6658,99.42,49.77,105,2024-12-28
12385,295,320.39,21.21,295,2025-03-07
12386,3894,495.09,67.65,365,2024-08-22
12387,2878,451.8,63.64,354,2024-08-08
12388,5589,137.42,42.92,482,2024-08-18
12389,37,20.1,48.61,206,2024-11-09
12390,6587,372.54,41.1,358,2025-02-12
12391,7507,202.82,18.25,27,2024-08-09
12392,5798,95.87,14.13,446,2025-03-10
12393,1710,80.36,58.55,422,2025-01-07
12394,9394,336.65,60.07,416,2025-03-18
12395,9067,138.6,3.76,350,2024-07-05
12396,7393,10.37,22.82,415,2024-05-18
12397,6716,488.35,72.7,231,2024-09-14
12398,9611,324.65,87.41,336,2024-11-26
12399,2191,492.32,30.9,499,2024-08-17
12400,8289,317.55,25.64,190,2025-01-10
12401,7908,214.68,41.87,300,2025-01-19
12402,1631,25.74,28.24,450,2025-02-20
12403,1060,183.24,56.95,333,2024-10-26
12404,2869,429.63,20.31,312,2025-04-09
12405,2317,108.35,52.22,300,2025-01-14
12406,1944,440.6,3.94,321,2025-02-15
12407,3564,229.36,64.35,176,2024-11-13
12408,8721,417.2,55.71,230,2024-07-15
12409,7211,79.34,36.4,218,2024-05-18
12410,8053,206.46,3.88,298,2024-09-22
12411,2375,256.06,31.59,446,2025-02-12
12412,79,25.06,32.54,351,2024-08-07
12413,3829,210.87,95.18,431,2024-09-11
12414,7776,491.11,63.97,402,2025-04-10
12415,9025,232.49,27.56,99,2024-12-11
12416,8921,110.15,68.81,322,2024-11-27
12417,903,87.58,9.97,454,2024-09-29
12418,6479,386.15,46.37,236,2024-05-07
12419,3926,359.1,41.56,444,2024-07-27
12420,9249,357.32,22.98,59,2025-02-01
12421,5526,275.78,93.96,486,2025-04-04
12422,6009,54.38,60.65,186,2024-06-06
12423,3263,401.24,50.74,437,2024-08-05
12424,5190,440.3,15.4,302,2024-07-04
12425,540,439.95,15.69,205,2024-08-20
12426,8475,449.35,27.81,142,2024-08-26
12427,6588,80.08,93.85,203,2025-01-26
12428,9813,157.66,80.39,202,2024-06-24
12429,3945,45.45,67.48,379,2025-02-15
12430,2785,268.17,52.94,92,2025-01-20
12431,1517,0.62,12.44,136,2024-09-18
12432,3374,443.76,67.53,8,2024-12-04
12433,2149,243.34,46.86,165,2025-02-13
12434,880,174.01,72.01,169,2024-09-23
12435,7907,72.77,11.68,170,2024-07-26
12436,7291,43.07,19.29,407,2024-07-24
12437,3443,434.02,15.68,377,2025-03-08
12438,8926,329.17,36.63,276,2024-05-04
12439,7497,370.55,93.38,8,2024-05-07
12440,7283,436.5,58.37,146,2025-04-26
12441,6935,189.23,45.55,196,2024-05-30
12442,6472,69.75,75.15,11,2024-11-06
12443,89,266.27,74.3,26,2024-07-06
12444,6520,311.29,9.91,349,2025-04-27
12445,2164,231.43,31.45,235,2025-03-10
12446,9459,409.8,96.85,68,2025-01-22
12447,7321,445.97,12.14,17,2024-07-06
12448,1050,482.67,44.95,273,2025-04-02
12449,6855,427.86,96.43,79,2025-01-03
12450,1007,163.14,25.75,153,2024-06-23
12451,4459,402.5,69.09,415,2024-06-07
12452,8483,324.32,84.51,387,2025-03-14
12453,1879,364.38,82.45,494,2024-12-01
12454,8564,144.16,3.56,110,2024-12-27
12455,3246,463.09,60.77,391,2024-07-19
12456,4120,297.63,8.98,398,2025-03-27
12457,4774,199.59,68.03,325,2024-09-15
12458,2668,361.11,3.41,61,2025-01-22
12459,8156,453.1,4.53,431,2024-08-21
12460,3543,421.62,15.69,325,2024-07-15
12461,8202,256.19,7.69,52,2025-03-24
12462,7955,259.3,73.47,150,2025-03-01
12463,7591,219.32,2.59,369,2024-05-18
12464,3572,127.2,38.26,383,2024-09-12
12465,3493,116.25,3.03,95,2025-04-19
12466,7540,434.11,90.01,435,2024-10-10
12467,4957,323.84,53.11,43,2025-02-12
12468,5440,265.73,27.76,103,2024-08-21
12469,6438,343.31,25.28,121,2024-12-29
12470,2505,24.33,45.84,146,2025-02-08
12471,3247,273.86,50.32,491,2025-02-26
12472,1517,139.76,15.85,463,2024-04-30
12473,3414,335.8,54.83,462,2025-04-29
12474,9649,288.09,14.97,89,2024-07-26
12475,7233,421.79,13.67,247,2024-08-13
12476,5848,470.51,70.09,229,2025-01-24
12477,1477,446.28,70.64,456,2025-03-26
12478,7718,482.14,73.71,272,2024-10-05
12479,5047,417.04,56.94,48,2024-11-15
12480,8025,444.53,23.31,413,2024-12-22
12481,7329,25.86,83.6,438,2025-02-12
12482,959,142.38,22.27,164,2024-08-04
12483,1436,386.89,26.63,356,2024-08-24
12484,9019,454.14,99.76,355,2025-01-30
12485,5819,271.63,80.9,177,2025-04-05
12486,5037,138.29,9.53,289,2024-11-23
12487,8874,0.41,66.82,210,2025-02-19
12488,6353,290.24,17.02,311,2024-12-17
12489,138,488.62,83.55,489,2024-07-16
12490,4583,93.19,15.67,133,2024-08-16
12491,3794,140.69,82.54,238,2024-12-15
12492,1733,255.72,64.5,169,2024-09-04
12493,297,413.15,47.3,36,2024-07-15
12494,5205,313.99,24.77,323,2024-05-24
12495,8870,473.51,65.16,384,2024-08-11
12496,5691,332.93,29.56,461,2025-01-24
12497,9850,370.44,69.24,329,2024-09-15
12498,5479,268.7,67.03,453,2024-11-21
12499,2547,361.39,8.96,22,2025-02-17
12500,9418,16.24,81.69,338,2025-04-06
12501,551,352.21,0.71,115,2025-02-19
12502,6144,298.47,74.33,284,2024-10-09
12503,6931,264.84,6.28,305,2025-01-01
12504,3922,142.91,12.47,12,2025-04-16
12505,4583,138.6,33.16,359,2025-02-06
12506,3100,196.25,39.92,212,2024-10-09
12507,3430,146.53,24.24,280,2025-01-07
12508,215,201.01,30.83,244,2025-01-16
12509,8957,113.54,33.3,149,2024-12-08
12510,9767,155.98,6.3,244,2024-10-12
12511,1544,496.78,82.52,208,2024-10-09
12512,8210,373.61,61.83,231,2025-04-06
12513,1700,484.45,20.53,427,2024-07-13
12514,5952,122.13,57.71,394,2024-05-29
12515,1198,20.7,51.9,438,2024-11-21
12516,9867,58.31,19.77,215,2025-04-03
12517,4358,338.4,80.78,204,2024-12-22
12518,8582,80.45,50.73,40,2024-06-21
12519,1953,350.11,32.43,65,2025-02-08
12520,2604,22.12,82.62,212,2025-01-25
12521,1223,118.03,71.24,281,2025-03-17
12522,5108,394.32,97.24,335,2024-07-11
12523,6803,60.5,77.63,18,2024-09-15
12524,3120,309.91,40.04,136,2024-12-18
12525,8635,13.05,38.73,388,2024-10-18
12526,7848,337.88,34.61,370,2024-06-21
12527,7862,52.13,75.27,55,2025-04-22
12528,9591,2.43,32.57,73,2024-06-11
12529,2242,269.28,98.76,454,2024-08-20
12530,9527,109.33,81.05,61,2025-04-09
12531,8711,414.26,78.33,487,2025-01-12
12532,4648,372.34,19.59,424,2024-05-18
12533,9680,218.32,74.45,314,2025-02-12
12534,4770,248.24,84.22,315,2025-04-27
12535,4213,118.42,31.28,205,2024-08-10
12536,1573,406.39,39.52,435,2024-08-27
12537,2642,122.46,54.85,144,2024-05-08
12538,3385,373.44,88.86,196,2024-05-11
12539,9925,50.23,62.83,337,2025-04-28
12540,5702,26.63,76.36,468,2024-10-28
12541,5638,259.35,7.8,131,2025-04-28
12542,814,143.27,80.89,339,2025-04-16
12543,1278,246.67,93.7,269,2024-10-30
12544,449,27.85,94.1,236,2024-09-14
12545,268,244.53,56.65,457,2024-06-26
12546,4940,326.35,45.93,162,2024-05-17
12547,4714,121.83,69.15,4,2024-05-13
12548,4728,238.17,76.16,267,2024-06-18
12549,1075,107.83,74.32,154,2024-09-15
12550,1667,200.7,37.67,477,2024-08-16
12551,4882,236.83,81.29,182,2025-04-27
12552,3762,20.44,42.74,286,2025-01-29
12553,9733,344.89,73.76,54,2025-03-25
12554,2675,482.95,36.35,427,2024-09-19
12555,8619,113.01,56.23,367,2024-12-17
12556,8629,92.62,39.57,468,2024-11-09
12557,3098,216.66,34.49,345,2024-08-04
12558,2993,262.28,27.02,156,2024-11-27
12559,3706,362.26,6.19,311,2024-09-26
12560,2594,465.69,42.68,134,2025-01-03
12561,2005,237.94,18.05,330,2024-09-26
12562,7123,312.34,95.12,70,2024-06-25
12563,580,252.11,26.96,21,2025-04-28
12564,8185,387.25,23.11,31,2024-06-23
12565,9764,28.59,34.13,320,2024-11-21
12566,875,261.6,40.41,354,2024-10-06
12567,9159,262.31,43.93,132,2024-07-29
12568,6014,270.57,8.21,69,2025-01-03
12569,2966,370.73,49.21,468,2024-08-19
12570,1949,437.97,98.62,79,2024-08-02
12571,2191,313.4,61.15,169,2024-09-04
12572,9686,124.88,29.82,108,2024-09-06
12573,3689,290.0,40.93,359,2024-09-15
12574,4998,315.8,22.39,400,2024-10-28
12575,2029,30.23,37.17,300,2024-11-03
12576,9894,47.68,96.17,211,2024-05-25
12577,9117,64.22,45.6,290,2024-10-07
12578,6278,312.14,77.52,97,2024-08-10
12579,4932,475.09,74.25,33,2025-01-28
12580,5582,312.39,19.26,311,2024-08-16
12581,2823,111.8,48.85,38,2024-11-28
12582,8097,394.66,31.6,62,2024-09-02
12583,9426,422.31,50.94,375,2024-05-30
12584,3469,33.91,67.72,17,2024-05-14
12585,7715,159.57,69.41,28,2024-06-14
12586,3679,141.22,70.27,425,2025-03-21
12587,4334,0.11,26.75,298,2025-01-03
12588,756,298.24,45.62,291,2025-01-19
12589,8891,422.66,42.19,98,2024-07-12
12590,1923,386.74,98.53,208,2025-02-28
12591,9217,93.04,69.28,202,2024-11-27
12592,1621,435.09,20.28,44,2024-07-06
12593,6554,262.5,1.56,246,2024-06-28
12594,529,164.54,42.77,469,2025-02-25
12595,6633,130.57,53.23,193,2025-02-09
12596,4818,320.16,78.64,453,2024-08-06
12597,9258,122.83,11.88,80,2024-05-29
12598,2883,381.68,69.03,273,2025-03-24
12599,8814,256.88,22.21,122,2024-07-30
12600,241,268.67,83.2,394,2024-12-30
12601,8195,143.18,60.61,36,2025-01-30
12602,1314,464.63,15.83,191,2024-12-25
12603,8993,143.02,11.47,224,2025-02-22
12604,7946,327.26,6.13,413,2024-09-30
12605,1733,287.71,83.03,70,2025-04-07
12606,216,56.08,81.68,342,2025-03-16
12607,6116,438.52,62.41,144,2025-02-27
12608,6160,122.91,9.93,458,2024-11-07
12609,6382,36.72,6.31,21,2024-11-04
12610,3365,286.84,22.29,484,2024-08-25
12611,3582,243.68,89.67,160,2025-02-18
12612,5174,326.01,41.57,168,2024-09-16
12613,3222,106.16,72.76,199,2025-02-04
12614,2570,148.44,51.4,130,2024-06-06
12615,3642,126.66,65.91,276,2024-06-16
12616,3067,421.95,69.18,101,2025-04-22
12617,4230,262.88,64.67,123,2024-06-09
12618,5517,115.62,25.79,37,2025-04-27
12619,2695,193.25,21.86,406,2025-04-22
12620,7220,383.34,99.32,193,2025-04-25
12621,7772,167.21,93.51,44,2024-10-05
12622,8103,300.55,61.52,284,2024-11-02
12623,674,12.18,98.5,79,2024-12-26
12624,1650,17.64,15.22,311,2024-05-31
12625,5493,28.03,1.49,70,2025-02-09
12626,5779,125.2,4.59,96,2024-05-22
12627,4725,432.71,51.6,68,2024-06-29
12628,9972,153.66,15.61,228,2024-06-23
12629,6887,51.18,1.24,310,2024-11-12
12630,8503,191.83,8.35,192,2025-03-26
12631,1420,360.76,21.8,450,2024-10-21
12632,1295,71.03,3.04,221,2025-04-13
12633,8283,233.06,38.61,307,2025-01-09
12634,843,285.66,55.81,335,2024-12-01
12635,6456,88.66,89.35,499,2024-09-07
12636,8820,147.36,44.56,54,2024-11-25
12637,7105,82.42,79.61,260,2025-04-04
12638,2881,181.18,87.16,191,2025-04-15
12639,1264,253.66,38.8,133,2024-08-23
12640,2698,120.92,26.8,263,2025-01-31
12641,5701,332.63,49.98,477,2024-09-09
12642,3541,50.06,43.52,67,2024-08-03
12643,7240,238.24,54.41,460,2025-03-09
12644,4729,71.63,56.79,329,2024-08-11
12645,4153,51.02,74.75,474,2024-12-26
12646,9283,358.9,6.69,370,2024-08-28
12647,9661,287.7,5.78,302,2025-03-04
12648,548,75.47,43.1,148,2024-05-19
12649,7933,358.17,95.07,34,2025-01-19
12650,1492,121.45,51.87,377,2025-01-26
12651,4570,458.41,60.63,174,2024-05-16
12652,7985,269.37,34.11,172,2024-06-26
12653,377,87.69,63.43,470,2024-12-25
12654,5443,144.26,88.14,497,2024-06-19
12655,6553,362.96,33.7,433,2024-08-10
12656,1882,338.79,54.63,181,2024-06-10
12657,4064,429.46,69.07,237,2025-01-04
12658,1765,6.48,7.27,129,2024-06-29
12659,6896,59.53,94.68,79,2024-11-11
12660,9366,434.59,36.83,201,2024-08-25
12661,9853,76.67,66.65,197,2024-08-28
12662,3495,282.58,63.62,377,2024-12-09
12663,6222,55.06,26.06,489,2024-08-07
12664,1160,223.1,48.12,347,2025-03-10
12665,1379,415.07,85.59,471,2024-09-05
12666,4120,94.82,24.54,171,2024-07-18
12667,3765,156.44,86.45,12,2024-10-07
12668,3914,215.99,33.11,481,2025-03-24
12669,948,123.85,9.53,22,2025-01-29
12670,4494,225.83,21.22,4,2024-08-20
12671,8595,95.21,89.19,44,2025-04-17
12672,2368,473.0,94.67,391,2024-06-19
12673,8099,151.27,15.3,298,2024-12-13
12674,5696,25.56,77.44,62,2024-09-02
12675,7138,224.66,10.63,115,2025-02-15
12676,458,288.38,12.02,410,2024-10-29
12677,2212,147.33,2.68,366,2025-01-01
12678,4967,347.91,13.76,492,2025-04-15
12679,9277,215.85,77.4,68,2024-07-20
12680,8846,271.72,48.34,292,2025-01-21
12681,8654,117.33,72.97,187,2024-07-29
12682,2954,195.73,80.68,487,2025-03-25
12683,4517,196.06,31.03,365,2025-02-27
12684,6291,396.69,10.77,136,2024-09-28
12685,7313,387.8,73.28,189,2024-06-13
12686,1728,288.17,33.99,414,2025-03-16
12687,4476,216.98,6.54,125,2025-04-16
12688,9441,497.78,38.71,303,2024-09-30
12689,1592,477.56,60.3,262,2024-12-18
12690,6206,60.87,62.57,230,2024-12-23
12691,8862,216.64,47.8,60,2024-06-24
12692,4410,194.42,77.98,191,2025-03-28
12693,8318,90.81,80.48,345,2024-08-01
12694,1680,458.64,31.24,244,2024-07-18
12695,6935,380.46,90.24,71,2024-11-25
12696,5074,214.06,44.81,256,2024-08-13
12697,5758,189.49,90.9,43,2024-11-30
12698,975,316.1,92.09,42,2024-12-11
12699,6277,142.02,93.05,294,2025-01-19
12700,4549,478.13,36.04,360,2024-08-25
12701,8173,485.07,36.53,192,2024-12-30
12702,9502,24.54,14.86,178,2025-04-10
12703,5679,100.87,40.31,481,2024-06-05
12704,2450,144.15,52.68,464,2024-11-17
12705,9272,127.12,51.9,190,2024-09-14
12706,6388,326.6,0.47,173,2024-10-18
12707,9865,25.51,41.0,241,2024-11-27
12708,3269,459.95,96.85,451,2024-12-14
12709,1560,440.26,62.46,387,2024-05-18
12710,325,51.03,21.08,168,2024-05-16
12711,7671,383.39,18.45,115,2024-08-25
12712,1848,253.62,56.75,253,2024-11-09
12713,4099,37.41,5.35,275,2024-08-12
12714,4811,217.33,74.0,63,2024-11-03
12715,210,193.63,79.45,93,2025-03-10
12716,6136,464.36,35.5,199,2024-10-27
12717,5721,132.07,64.64,492,2024-12-25
12718,7742,115.57,7.87,173,2024-05-13
12719,9950,33.08,74.07,60,2025-02-28
12720,9252,494.84,77.9,90,2025-04-06
12721,5523,396.19,76.83,173,2025-04-25
12722,9628,381.79,25.95,434,2024-11-15
12723,9789,396.42,29.06,79,2024-12-13
12724,1896,299.56,87.18,333,2024-08-14
12725,6035,426.24,9.15,168,2024-08-11
12726,6993,331.55,84.6,405,2024-07-21
12727,1532,81.88,13.74,322,2024-09-18
12728,2145,160.86,3.8,204,2025-02-23
12729,6804,327.93,70.61,353,2025-01-05
12730,1104,215.17,54.03,479,2024-07-17
12731,3237,313.15,10.76,293,2024-06-07
12732,2853,375.81,86.15,38,2025-02-09
12733,8909,276.08,14.84,100,2024-05-26
12734,9631,441.12,8.53,373,2025-01-08
12735,38,354.83,28.05,372,2024-08-15
12736,6728,288.69,93.4,481,2024-06-01
12737,5173,111.39,20.68,321,2024-11-15
12738,9871,39.54,42.49,101,2025-04-12
12739,7071,380.07,81.94,221,2025-01-17
12740,3013,76.45,94.77,29,2024-11-04
12741,2356,4.36,80.02,421,2024-11-18
12742,6874,475.92,83.6,38,2024-08-05
12743,8776,87.53,54.5,95,2024-08-08
12744,3784,314.51,33.48,131,2024-07-08
12745,753,160.52,10.93,345,2024-12-09
12746,4582,387.29,88.23,423,2024-05-29
12747,1191,427.92,91.1,419,2025-03-26
12748,4936,348.6,15.72,386,2025-03-19
12749,3495,482.21,88.59,247,2025-04-18
12750,8933,376.1,7.78,484,2025-02-18
12751,5417,226.5,13.44,30,2024-06-18
12752,6712,393.84,93.51,175,2025-04-22
12753,1772,227.27,17.19,375,2025-04-22
12754,5543,359.67,45.22,483,2025-04-06
12755,2578,64.1,51.05,207,2025-04-26
12756,7283,330.55,10.35,366,2025-01-23
12757,1810,455.23,15.98,261,2024-09-22
12758,1509,102.7,69.52,305,2024-12-20
12759,2063,342.65,19.09,439,2025-04-08
12760,3831,156.2,33.03,318,2025-03-31
12761,8367,177.48,15.97,42,2024-07-27
12762,6239,289.07,60.71,61,2025-01-13
12763,3532,496.23,1.57,37,2024-11-06
12764,7801,425.05,5.06,70,2024-06-16
12765,2886,409.65,75.88,102,2024-08-10
12766,8535,438.68,96.34,300,2024-08-12
12767,8642,441.01,41.74,117,2024-11-01
12768,7718,59.35,86.67,196,2024-11-07
12769,7760,257.19,98.45,31,2024-09-26
12770,8128,162.27,21.27,284,2024-08-07
12771,3619,360.77,32.64,3,2024-08-24
12772,816,74.26,62.95,388,2024-11-11
12773,3803,386.4,68.24,318,2024-10-20
12774,6398,478.62,42.24,208,2024-05-09
12775,9166,278.22,1.74,297,2024-09-26
12776,6537,77.86,21.08,36,2024-09-16
12777,4630,97.01,63.98,55,2024-12-28
12778,5179,54.79,96.08,348,2024-08-31
12779,7114,388.85,5.88,486,2025-03-17
12780,7180,160.74,4.62,57,2024-07-25
12781,4226,233.11,6.77,474,2024-09-12
12782,5290,459.04,91.28,466,2025-01-04
12783,6506,4.74,96.56,65,2024-10-28
12784,1835,352.6,43.14,437,2024-10-06
12785,5904,483.02,73.72,311,2024-12-13
12786,7842,246.01,62.36,244,2025-02-14
12787,9438,422.01,44.45,410,2025-03-01
12788,6910,11.8,45.08,14,2025-01-27
12789,1935,323.01,99.56,25,2025-04-17
12790,3834,419.23,72.46,179,2025-01-30
12791,8,183.58,21.35,487,2024-06-12
12792,7475,131.89,76.92,458,2024-12-06
12793,8814,205.72,92.16,458,2024-08-09
12794,5002,273.47,67.15,333,2024-08-31
12795,7240,204.61,56.65,248,2024-07-05
12796,3892,143.92,59.81,19,2024-12-26
12797,3424,449.92,70.91,358,2024-08-23
12798,1290,446.04,8.73,249,2024-05-31
12799,3258,147.4,0.62,192,2024-08-17
12800,7116,45.79,97.91,110,2024-10-06
12801,5987,333.11,56.49,14,2025-02-26
12802,2260,479.71,3.4,316,2024-11-06
12803,6241,248.48,27.96,132,2025-03-28
12804,5502,494.58,18.93,83,2024-07-29
12805,4709,493.23,89.62,344,2025-01-18
12806,4352,445.9,89.94,201,2025-01-15
12807,3863,135.58,23.11,238,2025-02-05
12808,2220,16.48,34.78,295,2024-08-12
12809,2922,495.27,55.65,22,2025-04-05
12810,8383,205.41,98.58,301,2024-05-01
12811,4382,58.21,17.8,320,2024-08-14
12812,3394,90.79,55.01,153,2024-11-06
12813,4255,446.44,32.24,127,2024-12-17
12814,6706,291.47,52.45,98,2024-08-14
12815,2094,327.3,78.1,308,2024-07-31
12816,9661,195.7,70.32,491,2024-06-18
12817,1,230.21,76.16,439,2024-10-13
12818,1330,491.98,6.19,478,2024-07-24
12819,3066,297.15,49.7,323,2025-02-18
12820,6919,204.66,56.07,118,2024-09-07
12821,916,106.92,82.31,83,2024-12-28
12822,1281,338.74,99.6,495,2024-06-05
12823,7072,216.94,43.56,424,2024-12-08
12824,1513,117.73,32.92,179,2024-07-12
12825,2712,152.44,49.53,340,2024-09-20
12826,3576,287.15,18.99,156,2024-08-15
12827,7422,7.32,80.36,81,2024-07-03
12828,9620,174.65,60.18,465,2024-06-12
12829,3433,305.19,40.7,24,2025-03-12
12830,1723,50.34,65.86,410,2024-06-15
12831,7618,192.31,67.66,488,2024-11-30
12832,7174,368.91,67.48,212,2024-10-05
12833,9748,25.41,99.45,490,2024-05-26
12834,8197,288.75,64.81,286,2025-03-15
12835,9648,382.51,16.5,32,2024-06-23
12836,641,351.84,89.23,139,2024-05-25
12837,4917,175.27,62.56,179,2024-05-11
12838,4747,301.04,83.11,196,2025-01-29
12839,118,205.7,0.37,129,2024-05-05
12840,7792,173.4,0.0,246,2024-06-06
12841,5056,32.0,87.15,185,2025-02-24
12842,6726,178.44,22.4,213,2024-08-02
12843,6410,474.38,88.56,274,2024-12-08
12844,1690,119.87,53.16,267,2024-05-29
12845,3572,470.03,53.63,171,2024-10-21
12846,3567,265.76,91.44,209,2025-03-13
12847,1746,350.36,41.56,232,2024-09-29
12848,5441,70.13,73.97,59,2025-04-29
12849,4982,214.0,30.33,243,2025-03-10
12850,1423,374.23,64.04,220,2024-07-13
12851,9021,387.15,38.59,264,2025-03-25
12852,9718,95.46,57.28,330,2025-04-22
12853,8680,328.97,3.73,363,2024-09-01
12854,1474,353.53,57.67,1,2025-01-24
12855,4981,262.64,82.28,142,2025-01-24
12856,1358,120.75,47.72,143,2024-11-01
12857,855,483.78,27.68,226,2024-06-10
12858,8558,212.19,59.27,126,2024-09-06
12859,2379,386.66,89.26,400,2025-02-13
12860,9482,402.32,2.85,429,2024-08-16
12861,9598,410.8,19.21,280,2024-08-05
12862,7518,231.91,11.38,314,2024-06-07
12863,1289,273.52,52.68,380,2024-12-17
12864,7615,281.35,89.65,55,2024-09-13
12865,3190,407.37,75.52,318,2024-06-21
12866,9215,497.57,97.24,390,2024-06-09
12867,7630,297.81,90.78,130,2024-09-18
12868,8262,480.11,59.62,340,2024-10-25
12869,843,319.38,32.44,180,2024-11-02
12870,552,214.15,25.58,321,2025-04-30
12871,2279,260.83,6.56,206,2024-06-30
12872,8230,333.6,8.15,6,2024-12-11
12873,7016,139.54,53.77,232,2024-11-08
12874,2817,291.77,45.36,147,2025-04-13
12875,7021,239.68,28.87,428,2025-02-06
12876,6209,130.23,49.99,174,2024-06-08
12877,2403,99.38,62.82,102,2024-05-02
12878,5288,68.11,44.2,481,2024-10-05
12879,5978,259.98,53.35,253,2024-10-12
12880,5379,393.39,93.81,207,2024-07-10
12881,4665,463.34,76.07,57,2024-09-29
12882,2646,78.81,75.51,47,2024-11-20
12883,3131,23.73,47.29,132,2025-04-18
12884,1252,30.07,77.61,249,2025-02-25
12885,517,384.79,58.27,32,2024-11-12
12886,6626,424.54,99.18,483,2024-06-14
12887,2658,316.3,41.62,166,2024-12-07
12888,9447,110.96,63.49,416,2024-11-05
12889,7523,203.37,16.14,447,2024-12-31
12890,2861,295.56,42.49,88,2024-07-19
12891,9647,329.18,30.41,181,2025-02-07
12892,8298,217.0,57.83,86,2024-09-16
12893,1645,438.44,56.89,4,2024-07-15
12894,864,70.66,10.74,38,2025-04-28
12895,212,90.67,58.34,274,2024-08-01
12896,5475,336.44,1.94,358,2024-12-16
12897,3841,421.15,15.09,461,2025-04-10
12898,8353,241.71,54.68,232,2025-01-17
12899,3314,185.65,78.13,287,2024-06-06
12900,199,443.45,94.95,232,2024-12-08
12901,4421,186.04,98.21,133,2024-12-20
12902,6340,131.59,56.91,316,2024-05-26
12903,9567,268.36,41.11,369,2025-01-11
12904,2407,342.76,4.28,333,2024-11-24
12905,3082,392.73,36.77,397,2025-03-11
12906,2600,466.32,27.59,47,2024-06-30
12907,8382,37.38,23.35,222,2024-12-30
12908,396,278.91,35.96,23,2024-08-08
12909,34,83.85,17.87,63,2024-11-27
12910,5831,178.02,77.56,397,2024-10-11
12911,9394,96.94,4.68,444,2025-03-07
12912,3367,206.55,64.02,26,2024-12-10
12913,5641,197.46,63.36,259,2025-01-07
12914,1046,123.86,72.91,254,2025-03-27
12915,1365,422.48,25.91,407,2025-03-23
12916,5321,208.74,70.19,133,2024-11-30
12917,1682,171.77,95.78,255,2024-06-28
12918,6391,192.06,10.33,493,2025-02-03
12919,4778,328.22,88.06,330,2024-08-30
12920,3419,482.04,1.76,339,2024-06-21
12921,4116,293.78,89.46,320,2025-03-01
12922,1104,86.59,17.25,103,2024-10-28
12923,681,391.24,26.31,348,2024-07-21
12924,2858,481.92,37.89,371,2025-01-08
12925,3828,222.79,92.48,477,2024-07-30
12926,3160,125.87,80.16,42,2024-07-29
12927,687,74.03,30.01,498,2025-04-07
12928,1104,186.27,91.47,58,2024-10-04
12929,1641,74.4,75.92,62,2024-09-20
12930,9701,244.19,83.6,409,2024-07-03
12931,3735,58.73,70.74,199,2024-06-29
12932,6606,334.01,60.8,228,2024-07-20
12933,8548,229.2,45.5,213,2025-02-27
12934,9405,172.27,6.87,258,2024-05-16
12935,5030,193.0,41.37,274,2024-11-29
12936,7597,423.17,56.19,83,2025-03-29
12937,6233,494.51,97.82,271,2025-01-14
12938,2722,10.75,43.11,310,2024-07-28
12939,1335,235.97,50.27,378,2024-12-25
12940,3879,179.08,77.33,212,2024-12-12
12941,2111,128.75,8.5,485,2024-07-13
12942,3830,285.25,26.66,475,2024-09-27
12943,9698,56.29,88.03,489,2024-12-31
12944,5892,191.8,11.5,444,2024-07-20
12945,5639,317.8,99.42,310,2024-09-12
12946,6080,291.91,94.57,57,2025-04-02
12947,7951,85.44,1.82,354,2024-12-07
12948,5542,151.34,3.47,8,2025-01-29
12949,6567,279.22,1.49,399,2024-08-01
12950,8216,442.96,85.84,108,2025-04-15
12951,7117,498.43,83.92,307,2025-04-28
12952,5732,119.99,22.1,428,2024-07-25
12953,7795,282.55,1.92,394,2024-05-31
12954,2815,80.56,36.44,27,2024-09-14
12955,5738,446.33,88.25,240,2024-06-11
12956,6336,370.57,52.62,456,2025-03-05
12957,3275,263.9,78.01,27,2025-04-14
12958,1164,304.71,77.31,260,2025-03-03
12959,2557,373.59,52.48,105,2025-03-18
12960,4836,213.1,78.23,385,2024-07-16
12961,8196,24.35,2.24,214,2024-07-31
12962,6257,485.78,82.48,257,2024-10-04
12963,648,158.12,63.6,322,2025-02-19
12964,8711,461.06,84.34,186,2024-08-09
12965,9960,191.64,5.81,373,2024-08-19
12966,7554,231.53,88.75,249,2024-09-12
12967,388,18.19,67.14,319,2025-03-16
12968,5924,222.11,11.96,199,2024-09-04
12969,8911,470.31,13.64,498,2024-12-16
12970,8404,394.77,53.96,249,2024-12-04
12971,3009,454.08,10.99,232,2024-07-05
12972,6971,168.4,8.15,36,2025-03-11
12973,1510,297.55,48.98,228,2024-05-04
12974,4259,320.31,87.37,487,2025-03-22
12975,1826,56.19,84.32,91,2025-04-01
12976,2391,160.76,44.11,124,2024-10-10
12977,3950,14.62,50.41,439,2025-04-09
12978,6495,383.2,2.59,95,2024-12-16
12979,4681,401.06,30.79,11,2025-04-10
12980,9378,491.78,21.32,132,2024-10-13
12981,6032,300.68,85.82,233,2025-01-09
12982,7944,499.65,4.92,182,2024-11-19
12983,8243,292.58,57.72,297,2024-06-28
12984,6736,273.13,64.76,89,2024-08-31
12985,2003,99.17,20.87,216,2024-08-03
12986,7727,184.57,19.37,398,2025-02-20
12987,124,91.2,9.5,220,2024-06-17
12988,573,50.44,13.27,359,2024-05-31
12989,8219,294.77,52.26,487,2024-09-07
12990,7368,23.04,20.63,273,2024-10-06
12991,4207,326.1,37.83,129,2025-03-28
12992,3096,349.54,91.08,439,2024-12-13
12993,8132,472.21,0.29,253,2025-01-02
12994,7197,383.8,2.2,475,2024-12-20
12995,1351,158.03,12.04,221,2024-06-25
12996,6375,236.22,68.06,58,2024-11-02
12997,3124,359.69,30.28,263,2024-12-19
12998,6829,315.42,24.8,45,2024-06-02
12999,9110,213.06,51.38,127,2025-01-13
13000,1544,298.86,52.97,299,2025-02-12
13001,1467,8.75,87.64,450,2024-09-06
13002,7797,208.57,59.21,444,2025-01-26
13003,3262,76.65,13.18,145,2024-06-18
13004,322,145.12,83.51,214,2024-07-15
13005,5103,337.84,51.62,121,2025-04-18
13006,7541,78.9,6.67,202,2024-12-29
13007,6703,278.96,37.84,385,2024-10-26
13008,2867,132.18,66.92,492,2025-01-10
13009,7595,212.9,71.94,268,2024-12-09
13010,7287,282.79,54.51,430,2025-03-31
13011,2006,445.3,76.83,160,2024-09-22
13012,8953,488.07,44.39,393,2025-03-11
13013,7527,268.26,84.37,95,2024-07-09
13014,8278,480.13,62.72,375,2024-10-01
13015,3138,45.79,92.41,476,2025-03-06
13016,2180,200.3,29.92,4,2024-08-13
13017,5629,24.31,97.34,267,2025-04-02
13018,5111,36.4,92.66,341,2024-11-11
13019,3412,253.51,61.71,104,2024-07-03
13020,9280,227.37,77.27,340,2024-08-27
13021,2602,396.91,90.53,460,2024-11-30
13022,6763,95.55,95.08,351,2024-07-05
13023,2667,179.84,69.91,422,2024-11-14
13024,3469,24.62,64.62,453,2024-10-03
13025,6784,114.06,13.61,120,2025-02-20
13026,6781,247.38,64.14,20,2024-11-11
13027,3492,310.28,73.3,164,2024-07-27
13028,7988,174.02,87.06,28,2024-08-11
13029,3170,495.28,62.22,416,2025-04-14
13030,3492,89.23,10.85,69,2024-06-28
13031,8798,111.67,1.2,33,2024-12-24
13032,9944,226.11,85.41,496,2024-08-01
13033,4044,380.24,2.74,319,2024-08-08
13034,8098,184.25,63.41,499,2024-10-19
13035,78,186.6,3.45,443,2024-07-16
13036,4620,260.14,83.8,206,2025-04-18
13037,7670,486.92,81.04,380,2025-01-18
13038,2349,402.96,19.99,283,2024-12-01
13039,5273,62.64,17.65,371,2025-03-15
13040,3587,497.05,63.63,9,2025-01-25
13041,3039,73.29,82.12,336,2024-06-07
13042,8134,303.11,92.21,306,2024-11-16
13043,8365,217.03,44.18,126,2025-02-23
13044,2512,334.22,21.18,221,2024-09-20
13045,3028,90.8,41.71,39,2024-05-15
13046,8100,269.41,47.91,124,2024-09-17
13047,3971,268.24,98.69,320,2024-07-03
13048,6353,183.47,58.77,362,2024-08-28
13049,9529,62.62,26.01,370,2025-04-11
13050,9128,119.48,92.12,321,2025-04-30
13051,2259,357.98,11.21,439,2024-11-08
13052,7742,456.35,28.34,255,2025-02-22
13053,7548,118.42,26.24,229,2024-08-07
13054,7989,382.67,87.29,181,2024-09-09
13055,6463,232.58,6.28,259,2024-10-28
13056,7184,316.34,74.15,108,2024-10-21
13057,1190,191.27,75.9,53,2024-09-03
13058,2542,467.5,42.77,474,2025-01-13
13059,7582,227.92,51.39,405,2024-11-19
13060,2989,437.38,82.82,498,2024-05-27
13061,1605,283.58,1.56,202,2025-04-08
13062,7805,238.2,66.17,200,2025-01-14
13063,9560,22.19,19.26,145,2024-08-23
13064,1759,248.71,54.25,262,2024-06-25
13065,7351,429.31,87.16,398,2025-03-17
13066,7906,208.38,65.42,329,2024-06-09
13067,552,280.52,6.38,137,2025-03-28
13068,6370,208.92,21.02,297,2024-06-07
13069,8936,287.88,63.03,94,2024-08-14
13070,4876,14.16,8.49,138,2024-09-02
13071,928,422.61,68.77,101,2024-09-30
13072,5598,192.13,77.06,397,2024-05-16
13073,1485,375.89,61.89,464,2025-02-07
13074,3817,189.32,58.64,417,2024-12-19
13075,7755,291.8,1.9,267,2024-07-24
13076,8942,422.12,41.07,181,2025-03-03
13077,8127,359.86,37.96,352,2024-06-14
13078,6670,3.15,81.12,410,2024-12-08
13079,9556,295.28,85.55,134,2024-06-07
13080,5194,23.6,49.01,67,2025-01-18
13081,1103,479.67,7.75,232,2024-11-06
13082,5047,409.29,64.79,127,2024-05-17
13083,2542,23.51,14.12,161,2025-01-04
13084,1593,214.24,9.56,440,2025-03-24
13085,2658,194.5,70.37,204,2024-08-23
13086,3285,122.47,25.96,486,2024-12-30
13087,5326,209.54,83.07,325,2024-12-12
13088,4557,383.72,37.13,408,2024-10-24
13089,6645,325.93,64.04,146,2024-10-17
13090,1864,94.06,43.82,483,2025-01-30
13091,1516,216.01,81.87,395,2024-11-18
13092,136,223.28,70.94,206,2024-10-27
13093,4203,429.04,71.02,165,2025-03-07
13094,598,449.18,17.16,36,2025-04-19
13095,3790,38.63,11.73,186,2025-04-30
13096,5684,275.45,92.92,122,2024-07-04
13097,5728,399.2,36.01,160,2025-01-29
13098,1764,295.77,84.17,256,2025-03-31
13099,5995,112.7,83.7,166,2025-04-10
13100,3139,100.35,71.53,47,2025-03-13
13101,5620,87.76,1.66,420,2024-05-07
13102,4486,55.92,7.94,411,2024-09-12
13103,5175,210.34,74.09,168,2024-06-28
13104,619,316.86,69.88,221,2024-09-29
13105,7257,124.64,55.41,232,2024-08-16
13106,447,267.04,77.35,89,2025-03-06
13107,1252,378.13,15.72,213,2024-07-24
13108,9820,479.21,82.7,377,2025-04-09
13109,4558,274.43,0.77,455,2025-02-01
13110,3580,209.09,98.15,298,2024-11-04
13111,536,124.66,4.35,95,2025-01-04
13112,7990,76.65,44.84,411,2025-04-22
13113,6390,322.34,59.02,188,2025-04-07
13114,3687,125.12,30.08,143,2024-10-29
13115,5329,492.26,58.79,486,2025-02-11
13116,508,344.78,63.31,177,2024-12-21
13117,2802,99.87,10.57,416,2024-05-29
13118,2501,281.99,9.18,370,2024-10-20
13119,6082,388.88,97.69,225,2024-06-11
13120,5093,89.12,88.43,179,2024-09-07
13121,1590,262.55,16.06,230,2024-05-31
13122,7225,479.25,76.33,45,2024-05-27
13123,3058,448.39,27.15,113,2025-01-01
13124,9621,181.02,60.28,454,2025-02-28
13125,5935,377.25,43.72,53,2024-09-15
13126,3026,179.65,5.58,366,2025-03-31
13127,567,487.8,93.35,0,2025-01-02
13128,5879,379.78,63.67,96,2024-12-28
13129,8210,242.74,2.39,113,2024-10-21
13130,760,91.66,15.7,313,2024-12-09
13131,2839,290.79,39.37,368,2024-05-07
13132,7498,255.37,54.63,465,2025-01-04
13133,8438,66.12,82.38,123,2024-06-24
13134,434,204.68,78.71,335,2024-06-04
13135,1329,6.42,57.8,243,2024-12-15
13136,8454,91.54,92.73,42,2024-05-17
13137,4089,126.32,13.7,374,2024-12-10
13138,5887,298.53,48.42,50,2025-04-22
13139,3962,149.43,93.23,139,2024-07-07
13140,650,116.68,80.12,390,2024-10-24
13141,8851,253.04,37.16,492,2025-01-26
13142,4395,172.68,30.27,89,2025-02-16
13143,9860,115.76,94.82,494,2024-08-02
13144,1894,236.09,38.99,197,2024-09-04
13145,169,471.1,31.42,79,2024-05-30
13146,3400,365.2,69.78,481,2024-12-16
13147,4727,409.93,26.81,321,2024-05-18
13148,4915,456.66,36.51,123,2024-10-24
13149,164,216.9,43.03,78,2025-01-11
13150,1758,19.68,99.64,318,2025-01-13
13151,5936,457.49,65.15,87,2024-07-16
13152,1547,394.46,37.53,50,2024-12-12
13153,14,293.21,25.17,259,2024-10-30
13154,6910,138.26,76.23,464,2024-12-04
13155,2939,148.7,0.91,256,2024-07-12
13156,5513,423.9,88.61,94,2024-12-29
13157,7627,444.62,95.19,9,2025-01-25
13158,8080,278.41,68.45,240,2024-08-29
13159,4463,168.45,90.48,449,2024-05-05
13160,4390,61.63,36.19,253,2024-08-18
13161,5169,222.97,45.09,454,2025-03-10
13162,269,416.53,3.25,240,2024-05-01
13163,1253,487.0,80.89,251,2025-01-02
13164,9358,448.05,47.87,19,2025-01-28
13165,2918,242.31,49.54,412,2024-08-20
13166,130,242.98,92.46,479,2024-09-24
13167,9100,264.71,47.93,409,2024-07-13
13168,4111,251.14,80.26,305,2025-03-24
13169,5987,476.4,3.59,303,2024-11-12
13170,17,295.37,10.16,440,2025-01-17
13171,3602,267.6,0.02,265,2025-04-05
13172,2108,129.9,69.51,35,2024-06-01
13173,9616,220.3,59.5,181,2024-09-20
13174,4878,422.95,3.18,49,2024-05-07
13175,3333,316.36,86.32,199,2024-11-10
13176,7855,49.42,81.43,342,2024-11-24
13177,6947,345.18,24.94,36,2024-07-24
13178,7703,465.94,79.38,2,2024-06-19
13179,791,493.03,56.39,91,2024-08-11
13180,8080,285.78,21.61,368,2025-01-08
13181,9033,388.82,3.05,406,2024-08-04
13182,5510,84.31,71.54,18,2025-04-11
13183,6272,194.66,0.22,167,2025-04-01
13184,7987,450.8,36.32,150,2024-11-01
13185,6017,71.56,48.27,467,2025-02-25
13186,920,434.17,65.76,185,2024-12-02
13187,8447,101.85,82.65,169,2024-06-08
13188,2363,349.19,82.12,165,2024-11-28
13189,1960,156.42,73.95,127,2024-07-25
13190,4141,430.22,13.68,57,2024-08-25
13191,6299,436.78,38.94,367,2024-10-25
13192,2943,95.04,67.56,448,2024-05-14
13193,1989,134.99,6.46,43,2025-04-19
13194,164,456.73,23.71,245,2025-04-29
13195,6781,425.57,81.92,357,2025-03-19
13196,585,157.75,31.54,484,2024-07-02
13197,8534,159.22,73.09,87,2025-03-12
13198,1361,250.33,57.94,190,2025-02-26
13199,5732,237.89,9.9,108,2025-01-16
13200,8088,53.78,86.28,267,2024-08-01
13201,6851,59.52,73.89,270,2025-02-02
13202,352,265.32,23.85,358,2024-12-24
13203,8448,34.41,46.67,180,2024-10-15
13204,1268,295.24,65.4,261,2024-08-15
13205,5392,220.09,28.11,333,2024-08-29
13206,1340,336.04,25.9,217,2024-10-17
13207,5867,411.24,13.82,464,2025-02-01
13208,7242,171.71,31.79,29,2025-03-12
13209,4435,82.45,23.94,320,2024-05-27
13210,7539,208.42,66.21,334,2024-11-10
13211,2491,152.28,1.07,446,2024-10-23
13212,9052,254.79,62.54,474,2025-04-01
13213,8081,45.43,69.79,298,2024-10-15
13214,7465,256.29,57.64,253,2025-04-24
13215,2198,69.29,41.68,98,2024-05-25
13216,1459,343.51,98.93,449,2024-06-29
13217,7117,403.24,94.59,312,2024-08-11
13218,9210,248.81,29.26,369,2024-10-23
13219,155,225.33,74.65,227,2024-04-30
13220,5072,67.25,50.29,230,2025-03-23
13221,2456,254.65,57.77,276,2025-01-04
13222,3644,7.56,52.05,67,2024-07-05
13223,7732,128.81,93.3,433,2024-10-10
13224,1521,58.03,52.03,293,2024-05-25
13225,6326,171.38,11.16,230,2025-02-17
13226,4648,485.11,46.15,309,2025-03-31
13227,9947,42.93,3.73,477,2025-04-09
13228,9233,381.17,7.58,19,2024-07-23
13229,3023,246.19,73.62,161,2024-10-06
13230,9623,18.07,64.57,87,2024-11-04
13231,5083,301.01,7.57,70,2025-01-14
13232,974,453.69,65.04,92,2024-09-02
13233,8784,390.21,90.97,328,2025-02-14
13234,2240,153.03,6.94,307,2025-03-16
13235,900,433.54,85.33,20,2024-11-14
13236,1550,104.09,33.27,108,2024-11-16
13237,3163,328.82,57.62,493,2025-04-09
13238,3378,462.38,70.29,174,2024-05-17
13239,1607,114.98,54.55,128,2024-11-13
13240,9946,291.58,53.69,390,2025-01-19
13241,9035,58.28,5.62,156,2024-08-21
13242,2760,178.34,19.57,65,2024-05-09
13243,3855,93.52,43.49,319,2024-11-12
13244,322,483.9,77.04,355,2024-12-13
13245,6967,132.6,74.46,129,2025-02-08
13246,7517,473.36,50.15,33,2024-08-28
13247,1492,371.4,6.35,9,2024-12-29
13248,9013,92.66,1.79,27,2024-06-24
13249,4009,239.21,39.4,43,2024-06-28
13250,9273,271.3,69.18,9,2025-02-25
13251,7173,271.99,20.71,90,2025-02-23
13252,5589,415.51,31.45,423,2024-06-23
13253,7146,460.96,8.85,120,2024-12-04
13254,3064,335.9,27.66,121,2024-11-20
13255,8163,85.9,7.19,232,2024-11-24
13256,5045,86.54,28.69,108,2024-09-11
13257,1757,24.98,34.28,226,2024-08-12
13258,1993,215.3,94.14,396,2025-04-21
13259,6156,389.8,29.16,173,2025-01-30
13260,4790,40.51,65.41,400,2025-01-07
13261,2821,359.43,55.62,178,2024-12-10
13262,323,338.86,48.07,180,2024-06-16
13263,9894,378.31,20.14,408,2025-04-01
13264,5439,266.35,25.18,8,2025-04-17
13265,1866,307.64,25.43,231,2025-02-10
13266,6347,340.97,52.09,190,2024-12-20
13267,6150,222.26,79.38,121,2025-02-28
13268,8525,285.16,52.55,339,2024-05-12
13269,3844,180.75,8.65,413,2024-10-28
13270,9965,394.7,94.59,69,2025-04-09
13271,9728,379.03,17.74,276,2025-02-07
13272,3339,169.25,94.65,378,2024-05-10
13273,4375,139.38,82.54,376,2024-10-09
13274,3143,428.23,45.06,231,2024-07-21
13275,3046,251.1,20.02,293,2024-08-22
13276,8577,246.99,1.64,1,2024-05-09
13277,5176,471.0,71.36,89,2024-08-02
13278,9563,143.24,21.7,219,2025-01-26
13279,5067,409.24,14.77,311,2024-12-14
13280,9344,42.53,31.64,428,2024-11-12
13281,6627,177.07,61.03,81,2024-12-15
13282,2216,95.66,35.9,352,2025-01-09
13283,1851,309.33,45.47,10,2025-01-27
13284,9089,324.48,91.27,70,2024-05-10
13285,7480,157.21,23.41,106,2025-01-03
13286,3279,377.23,18.6,359,2024-08-20
13287,4634,410.13,66.78,223,2024-10-11
13288,8630,484.87,1.74,53,2024-05-26
13289,2642,56.62,12.32,64,2025-03-04
13290,589,172.77,41.59,58,2024-06-18
13291,2692,87.74,10.61,58,2024-08-16
13292,110,249.23,49.86,34,2024-06-17
13293,3761,460.81,57.04,431,2025-02-19
13294,7219,32.71,50.67,452,2024-10-29
13295,1291,93.65,96.91,405,2024-11-14
13296,2233,185.02,21.18,371,2024-09-25
13297,8074,62.77,77.3,312,2025-04-16
13298,9570,465.12,13.48,416,2025-01-12
13299,3573,2.81,5.89,412,2024-07-09
13300,8981,347.89,0.87,285,2024-05-04
13301,8419,332.38,13.6,394,2025-03-28
13302,7254,404.85,16.91,416,2025-03-22
13303,9105,95.45,94.92,200,2024-07-29
13304,6358,470.65,90.78,466,2024-10-12
13305,8948,11.34,27.19,298,2025-01-19
13306,7911,359.24,56.58,157,2024-12-23
13307,5488,255.39,78.34,402,2024-12-02
13308,5491,378.67,63.6,1,2024-12-05
13309,6572,155.49,30.36,490,2025-01-07
13310,8000,286.31,4.11,75,2024-06-09
13311,3832,152.31,17.19,105,2024-12-23
13312,1461,172.31,82.42,37,2024-08-14
13313,7309,282.87,83.74,26,2024-07-19
13314,2205,260.08,99.03,58,2024-08-09
13315,2562,31.22,29.29,102,2024-05-21
13316,2247,76.43,64.23,385,2025-02-20
13317,6188,275.73,26.65,287,2024-12-09
13318,5158,328.82,84.92,253,2024-05-21
13319,9777,54.87,88.56,210,2025-02-25
13320,5603,319.52,34.46,412,2024-12-24
13321,5334,279.07,71.22,100,2024-08-15
13322,757,475.32,54.87,321,2024-05-23
13323,187,16.26,13.81,66,2024-09-20
13324,2251,334.99,50.62,296,2025-01-05
13325,5297,161.36,70.26,118,2025-01-15
13326,3821,388.01,18.71,291,2025-02-13
13327,4831,124.83,38.15,297,2024-08-16
13328,455,116.78,6.73,148,2024-05-07
13329,3548,147.12,69.93,409,2025-03-14
13330,6091,390.88,17.47,490,2024-09-25
13331,8154,66.49,47.99,151,2024-09-18
13332,8960,101.94,34.41,68,2024-08-21
13333,4320,420.03,0.77,76,2024-12-10
13334,2446,95.4,31.92,474,2025-03-23
13335,7013,339.08,44.63,327,2025-01-22
13336,8049,134.26,72.09,139,2024-06-20
13337,481,149.8,49.64,484,2024-08-07
13338,2162,323.63,86.15,492,2024-11-12
13339,3032,497.21,37.81,457,2025-02-16
13340,2731,30.04,5.94,329,2024-08-16
13341,7589,122.76,93.85,413,2024-06-04
13342,9813,260.16,45.42,350,2024-10-09
13343,5805,228.1,0.38,472,2025-02-21
13344,9071,122.76,71.52,317,2025-04-01
13345,7570,412.18,84.47,248,2024-12-08
13346,8075,400.86,59.79,367,2025-03-24
13347,2356,360.42,97.55,175,2024-11-16
13348,5625,88.75,92.8,277,2024-08-02
13349,3739,371.48,96.82,114,2024-07-21
13350,2700,70.1,82.51,106,2024-09-21
13351,4313,50.35,48.07,200,2024-05-27
13352,4269,413.52,95.98,11,2024-05-13
13353,7863,183.2,23.89,357,2025-04-12
13354,8107,425.9,12.06,252,2024-11-21
13355,490,289.97,69.7,36,2025-01-18
13356,5609,434.82,2.5,201,2024-10-02
13357,1764,253.85,26.91,363,2024-09-07
13358,2975,437.88,3.9,341,2024-06-21
13359,8715,147.33,30.22,107,2024-05-26
13360,7938,413.37,85.78,276,2024-10-30
13361,3694,31.52,54.77,155,2024-06-15
13362,4346,486.53,15.34,402,2025-01-26
13363,9733,202.38,94.26,418,2025-03-20
13364,7490,375.81,74.98,142,2024-08-22
13365,3486,241.63,74.45,19,2024-05-13
13366,9227,240.76,29.71,46,2024-06-26
13367,4728,198.06,53.01,182,2025-01-13
13368,310,390.58,64.93,4,2024-07-02
13369,47,115.14,56.21,383,2024-07-27
13370,4077,222.0,92.97,169,2024-08-28
13371,2871,350.61,52.08,167,2025-02-06
13372,8319,93.3,96.25,226,2025-04-08
13373,8042,471.33,42.91,456,2025-04-12
13374,8652,305.83,31.13,495,2024-06-04
13375,1608,161.51,64.84,340,2024-10-21
13376,7983,22.64,86.61,304,2024-12-18
13377,1073,445.05,86.92,196,2025-04-04
13378,611,401.26,13.14,412,2024-08-18
13379,2037,294.76,81.96,231,2025-04-15
13380,1025,238.1,31.99,24,2024-08-05
13381,7001,273.0,38.27,101,2024-05-05
13382,2074,3.89,52.14,114,2024-08-25
13383,8239,61.95,34.25,178,2024-08-14
13384,7252,118.76,3.11,3,2025-02-08
13385,269,103.38,77.25,310,2024-05-22
13386,2323,67.97,20.85,312,2025-03-05
13387,7607,44.85,43.12,290,2024-12-19
13388,3790,472.91,6.96,380,2024-11-26
13389,7214,368.0,19.64,439,2025-01-04
13390,6531,495.54,32.49,40,2024-12-17
13391,4887,310.8,30.55,436,2025-04-02
13392,6775,349.61,32.95,300,2024-09-30
13393,7551,222.55,16.33,320,2024-07-18
13394,6064,36.63,55.59,403,2024-11-11
13395,5826,398.19,42.52,210,2024-06-29
13396,7171,10.47,99.4,283,2025-02-18
13397,4319,311.15,0.92,221,2025-01-09
13398,1383,74.96,37.15,11,2024-08-14
13399,6146,320.0,84.95,367,2024-11-16
13400,6958,323.65,69.16,250,2024-12-18
13401,4448,273.63,25.81,151,2025-01-19
13402,8925,412.55,30.7,26,2024-10-13
13403,3219,473.92,95.55,396,2024-10-13
13404,4454,148.77,42.19,339,2024-09-21
13405,8663,456.38,11.7,374,2024-06-24
13406,4877,435.74,60.55,30,2025-02-26
13407,6542,261.58,35.42,415,2025-02-21
13408,2402,251.13,75.62,30,2024-10-12
13409,5228,77.78,25.7,284,2025-02-23
13410,8090,285.5,19.08,149,2024-07-23
13411,5003,395.22,87.47,295,2024-06-07
13412,6236,338.72,16.91,371,2025-02-04
13413,6129,366.03,68.62,441,2024-07-14
13414,970,122.01,7.63,351,2024-08-06
13415,7288,235.84,28.9,451,2025-04-27
13416,1185,306.92,66.88,318,2024-05-27
13417,1988,202.6,77.53,371,2024-11-12
13418,3930,214.39,61.97,308,2024-07-01
13419,2702,457.25,52.82,281,2024-10-19
13420,7019,354.92,6.27,433,2024-07-12
13421,2935,139.88,79.32,221,2024-11-08
13422,4730,432.39,89.0,100,2025-04-23
13423,1422,106.01,36.37,43,2024-08-31
13424,8426,451.6,26.26,276,2025-04-07
13425,8701,67.51,71.19,392,2024-10-09
13426,4750,453.36,2.87,82,2024-06-18
13427,6569,279.32,74.85,355,2024-12-30
13428,3256,309.05,42.82,218,2024-06-30
13429,7742,273.82,30.92,239,2024-06-30
13430,5375,386.6,65.45,436,2025-02-08
13431,358,119.8,79.83,495,2024-12-15
13432,6021,444.72,88.45,82,2024-06-06
13433,7794,152.43,18.75,122,2024-09-30
13434,7206,454.9,64.73,231,2025-03-21
13435,8797,459.1,58.32,386,2025-04-22
13436,3114,165.31,26.62,363,2024-12-20
13437,9952,437.24,63.56,212,2025-03-30
13438,7077,252.0,90.42,11,2024-11-20
13439,8,285.29,94.34,233,2024-09-06
13440,9770,211.08,65.46,314,2024-12-09
13441,4546,212.26,32.86,438,2024-12-16
13442,1297,187.17,81.24,224,2025-04-19
13443,5047,90.57,50.96,379,2024-06-24
13444,4319,18.59,95.96,247,2025-04-05
13445,4176,371.43,23.79,306,2025-04-11
13446,5917,355.65,72.87,487,2024-09-29
13447,6617,16.77,34.3,462,2025-04-17
13448,2384,492.44,58.54,325,2025-04-15
13449,4532,375.49,76.55,499,2025-03-20
13450,1226,350.42,92.9,369,2025-04-01
13451,4168,413.31,32.8,390,2024-07-14
13452,8141,404.99,23.43,280,2025-01-09
13453,2403,459.37,73.06,404,2024-11-18
13454,959,292.5,85.37,74,2025-01-05
13455,749,362.62,50.38,18,2025-02-25
13456,2557,468.48,95.0,392,2025-02-11
13457,5607,251.32,85.63,377,2024-09-14
13458,4522,179.74,25.68,364,2024-08-06
13459,8972,167.81,50.76,205,2024-06-11
13460,2175,391.0,95.22,132,2024-12-10
13461,9043,105.51,52.25,358,2024-05-22
13462,3909,457.04,18.44,66,2025-04-06
13463,9182,305.29,12.92,369,2024-11-05
13464,2122,313.85,39.39,285,2025-01-30
13465,2015,227.4,73.1,29,2024-11-21
13466,3153,107.44,40.23,279,2024-08-13
13467,910,407.75,14.86,375,2024-11-04
13468,7052,355.49,94.93,469,2025-04-18
13469,4419,344.67,92.97,276,2025-01-23
13470,4438,5.66,97.74,187,2024-07-11
13471,4487,56.92,12.61,1,2024-06-05
13472,5012,426.03,30.94,105,2025-04-21
13473,6222,284.51,72.94,205,2025-04-19
13474,8768,260.74,39.36,199,2025-01-20
13475,9102,288.32,79.86,449,2025-01-06
13476,2469,284.83,85.67,338,2025-03-24
13477,7936,7.79,64.57,12,2025-03-23
13478,1081,183.71,9.21,467,2024-09-29
13479,7721,131.37,78.6,493,2024-06-21
13480,4308,459.85,55.21,1,2025-04-29
13481,8913,58.21,18.98,270,2024-10-04
13482,5855,244.64,83.56,98,2024-12-10
13483,8564,189.13,32.58,280,2024-10-29
13484,4390,118.1,71.59,117,2025-04-30
13485,6253,62.08,0.44,377,2025-04-12
13486,2407,110.93,90.61,494,2025-04-30
13487,5918,459.98,69.88,318,2024-09-23
13488,2443,4.32,85.75,124,2025-01-20
13489,2387,39.95,38.13,80,2025-02-21
13490,3143,351.63,30.45,215,2024-06-04
13491,7085,113.41,90.05,139,2025-02-18
13492,6611,143.25,27.25,78,2024-05-19
13493,4180,244.44,79.49,41,2025-04-26
13494,2099,22.84,36.58,114,2024-11-10
13495,165,451.17,38.74,154,2024-05-05
13496,6170,460.75,51.9,106,2024-05-19
13497,4890,451.05,94.1,355,2024-12-28
13498,3572,481.98,99.34,29,2024-11-16
13499,1391,51.9,16.26,136,2024-07-26
13500,7649,498.52,55.05,492,2024-05-21
13501,4439,82.0,3.54,342,2025-04-05
13502,1571,225.63,6.97,131,2024-08-05
13503,2694,162.71,10.56,51,2024-10-31
13504,3975,13.05,85.27,428,2024-06-01
13505,6913,317.55,96.09,313,2024-06-25
13506,9780,294.81,68.79,418,2024-10-28
13507,8069,273.3,11.09,36,2024-07-15
13508,4822,325.31,94.25,15,2024-07-20
13509,7130,478.88,52.83,338,2024-12-09
13510,770,130.77,62.66,286,2025-04-13
13511,1138,97.27,32.21,300,2025-02-20
13512,2747,205.25,75.49,69,2025-02-23
13513,6835,36.46,66.1,362,2024-08-02
13514,8562,277.64,67.48,77,2025-04-15
13515,8308,164.64,74.75,172,2024-11-07
13516,6686,74.45,79.21,405,2024-05-02
13517,3031,328.1,65.59,339,2024-05-10
13518,536,45.4,95.62,227,2024-11-07
13519,91,459.13,89.51,491,2024-11-13
13520,5093,378.63,82.63,382,2025-02-08
13521,4705,124.64,19.64,257,2024-11-23
13522,5939,302.59,64.31,369,2025-03-10
13523,2315,382.9,77.07,166,2024-05-29
13524,8483,342.28,58.76,81,2024-08-28
13525,1018,142.81,92.25,35,2025-03-31
13526,4111,491.56,89.91,488,2025-01-30
13527,9951,238.26,59.35,92,2024-12-05
13528,6903,303.87,50.99,109,2025-02-08
13529,6370,216.5,87.74,242,2024-12-06
13530,9977,213.5,80.1,236,2024-06-28
13531,2999,335.51,55.61,294,2025-03-04
13532,6769,177.04,89.59,105,2025-02-23
13533,8781,444.29,70.92,205,2024-12-17
13534,8922,418.83,99.81,314,2024-10-17
13535,1242,177.23,76.69,169,2025-03-26
13536,12,237.24,55.89,217,2025-03-27
13537,5549,189.58,35.16,220,2024-06-28
13538,4309,123.35,42.81,55,2024-09-15
13539,8925,336.86,67.72,303,2024-09-08
13540,1032,160.36,76.3,47,2025-04-19
13541,5990,143.06,89.3,296,2024-08-10
13542,5761,364.91,68.51,453,2024-10-09
13543,6411,198.71,13.17,282,2024-08-19
13544,4617,278.31,45.67,433,2024-06-07
13545,8008,325.89,11.14,278,2025-03-09
13546,9699,14.16,54.32,76,2024-11-22
13547,4877,337.16,47.16,35,2024-07-24
13548,3475,99.59,61.29,96,2024-10-26
13549,4331,437.34,68.03,313,2024-06-15
13550,677,0.34,72.43,373,2024-05-30
13551,1964,223.6,20.62,333,2024-11-07
13552,5080,427.17,91.01,160,2025-03-30
13553,6096,386.49,42.3,143,2024-11-17
13554,1206,181.64,86.38,87,2025-03-18
13555,1534,10.45,2.32,349,2024-06-17
13556,1781,116.09,26.12,380,2024-06-21
13557,6843,229.79,2.36,194,2024-08-09
13558,1757,296.82,66.15,223,2025-03-07
13559,7255,82.85,1.73,206,2024-12-01
13560,9718,458.7,71.66,95,2024-08-20
13561,4871,1.72,27.83,22,2024-07-12
13562,9201,0.31,45.7,402,2024-07-21
13563,4957,372.84,14.7,77,2024-05-11
13564,4810,267.51,27.58,126,2024-06-04
13565,2622,248.99,6.08,57,2025-02-16
13566,8393,274.26,61.41,476,2025-02-24
13567,2807,274.57,27.73,342,2024-06-05
13568,9601,157.05,32.84,466,2024-07-20
13569,9093,98.84,61.22,10,2025-03-12
13570,8151,187.79,16.79,2,2024-09-16
13571,1612,409.1,79.83,141,2024-10-09
13572,6546,151.59,39.29,12,2024-11-12
13573,1042,279.64,37.22,247,2024-06-07
13574,3678,329.66,21.47,5,2024-06-25
13575,5918,378.59,72.22,234,2024-12-28
13576,4210,470.4,64.65,195,2024-12-21
13577,8885,481.79,72.53,302,2024-11-20
13578,2918,374.49,97.96,93,2025-01-18
13579,3306,224.61,3.22,38,2024-06-24
13580,408,237.28,19.73,362,2025-01-19
13581,9735,110.39,67.21,246,2024-07-17
13582,5621,326.89,70.57,95,2024-12-11
13583,9009,460.35,59.94,463,2024-09-26
13584,5959,203.66,65.98,340,2024-07-16
13585,1854,399.52,12.9,374,2024-06-23
13586,3745,145.85,79.67,399,2025-01-11
13587,7901,334.78,14.92,116,2025-02-13
13588,2152,490.77,9.86,46,2025-03-13
13589,7998,496.37,17.4,397,2024-08-30
13590,6580,330.91,67.91,392,2025-02-22
13591,6916,17.03,78.74,86,2024-10-04
13592,9571,223.34,92.81,266,2025-01-30
13593,3579,300.46,84.26,251,2024-09-18
13594,6929,424.35,6.88,70,2024-05-24
13595,639,448.81,30.12,250,2024-10-01
13596,2524,391.25,42.5,375,2024-08-11
13597,1840,198.13,90.89,459,2025-02-13
13598,1356,475.63,97.86,345,2024-09-21
13599,3628,225.12,76.77,222,2024-07-28
13600,8881,217.58,12.77,287,2024-10-31
13601,6494,484.62,30.58,140,2024-05-19
13602,3060,105.31,41.82,245,2024-05-21
13603,517,144.56,95.63,172,2024-06-30
13604,3166,96.94,11.83,397,2025-02-26
13605,8843,310.3,53.73,197,2024-09-14
13606,4014,420.24,18.61,294,2025-03-21
13607,7270,359.17,83.88,11,2024-11-12
13608,2044,0.93,86.85,12,2024-05-09
13609,1725,193.62,14.83,343,2024-09-17
13610,9932,172.55,20.84,145,2025-03-05
13611,6381,470.99,53.14,481,2024-11-21
13612,5576,152.97,12.15,59,2025-04-27
13613,7179,50.61,87.02,439,2024-12-01
13614,7919,450.4,71.59,312,2024-08-27
13615,3489,193.06,26.44,456,2024-10-27
13616,6288,334.76,74.29,275,2024-05-10
13617,8544,374.78,15.98,85,2024-09-25
13618,6017,195.59,76.83,452,2024-05-12
13619,5066,78.02,68.77,60,2025-04-10
13620,1919,497.11,95.04,7,2025-03-22
13621,6455,218.33,28.19,170,2025-03-01
13622,4609,158.82,95.49,299,2025-01-27
13623,9371,185.14,24.74,342,2024-09-18
13624,6974,268.37,28.76,208,2024-06-01
13625,7699,56.82,49.75,28,2024-07-07
13626,3675,375.51,78.69,366,2024-11-19
13627,820,183.06,66.84,388,2024-10-28
13628,8502,285.56,39.14,206,2024-12-27
13629,6974,480.08,48.54,239,2025-03-04
13630,1436,310.72,22.6,93,2025-04-08
13631,9911,50.46,52.44,90,2025-03-16
13632,1974,370.21,91.61,485,2025-01-31
13633,834,331.44,76.34,425,2025-01-28
13634,6508,499.3,27.37,118,2024-06-02
13635,987,399.58,6.7,411,2024-07-29
13636,6554,22.07,78.4,356,2025-04-03
13637,4644,313.79,44.0,99,2024-10-31
13638,5850,92.93,21.67,110,2024-09-19
13639,7416,180.6,47.45,104,2024-07-01
13640,1553,490.45,99.98,264,2025-02-04
13641,7745,154.91,46.24,480,2025-04-18
13642,1688,111.66,2.16,73,2025-02-12
13643,4912,430.76,2.19,46,2024-11-13
13644,9595,241.29,25.73,65,2024-05-10
13645,6777,416.21,45.91,75,2024-11-17
13646,2853,20.77,50.55,117,2024-05-10
13647,2386,409.52,35.68,468,2024-11-04
13648,8354,79.57,26.5,88,2025-04-06
13649,6771,125.67,48.49,74,2024-10-22
13650,607,274.53,0.7,253,2024-11-20
13651,5781,45.35,20.14,244,2024-07-07
13652,5771,80.84,61.37,357,2024-10-15
13653,6087,482.94,39.5,345,2024-09-26
13654,6779,171.65,59.58,369,2024-08-28
13655,7667,158.34,54.04,377,2025-03-05
13656,3042,200.56,87.55,476,2024-09-02
13657,4520,70.85,73.31,51,2024-11-04
13658,8940,302.44,21.86,149,2024-07-08
13659,4442,314.43,87.63,383,2024-10-09
13660,7305,32.91,44.31,257,2025-01-02
13661,2034,80.18,70.03,469,2024-07-14
13662,5945,34.8,91.18,259,2024-06-10
13663,214,459.95,96.39,176,2024-06-24
13664,5060,483.79,6.99,266,2024-10-20
13665,3422,312.89,79.25,392,2024-10-30
13666,9497,148.46,84.57,287,2025-04-08
13667,2674,363.39,71.14,11,2024-06-28
13668,4119,280.65,76.41,333,2025-01-25
13669,3920,52.42,29.43,300,2025-01-17
13670,3286,402.94,26.71,19,2024-10-08
13671,9067,208.06,9.1,267,2024-05-18
13672,2633,469.98,40.64,155,2025-01-07
13673,5657,284.7,49.65,315,2024-05-10
13674,7825,227.42,62.86,21,2024-07-12
13675,9664,298.89,56.98,20,2024-09-13
13676,9073,43.6,65.13,239,2025-04-25
13677,6297,39.17,56.56,24,2024-05-01
13678,9350,272.45,77.7,144,2024-07-06
13679,9500,436.58,33.75,362,2025-01-20
13680,1568,184.88,53.29,340,2024-10-13
13681,3312,210.38,82.69,431,2024-05-22
13682,156,66.52,27.7,2,2025-01-31
13683,1340,78.63,11.01,298,2024-09-18
13684,9234,8.58,93.06,404,2024-11-23
13685,8038,337.38,46.34,166,2024-05-29
13686,5154,243.74,74.12,93,2024-11-05
13687,1689,144.96,56.86,478,2024-08-12
13688,5124,150.42,12.08,487,2025-02-23
13689,3665,112.44,91.44,271,2025-04-09
13690,4116,87.39,51.74,333,2024-11-28
13691,7617,278.49,6.35,79,2024-09-13
13692,8580,295.72,12.75,50,2024-07-07
13693,109,248.19,97.07,364,2025-04-23
13694,6118,64.62,63.46,293,2024-10-28
13695,9929,78.38,82.45,268,2025-01-07
13696,2117,269.23,62.07,341,2024-08-12
13697,1541,113.7,87.06,247,2024-10-22
13698,2326,296.79,43.36,224,2024-07-16
13699,7539,445.24,24.11,172,2025-03-31
13700,6035,113.81,7.86,398,2025-02-15
13701,9965,35.45,65.73,120,2024-12-04
13702,2210,427.69,13.75,372,2024-11-05
13703,5789,114.85,3.45,389,2024-06-30
13704,4319,101.11,66.29,138,2025-02-22
13705,4986,339.93,12.53,25,2024-12-12
13706,9089,126.54,88.92,24,2025-04-24
13707,3140,91.86,67.29,339,2024-09-17
13708,4805,174.43,31.39,123,2024-09-29
13709,1388,85.52,8.35,293,2024-07-12
13710,8383,159.61,14.22,372,2024-07-13
13711,6112,299.7,23.0,250,2024-07-14
13712,2950,136.78,80.78,436,2024-06-07
13713,9333,156.8,61.99,430,2025-01-23
13714,1167,304.23,1.2,365,2024-09-12
13715,202,99.33,41.02,336,2024-12-23
13716,9079,441.79,95.72,127,2025-02-28
13717,7443,433.06,12.09,163,2024-05-16
13718,5640,43.06,72.27,323,2024-11-12
13719,695,486.3,13.88,63,2024-08-26
13720,7206,363.68,97.66,127,2024-08-11
13721,7806,17.61,70.32,211,2024-07-26
13722,9059,227.37,12.84,343,2025-02-25
13723,5057,486.05,0.27,165,2025-04-24
13724,8818,164.27,23.03,265,2024-08-21
13725,524,345.84,82.17,274,2024-06-07
13726,5408,315.52,94.56,210,2024-06-17
13727,1761,394.4,26.43,441,2024-11-01
13728,2253,280.81,70.82,46,2024-09-04
13729,7331,104.82,80.95,392,2025-03-25
13730,3576,165.08,36.71,290,2025-02-05
13731,488,41.28,15.25,356,2024-07-07
13732,9033,148.52,58.64,260,2024-12-24
13733,4622,214.32,16.52,79,2024-10-11
13734,9299,296.98,64.08,355,2024-09-30
13735,660,336.17,56.45,423,2024-07-21
13736,5234,398.94,66.47,330,2024-05-25
13737,9569,99.72,85.88,3,2024-10-17
13738,23,225.01,59.42,140,2024-05-08
13739,2803,201.42,90.51,95,2024-11-17
13740,9770,453.57,9.89,479,2025-01-08
13741,7879,499.6,60.17,11,2024-10-10
13742,1337,165.76,84.91,351,2025-02-03
13743,1111,149.05,72.26,392,2025-01-04
13744,7063,274.66,63.22,332,2024-04-30
13745,7279,458.91,72.23,313,2024-07-11
13746,1566,387.38,0.18,192,2024-08-15
13747,2954,47.6,54.21,461,2024-09-27
13748,9497,83.45,51.63,335,2025-04-01
13749,7092,375.81,67.11,105,2024-06-22
13750,5798,432.49,85.32,465,2025-03-03
13751,1366,212.58,12.11,215,2024-11-26
13752,6911,6.16,13.16,441,2024-08-03
13753,8772,380.57,76.47,99,2024-11-23
13754,5681,93.52,32.01,221,2024-08-24
13755,3996,459.35,10.25,464,2024-09-08
13756,7600,79.93,25.81,154,2025-01-04
13757,9574,493.56,21.84,404,2024-11-10
13758,7854,81.82,21.85,217,2025-04-28
13759,1353,293.6,88.42,186,2024-08-07
13760,4734,150.5,13.29,192,2024-09-07
13761,735,17.45,74.53,15,2024-08-27
13762,3648,97.58,57.4,60,2024-12-21
13763,8191,213.36,87.42,471,2025-03-24
13764,1075,353.7,49.21,43,2025-02-02
13765,3462,1.18,75.4,474,2025-04-05
13766,6852,3.14,74.31,87,2024-10-08
13767,7385,202.34,58.95,56,2024-10-27
13768,9696,278.98,14.05,489,2024-10-29
13769,5042,281.83,93.93,474,2025-02-21
13770,1396,207.33,96.79,249,2024-07-17
13771,9237,11.7,88.66,380,2024-12-19
13772,7480,149.18,1.83,434,2024-05-01
13773,8749,4.65,48.7,406,2024-11-13
13774,3847,41.58,1.9,425,2024-08-24
13775,201,170.83,4.85,500,2025-02-11
13776,738,242.88,56.28,84,2024-12-01
13777,3801,312.26,73.95,327,2025-03-30
13778,9583,161.9,11.68,122,2025-02-18
13779,3757,247.77,88.44,53,2025-04-06
13780,7562,208.8,3.17,455,2025-04-16
13781,7967,400.77,23.53,470,2024-11-20
13782,1074,463.0,2.65,38,2025-02-07
13783,2583,284.38,54.87,105,2025-04-09
13784,5463,229.49,0.92,90,2024-06-27
13785,2276,104.62,90.68,65,2024-11-09
13786,7440,495.23,0.2,33,2025-04-13
13787,6463,447.42,37.46,57,2024-11-22
13788,2484,441.34,39.46,52,2024-09-29
13789,7214,258.85,2.94,183,2025-02-04
13790,8030,229.73,5.23,436,2025-01-19
13791,793,380.56,25.33,150,2024-12-22
13792,8877,74.52,3.25,0,2024-11-11
13793,7326,264.69,2.56,469,2025-04-02
13794,7115,385.32,38.39,203,2025-04-30
13795,5849,351.42,58.97,86,2024-11-04
13796,3558,316.53,54.63,56,2025-02-02
13797,1361,447.45,67.89,458,2024-11-02
13798,5427,50.3,92.03,194,2024-08-27
13799,8907,163.98,74.86,287,2025-03-22
13800,662,382.01,42.23,492,2024-08-19
13801,3351,32.48,58.19,317,2024-05-04
13802,2523,192.48,3.52,20,2024-05-10
13803,7305,140.2,33.37,131,2024-09-20
13804,7085,18.49,87.96,68,2024-12-19
13805,1008,253.46,23.77,293,2024-11-08
13806,1091,253.36,80.3,208,2024-05-10
13807,4283,295.85,20.32,488,2024-05-17
13808,7803,95.08,89.76,405,2025-04-19
13809,5235,334.25,23.72,382,2024-10-15
13810,7102,149.51,54.64,460,2024-10-01
13811,8001,412.73,34.73,169,2025-03-24
13812,717,356.91,80.27,27,2024-06-11
13813,1387,40.87,54.66,208,2025-04-11
13814,6870,366.61,17.84,418,2025-03-31
13815,1238,123.7,22.01,489,2024-05-15
13816,130,158.85,52.9,330,2024-06-09
13817,1257,484.95,34.48,33,2024-06-25
13818,5412,177.19,57.45,400,2025-04-12
13819,5170,135.93,92.21,482,2025-02-28
13820,9884,463.62,85.55,331,2024-10-09
13821,549,174.54,86.5,180,2024-07-21
13822,9588,153.45,11.82,321,2024-12-27
13823,3112,272.39,24.59,334,2024-07-20
13824,7689,76.62,26.34,86,2024-06-24
13825,9517,260.97,5.73,334,2025-02-21
13826,9784,498.96,39.17,90,2024-05-18
13827,4600,114.72,25.26,47,2025-03-04
13828,6245,464.33,31.5,397,2024-12-28
13829,778,193.05,20.15,413,2024-09-20
13830,2401,24.71,29.23,236,2025-02-07
13831,7762,447.59,10.54,361,2024-12-13
13832,5204,217.68,13.21,311,2024-12-22
13833,135,136.65,89.48,138,2024-05-22
13834,2011,58.79,56.26,387,2025-02-27
13835,5458,311.58,41.83,430,2024-06-24
13836,5640,143.23,98.11,308,2024-07-20
13837,5287,427.0,42.33,9,2024-09-07
13838,8385,499.1,44.96,320,2024-06-17
13839,9347,487.04,55.34,56,2024-05-02
13840,4383,450.26,85.44,61,2025-03-07
13841,9963,80.26,2.59,153,2024-08-26
13842,247,493.63,48.45,301,2024-10-22
13843,4281,272.29,2.18,440,2025-01-13
13844,6434,226.22,7.23,214,2024-05-10
13845,4605,385.29,44.3,322,2025-01-30
13846,6724,329.47,25.85,377,2024-09-23
13847,9092,314.55,54.36,407,2024-11-19
13848,1994,142.46,23.2,346,2024-07-27
13849,717,38.24,9.46,354,2024-08-01
13850,4144,495.25,88.14,178,2024-09-02
13851,1277,263.74,65.16,391,2024-09-14
13852,1238,373.99,41.75,134,2024-05-14
13853,2319,1.09,44.16,286,2024-11-17
13854,7751,498.94,75.91,207,2025-01-27
13855,6672,153.97,21.6,32,2024-06-16
13856,2822,115.73,67.54,346,2024-11-30
13857,3499,470.9,94.55,24,2025-01-05
13858,6152,306.43,26.43,168,2025-03-30
13859,2597,246.43,79.24,40,2025-01-30
13860,4134,232.28,17.42,478,2025-02-13
13861,3565,403.96,6.99,181,2024-06-10
13862,5905,325.95,83.29,21,2024-08-24
13863,7082,285.39,96.99,41,2024-12-07
13864,1722,455.69,59.68,240,2024-09-21
13865,1013,366.94,74.39,362,2024-07-20
13866,3931,167.15,51.32,184,2024-06-04
13867,1281,451.87,60.53,148,2024-09-23
13868,8617,52.61,64.27,193,2024-05-23
13869,101,476.03,39.56,66,2024-12-20
13870,5647,250.45,84.98,362,2025-03-20
13871,4913,141.62,29.49,121,2024-08-15
13872,7313,125.86,51.88,151,2024-12-26
13873,2908,439.05,11.31,294,2025-04-01
13874,6042,6.19,48.11,396,2024-10-28
13875,2848,479.23,55.2,309,2025-04-02
13876,644,392.12,87.8,293,2025-04-06
13877,1563,105.11,0.31,108,2025-02-17
13878,6654,271.18,3.95,499,2024-09-06
13879,2738,402.05,34.76,124,2024-07-25
13880,730,20.44,22.02,42,2025-01-10
13881,6462,412.93,0.85,401,2024-09-28
13882,9675,50.27,18.21,214,2025-01-30
13883,3861,57.12,28.18,96,2024-06-19
13884,1105,254.65,86.51,472,2025-02-20
13885,4904,360.88,53.92,171,2025-01-16
13886,9867,280.14,49.45,355,2025-02-20
13887,2365,352.88,78.92,374,2024-09-15
13888,7166,378.22,41.52,18,2024-11-13
13889,986,232.35,42.4,26,2024-06-17
13890,171,9.35,35.06,134,2024-10-09
13891,2134,294.81,84.76,170,2024-09-24
13892,1593,287.9,20.07,392,2025-01-26
13893,3381,26.31,54.37,428,2025-04-30
13894,9795,395.43,87.15,344,2025-04-26
13895,7676,298.37,50.46,200,2024-09-17
13896,8673,406.46,96.46,465,2024-08-07
13897,3495,424.14,71.93,116,2025-02-06
13898,8110,113.86,86.06,219,2024-12-11
13899,5354,248.98,41.75,328,2024-08-04
13900,3517,365.66,35.38,496,2025-04-26
13901,6430,265.14,19.09,283,2025-01-02
13902,1683,411.62,44.82,307,2024-09-19
13903,1578,85.38,15.17,319,2024-07-28
13904,4001,110.11,12.15,235,2024-11-18
13905,7733,89.6,65.48,388,2025-02-27
13906,9550,252.78,35.07,39,2024-09-08
13907,8403,268.56,73.61,464,2025-03-13
13908,7308,55.14,41.33,48,2024-12-26
13909,669,332.49,23.4,301,2025-04-17
13910,459,409.22,2.35,467,2024-12-03
13911,790,10.71,71.63,190,2025-04-23
13912,5484,257.97,50.55,212,2025-03-27
13913,2739,20.65,74.8,463,2024-07-25
13914,1301,329.95,56.68,208,2025-01-22
13915,9642,371.42,32.68,154,2025-03-22
13916,4213,393.15,64.73,473,2024-05-14
13917,1651,249.51,64.22,190,2024-06-19
13918,3710,441.96,9.01,53,2024-09-18
13919,880,444.97,20.59,73,2024-10-26
13920,9190,435.39,26.12,410,2024-09-26
13921,7066,226.26,66.55,216,2024-06-02
13922,3399,108.65,0.27,447,2024-10-10
13923,7290,174.96,67.35,16,2024-12-27
13924,1454,221.14,11.82,114,2025-02-26
13925,7662,302.25,3.34,500,2025-02-14
13926,8841,30.54,94.26,164,2025-02-14
13927,5714,49.94,90.9,135,2025-02-07
13928,2814,24.76,89.41,279,2024-08-15
13929,345,18.26,78.0,332,2024-11-22
13930,8625,179.28,45.48,363,2024-07-02
13931,7116,51.12,69.39,259,2025-01-27
13932,2521,206.8,23.43,148,2025-01-08
13933,3599,226.67,27.56,53,2024-07-06
13934,1133,58.64,93.89,376,2024-11-16
13935,3214,387.99,9.1,197,2024-05-10
13936,4301,249.13,79.28,165,2025-02-17
13937,1238,299.58,66.82,63,2024-06-26
13938,2863,281.09,12.93,457,2025-01-12
13939,8861,166.62,26.07,308,2025-04-24
13940,4902,454.11,81.6,319,2024-11-01
13941,370,459.24,93.0,402,2024-08-27
13942,1038,205.81,40.62,303,2024-12-09
13943,1407,280.37,0.36,115,2024-06-12
13944,9965,127.43,28.82,70,2024-07-23
13945,2502,460.38,93.43,360,2024-05-01
13946,4666,144.69,29.33,487,2024-10-28
13947,2593,185.82,15.42,158,2025-03-13
13948,7187,96.37,1.43,207,2024-12-30
13949,8855,185.02,81.32,399,2025-02-18
13950,3771,394.01,58.23,275,2025-01-27
13951,2192,477.21,76.93,77,2024-06-11
13952,1881,21.18,91.91,471,2024-05-18
13953,8678,176.41,50.57,495,2024-06-02
13954,1347,139.72,53.73,207,2024-08-17
13955,4625,107.75,87.56,412,2024-07-06
13956,6011,478.87,56.45,242,2024-07-21
13957,8278,348.29,64.66,61,2024-05-03
13958,8859,252.67,28.45,68,2024-06-05
13959,4289,88.43,97.28,76,2024-09-25
13960,4408,405.16,12.75,283,2025-02-22
13961,8124,232.38,79.67,497,2024-07-22
13962,8797,11.35,95.19,437,2024-11-12
13963,7217,248.22,39.41,370,2024-07-25
13964,8676,38.95,31.04,240,2024-06-08
13965,6091,157.57,79.05,15,2025-01-03
13966,1191,327.35,3.74,20,2024-11-13
13967,1114,54.32,94.02,335,2025-04-08
13968,1518,95.77,15.35,145,2024-12-18
13969,4731,140.71,97.64,92,2024-09-12
13970,7295,241.09,46.32,219,2024-08-07
13971,9648,136.7,70.92,277,2025-01-28
13972,7237,116.03,31.06,55,2024-06-13
13973,7207,59.66,66.69,241,2024-12-09
13974,7131,344.77,86.81,203,2024-06-19
13975,9265,155.54,19.76,57,2024-06-12
13976,9431,155.67,16.23,324,2024-10-17
13977,753,446.17,85.05,61,2024-06-26
13978,2286,404.7,4.05,388,2024-09-24
13979,6628,265.2,22.47,174,2025-04-05
13980,6588,153.68,33.55,422,2024-09-27
13981,2683,299.91,83.52,97,2024-11-29
13982,9870,106.84,47.71,275,2024-05-24
13983,5792,25.07,66.88,279,2024-05-16
13984,7844,370.94,72.6,35,2024-07-14
13985,5204,49.68,70.21,292,2024-05-09
13986,9752,3.48,82.57,55,2024-07-03
13987,592,414.6,85.23,455,2025-03-23
13988,6228,89.11,88.86,17,2025-03-14
13989,6928,17.03,20.32,300,2025-01-02
13990,8115,478.14,69.68,173,2024-07-22
13991,7607,59.19,34.22,10,2025-04-24
13992,7731,25.15,39.54,417,2024-08-14
13993,318,460.85,92.09,137,2024-12-19
13994,112,127.32,79.66,387,2025-01-05
13995,4919,468.65,19.99,288,2024-10-04
13996,4634,438.19,32.26,383,2024-06-25
13997,1730,53.02,93.43,467,2024-06-26
13998,4037,279.09,26.39,126,2024-10-13
13999,7585,115.91,45.46,295,2024-08-07
14000,8625,203.03,51.88,292,2025-03-06
14001,5313,87.95,86.47,144,2024-05-07
14002,6304,323.39,36.22,174,2025-01-30
14003,7615,330.4,93.7,217,2025-01-20
14004,1644,104.41,96.12,100,2024-11-30
14005,7896,64.01,19.29,307,2025-03-09
14006,130,264.07,14.39,466,2024-07-14
14007,3704,480.48,46.42,182,2025-02-17
14008,4154,104.37,58.17,280,2025-03-14
14009,630,408.45,83.77,261,2025-02-02
14010,7073,322.75,75.79,110,2024-11-15
14011,9127,241.15,50.65,158,2025-02-22
14012,955,260.7,37.56,7,2025-03-01
14013,79,368.24,62.35,92,2025-02-24
14014,2007,454.19,64.45,341,2024-05-19
14015,7447,230.8,31.74,392,2024-06-30
14016,7279,131.09,88.11,464,2024-12-05
14017,8052,395.91,4.4,286,2024-05-10
14018,4424,232.95,6.37,403,2024-07-31
14019,1914,102.44,94.89,442,2024-05-13
14020,1475,126.63,17.74,346,2024-05-05
14021,4450,481.55,56.74,401,2024-07-21
14022,7451,335.92,23.96,37,2025-02-07
14023,3870,206.19,34.92,330,2024-12-21
14024,805,219.62,97.55,10,2024-07-18
14025,2612,182.61,66.02,338,2024-10-26
14026,964,243.99,55.2,300,2025-03-21
14027,5132,296.78,48.95,417,2024-05-23
14028,5549,492.69,55.83,193,2024-09-12
14029,188,194.13,79.22,191,2025-01-23
14030,2696,258.38,4.78,271,2024-11-04
14031,198,94.91,99.33,342,2024-11-06
14032,2571,295.37,82.15,147,2024-12-22
14033,6655,185.39,86.44,370,2024-09-25
14034,3003,43.39,70.12,401,2024-12-26
14035,2793,260.05,13.19,465,2024-06-30
14036,5244,104.4,60.61,21,2024-09-06
14037,421,270.57,50.17,384,2024-05-30
14038,2304,369.14,48.27,72,2024-07-04
14039,171,424.77,84.62,299,2025-01-27
14040,4615,38.77,1.43,48,2024-09-20
14041,9264,177.16,15.81,411,2025-02-28
14042,2523,338.03,67.09,95,2025-03-12
14043,6402,122.58,53.95,50,2024-10-01
14044,5548,491.22,40.66,132,2025-01-30
14045,7618,246.5,91.51,202,2024-07-12
14046,2733,163.52,5.77,480,2024-10-07
14047,4767,272.05,36.45,69,2025-04-30
14048,9946,363.78,47.64,216,2024-11-19
14049,1148,495.45,91.16,249,2025-02-01
14050,3720,1.89,61.84,61,2024-11-03
14051,905,405.22,90.62,76,2025-03-09
14052,6491,210.19,41.76,59,2024-09-27
14053,6791,497.49,64.86,469,2024-08-02
14054,3381,207.25,77.76,89,2024-08-30
14055,915,417.64,13.43,333,2025-01-01
14056,8008,93.6,66.01,185,2025-03-02
14057,2619,28.75,65.69,443,2025-04-17
14058,7278,416.93,1.27,448,2024-07-24
14059,5084,127.41,81.94,240,2024-10-28
14060,8741,63.8,45.9,333,2024-12-09
14061,3365,237.46,75.69,188,2024-08-12
14062,5099,301.29,4.04,35,2024-06-07
14063,6588,61.29,5.92,220,2024-11-06
14064,6135,306.18,4.07,200,2025-02-05
14065,1735,327.11,21.32,420,2025-04-06
14066,1041,386.21,55.65,67,2025-04-28
14067,6743,443.08,16.33,56,2025-01-11
14068,1255,199.12,91.34,10,2024-08-04
14069,1939,293.42,20.99,364,2024-11-05
14070,127,240.35,30.03,289,2024-12-20
14071,3495,279.23,44.45,445,2024-11-05
14072,1903,482.83,36.69,56,2024-11-02
14073,8900,439.1,63.46,409,2024-05-29
14074,6012,201.16,31.53,306,2024-11-18
14075,294,206.68,44.96,304,2024-05-09
14076,658,351.99,46.03,289,2024-08-19
14077,445,162.67,29.52,454,2024-08-14
14078,9417,218.01,77.8,24,2024-08-20
14079,9839,36.89,51.48,126,2024-11-08
14080,6565,386.05,52.52,399,2025-02-26
14081,4774,230.1,11.5,175,2024-09-21
14082,5364,56.38,55.46,310,2024-08-02
14083,8427,192.84,22.01,62,2024-07-19
14084,8333,48.04,3.29,485,2024-07-28
14085,9658,198.65,24.55,23,2025-03-07
14086,9812,432.6,15.93,12,2024-06-12
14087,4436,472.96,53.56,334,2024-10-31
14088,6814,13.68,60.73,343,2024-09-05
14089,8233,193.27,87.56,208,2024-06-03
14090,1439,290.53,98.78,275,2024-06-23
14091,5568,101.34,80.83,492,2024-08-19
14092,7363,23.64,97.56,253,2024-12-13
14093,8567,457.85,43.78,133,2025-03-08
14094,9440,118.21,5.32,151,2025-02-12
14095,1525,112.37,58.84,119,2024-08-08
14096,7394,73.61,24.75,276,2024-10-28
14097,846,45.05,98.03,406,2024-08-29
14098,6144,67.87,54.4,281,2025-03-22
14099,8425,299.6,76.1,334,2024-11-16
14100,2518,0.07,14.85,29,2025-03-09
14101,45,147.87,27.25,481,2024-08-30
14102,1114,50.64,40.03,149,2024-07-04
14103,9932,303.49,45.22,268,2024-09-12
14104,850,1.24,51.21,354,2025-03-17
14105,3111,187.68,18.49,36,2025-04-09
14106,5819,116.97,54.05,94,2024-08-19
14107,5889,335.62,96.15,289,2025-03-16
14108,7901,226.16,89.84,412,2025-01-23
14109,7876,464.81,23.75,451,2024-08-29
14110,9402,387.15,14.73,240,2024-09-15
14111,2787,470.7,60.34,421,2024-12-08
14112,3268,388.53,18.04,355,2025-03-08
14113,416,39.46,31.71,452,2024-08-28
14114,8278,367.7,58.54,154,2024-08-04
14115,6704,462.48,92.05,15,2024-07-20
14116,2675,152.71,56.66,391,2024-12-19
14117,6999,103.71,5.18,4,2025-03-22
14118,2029,272.81,16.15,94,2025-02-20
14119,3148,313.0,22.27,471,2025-04-12
14120,4663,360.66,31.27,465,2025-03-19
14121,5439,290.68,67.64,179,2025-03-22
14122,2110,43.42,70.21,354,2025-04-07
14123,703,183.97,28.33,298,2024-05-19
14124,8224,240.62,4.5,182,2024-08-05
14125,4367,342.33,2.47,165,2024-12-07
14126,2039,191.0,51.27,466,2024-06-09
14127,3148,439.86,77.27,281,2024-05-23
14128,7719,177.12,82.21,464,2024-11-30
14129,2160,22.01,29.49,316,2024-09-19
14130,6139,44.01,8.64,130,2024-06-18
14131,4639,185.8,28.74,190,2025-04-17
14132,4829,274.19,80.85,289,2024-12-09
14133,6841,84.25,29.06,229,2024-10-05
14134,4072,164.88,74.34,74,2025-03-29
14135,7797,476.76,26.56,55,2024-09-18
14136,6833,401.74,29.73,491,2024-08-25
14137,335,232.96,43.31,413,2024-09-27
14138,8682,278.99,98.98,399,2024-09-03
14139,8802,420.57,26.85,477,2025-03-25
14140,8453,492.8,11.57,233,2024-06-17
14141,5982,440.12,22.38,440,2024-12-09
14142,6345,389.5,26.54,259,2024-06-14
14143,3656,381.27,95.84,88,2024-05-31
14144,4025,333.04,73.87,239,2024-09-04
14145,12,186.37,72.21,471,2024-10-17
14146,5472,381.74,70.09,410,2025-02-20
14147,5170,110.01,18.93,446,2025-04-26
14148,6615,366.99,52.74,89,2025-04-09
14149,7579,434.73,10.09,53,2024-08-05
14150,9581,477.31,70.31,405,2024-10-30
14151,2441,152.33,20.0,143,2025-03-15
14152,62,156.53,89.58,118,2025-01-25
14153,4589,52.42,13.27,496,2025-02-25
14154,1979,281.72,12.35,2,2024-05-02
14155,6671,71.28,82.47,307,2024-07-03
14156,935,363.8,79.68,467,2025-02-24
14157,20,450.59,58.24,255,2024-06-21
14158,2257,63.49,28.4,444,2024-11-25
14159,3808,113.24,65.96,55,2024-06-27
14160,1736,170.73,65.4,218,2025-02-15
14161,5630,279.97,7.8,152,2024-08-09
14162,8290,158.96,60.61,233,2024-06-23
14163,1939,351.56,21.4,327,2024-06-06
14164,1930,406.92,33.97,139,2025-01-07
14165,5661,470.2,98.48,293,2024-05-09
14166,9590,62.3,49.87,36,2025-02-10
14167,8825,452.86,84.7,377,2024-10-28
14168,3786,6.1,13.28,76,2025-01-21
14169,6661,373.18,11.23,25,2024-07-19
14170,5645,170.91,4.17,104,2024-07-07
14171,6469,322.37,95.54,26,2024-08-22
14172,4763,286.19,68.07,209,2024-06-13
14173,1859,61.2,17.66,123,2024-11-29
14174,3424,286.81,17.38,171,2025-03-16
14175,184,79.56,38.03,299,2024-09-05
14176,7403,184.41,70.42,393,2024-08-23
14177,8417,218.57,46.76,456,2024-11-03
14178,7013,20.53,48.03,287,2025-04-16
14179,3444,245.21,27.86,166,2025-04-15
14180,5894,170.24,96.26,427,2025-03-29
14181,5225,457.8,73.99,57,2024-10-23
14182,8067,278.89,81.17,421,2024-10-03
14183,2055,288.26,98.9,140,2024-10-19
14184,5740,448.65,0.73,271,2025-01-16
14185,5558,62.37,88.24,212,2025-02-07
14186,4321,29.63,24.08,347,2024-05-30
14187,2471,454.27,94.52,92,2025-02-23
14188,1771,141.96,20.08,52,2024-06-26
14189,3602,338.99,61.09,234,2024-05-23
14190,7891,206.78,12.86,367,2025-04-30
14191,2922,206.02,16.81,439,2025-02-28
14192,2002,42.66,47.19,101,2024-12-04
14193,6195,15.11,16.39,260,2024-05-07
14194,1320,391.18,93.6,367,2024-07-11
14195,7405,206.78,34.11,215,2025-02-13
14196,4545,266.38,95.15,317,2024-08-16
14197,2201,470.5,85.45,497,2025-02-01
14198,6092,198.44,94.9,320,2024-10-05
14199,354,304.47,3.7,343,2024-07-08
14200,3931,325.78,12.8,433,2025-01-11
14201,7718,138.83,61.11,422,2025-01-02
14202,762,132.55,21.3,358,2024-10-16
14203,2404,271.4,32.79,74,2025-04-14
14204,333,194.89,40.77,109,2025-02-05
14205,4772,487.81,96.31,297,2024-12-23
14206,2406,36.29,25.16,129,2025-04-24
14207,7224,206.61,75.65,418,2024-11-28
14208,5239,267.91,69.25,93,2024-07-13
14209,5371,306.9,94.85,249,2025-01-11
14210,3826,467.82,95.07,294,2025-02-10
14211,8867,385.53,51.38,350,2024-12-27
14212,2527,282.6,12.24,470,2024-07-11
14213,4091,24.19,63.44,446,2024-11-17
14214,9444,191.22,2.62,380,2024-06-01
14215,482,235.35,64.73,414,2025-02-05
14216,1963,218.56,53.66,231,2025-02-17
14217,1130,370.62,71.72,403,2024-07-09
14218,1262,340.11,1.42,490,2025-03-13
14219,2606,63.8,36.62,226,2025-01-04
14220,4372,104.11,5.38,39,2025-04-27
14221,6534,260.77,86.12,10,2024-08-30
14222,1991,496.51,99.11,14,2024-10-23
14223,5727,63.96,52.73,451,2024-06-15
14224,6709,330.7,76.14,256,2024-10-29
14225,9357,40.03,98.49,175,2024-05-02
14226,457,237.33,1.53,443,2024-11-29
14227,8822,480.47,15.72,279,2025-02-18
14228,8419,69.71,85.8,263,2024-10-14
14229,6809,115.75,48.15,336,2024-06-01
14230,5243,456.54,67.47,24,2025-02-23
14231,9006,112.01,65.18,435,2025-04-10
14232,7832,139.89,24.96,203,2025-01-31
14233,6151,495.98,4.39,251,2024-09-26
14234,2322,160.76,85.75,111,2024-08-27
14235,240,329.8,14.87,325,2024-08-09
14236,6328,274.59,60.83,355,2025-02-26
14237,8888,442.52,9.99,14,2024-07-23
14238,4417,224.72,86.77,442,2024-10-04
14239,2203,232.18,78.53,173,2024-07-18
14240,5186,184.08,10.09,263,2024-10-01
14241,5537,215.66,41.76,380,2024-09-19
14242,1289,201.81,31.4,443,2024-08-09
14243,6834,2.83,65.71,342,2025-03-01
14244,4638,102.39,22.68,37,2024-07-03
14245,7699,476.73,65.03,104,2024-05-12
14246,5920,95.65,41.03,341,2025-01-03
14247,6446,149.84,15.87,51,2025-03-30
14248,8616,409.04,57.57,360,2025-03-03
14249,683,5.1,17.73,327,2024-06-20
14250,5773,61.93,58.36,160,2024-08-03
14251,7624,476.15,51.46,23,2024-06-05
14252,4336,471.73,45.37,295,2024-07-18
14253,2443,307.28,17.05,292,2025-04-06
14254,8180,104.96,55.7,27,2025-01-19
14255,6605,223.81,90.84,332,2025-04-29
14256,8948,190.07,69.76,319,2024-07-16
14257,6152,32.42,82.02,112,2024-07-02
14258,4853,130.13,3.3,281,2024-08-27
14259,4300,144.66,65.26,206,2024-10-04
14260,6025,351.42,60.14,123,2024-07-11
14261,4457,184.2,83.53,245,2024-09-28
14262,3273,131.74,8.91,68,2024-12-16
14263,2988,112.32,12.42,472,2024-08-01
14264,5760,378.2,64.13,138,2024-06-21
14265,3299,477.18,86.54,401,2024-06-07
14266,7910,313.68,66.51,171,2024-12-17
14267,3351,75.05,49.38,286,2024-06-03
14268,9108,32.43,2.04,39,2024-08-20
14269,6009,71.99,46.62,30,2024-08-01
14270,9271,453.89,11.49,428,2024-11-23
14271,2805,348.37,4.29,398,2024-08-22
14272,1322,213.14,33.92,492,2024-08-22
14273,1659,430.85,90.68,323,2024-07-18
14274,4573,378.47,80.36,59,2025-04-09
14275,4344,299.14,87.55,335,2024-06-16
14276,9298,69.59,41.25,437,2024-09-21
14277,7396,153.79,50.28,269,2024-07-10
14278,2142,116.97,81.87,485,2024-05-04
14279,7144,204.73,89.45,142,2024-11-12
14280,8089,407.38,72.77,245,2024-12-10
14281,7787,126.98,50.5,358,2024-09-04
14282,5284,400.79,21.7,166,2024-05-19
14283,8390,420.09,34.12,156,2024-12-30
14284,1885,326.79,84.96,389,2024-10-14
14285,7953,305.01,73.33,408,2024-06-30
14286,3221,141.91,76.59,113,2024-09-23
14287,8769,354.55,56.55,478,2025-04-29
14288,483,291.03,84.75,438,2025-01-22
14289,2019,79.79,8.01,26,2024-06-01
14290,8715,267.31,46.84,480,2024-07-12
14291,1108,243.74,18.71,496,2024-07-26
14292,7619,220.04,10.82,47,2025-01-11
14293,1406,106.47,81.64,137,2024-05-25
14294,857,145.12,97.36,9,2025-01-10
14295,762,410.29,50.76,208,2025-04-05
14296,7978,255.68,37.02,343,2025-04-19
14297,2403,17.65,98.15,258,2024-07-29
14298,1866,58.28,83.72,385,2024-05-24
14299,7527,414.73,2.91,133,2025-03-20
14300,9463,447.75,91.39,469,2024-06-26
14301,5504,53.26,85.04,156,2025-01-28
14302,4533,331.6,21.6,83,2025-01-31
14303,3597,281.91,15.09,264,2025-02-25
14304,1318,155.75,57.28,278,2025-03-14
14305,7650,50.54,3.16,75,2024-12-04
14306,6825,222.87,96.55,150,2025-04-15
14307,7978,91.71,5.09,170,2024-07-08
14308,8318,225.21,25.58,289,2025-03-18
14309,6811,256.73,12.66,218,2024-12-14
14310,3665,308.8,43.7,452,2024-11-30
14311,7914,75.43,75.17,267,2024-11-03
14312,9518,213.73,66.63,346,2024-08-03
14313,6420,309.32,21.37,178,2024-12-01
14314,8501,259.75,80.65,401,2024-05-31
14315,9983,457.46,74.39,402,2024-05-07
14316,8378,210.08,51.63,250,2024-12-28
14317,3652,313.41,48.39,445,2024-05-21
14318,4221,103.04,62.28,256,2025-03-23
14319,3494,282.64,71.2,23,2024-05-18
14320,9135,491.01,81.09,103,2024-12-15
14321,3415,101.89,25.72,35,2025-04-18
14322,3724,470.96,97.86,375,2024-07-24
14323,9579,77.7,5.16,89,2025-01-14
14324,5425,131.19,44.73,54,2024-10-07
14325,3202,469.15,62.63,171,2024-08-03
14326,4565,231.87,20.61,264,2024-09-02
14327,3958,8.99,4.59,65,2025-03-11
14328,8956,312.94,27.02,50,2024-11-28
14329,2695,354.67,67.18,262,2024-09-13
14330,6090,230.6,4.35,126,2024-06-16
14331,6631,10.13,26.46,466,2024-06-01
14332,1684,471.72,75.28,230,2024-12-01
14333,9020,436.37,28.24,104,2025-02-26
14334,576,226.9,63.21,173,2024-12-16
14335,4175,225.46,34.79,3,2024-12-21
14336,7420,343.11,3.08,275,2025-03-01
14337,7698,475.15,85.98,297,2024-12-27
14338,141,75.22,48.67,70,2024-12-16
14339,5434,198.09,11.44,389,2024-09-17
14340,9307,142.14,73.82,142,2024-05-26
14341,1578,485.56,39.97,231,2024-07-14
14342,6456,422.98,47.8,96,2024-10-02
14343,4232,402.88,97.47,219,2024-07-30
14344,786,272.87,34.06,329,2024-05-12
14345,9947,407.83,78.86,284,2024-08-25
14346,4379,478.24,32.31,207,2024-09-11
14347,5004,171.28,94.45,466,2025-04-01
14348,1039,400.65,94.73,395,2024-12-21
14349,7857,124.08,11.24,496,2024-09-18
14350,5164,196.66,18.99,342,2024-10-21
14351,8163,324.03,28.31,329,2025-01-02
14352,9114,240.67,73.99,25,2024-06-11
14353,8882,404.79,78.54,11,2025-04-08
14354,7245,183.54,7.39,353,2025-02-22
14355,9353,97.97,99.94,108,2024-07-18
14356,2473,111.25,68.89,394,2024-12-22
14357,2333,155.64,37.84,84,2024-09-23
14358,6521,314.11,26.35,131,2024-12-01
14359,2956,248.52,23.47,424,2024-08-22
14360,6854,435.53,13.87,103,2024-07-04
14361,1105,391.65,96.05,329,2024-08-02
14362,736,348.39,98.62,341,2024-12-02
14363,1302,352.18,0.74,154,2025-01-01
14364,3608,124.72,99.94,175,2024-08-06
14365,9699,456.27,18.58,486,2024-12-19
14366,3411,432.83,98.22,76,2024-07-10
14367,3507,426.06,78.27,43,2025-02-17
14368,8065,326.22,78.45,0,2024-11-04
14369,2852,138.5,55.42,196,2024-07-22
14370,702,144.35,33.38,494,2024-10-31
14371,4654,265.35,78.67,316,2024-05-04
14372,9953,174.51,62.95,332,2025-03-09
14373,6077,102.38,48.22,143,2024-09-02
14374,1170,227.0,57.44,97,2024-11-12
14375,4468,447.63,81.12,64,2025-04-24
14376,8011,316.05,72.71,39,2024-12-17
14377,8722,102.42,3.28,293,2024-08-24
14378,4469,163.11,12.77,352,2024-08-14
14379,2190,451.0,64.8,274,2024-08-07
14380,2677,38.66,3.2,22,2024-09-05
14381,4096,140.2,47.8,1,2025-04-07
14382,4283,179.21,45.22,144,2025-04-06
14383,983,151.46,60.11,413,2024-07-24
14384,8137,296.26,31.87,222,2024-12-04
14385,4199,93.59,42.57,68,2025-01-25
14386,2355,249.06,7.14,317,2025-04-23
14387,231,435.02,91.34,202,2024-07-01
14388,1430,414.55,77.87,163,2024-10-02
14389,9789,285.2,84.2,114,2025-04-04
14390,3816,360.91,90.58,434,2025-01-19
14391,2109,381.97,62.68,42,2024-06-12
14392,2815,307.75,79.63,269,2025-03-10
14393,638,383.25,55.89,19,2024-06-02
14394,5530,32.08,95.33,428,2024-05-11
14395,8473,107.88,70.44,96,2025-03-18
14396,8966,453.03,12.0,426,2024-07-27
14397,1343,421.78,9.5,123,2024-12-11
14398,1785,314.22,45.12,123,2025-01-09
14399,7310,249.1,27.1,380,2024-09-09
14400,9322,207.22,20.3,208,2024-08-29
14401,7859,398.18,64.11,52,2024-12-01
14402,274,381.03,38.95,135,2025-01-16
14403,6317,56.73,64.84,88,2024-09-03
14404,6952,23.34,14.06,256,2024-11-28
14405,5867,107.35,91.98,272,2025-02-15
14406,9849,427.27,39.16,12,2025-02-03
14407,7077,150.45,95.57,41,2025-03-04
14408,7762,303.02,3.17,391,2025-04-06
14409,7093,355.33,82.22,268,2024-10-27
14410,3449,376.76,94.72,361,2024-10-21
14411,8310,68.08,28.57,136,2024-09-20
14412,4821,238.6,47.52,429,2024-12-02
14413,2328,270.18,95.65,48,2024-11-26
14414,7646,205.02,80.82,157,2024-11-05
14415,5187,498.03,90.01,486,2025-03-21
14416,1362,147.24,38.55,9,2025-03-31
14417,7548,288.07,32.8,72,2025-04-13
14418,4740,280.44,15.13,497,2024-12-02
14419,1472,297.5,99.07,152,2024-08-25
14420,6844,89.48,52.95,493,2024-11-19
14421,1120,170.97,87.23,113,2025-03-02
14422,6402,24.14,44.65,266,2024-11-04
14423,9076,254.35,41.0,463,2024-08-11
14424,692,82.87,18.8,201,2024-09-01
14425,7392,452.05,21.23,62,2025-02-28
14426,7832,410.11,57.67,248,2024-06-22
14427,717,204.37,65.39,399,2024-07-24
14428,4160,79.89,65.94,177,2025-04-04
14429,3918,319.27,57.05,271,2025-01-20
14430,3027,0.39,11.16,250,2024-07-26
14431,2019,410.75,89.97,334,2025-03-05
14432,2205,71.37,1.2,216,2025-04-09
14433,9472,28.09,73.8,437,2024-05-01
14434,9905,162.65,23.36,318,2025-02-20
14435,1848,324.34,9.99,98,2024-11-30
14436,3722,421.98,15.78,288,2024-10-08
14437,4755,291.53,82.99,350,2024-10-10
14438,5746,223.16,45.66,47,2024-10-11
14439,8769,44.73,56.47,188,2024-12-16
14440,985,121.89,28.48,332,2024-09-16
14441,3541,121.21,5.99,319,2024-12-30
14442,9696,351.35,94.19,350,2024-12-03
14443,7796,90.22,11.74,296,2024-06-05
14444,8695,3.57,5.02,65,2024-12-31
14445,9077,427.71,63.39,434,2024-10-10
14446,6322,235.19,44.85,451,2025-02-01
14447,3139,244.08,18.03,71,2025-04-26
14448,9476,172.03,54.24,240,2024-12-26
14449,6253,76.19,41.24,33,2024-11-12
14450,830,103.33,34.85,485,2024-09-29
14451,5021,341.33,42.24,75,2024-09-05
14452,6882,164.4,89.45,238,2025-01-11
14453,4562,295.88,57.24,72,2024-09-19
14454,8484,55.61,29.41,323,2025-02-02
14455,7521,302.33,80.53,372,2025-03-04
14456,4908,167.91,83.41,91,2025-03-05
14457,9441,478.84,78.36,189,2024-12-23
14458,5192,107.6,68.08,365,2024-07-02
14459,3735,195.21,84.21,483,2024-12-20
14460,5724,150.23,6.32,432,2025-04-20
14461,8029,305.69,41.25,86,2024-06-05
14462,4187,102.13,54.74,152,2024-10-01
14463,3503,218.33,1.02,497,2025-03-28
14464,5622,340.89,5.16,347,2025-03-23
14465,5,14.94,48.67,88,2024-05-17
14466,1276,75.51,98.61,268,2025-02-03
14467,3598,142.68,9.1,431,2024-05-22
14468,6158,266.92,94.98,456,2025-02-21
14469,3168,343.97,92.47,429,2025-04-23
14470,1784,12.67,85.87,209,2024-10-14
14471,1217,429.69,42.89,90,2025-01-09
14472,4627,41.25,40.42,259,2025-04-19
14473,9480,268.9,73.66,86,2024-07-24
14474,3558,272.69,16.4,171,2025-04-25
14475,3302,12.71,11.46,54,2024-10-12
14476,6793,455.43,4.58,17,2025-01-20
14477,7091,194.71,41.92,455,2024-06-29
14478,7473,126.71,64.08,373,2025-01-30
14479,7783,62.12,56.31,180,2024-12-12
14480,4942,414.85,81.12,133,2024-05-29
14481,4299,351.23,66.07,128,2024-05-05
14482,5367,407.19,74.63,134,2024-09-15
14483,2135,346.53,55.0,467,2024-06-09
14484,3157,376.17,53.64,328,2024-08-12
14485,9806,394.46,66.03,422,2025-02-24
14486,2720,379.15,78.56,197,2024-10-27
14487,7103,432.23,80.47,421,2025-01-24
14488,8177,481.74,72.02,165,2025-03-27
14489,2922,110.46,95.17,62,2024-07-26
14490,1157,354.62,46.11,324,2024-06-13
14491,6904,375.37,38.97,150,2025-02-20
14492,6111,329.49,50.58,98,2024-08-25
14493,8076,383.88,84.45,399,2025-02-16
14494,8713,336.76,91.85,337,2024-10-09
14495,7178,38.37,12.42,32,2025-04-20
14496,894,376.29,45.73,251,2025-04-27
14497,5326,231.89,66.25,475,2024-07-17
14498,5682,429.88,90.89,279,2025-04-04
14499,7119,134.65,29.37,52,2024-07-07
14500,8703,72.4,80.87,64,2025-03-27
14501,4523,342.29,71.47,131,2024-09-15
14502,5458,325.45,19.38,93,2024-08-20
14503,9258,182.39,17.24,30,2025-01-06
14504,5366,252.33,18.93,53,2024-05-26
14505,3900,250.81,72.36,385,2024-11-10
14506,3102,404.91,32.96,249,2024-05-09
14507,6667,0.87,27.02,120,2024-07-08
14508,1473,304.08,6.97,356,2025-02-08
14509,7967,245.05,5.68,32,2025-01-30
14510,1003,260.12,66.06,436,2024-12-13
14511,8725,135.58,63.7,141,2024-12-03
14512,1801,475.77,64.58,372,2024-11-30
14513,6323,184.39,18.62,260,2024-08-20
14514,8250,254.25,76.76,495,2024-07-12
14515,5437,84.67,45.88,90,2025-04-28
14516,1623,207.04,45.63,168,2025-03-25
14517,3377,401.55,96.26,449,2024-12-31
14518,7329,396.48,80.82,133,2024-08-07
14519,3160,316.72,15.73,288,2025-02-01
14520,5149,452.15,51.91,186,2024-07-17
14521,2722,466.44,3.52,105,2024-06-02
14522,5580,259.3,85.54,453,2024-10-14
14523,942,56.28,77.97,389,2024-11-18
14524,9951,202.12,57.35,161,2025-01-31
14525,6609,79.35,77.57,99,2024-05-30
14526,3703,403.74,36.29,438,2024-11-17
14527,1364,87.58,39.14,83,2024-07-04
14528,5773,431.45,65.9,256,2025-02-28
14529,9938,135.93,49.96,353,2025-03-05
14530,3291,370.54,74.3,492,2025-01-23
14531,4001,305.77,85.19,355,2024-12-29
14532,7933,406.64,40.32,411,2024-08-14
14533,9909,417.2,20.48,304,2024-08-07
14534,4897,221.11,2.46,449,2024-08-11
14535,9126,252.94,11.21,60,2024-08-22
14536,5902,304.22,44.02,383,2024-10-01
14537,2461,10.35,27.42,32,2024-11-24
14538,2191,205.54,10.56,443,2024-11-13
14539,9010,67.08,55.12,446,2024-10-13
14540,6111,330.75,0.44,215,2024-11-13
14541,5827,403.13,43.02,296,2024-07-24
14542,1604,20.71,29.68,356,2024-08-28
14543,1481,239.19,23.62,323,2024-12-02
14544,347,259.97,88.9,212,2024-08-27
14545,8054,451.08,65.12,412,2024-07-15
14546,9773,2.62,64.4,371,2024-10-18
14547,3126,235.31,38.17,227,2025-03-05
14548,3106,203.81,60.26,17,2025-01-15
14549,5140,62.88,87.81,148,2024-08-18
14550,427,196.64,5.83,304,2024-05-06
14551,1210,464.01,74.14,382,2024-12-17
14552,1145,448.98,69.66,250,2025-03-29
14553,8776,396.41,66.2,35,2025-01-07
14554,3488,30.38,38.04,225,2025-04-18
14555,2410,294.28,60.82,52,2025-03-08
14556,1768,62.3,87.37,394,2025-04-10
14557,2232,164.22,67.82,200,2024-06-24
14558,1762,69.41,99.73,281,2024-10-17
14559,629,170.9,92.57,496,2025-03-05
14560,1720,114.64,81.09,31,2025-03-16
14561,2198,420.44,79.54,52,2024-06-26
14562,7767,125.98,28.87,469,2024-05-15
14563,9891,444.86,91.63,384,2024-12-02
14564,9333,60.29,63.73,274,2025-01-19
14565,8892,345.74,93.39,244,2024-09-20
14566,5287,312.71,90.64,213,2024-09-19
14567,1559,103.23,44.83,216,2024-12-31
14568,4612,437.89,47.65,4,2025-01-05
14569,5753,71.18,75.55,327,2024-12-02
14570,8422,180.84,20.89,29,2025-01-26
14571,6028,430.52,59.3,420,2025-03-13
14572,7674,224.54,14.04,307,2024-07-23
14573,4528,465.93,87.98,213,2024-12-02
14574,8566,305.02,32.82,61,2024-06-30
14575,6009,485.86,88.86,262,2024-06-01
14576,2840,89.62,35.4,388,2024-07-28
14577,1471,107.89,79.58,201,2024-09-17
14578,7050,372.07,26.3,157,2025-04-08
14579,8969,44.35,57.2,287,2024-06-23
14580,9030,488.54,0.5,352,2025-03-03
14581,3552,115.31,41.87,104,2025-04-29
14582,3545,343.26,29.03,149,2024-05-30
14583,9812,85.69,74.73,279,2024-06-23
14584,5981,235.3,82.89,139,2024-08-10
14585,9560,357.52,30.22,205,2024-07-31
14586,4222,46.96,82.01,214,2025-02-06
14587,535,142.81,55.53,493,2024-05-25
14588,468,84.45,92.39,387,2024-11-02
14589,3378,14.55,94.57,398,2024-10-07
14590,2266,229.07,18.88,451,2024-07-07
14591,5309,349.53,77.89,352,2024-09-20
14592,2731,283.61,40.63,281,2024-10-27
14593,7248,186.61,37.41,166,2025-02-06
14594,696,447.97,41.85,206,2024-11-09
14595,3863,175.42,38.06,353,2024-12-04
14596,9169,377.32,11.11,218,2024-08-30
14597,2367,351.68,73.6,396,2024-08-16
14598,7794,111.92,40.76,191,2024-12-21
14599,3457,59.45,44.63,221,2024-12-02
14600,7603,435.36,84.27,11,2024-06-08
14601,6774,265.27,63.26,63,2025-04-01
14602,7776,228.77,74.79,489,2025-02-22
14603,6576,159.86,53.37,255,2024-07-06
14604,8601,16.43,28.66,75,2025-02-16
14605,2624,109.25,33.69,153,2024-10-07
14606,1339,330.9,22.39,31,2025-01-27
14607,7648,485.66,24.18,162,2024-12-15
14608,2446,68.41,12.94,337,2024-08-02
14609,3741,97.21,11.07,6,2024-09-21
14610,9458,71.04,22.92,456,2024-06-05
14611,483,400.26,80.81,312,2024-10-18
14612,9964,139.29,31.97,133,2024-07-12
14613,5603,96.56,78.7,383,2025-02-12
14614,2371,56.98,65.81,251,2025-03-12
14615,768,39.04,74.47,225,2025-02-02
14616,8044,272.53,68.23,218,2024-12-24
14617,9027,334.56,11.46,489,2024-06-03
14618,6135,28.01,41.21,155,2025-02-27
14619,4979,402.55,33.95,225,2024-05-31
14620,872,324.68,43.29,314,2024-07-19
14621,8642,32.68,93.65,59,2025-03-13
14622,9846,277.24,63.7,304,2024-12-23
14623,6715,254.48,75.64,164,2025-03-05
14624,5826,250.78,21.53,243,2024-06-29
14625,6353,6.43,94.46,244,2024-05-23
14626,3966,445.95,95.22,337,2024-05-18
14627,8612,318.96,36.93,229,2025-02-21
14628,9006,257.24,67.22,103,2025-04-25
14629,6116,155.66,7.75,364,2025-04-28
14630,6199,103.39,51.29,447,2024-05-31
14631,6947,427.98,92.15,367,2024-09-07
14632,665,354.7,42.67,367,2024-05-08
14633,4330,427.05,38.6,278,2024-11-18
14634,3431,91.18,19.53,42,2025-02-20
14635,1576,414.18,30.17,92,2024-09-08
14636,4227,137.75,53.37,40,2024-10-01
14637,7325,336.77,99.16,319,2024-09-18
14638,3741,6.88,82.82,161,2024-12-23
14639,6260,372.27,36.63,242,2024-10-10
14640,4951,343.21,19.97,242,2025-04-08
14641,5351,343.9,16.19,377,2024-07-28
14642,2769,302.25,0.43,131,2024-05-06
14643,7483,429.74,62.81,429,2024-07-29
14644,9725,34.88,74.16,427,2025-02-27
14645,1455,408.13,49.87,145,2024-07-18
14646,7205,228.0,38.27,38,2024-09-25
14647,8721,99.37,61.62,137,2024-11-20
14648,493,263.02,7.44,22,2024-10-15
14649,7640,124.19,46.06,297,2024-10-25
14650,6175,317.49,68.38,475,2024-12-09
14651,1258,349.84,13.78,85,2025-03-13
14652,7647,167.09,77.6,28,2024-05-26
14653,6784,194.52,18.4,341,2025-03-11
14654,7196,471.89,17.72,421,2024-10-17
14655,3511,430.69,26.45,434,2024-11-03
14656,8809,325.26,58.87,133,2025-04-04
14657,6324,266.51,48.11,481,2024-12-05
14658,992,98.9,64.43,174,2024-08-14
14659,1961,134.26,67.25,410,2024-07-26
14660,9740,352.11,22.9,386,2025-02-05
14661,707,29.51,67.1,353,2024-12-18
14662,9676,455.2,80.76,435,2025-03-05
14663,3489,132.82,7.6,158,2025-01-20
14664,5905,364.27,18.54,405,2024-07-28
14665,3031,203.62,73.78,147,2024-11-18
14666,1861,15.88,8.02,29,2025-02-02
14667,4546,323.12,99.47,117,2024-08-22
14668,2269,474.71,11.75,168,2024-10-26
14669,2563,228.51,8.08,225,2024-06-04
14670,2498,286.51,62.53,411,2024-10-11
14671,7456,387.09,44.49,409,2025-03-26
14672,3660,305.07,66.26,156,2024-06-05
14673,1958,99.19,69.14,275,2025-02-21
14674,5628,110.39,39.48,204,2025-01-30
14675,6370,296.78,85.4,71,2024-11-04
14676,3527,421.56,29.18,40,2025-01-06
14677,8829,257.98,53.56,17,2024-06-01
14678,4381,410.21,73.58,247,2024-07-28
14679,81,274.59,67.5,281,2025-03-14
14680,4037,430.94,86.08,197,2024-08-28
14681,2054,161.37,21.37,377,2024-12-24
14682,6491,166.61,90.07,2,2025-04-07
14683,3943,216.5,99.44,61,2024-09-25
14684,4022,183.98,87.44,346,2025-01-29
14685,473,3.63,19.97,158,2024-06-20
14686,7840,134.25,63.95,209,2025-01-10
14687,4936,44.82,56.58,99,2024-10-08
14688,232,15.07,63.93,355,2024-06-19
14689,3034,134.41,10.26,20,2025-04-03
14690,6109,68.22,37.21,337,2025-01-03
14691,4329,21.8,70.61,459,2024-08-27
14692,8,398.9,3.05,258,2024-06-30
14693,6467,346.09,51.85,33,2024-11-16
14694,2985,193.29,48.24,157,2024-11-23
14695,278,443.67,45.78,69,2025-01-08
14696,6087,102.09,11.24,90,2024-09-09
14697,3333,476.97,89.8,237,2024-05-31
14698,7144,227.5,25.3,107,2024-07-17
14699,4063,16.97,96.62,176,2025-02-05
14700,202,404.23,1.74,394,2024-12-01
14701,8029,462.19,47.74,214,2025-03-18
14702,9132,229.38,54.31,419,2025-02-15
14703,1124,331.05,73.63,187,2025-03-11
14704,1369,499.45,40.33,446,2024-10-24
14705,6834,1.07,39.59,307,2024-12-12
14706,1023,22.29,7.35,199,2025-04-11
14707,3890,461.54,64.08,432,2024-06-06
14708,1065,284.27,69.51,243,2024-10-25
14709,5102,100.74,29.03,154,2024-12-29
14710,9524,227.5,94.37,123,2025-04-19
14711,8386,182.22,39.89,460,2025-01-16
14712,6231,40.04,37.03,211,2024-12-07
14713,454,264.51,20.71,216,2024-05-07
14714,5633,144.74,1.51,396,2024-10-17
14715,943,405.58,48.8,291,2024-06-02
14716,2615,188.15,63.73,184,2024-07-25
14717,404,410.04,40.92,59,2024-12-15
14718,2646,446.36,84.03,496,2024-10-11
14719,7230,481.29,81.17,56,2025-03-16
14720,5730,164.78,42.72,54,2024-10-30
14721,4656,333.79,18.53,432,2024-09-09
14722,2006,43.69,45.55,159,2025-03-15
14723,8273,317.48,46.36,343,2025-04-07
14724,187,174.81,83.64,52,2025-02-10
14725,181,402.4,55.3,259,2024-12-15
14726,6846,35.11,84.92,345,2024-11-04
14727,4417,135.68,91.29,496,2024-06-19
14728,6354,498.98,97.2,44,2024-09-12
14729,3831,157.07,62.07,387,2024-07-03
14730,8204,70.07,74.24,176,2025-02-22
14731,102,335.44,32.92,198,2024-09-20
14732,905,80.62,97.71,326,2025-04-17
14733,269,110.06,65.68,335,2025-02-14
14734,2558,105.49,57.69,117,2024-10-14
14735,8406,124.9,8.65,133,2024-12-08
14736,5370,268.6,76.05,199,2024-10-18
14737,4600,390.21,80.94,198,2024-12-24
14738,6538,450.11,4.46,374,2024-11-01
14739,8264,137.81,22.35,417,2025-04-10
14740,331,310.87,60.4,323,2025-01-19
14741,5189,431.06,63.9,152,2024-11-04
14742,7762,334.2,36.28,273,2024-10-10
14743,2875,198.94,78.54,159,2024-10-30
14744,823,134.18,13.64,252,2024-06-07
14745,9152,377.87,43.09,109,2025-01-02
14746,2776,197.65,43.96,90,2024-11-26
14747,9063,478.86,8.62,145,2024-12-18
14748,1376,196.8,32.7,353,2024-11-08
14749,9831,418.84,79.96,462,2024-05-18
14750,6809,364.14,16.39,273,2024-07-22
14751,6865,142.16,36.95,74,2024-06-01
14752,5508,323.29,46.4,102,2024-07-27
14753,1182,483.01,66.25,319,2024-11-21
14754,5280,222.64,25.95,289,2024-10-10
14755,1694,35.65,28.57,187,2025-01-26
14756,9178,207.19,64.11,94,2024-05-01
14757,1459,36.45,19.83,299,2025-01-25
14758,4779,224.97,6.09,434,2024-07-04
14759,7143,362.38,79.34,389,2025-02-12
14760,3530,221.93,68.33,330,2024-12-22
14761,6376,402.76,47.61,437,2024-06-01
14762,5737,64.7,29.68,477,2025-04-06
14763,7178,222.67,8.23,276,2024-12-04
14764,4697,292.43,65.32,396,2024-05-13
14765,141,383.65,73.31,241,2025-03-13
14766,276,360.09,97.48,30,2024-06-19
14767,8836,407.39,34.4,484,2025-04-22
14768,3132,299.52,65.85,407,2024-06-28
14769,3798,34.45,96.76,414,2024-10-19
14770,4752,17.6,11.2,12,2024-10-12
14771,2923,249.28,20.82,132,2024-08-14
14772,4772,198.76,5.5,457,2025-02-09
14773,8410,274.1,38.5,125,2024-08-22
14774,8792,137.85,26.8,28,2025-04-22
14775,7026,187.19,6.03,125,2025-01-14
14776,1952,118.44,77.48,328,2025-04-23
14777,6141,448.1,84.91,161,2025-01-09
14778,5650,156.69,65.19,64,2025-03-20
14779,5586,361.95,78.43,173,2024-05-26
14780,3547,124.8,28.89,267,2025-04-05
14781,163,326.58,3.14,446,2024-09-13
14782,9462,211.7,81.11,287,2025-04-16
14783,7131,189.33,51.88,443,2025-03-04
14784,4364,132.79,37.28,129,2025-02-22
14785,643,188.19,94.89,107,2024-09-20
14786,3274,319.25,90.31,415,2024-12-17
14787,9217,465.96,51.77,69,2024-11-09
14788,8507,216.93,77.76,435,2024-09-27
14789,5067,220.06,63.81,384,2025-01-08
14790,3201,259.28,4.3,500,2025-01-12
14791,8295,34.92,27.56,226,2024-11-10
14792,8184,340.36,92.77,117,2025-01-21
14793,7374,330.58,99.02,176,2024-08-25
14794,8762,350.99,96.12,438,2024-10-22
14795,7119,231.32,25.1,189,2024-12-08
14796,6152,64.22,68.08,199,2024-09-24
14797,6039,361.07,43.23,389,2025-02-13
14798,3724,366.22,18.37,338,2025-02-03
14799,1207,381.25,2.53,387,2024-12-23
14800,9384,237.18,95.25,271,2024-10-10
14801,2159,335.44,39.78,198,2024-08-01
14802,3455,173.65,72.46,283,2025-03-23
14803,9553,34.29,38.82,167,2024-07-09
14804,6986,97.12,26.04,351,2025-02-22
14805,7587,272.9,92.28,7,2025-04-09
14806,6146,43.25,69.85,82,2025-03-10
14807,1873,245.53,76.36,340,2025-02-12
14808,8853,443.22,10.53,266,2025-01-18
14809,9268,426.79,70.0,65,2024-08-25
14810,1448,261.01,61.51,423,2025-03-03
14811,8598,323.03,40.9,495,2024-12-20
14812,2171,156.77,86.25,419,2025-04-17
14813,8650,432.53,59.33,179,2024-11-17
14814,8755,435.19,80.51,220,2025-04-15
14815,7443,492.41,68.31,180,2024-09-10
14816,6986,454.2,99.47,468,2025-03-12
14817,2723,378.29,92.04,91,2024-11-18
14818,4589,432.59,4.0,481,2024-07-26
14819,2773,88.09,45.83,272,2024-07-02
14820,8794,492.19,42.75,353,2024-09-16
14821,6891,10.26,57.71,230,2024-10-31
14822,8835,347.16,97.61,390,2024-06-14
14823,9587,464.8,25.61,444,2025-02-02
14824,604,258.51,88.33,274,2024-12-07
14825,2237,431.86,11.65,457,2024-07-01
14826,3217,275.14,65.32,265,2025-02-16
14827,6195,126.5,69.55,465,2024-07-02
14828,8721,297.25,6.84,435,2024-09-27
14829,2209,333.9,13.91,227,2024-09-30
14830,2316,306.68,1.3,395,2024-05-31
14831,343,334.91,4.26,475,2024-11-15
14832,3515,34.23,8.21,320,2024-11-05
14833,31,380.99,60.96,396,2025-03-17
14834,9977,372.04,81.7,2,2025-03-17
14835,9177,64.01,95.87,189,2025-03-19
14836,9864,16.62,11.39,115,2024-06-03
14837,5166,225.0,2.39,295,2025-01-27
14838,7611,263.8,30.52,228,2025-01-11
14839,7115,437.66,1.84,376,2025-01-13
14840,8811,429.17,64.18,32,2025-01-20
14841,192,195.69,81.93,473,2025-01-17
14842,2629,227.79,65.11,269,2024-10-24
14843,1058,352.74,93.07,314,2024-08-11
14844,2294,15.76,70.57,252,2025-03-17
14845,5720,232.16,1.6,447,2024-11-22
14846,588,149.91,50.22,60,2024-07-16
14847,4061,255.62,71.18,255,2024-11-08
14848,9086,305.02,38.72,448,2024-11-26
14849,790,295.4,76.8,141,2024-12-03
14850,9183,220.4,66.78,373,2024-12-20
14851,8683,299.72,91.42,62,2024-09-22
14852,5441,289.34,62.41,278,2025-04-15
14853,2026,27.66,54.86,84,2025-02-25
14854,2766,311.66,51.14,397,2024-10-24
14855,4157,75.13,95.82,161,2024-05-21
14856,9218,294.48,41.05,43,2025-03-14
14857,3392,333.96,70.5,25,2024-06-10
14858,9258,388.37,38.09,188,2024-12-29
14859,4643,488.93,21.1,466,2025-03-16
14860,7644,18.42,3.77,153,2024-08-25
14861,2925,225.67,28.67,356,2025-01-29
14862,8487,41.3,5.55,246,2025-03-11
14863,6513,326.7,55.38,487,2024-11-08
14864,6620,235.01,55.81,54,2025-01-27
14865,7053,42.9,55.95,39,2025-03-05
14866,8201,317.57,49.5,426,2024-11-29
14867,2782,396.2,12.64,273,2024-09-28
14868,8981,235.92,11.42,26,2025-04-09
14869,299,296.41,35.03,453,2024-09-01
14870,6595,40.84,54.04,2,2024-07-03
14871,9129,69.22,0.42,312,2025-03-18
14872,1519,247.08,10.9,136,2024-10-13
14873,7097,350.87,91.08,282,2025-04-23
14874,355,208.48,5.51,114,2024-07-19
14875,7420,395.62,18.16,75,2024-06-11
14876,9671,13.74,27.6,259,2025-02-14
14877,9524,138.57,3.1,50,2024-11-22
14878,7920,46.46,50.12,496,2024-09-25
14879,5748,75.29,92.91,391,2024-12-03
14880,9250,370.43,64.94,29,2025-01-18
14881,9557,356.12,9.07,397,2024-11-22
14882,6959,259.48,19.41,266,2025-01-26
14883,8722,416.7,55.31,431,2025-03-06
14884,1030,238.51,17.55,311,2025-01-30
14885,9697,64.17,67.12,488,2025-02-11
14886,3420,224.47,73.23,12,2024-07-15
14887,3399,413.07,20.04,489,2024-10-01
14888,7213,273.49,85.82,191,2024-10-22
14889,8845,62.39,72.31,459,2025-04-05
14890,5823,471.54,91.75,281,2025-03-30
14891,5413,427.95,78.82,125,2024-10-31
14892,6294,177.74,15.56,314,2024-09-05
14893,9080,116.75,3.46,380,2024-08-10
14894,7294,186.84,43.74,168,2024-10-07
14895,8674,25.07,72.84,46,2025-01-07
14896,186,405.69,50.01,318,2025-04-13
14897,4764,175.66,19.56,250,2025-02-20
14898,2215,419.21,13.82,335,2024-05-23
14899,2614,90.59,0.97,223,2025-03-30
14900,7237,204.43,99.24,144,2025-01-03
14901,7131,405.93,97.53,124,2024-06-09
14902,9185,231.23,95.49,170,2024-09-22
14903,7934,424.14,60.13,199,2024-08-09
14904,2827,41.92,56.02,99,2024-05-23
14905,1062,338.51,44.42,155,2025-04-11
14906,8884,348.8,67.06,173,2024-10-25
14907,5146,272.68,23.62,68,2025-01-14
14908,4700,47.77,40.93,46,2024-05-19
14909,8159,125.85,19.61,304,2024-05-19
14910,5272,292.38,87.99,163,2024-05-16
14911,1709,14.31,87.23,278,2024-10-06
14912,8412,485.61,75.91,148,2024-12-12
14913,8574,302.77,57.41,423,2024-12-04
14914,7678,225.27,90.62,372,2024-08-09
14915,3932,338.6,28.94,439,2024-07-20
14916,4640,29.76,11.41,391,2024-09-26
14917,4581,396.64,30.06,39,2025-01-15
14918,5563,338.22,11.0,3,2025-01-03
14919,2173,483.28,66.92,63,2025-01-28
14920,4365,180.25,50.21,469,2024-09-04
14921,5555,36.35,54.62,84,2024-10-12
14922,9180,127.87,57.18,277,2024-11-03
14923,4194,167.36,3.61,83,2024-08-16
14924,3177,223.93,55.81,188,2024-07-29
14925,6580,254.74,46.4,127,2025-01-02
14926,4101,139.23,27.3,101,2024-12-04
14927,2191,210.45,4.72,349,2024-07-11
14928,3006,156.89,67.73,470,2024-06-23
14929,5085,326.49,46.22,53,2025-01-09
14930,4194,357.01,1.85,172,2025-04-14
14931,854,289.32,96.98,417,2024-07-02
14932,6078,210.77,4.86,317,2024-05-13
14933,6688,37.73,30.79,341,2024-05-03
14934,3744,243.91,64.18,176,2025-01-11
14935,9923,106.47,76.12,272,2025-04-03
14936,5971,128.73,18.04,490,2024-08-07
14937,5126,272.36,24.91,269,2025-02-19
14938,5012,299.99,78.1,275,2024-12-07
14939,8069,426.21,24.12,78,2024-09-15
14940,9103,129.85,58.18,81,2025-02-06
14941,1363,73.32,15.57,24,2024-08-06
14942,8540,74.09,86.41,119,2024-05-13
14943,8225,482.76,70.23,272,2025-04-15
14944,9651,189.66,1.85,351,2024-07-03
14945,6606,447.21,24.7,457,2025-01-25
14946,9923,129.9,52.32,374,2025-02-10
14947,4771,422.48,50.33,238,2024-08-09
14948,3814,1.31,59.89,229,2024-07-22
14949,1593,456.83,69.54,476,2024-05-26
14950,1370,163.67,90.72,208,2024-09-13
14951,6117,137.59,32.51,109,2025-01-03
14952,3225,219.91,27.61,443,2024-07-24
14953,3997,100.32,64.61,156,2025-04-21
14954,5449,498.35,8.35,496,2025-03-19
14955,4104,174.0,47.26,91,2025-02-05
14956,3987,203.07,91.31,69,2025-03-25
14957,4312,328.98,51.12,425,2024-10-26
14958,3753,343.35,70.29,415,2024-10-06
14959,536,190.5,9.3,340,2025-03-31
14960,9181,361.71,10.96,242,2024-10-18
14961,7987,65.29,38.67,352,2024-08-22
14962,1678,61.39,40.8,379,2024-05-13
14963,8271,148.94,16.99,494,2024-10-30
14964,5064,149.92,7.17,81,2024-07-05
14965,1886,91.12,32.76,424,2025-01-14
14966,4089,491.29,46.16,379,2024-09-03
14967,7,199.8,80.53,363,2024-06-18
14968,8065,102.08,4.26,12,2024-08-01
14969,1427,291.44,78.43,210,2025-03-26
14970,2046,213.03,9.87,475,2024-10-26
14971,5880,363.16,55.24,46,2024-06-28
14972,4088,229.65,45.76,164,2024-06-09
14973,5971,71.62,34.98,319,2025-04-14
14974,9420,361.42,75.03,490,2025-04-25
14975,3488,33.09,48.21,402,2024-09-04
14976,9876,84.6,62.95,405,2024-12-19
14977,4511,481.19,27.13,367,2025-04-23
14978,9141,320.05,53.54,388,2024-12-22
14979,7001,286.17,49.15,365,2025-01-01
14980,5218,101.29,97.79,29,2025-04-25
14981,9302,126.38,44.57,33,2024-08-03
14982,2116,323.12,18.02,474,2024-08-27
14983,1800,331.85,93.65,381,2024-09-12
14984,3863,371.37,44.68,431,2024-06-12
14985,991,254.46,3.56,417,2025-02-15
14986,9787,89.61,41.53,292,2024-10-17
14987,9450,321.61,8.93,456,2024-05-19
14988,7335,66.16,60.35,79,2024-08-15
14989,8319,385.37,4.05,2,2024-05-07
14990,7625,366.3,27.96,132,2024-07-09
14991,6060,85.93,5.4,444,2025-02-19
14992,9027,407.54,72.54,243,2024-09-21
14993,3919,67.43,40.21,448,2025-03-02
14994,2408,229.26,77.89,440,2025-02-02
14995,739,282.66,56.23,96,2024-11-12
14996,6823,102.9,70.21,334,2024-06-07
14997,1334,281.71,97.95,276,2025-04-27
14998,8362,402.88,78.77,432,2024-09-07
14999,367,405.3,47.64,151,2024-09-10
15000,2332,11.5,54.78,228,2025-03-17
15001,1376,185.08,39.99,389,2024-07-20
15002,4204,342.15,18.93,449,2024-09-12
15003,174,302.03,32.85,21,2024-12-20
15004,4018,489.28,98.08,365,2024-12-30
15005,3917,180.04,18.41,348,2024-11-10
15006,3059,368.3,72.04,135,2024-10-08
15007,3058,269.52,46.61,266,2024-05-26
15008,6472,112.27,85.16,40,2024-05-31
15009,9998,84.7,45.24,485,2024-11-28
15010,994,247.01,2.3,372,2024-11-08
15011,5704,63.78,33.37,112,2024-06-06
15012,1958,129.89,98.83,482,2024-12-27
15013,6191,165.25,72.18,434,2025-03-28
15014,3844,232.26,64.52,205,2024-07-13
15015,1834,373.36,94.95,19,2024-05-25
15016,858,64.26,67.52,61,2024-10-20
15017,6507,481.58,10.58,244,2024-11-25
15018,1886,160.72,19.15,83,2024-12-06
15019,9495,331.48,58.41,318,2025-03-05
15020,4231,69.34,91.21,42,2024-06-14
15021,7391,429.34,88.53,308,2024-06-22
15022,9144,199.96,76.81,387,2024-07-30
15023,8930,131.26,60.48,225,2024-07-28
15024,7612,277.54,88.82,172,2025-01-27
15025,6974,138.26,56.9,92,2024-06-07
15026,3178,360.75,3.67,32,2024-09-17
15027,9041,483.2,88.9,8,2025-01-21
15028,4816,10.35,76.62,471,2024-06-23
15029,3877,440.98,23.2,353,2024-11-12
15030,2692,350.28,7.0,230,2024-08-26
15031,3631,61.49,33.99,163,2024-06-02
15032,3377,23.49,89.61,385,2024-08-01
15033,8341,25.96,64.5,323,2025-01-30
15034,1245,284.95,69.04,265,2024-10-04
15035,4400,117.96,25.53,143,2025-01-28
15036,694,112.61,8.89,203,2024-09-21
15037,3055,249.44,91.93,71,2025-04-28
15038,6876,414.94,9.21,41,2024-10-29
15039,8472,261.78,9.77,12,2024-06-19
15040,9592,345.29,19.29,434,2024-11-18
15041,3882,291.26,85.11,332,2024-07-24
15042,6731,306.43,3.59,100,2025-02-03
15043,7104,487.8,15.22,461,2024-07-20
15044,1390,241.15,37.75,187,2025-01-29
15045,4349,182.05,6.81,493,2024-11-27
15046,1599,144.28,42.76,98,2024-07-13
15047,871,188.06,12.1,325,2024-06-25
15048,8054,468.78,22.15,233,2024-08-26
15049,9890,220.23,42.95,439,2024-12-16
15050,1001,187.02,95.74,296,2024-05-15
15051,7843,336.89,35.49,375,2025-01-31
15052,1422,448.57,8.81,292,2025-04-20
15053,5641,346.67,0.89,8,2024-09-01
15054,9951,259.72,9.08,119,2024-10-09
15055,5151,238.29,22.7,253,2024-10-03
15056,1325,211.44,0.47,206,2024-09-26
15057,7771,190.87,57.6,197,2024-07-25
15058,8976,117.56,33.98,102,2025-02-03
15059,9462,48.67,67.69,249,2025-02-25
15060,4922,318.01,30.35,419,2024-06-22
15061,4600,440.69,10.64,44,2025-01-19
15062,7589,304.88,27.15,399,2025-04-11
15063,3141,302.98,45.11,375,2025-03-21
15064,615,50.74,6.4,229,2024-05-17
15065,50,32.31,69.8,454,2025-01-19
15066,4297,321.31,39.8,236,2025-02-03
15067,7342,78.34,22.01,448,2024-12-06
15068,5382,372.38,18.43,126,2024-06-06
15069,4327,35.01,61.01,346,2024-08-18
15070,9254,62.37,14.07,56,2024-12-06
15071,7717,87.62,89.28,226,2024-10-18
15072,6565,421.03,19.02,428,2024-07-19
15073,4939,45.46,52.27,448,2024-05-21
15074,9932,320.08,73.4,373,2024-09-11
15075,1138,155.72,64.21,33,2025-03-05
15076,320,44.09,16.34,84,2024-11-11
15077,3773,428.08,47.03,416,2024-05-03
15078,9986,277.05,7.11,484,2024-11-23
15079,7257,220.6,16.05,123,2025-03-05
15080,6099,157.1,34.84,442,2024-05-02
15081,9273,431.92,67.99,61,2025-04-15
15082,4910,71.67,83.31,133,2025-03-04
15083,7058,421.24,62.37,402,2025-04-17
15084,9091,306.76,13.65,479,2024-10-31
15085,2801,488.13,90.93,151,2025-01-29
15086,8360,472.45,18.34,139,2025-03-30
15087,8122,23.0,59.2,409,2025-03-21
15088,4324,230.81,2.3,10,2024-12-17
15089,931,214.64,20.35,90,2025-04-27
15090,2316,23.45,87.63,481,2025-02-18
15091,5539,335.94,54.58,73,2024-08-21
15092,86,25.65,29.34,52,2024-09-18
15093,9011,168.65,81.15,36,2025-01-19
15094,986,218.46,64.49,444,2024-10-02
15095,4428,80.86,67.47,75,2024-07-02
15096,86,436.46,71.16,377,2024-10-22
15097,2117,353.48,39.53,468,2024-12-17
15098,8606,379.0,73.98,204,2025-02-02
15099,4273,208.3,28.24,8,2025-02-12
15100,6654,306.49,44.21,177,2024-06-12
15101,6780,361.76,2.15,364,2024-11-08
15102,3505,39.51,37.13,200,2025-02-03
15103,4216,79.76,65.24,6,2024-07-30
15104,9050,10.9,98.12,79,2025-02-13
15105,3518,406.27,35.03,282,2024-08-29
15106,6976,18.09,32.17,130,2024-11-19
15107,3225,487.7,62.62,493,2025-04-25
15108,1823,341.07,69.51,104,2025-04-29
15109,2182,135.71,6.07,316,2024-08-18
15110,1947,8.25,31.5,57,2025-01-26
15111,9353,368.45,22.94,106,2024-12-12
15112,1020,183.45,42.35,173,2025-03-17
15113,7878,205.58,69.58,411,2024-08-27
15114,5125,259.03,54.42,429,2025-01-10
15115,9814,239.74,45.25,8,2024-09-26
15116,3488,404.0,28.74,171,2024-10-04
15117,7813,160.99,51.48,325,2024-11-09
15118,6669,246.61,77.25,40,2024-11-24
15119,7120,262.78,23.54,4,2024-08-29
15120,2719,267.72,52.18,461,2024-12-04
15121,5816,242.56,10.11,370,2024-05-24
15122,9613,144.66,50.48,27,2024-04-30
15123,2719,68.1,0.32,153,2024-08-15
15124,577,354.25,38.82,143,2024-05-20
15125,1650,64.99,77.1,112,2024-11-28
15126,5703,68.26,0.72,297,2024-06-29
15127,5167,0.5,26.84,133,2024-11-14
15128,3461,127.63,50.65,30,2024-08-10
15129,7451,187.45,42.15,303,2024-07-02
15130,2316,424.49,40.85,72,2024-11-14
15131,7067,287.87,37.19,303,2025-01-22
15132,3394,199.45,69.52,498,2025-02-26
15133,9731,15.87,71.5,206,2025-01-04
15134,5859,457.53,68.35,214,2024-07-13
15135,5794,21.4,50.64,177,2024-07-23
15136,2270,434.76,70.62,414,2025-04-06
15137,1613,481.41,3.49,418,2024-12-05
15138,2760,240.7,86.71,394,2024-09-24
15139,2684,212.79,3.93,314,2025-01-09
15140,4175,311.85,71.86,241,2024-09-16
15141,6143,202.09,45.83,280,2024-11-15
15142,7504,259.53,79.24,45,2025-02-07
15143,4625,27.31,77.0,225,2025-04-17
15144,1063,55.32,84.14,395,2024-05-29
15145,4757,130.73,21.12,192,2024-11-19
15146,5024,156.16,72.57,427,2024-10-31
15147,3008,148.2,76.01,454,2024-06-22
15148,6911,221.42,36.26,61,2025-01-23
15149,5864,209.23,49.55,293,2024-11-04
15150,6578,469.81,22.14,404,2024-05-27
15151,8027,311.25,3.54,412,2024-09-28
15152,8484,26.13,30.82,370,2025-01-15
15153,9778,460.17,18.6,10,2025-03-27
15154,264,22.26,13.79,291,2025-02-25
15155,5744,72.82,14.09,231,2025-01-02
15156,5882,474.97,72.08,98,2024-10-03
15157,5693,63.18,74.24,104,2025-02-18
15158,598,392.59,44.55,147,2024-09-29
15159,5865,166.27,83.96,400,2025-01-12
15160,6259,219.0,34.88,319,2024-07-24
15161,6071,69.0,21.28,304,2024-07-27
15162,4304,116.3,88.86,111,2024-05-05
15163,4635,123.14,90.08,397,2024-08-05
15164,488,215.14,78.0,296,2025-03-16
15165,7951,192.91,94.14,321,2024-06-06
15166,3209,305.14,97.46,329,2024-09-02
15167,6422,177.49,40.84,250,2025-04-06
15168,5247,474.65,1.73,61,2024-06-22
15169,3850,313.36,31.64,322,2025-04-05
15170,6530,384.62,12.45,409,2024-07-06
15171,6487,2.13,78.26,462,2024-07-21
15172,5814,16.76,0.46,375,2024-05-13
15173,3839,223.34,14.0,149,2024-05-28
15174,7695,68.83,26.87,102,2025-02-10
15175,9736,151.16,70.19,237,2024-06-11
15176,8401,16.24,38.49,297,2024-05-13
15177,3477,366.52,22.07,230,2024-11-22
15178,6081,176.81,48.71,180,2024-11-19
15179,1594,82.64,69.5,212,2025-04-10
15180,4345,109.08,68.04,173,2024-08-01
15181,3549,417.62,86.08,55,2024-09-03
15182,1092,237.83,93.02,497,2024-08-11
15183,3817,485.83,59.18,358,2024-10-24
15184,3033,453.08,25.13,106,2024-12-03
15185,9329,175.97,13.28,328,2024-10-31
15186,830,229.0,38.81,304,2025-01-01
15187,6908,14.68,68.4,12,2025-04-24
15188,6815,136.08,80.72,293,2024-12-02
15189,6790,22.65,79.87,258,2024-12-04
15190,7601,128.29,60.66,131,2025-02-13
15191,207,33.45,63.88,430,2024-08-26
15192,4433,495.61,35.69,454,2024-11-03
15193,5972,476.87,31.97,324,2024-08-20
15194,6828,3.18,71.86,156,2024-06-10
15195,4959,233.9,19.46,40,2024-05-14
15196,1767,6.59,3.9,71,2025-04-24
15197,8913,280.11,98.56,253,2024-10-16
15198,4922,457.51,3.54,449,2024-12-20
15199,7383,371.33,22.24,208,2024-08-04
15200,5313,400.21,8.36,171,2025-04-18
15201,4760,43.06,84.95,324,2024-07-22
15202,3977,384.8,92.24,74,2025-01-11
15203,5048,233.32,77.09,217,2024-07-13
15204,1667,282.37,41.69,195,2024-07-12
15205,6380,21.82,94.56,81,2024-08-31
15206,4915,463.19,44.22,406,2024-05-26
15207,2124,303.39,70.99,11,2025-01-15
15208,2005,406.09,10.29,241,2025-03-22
15209,4936,330.17,92.61,317,2024-07-30
15210,3799,479.18,74.61,61,2025-01-26
15211,2425,246.85,43.99,135,2024-07-10
15212,3628,99.03,9.02,483,2024-08-29
15213,7414,411.13,41.24,143,2024-12-04
15214,9373,217.45,52.85,385,2024-05-23
15215,1502,366.14,21.95,214,2024-09-09
15216,2229,106.52,85.93,368,2024-12-12
15217,1007,108.92,85.04,210,2025-02-24
15218,3439,29.43,96.07,316,2024-05-27
15219,8487,259.52,33.06,124,2024-11-30
15220,2048,373.28,54.97,81,2024-08-04
15221,511,186.56,32.08,390,2025-01-04
15222,8633,264.87,39.42,132,2024-05-14
15223,6726,484.83,18.09,164,2024-11-10
15224,3124,72.13,36.44,255,2025-01-04
15225,9406,383.89,93.17,449,2024-05-30
15226,9680,333.33,36.2,233,2025-04-10
15227,6653,453.93,38.15,461,2025-04-23
15228,716,326.48,2.89,173,2025-01-23
15229,6015,383.06,78.7,461,2024-07-16
15230,6632,251.73,10.68,382,2024-12-08
15231,1461,7.69,18.34,250,2025-04-18
15232,7350,284.5,62.83,4,2024-07-31
15233,8965,72.85,76.5,69,2024-10-12
15234,6340,15.05,51.91,459,2025-03-16
15235,1039,232.68,87.91,446,2024-09-07
15236,9328,489.74,16.02,496,2024-11-09
15237,7254,272.77,8.17,483,2024-09-03
15238,6019,493.19,31.07,237,2025-04-04
15239,8309,161.68,42.03,263,2025-03-16
15240,2045,455.98,32.88,490,2024-05-29
15241,2905,252.09,3.76,280,2024-07-07
15242,1086,10.77,19.72,22,2025-03-01
15243,4208,88.95,45.6,394,2025-03-10
15244,9094,207.13,3.94,102,2025-01-26
15245,5353,118.75,66.81,144,2024-10-30
15246,6099,423.72,2.75,419,2024-08-24
15247,5346,337.33,43.72,425,2024-07-17
15248,4301,279.95,98.49,402,2024-05-09
15249,3681,397.94,21.63,172,2024-11-15
15250,5195,193.93,88.34,268,2024-06-11
15251,9145,0.84,42.18,174,2024-12-23
15252,2784,199.96,3.38,458,2024-12-26
15253,6478,452.68,38.52,290,2024-11-30
15254,3665,166.63,63.94,218,2024-06-02
15255,7398,199.46,28.08,110,2025-04-01
15256,5761,490.13,95.97,50,2025-02-13
15257,4954,53.35,7.16,208,2024-06-21
15258,5023,283.88,40.83,146,2025-04-27
15259,4620,224.09,54.42,475,2025-01-28
15260,7044,229.3,27.73,329,2024-12-15
15261,1254,46.18,53.98,67,2024-11-12
15262,2231,172.73,78.73,427,2024-09-30
15263,3822,52.9,1.91,497,2024-10-10
15264,1293,350.81,6.57,221,2024-06-07
15265,9284,483.54,75.53,179,2025-01-11
15266,6352,196.93,98.33,396,2025-03-06
15267,6058,360.11,21.84,387,2025-01-06
15268,7777,263.1,33.79,341,2025-04-24
15269,7561,116.75,63.62,457,2024-10-08
15270,2285,51.56,78.03,80,2025-02-16
15271,4634,467.07,76.88,471,2024-10-16
15272,2620,428.2,47.19,17,2025-02-03
15273,1193,6.71,38.77,151,2025-03-20
15274,5770,309.1,62.11,408,2025-04-27
15275,7371,330.36,49.34,243,2025-01-04
15276,5371,244.73,21.57,460,2024-08-25
15277,1251,166.28,37.19,317,2024-10-18
15278,1161,482.79,96.11,211,2025-04-28
15279,7395,144.69,81.88,254,2024-12-29
15280,4487,79.47,47.7,218,2024-10-03
15281,389,439.94,81.11,315,2024-05-16
15282,2848,133.29,34.2,287,2024-07-15
15283,4204,339.97,66.63,81,2025-02-08
15284,2679,398.73,5.23,23,2024-06-09
15285,5587,207.05,43.6,96,2025-01-24
15286,5853,460.78,30.77,154,2025-04-16
15287,425,253.07,22.6,278,2025-02-20
15288,3592,45.56,89.58,80,2025-03-30
15289,2995,338.41,67.97,456,2024-09-13
15290,1935,386.26,9.87,215,2024-10-31
15291,1087,150.31,81.36,221,2025-02-09
15292,9900,404.45,96.9,477,2024-06-02
15293,8717,338.54,84.22,426,2024-11-29
15294,9417,407.16,95.18,287,2024-11-30
15295,6668,213.1,46.08,468,2024-10-17
15296,1337,89.86,83.46,362,2024-05-05
15297,2018,33.53,85.63,279,2025-01-14
15298,8823,21.01,13.21,86,2024-06-07
15299,8962,411.74,96.09,50,2024-11-03
15300,293,7.77,69.23,285,2024-06-22
15301,8190,228.87,61.0,335,2025-02-14
15302,3055,475.77,77.91,336,2024-05-19
15303,6150,461.61,54.82,38,2024-08-06
15304,4501,280.89,82.79,168,2025-04-07
15305,1311,366.84,55.34,306,2025-02-11
15306,4587,36.55,91.42,493,2025-03-24
15307,6474,112.48,4.32,330,2024-07-08
15308,8446,90.01,95.42,398,2024-06-05
15309,4302,192.26,17.0,418,2024-12-12
15310,8053,154.93,3.81,89,2025-02-06
15311,9852,36.29,84.81,153,2024-07-29
15312,9658,338.53,27.49,146,2024-06-12
15313,4868,293.49,61.17,274,2024-10-10
15314,8615,455.17,34.77,303,2024-10-02
15315,4948,408.28,25.59,325,2024-11-05
15316,5219,194.49,79.13,225,2024-08-25
15317,712,457.22,82.47,5,2024-06-14
15318,7455,279.02,28.64,318,2024-07-01
15319,2098,231.76,5.7,406,2025-03-14
15320,6721,172.94,44.78,151,2024-08-18
15321,7959,328.41,68.06,212,2024-11-30
15322,7649,145.35,52.97,307,2025-03-30
15323,1477,470.68,12.16,1,2025-03-30
15324,7941,183.64,31.66,24,2024-07-08
15325,9315,394.74,84.42,484,2024-07-27
15326,2563,324.52,83.11,401,2024-06-06
15327,5669,409.57,79.86,373,2025-02-07
15328,9789,190.73,40.13,286,2024-08-20
15329,5427,460.3,41.25,323,2025-01-13
15330,1669,114.9,61.38,137,2025-01-07
15331,4573,212.24,82.95,17,2024-06-16
15332,2610,327.15,62.63,230,2025-04-04
15333,5199,444.07,34.12,312,2024-07-24
15334,78,247.97,36.54,249,2024-09-27
15335,1803,140.86,15.18,53,2024-09-09
15336,2729,87.04,89.14,192,2024-08-15
15337,5734,55.61,26.13,74,2025-03-06
15338,6119,455.07,53.24,82,2024-07-24
15339,4183,177.61,31.62,480,2025-04-20
15340,9496,136.87,76.02,418,2025-02-08
15341,5747,241.83,3.96,176,2025-02-16
15342,361,69.4,72.56,493,2024-08-28
15343,2031,80.32,89.84,365,2025-02-04
15344,1749,250.44,67.21,380,2024-10-27
15345,6665,496.97,81.41,396,2024-11-03
15346,7736,350.96,27.12,95,2025-04-04
15347,4536,78.49,87.35,497,2024-09-19
15348,9240,254.97,84.09,469,2024-09-01
15349,1033,455.63,89.05,198,2024-09-21
15350,1845,131.95,0.06,98,2025-03-21
15351,6818,410.33,96.44,288,2024-12-24
15352,2644,192.78,54.63,444,2025-03-20
15353,4233,19.47,12.39,463,2025-02-04
15354,263,61.4,7.3,264,2024-08-28
15355,3703,310.47,35.39,157,2024-07-04
15356,7474,117.6,17.86,303,2024-09-04
15357,2616,304.48,69.6,1,2025-02-22
15358,8512,9.97,64.46,395,2025-04-19
15359,3742,382.01,11.0,141,2025-04-01
15360,257,59.79,65.17,69,2024-04-30
15361,5652,491.59,30.34,390,2024-11-04
15362,7382,456.6,46.13,187,2024-07-23
15363,6777,240.43,29.71,96,2025-02-04
15364,4315,433.92,57.0,251,2024-06-02
15365,9604,106.19,44.91,3,2024-11-23
15366,5578,465.07,6.41,197,2024-09-16
15367,9617,464.43,91.09,429,2024-08-29
15368,3930,471.57,20.05,82,2024-09-01
15369,9609,285.02,10.81,491,2025-02-19
15370,8686,278.86,80.44,124,2024-11-23
15371,1919,362.19,53.81,37,2024-11-05
15372,7110,187.23,60.85,92,2025-04-24
15373,2341,305.66,17.74,165,2024-07-05
15374,6531,311.85,50.72,13,2025-04-12
15375,1000,352.87,68.75,326,2024-05-23
15376,532,60.67,35.59,448,2024-11-19
15377,3057,69.09,32.52,15,2024-05-04
15378,7307,8.83,90.3,246,2024-07-02
15379,4143,21.04,10.68,241,2025-01-19
15380,2233,364.93,47.81,97,2025-01-25
15381,4648,196.52,30.15,309,2025-02-11
15382,3495,185.53,64.64,473,2025-03-31
15383,2851,415.46,2.44,271,2024-10-14
15384,6387,472.5,73.17,364,2024-12-07
15385,8782,425.05,74.12,451,2024-05-25
15386,6977,278.91,65.66,148,2024-10-22
15387,7631,308.26,51.07,233,2024-10-03
15388,5305,137.21,99.86,381,2024-10-17
15389,6567,493.56,59.91,242,2025-04-25
15390,6309,24.81,8.52,151,2025-04-25
15391,638,375.26,36.21,221,2025-01-07
15392,8499,438.81,22.92,338,2025-03-12
15393,3512,358.03,68.7,434,2024-08-03
15394,8828,460.66,23.0,379,2025-04-09
15395,3991,135.96,22.96,358,2025-04-18
15396,1895,237.71,57.86,500,2024-09-03
15397,6039,253.63,20.52,497,2024-10-22
15398,9664,474.14,70.84,92,2024-08-21
15399,4035,222.9,63.33,214,2024-06-11
15400,325,90.48,95.3,144,2025-03-03
15401,653,131.37,13.37,383,2024-11-25
15402,3392,333.49,98.04,471,2024-11-29
15403,2952,439.69,24.75,488,2025-01-27
15404,5552,401.18,50.51,120,2024-12-07
15405,8473,492.25,7.93,97,2024-12-26
15406,8610,456.86,67.46,444,2024-10-17
15407,6124,436.92,67.96,223,2024-07-25
15408,8219,39.27,8.42,339,2024-11-18
15409,1558,245.13,56.21,346,2025-02-27
15410,4264,372.34,95.28,246,2025-03-06
15411,5669,135.44,34.27,144,2024-05-04
15412,4475,118.62,71.13,188,2024-08-05
15413,7891,56.44,35.53,251,2024-08-03
15414,4105,10.52,83.66,234,2025-01-29
15415,4454,449.62,25.27,482,2025-01-18
15416,7626,183.39,8.34,254,2025-01-29
15417,6765,176.63,19.0,256,2025-02-15
15418,752,495.63,55.93,239,2024-09-18
15419,1890,452.2,66.67,155,2025-03-12
15420,6965,96.68,2.51,221,2024-09-04
15421,2188,276.55,90.91,472,2024-08-03
15422,4365,276.73,97.83,349,2024-07-28
15423,695,90.69,90.33,439,2025-04-03
15424,5438,220.43,98.75,473,2024-07-27
15425,9295,438.56,58.39,392,2024-06-02
15426,6508,165.1,64.76,446,2024-12-23
15427,8163,404.51,26.79,64,2024-09-24
15428,2557,276.0,41.87,337,2024-06-25
15429,3854,487.2,88.13,478,2024-05-20
15430,2301,161.92,36.14,190,2024-06-30
15431,5815,356.92,30.73,190,2024-07-04
15432,1512,114.3,97.74,229,2024-10-01
15433,888,476.22,60.54,116,2024-08-16
15434,7626,427.63,78.77,49,2024-09-04
15435,1541,19.54,58.09,217,2024-09-23
15436,4603,148.83,57.86,205,2025-02-21
15437,357,17.54,7.15,336,2025-02-13
15438,2286,398.25,2.92,255,2024-06-30
15439,5576,451.12,52.69,54,2024-12-03
15440,9445,430.51,58.04,32,2024-10-21
15441,5218,382.34,92.42,310,2024-05-27
15442,2099,347.29,26.08,345,2024-11-01
15443,2899,86.64,82.27,370,2024-11-07
15444,2814,464.61,29.26,303,2024-12-17
15445,5646,342.89,30.33,125,2024-07-03
15446,4829,129.15,48.68,170,2024-05-19
15447,6319,91.45,30.79,279,2025-02-06
15448,9112,487.09,76.84,478,2025-01-28
15449,6394,499.52,85.58,81,2024-10-08
15450,3987,462.73,5.63,430,2024-05-22
15451,1553,196.43,77.85,425,2024-10-05
15452,3058,115.73,44.84,385,2024-11-25
15453,1077,359.42,4.87,146,2024-08-22
15454,8106,323.06,61.37,74,2025-04-26
15455,8447,389.0,49.44,456,2024-11-01
15456,8062,412.0,48.19,34,2024-06-28
15457,9277,31.23,54.79,160,2025-01-18
15458,8276,213.22,0.19,433,2024-08-15
15459,7482,496.62,92.62,490,2024-11-07
15460,3716,219.88,81.22,80,2025-02-25
15461,7047,113.8,75.83,208,2024-11-10
15462,2582,277.97,63.82,1,2025-02-06
15463,4584,222.9,3.76,66,2024-09-22
15464,5827,316.31,40.49,358,2024-07-07
15465,963,151.93,3.6,82,2024-12-31
15466,5317,234.98,76.74,447,2024-09-23
15467,665,237.38,22.91,65,2025-04-20
15468,8945,487.38,34.21,175,2024-09-09
15469,9269,118.93,46.93,323,2024-09-05
15470,6032,190.83,60.43,202,2025-01-18
15471,2996,229.2,67.99,235,2024-08-18
15472,963,407.79,83.43,477,2025-03-10
15473,4297,454.7,58.74,129,2025-04-22
15474,3681,57.6,43.82,163,2024-08-21
15475,4725,457.45,14.2,267,2024-10-17
15476,4228,480.46,22.46,403,2024-08-16
15477,3996,267.98,88.54,448,2025-03-01
15478,253,272.73,25.18,464,2024-10-25
15479,3483,80.13,73.34,306,2024-10-06
15480,4921,180.99,75.12,209,2024-06-04
15481,9113,338.14,82.58,252,2025-03-08
15482,4206,340.52,24.76,471,2025-01-11
15483,9398,411.33,25.66,283,2024-05-23
15484,9567,0.81,97.65,420,2024-06-09
15485,9697,475.09,89.26,381,2024-11-24
15486,7477,316.67,37.7,119,2024-07-08
15487,4390,123.15,94.81,270,2025-03-31
15488,9324,218.9,73.32,401,2025-02-27
15489,5972,358.25,48.58,95,2024-05-19
15490,8307,113.47,14.29,20,2024-08-05
15491,5917,277.65,77.88,199,2025-03-15
15492,5335,185.92,55.12,168,2024-06-21
15493,4619,454.39,81.2,139,2024-12-24
15494,2026,369.92,64.69,81,2025-04-05
15495,5565,410.95,3.71,287,2025-04-10
15496,8809,27.78,18.93,38,2024-10-18
15497,9855,473.19,33.72,148,2024-11-28
15498,8617,442.63,55.8,163,2025-03-18
15499,5156,356.44,36.84,213,2024-07-24
15500,2131,330.37,64.95,49,2025-02-14
15501,9687,95.36,66.65,409,2024-07-06
15502,8277,363.41,13.53,103,2024-09-12
15503,2138,175.86,86.11,399,2025-04-10
15504,1600,493.79,46.73,305,2025-02-17
15505,7987,13.61,44.85,4,2025-01-14
15506,400,169.63,87.92,91,2024-08-31
15507,9526,164.46,77.71,266,2024-06-03
15508,8423,417.09,86.01,92,2024-10-04
15509,4141,364.45,40.56,76,2025-02-17
15510,2392,170.82,16.33,200,2024-07-23
15511,6776,194.85,7.31,186,2025-04-09
15512,372,59.64,84.49,417,2024-07-27
15513,437,117.27,96.23,450,2024-07-18
15514,1529,266.33,6.33,64,2025-01-18
15515,1481,148.11,91.79,191,2024-06-13
15516,8104,126.43,9.24,267,2025-01-30
15517,7730,151.66,19.08,24,2025-01-31
15518,649,148.34,15.58,451,2024-12-30
15519,977,286.22,13.3,495,2024-10-09
15520,3464,240.78,36.57,481,2025-03-13
15521,3777,380.82,17.58,4,2024-07-14
15522,8673,158.14,92.07,482,2025-01-09
15523,6374,351.23,86.14,461,2024-06-11
15524,2528,379.62,21.12,312,2024-10-12
15525,9980,105.2,25.43,459,2024-11-11
15526,1110,7.3,5.36,181,2024-12-08
15527,4483,232.98,33.05,124,2024-12-11
15528,6943,341.9,69.89,66,2025-02-24
15529,343,163.2,89.85,43,2024-05-16
15530,1660,245.38,86.05,179,2025-01-01
15531,5244,344.59,76.44,118,2025-01-26
15532,6094,368.01,71.67,239,2025-04-26
15533,7987,214.04,48.96,259,2024-09-16
15534,3783,196.88,78.62,337,2024-06-14
15535,2234,335.92,60.76,163,2024-12-18
15536,2867,289.57,50.7,124,2024-05-22
15537,2836,292.56,70.01,481,2024-08-20
15538,7522,316.37,28.25,91,2025-04-18
15539,2258,495.76,88.28,454,2025-02-24
15540,9822,14.71,46.26,10,2024-09-08
15541,3135,81.28,52.87,177,2025-02-28
15542,2730,278.77,80.15,261,2024-12-26
15543,3525,257.12,99.8,301,2024-05-10
15544,7053,264.79,74.49,216,2024-05-08
15545,704,236.33,63.83,76,2024-12-10
15546,1228,80.52,69.02,266,2024-08-03
15547,9205,38.3,65.24,365,2024-06-30
15548,9672,208.32,20.04,224,2024-11-02
15549,8471,222.11,57.33,130,2024-08-20
15550,9401,62.41,27.12,298,2025-01-29
15551,9883,103.96,23.95,52,2024-08-31
15552,2828,320.76,76.58,240,2025-01-27
15553,923,250.56,11.68,210,2025-02-22
15554,7907,380.91,0.85,207,2024-08-08
15555,394,255.27,77.01,290,2025-01-22
15556,2981,67.28,43.67,306,2024-12-09
15557,4403,24.6,32.23,336,2024-05-21
15558,1168,482.69,75.8,344,2024-11-30
15559,2868,412.05,57.59,180,2024-09-20
15560,6553,174.01,83.87,292,2024-11-15
15561,1542,54.73,95.89,47,2025-01-26
15562,9008,384.88,55.35,245,2024-06-01
15563,4596,118.73,64.44,447,2025-01-03
15564,2283,213.95,81.55,69,2025-03-27
15565,3061,273.91,58.58,70,2024-11-08
15566,8740,53.64,52.49,161,2024-06-21
15567,6312,474.33,91.41,451,2024-10-08
15568,2788,455.83,28.11,160,2024-12-22
15569,9496,271.51,10.7,324,2024-10-05
15570,7793,476.84,95.82,475,2024-08-10
15571,9540,295.58,9.98,317,2024-09-02
15572,7435,423.33,63.1,390,2024-05-20
15573,5049,257.8,37.68,26,2024-12-30
15574,5456,239.45,71.24,178,2024-11-12
15575,4396,52.07,16.27,132,2024-05-27
15576,6690,314.61,32.04,225,2024-07-19
15577,3080,370.08,39.04,403,2024-11-21
15578,3302,206.12,35.18,293,2024-07-23
15579,344,311.22,36.6,420,2024-12-23
15580,5439,51.11,3.46,480,2025-04-03
15581,87,153.61,88.72,453,2024-06-23
15582,82,448.44,33.94,17,2025-01-19
15583,4394,210.28,67.39,29,2025-04-14
15584,1118,308.97,3.67,487,2024-05-22
15585,7612,335.76,75.96,321,2024-05-30
15586,9774,110.78,87.53,163,2025-01-01
15587,6643,131.69,15.52,145,2024-12-15
15588,1318,33.27,89.88,290,2024-11-01
15589,4893,451.97,85.81,60,2024-06-06
15590,179,388.43,4.09,9,2024-05-31
15591,2598,113.19,20.95,320,2024-06-11
15592,5667,489.71,38.7,191,2024-10-07
15593,4333,368.64,44.93,428,2024-06-27
15594,7137,341.06,62.81,200,2025-04-04
15595,3355,225.28,98.04,332,2024-11-01
15596,7104,272.9,57.34,104,2024-08-16
15597,7004,437.01,48.17,11,2024-05-09
15598,2537,172.35,7.7,352,2024-12-25
15599,6363,467.68,30.22,5,2025-01-07
15600,7101,428.58,23.48,71,2024-09-18
15601,282,253.98,34.69,463,2024-10-25
15602,2414,300.29,30.09,213,2025-03-07
15603,451,352.22,34.82,445,2025-01-24
15604,8749,145.92,90.51,254,2025-03-21
15605,1772,242.81,2.7,242,2024-09-11
15606,9498,259.13,41.42,115,2024-08-09
15607,520,81.82,74.63,409,2025-04-06
15608,9322,58.49,18.27,495,2024-10-25
15609,7339,465.03,85.38,3,2024-07-18
15610,2297,229.49,52.28,66,2025-03-23
15611,1681,301.64,87.12,121,2024-06-14
15612,9661,357.34,97.04,412,2024-11-12
15613,5608,145.49,70.31,416,2024-07-17
15614,4532,483.68,63.07,262,2024-12-05
15615,3958,236.16,45.39,256,2024-10-02
15616,8921,68.48,65.01,189,2024-07-28
15617,3115,232.32,42.2,274,2024-05-02
15618,6561,343.18,15.27,426,2024-05-08
15619,60,468.56,45.01,276,2024-05-07
15620,4236,58.49,73.21,356,2024-12-02
15621,1160,230.13,0.98,404,2024-09-03
15622,2763,34.1,53.17,209,2024-06-18
15623,609,446.89,58.48,314,2025-01-27
15624,4883,334.41,93.87,206,2025-01-10
15625,5259,183.95,96.77,403,2024-06-11
15626,8757,332.37,1.84,207,2024-08-30
15627,962,103.24,60.85,265,2025-03-06
15628,1213,344.66,13.1,35,2024-05-05
15629,1837,396.25,41.57,483,2024-08-29
15630,597,403.79,98.58,287,2025-01-06
15631,6240,177.48,36.82,35,2024-05-16
15632,8276,294.48,92.56,221,2025-03-13
15633,1833,343.72,39.72,156,2024-11-11
15634,4369,34.39,99.8,95,2024-06-03
15635,4500,136.57,7.2,35,2025-02-07
15636,3302,103.24,28.22,398,2024-11-03
15637,4047,157.39,97.9,204,2024-05-25
15638,8100,321.48,57.68,490,2024-12-17
15639,855,379.46,89.22,168,2024-05-30
15640,454,29.37,35.75,433,2025-03-26
15641,6498,220.35,27.24,38,2024-07-16
15642,4783,249.88,58.99,262,2024-05-02
15643,2778,367.01,50.73,308,2025-03-11
15644,910,32.45,64.46,85,2024-11-20
15645,7742,348.15,41.94,398,2024-12-05
15646,9008,165.6,49.26,410,2025-01-13
15647,3250,463.48,26.85,386,2024-08-09
15648,1443,128.02,71.0,344,2024-09-12
15649,7347,14.37,37.53,97,2025-02-21
15650,3521,141.89,90.13,349,2024-07-09
15651,121,0.52,23.16,136,2025-01-07
15652,60,306.04,87.0,66,2024-06-18
15653,6196,328.28,9.4,267,2024-07-01
15654,2346,305.89,39.17,411,2024-08-22
15655,9735,492.49,46.76,399,2025-01-28
15656,6128,347.12,37.77,16,2025-04-19
15657,1243,109.67,82.68,111,2024-10-08
15658,7206,175.19,59.79,2,2025-03-08
15659,3820,492.5,50.72,311,2024-12-17
15660,6777,203.03,9.14,174,2025-03-05
15661,3660,404.11,33.53,242,2024-07-13
15662,9875,187.76,66.98,264,2024-07-03
15663,7155,461.17,71.19,316,2024-12-21
15664,4793,455.93,12.09,458,2024-07-11
15665,4192,275.81,15.06,81,2024-09-23
15666,8184,96.21,59.33,466,2025-03-21
15667,1682,52.62,31.98,203,2024-05-17
15668,4566,46.34,21.0,347,2025-04-24
15669,7576,440.61,67.69,461,2025-01-22
15670,8763,462.9,82.47,15,2024-11-07
15671,7829,243.48,77.41,266,2024-07-12
15672,5135,114.49,38.41,335,2025-03-17
15673,8818,279.48,78.53,189,2024-05-08
15674,9642,141.47,38.22,321,2025-01-08
15675,4630,431.0,89.63,493,2025-01-27
15676,5087,35.1,71.11,286,2024-08-14
15677,1087,192.21,0.37,322,2024-12-10
15678,5707,256.02,24.07,363,2024-08-01
15679,9712,488.28,44.48,166,2024-09-30
15680,1034,72.25,99.35,290,2024-10-03
15681,8176,162.54,66.6,336,2024-07-23
15682,7696,351.01,90.13,120,2025-03-03
15683,7835,352.25,24.95,283,2025-02-19
15684,4806,141.54,76.6,262,2024-10-24
15685,870,412.49,16.29,240,2025-03-04
15686,3526,84.04,20.64,61,2025-03-26
15687,9970,471.7,83.59,256,2024-10-20
15688,5574,279.75,14.62,42,2024-09-20
15689,3697,85.93,24.04,52,2025-01-08
15690,4938,454.25,93.37,482,2024-06-24
15691,2741,244.83,53.41,50,2024-12-22
15692,6157,395.53,4.43,63,2024-12-25
15693,2794,51.01,92.46,396,2025-04-27
15694,6280,95.98,70.34,137,2025-03-25
15695,162,288.66,85.71,145,2025-02-27
15696,9754,170.96,16.6,320,2024-11-18
15697,6852,334.18,44.64,46,2025-03-19
15698,787,61.65,45.01,238,2025-02-18
15699,6044,265.5,16.78,223,2024-10-08
15700,2256,355.82,50.23,374,2024-10-13
15701,1401,134.16,4.72,210,2024-10-07
15702,2678,305.38,98.18,34,2024-05-09
15703,4373,0.23,21.49,392,2024-05-25
15704,8020,405.34,56.12,84,2025-01-28
15705,1993,417.71,31.62,466,2025-01-28
15706,8498,39.99,54.08,322,2024-09-15
15707,5508,417.59,84.86,481,2024-10-22
15708,2100,9.87,78.98,342,2024-06-14
15709,1089,59.79,29.81,60,2025-03-08
15710,8933,252.09,69.01,49,2024-08-04
15711,4451,270.33,84.95,51,2025-01-15
15712,9333,315.69,3.6,111,2025-04-17
15713,4864,84.28,18.84,437,2025-04-12
15714,8368,491.28,37.01,30,2024-06-03
15715,9045,463.97,44.15,68,2024-07-29
15716,5742,434.57,40.25,297,2024-11-04
15717,9137,266.8,84.38,248,2024-06-15
15718,1432,301.97,30.9,345,2024-08-06
15719,3658,324.09,34.04,438,2025-01-13
15720,1275,117.12,68.66,488,2025-01-23
15721,8376,175.14,39.42,375,2024-07-02
15722,3733,280.56,14.22,422,2024-06-21
15723,9419,332.28,76.16,53,2024-06-03
15724,477,138.04,48.21,257,2025-02-13
15725,8347,153.65,25.0,105,2024-08-06
15726,6472,280.6,96.34,476,2024-12-25
15727,2743,283.46,99.27,295,2025-03-04
15728,586,243.98,11.1,441,2024-12-26
15729,9995,34.95,12.32,365,2024-12-14
15730,3299,422.12,6.97,182,2024-08-24
15731,1364,196.05,13.97,489,2025-02-04
15732,3702,123.29,26.71,441,2025-01-17
15733,8020,251.99,24.99,317,2025-01-08
15734,9331,39.34,82.6,102,2024-06-02
15735,1213,472.88,12.31,410,2024-05-31
15736,3985,72.71,97.58,353,2024-05-10
15737,6944,305.46,26.05,140,2025-01-16
15738,4309,93.03,6.18,48,2024-07-20
15739,3942,221.08,85.35,65,2024-07-12
15740,586,320.18,48.79,253,2024-07-20
15741,5443,419.46,11.18,104,2025-02-11
15742,7550,385.96,54.39,408,2024-08-18
15743,4181,329.67,16.34,36,2025-01-02
15744,6588,85.34,25.92,56,2025-03-07
15745,2699,11.17,76.33,184,2024-08-01
15746,2600,429.97,82.76,87,2024-11-12
15747,3905,263.49,28.77,303,2024-10-02
15748,2170,453.33,81.12,131,2025-02-09
15749,7581,243.33,10.21,70,2024-06-28
15750,5808,330.61,44.03,360,2024-06-01
15751,990,353.39,92.26,186,2025-02-16
15752,7068,28.41,92.46,73,2024-10-20
15753,2181,205.65,25.35,255,2024-06-09
15754,6160,477.23,69.52,14,2024-12-26
15755,6657,81.36,2.18,328,2025-04-05
15756,9377,442.47,78.44,481,2024-05-02
15757,9786,193.63,5.8,428,2025-01-16
15758,7625,441.67,1.6,94,2024-10-13
15759,5343,148.42,4.56,428,2025-02-24
15760,2814,106.94,99.51,399,2025-03-13
15761,755,116.83,65.39,85,2025-02-03
15762,7351,151.5,49.69,233,2024-09-18
15763,2275,90.71,35.89,281,2024-12-11
15764,5446,261.57,91.17,245,2024-10-12
15765,4878,99.32,33.89,111,2025-01-18
15766,2371,144.65,69.44,288,2025-01-26
15767,8710,375.15,54.55,135,2024-07-12
15768,1138,61.01,57.32,310,2024-10-14
15769,6356,486.15,66.56,171,2025-03-26
15770,7249,302.31,22.89,367,2024-06-22
15771,2013,188.97,23.15,207,2024-05-07
15772,6806,166.14,50.18,490,2024-11-05
15773,5451,384.02,7.12,408,2024-12-12
15774,4911,343.35,58.55,470,2025-02-19
15775,2685,354.9,67.14,495,2025-04-12
15776,42,312.07,95.41,401,2024-11-08
15777,8346,432.21,54.42,389,2024-08-12
15778,3745,330.79,73.19,380,2024-12-31
15779,6865,302.32,50.99,444,2024-11-17
15780,2403,79.28,51.43,183,2025-03-27
15781,9823,129.71,23.66,266,2024-11-11
15782,8438,309.59,80.18,238,2024-07-08
15783,6345,36.57,75.27,500,2024-09-13
15784,3111,493.91,52.51,205,2024-08-21
15785,7532,94.67,0.95,249,2024-05-18
15786,872,102.8,83.19,334,2024-12-19
15787,4636,25.47,35.85,46,2024-07-15
15788,725,183.45,37.15,483,2024-08-07
15789,153,240.94,17.04,26,2024-12-21
15790,7770,233.6,0.08,28,2024-09-09
15791,2441,177.09,87.66,94,2024-09-14
15792,5001,122.26,89.34,159,2024-08-24
15793,6998,87.38,67.45,60,2025-03-21
15794,791,345.99,47.88,340,2024-11-13
15795,3288,146.89,80.4,387,2025-04-19
15796,8283,161.64,71.6,156,2025-03-01
15797,8864,462.81,60.63,300,2025-03-03
15798,1346,7.52,1.31,112,2025-01-23
15799,5900,126.51,87.34,87,2024-09-06
15800,4131,256.24,18.85,275,2024-09-09
15801,7094,191.32,70.06,483,2024-09-01
15802,8690,122.65,37.61,245,2025-04-05
15803,9607,54.72,15.65,184,2025-01-17
15804,1414,40.95,46.27,15,2025-03-26
15805,3889,488.7,82.39,432,2025-01-11
15806,6003,39.06,22.96,167,2024-08-06
15807,9600,67.22,65.7,386,2024-11-11
15808,164,234.78,83.59,359,2024-06-06
15809,9870,10.85,7.67,37,2025-03-31
15810,6166,108.44,75.77,425,2024-11-05
15811,4176,254.2,92.03,184,2024-10-04
15812,9020,382.91,87.34,367,2025-04-04
15813,2709,199.05,29.11,338,2024-11-27
15814,8480,134.44,81.29,70,2025-02-14
15815,3859,382.36,40.72,209,2024-11-08
15816,162,199.4,43.46,147,2024-08-28
15817,1259,433.41,68.34,248,2025-04-09
15818,2038,266.51,76.86,240,2025-04-20
15819,3852,101.67,68.46,345,2025-01-26
15820,8453,317.35,16.84,456,2024-05-22
15821,1137,392.7,68.67,265,2024-12-19
15822,4121,136.1,78.39,74,2025-02-24
15823,4531,63.81,75.16,72,2025-02-21
15824,9379,125.91,38.9,421,2024-09-12
15825,4072,123.92,27.25,359,2024-10-05
15826,8220,371.5,14.81,179,2024-06-06
15827,7794,59.04,96.62,82,2024-10-09
15828,5507,274.92,13.97,221,2024-11-19
15829,9120,365.56,15.38,246,2024-10-02
15830,5915,247.77,90.38,121,2025-01-03
15831,2952,441.05,49.17,387,2024-07-27
15832,6638,470.01,80.56,249,2025-03-17
15833,3836,180.72,97.61,81,2024-11-16
15834,1108,157.36,76.68,58,2024-07-13
15835,457,306.84,73.27,285,2025-04-20
15836,8646,67.67,67.24,434,2024-10-09
15837,1074,364.16,14.63,57,2025-03-20
15838,4248,358.91,57.75,31,2025-03-04
15839,6693,380.11,33.26,444,2025-03-04
15840,1933,192.19,59.4,110,2024-09-20
15841,3137,25.79,31.6,332,2025-04-23
15842,2601,492.69,89.94,292,2024-07-12
15843,9894,428.8,8.1,133,2024-09-23
15844,4444,224.4,94.44,487,2024-09-17
15845,1431,336.53,2.62,325,2025-04-03
15846,8581,491.67,7.3,214,2024-12-28
15847,4903,317.08,9.77,179,2024-11-28
15848,6979,85.15,64.34,297,2024-10-19
15849,23,337.56,41.81,60,2025-02-09
15850,5455,342.31,55.66,152,2025-04-18
15851,1161,93.58,34.41,152,2024-10-07
15852,3766,230.96,69.15,306,2024-08-17
15853,385,103.69,17.71,33,2024-10-03
15854,3355,210.22,19.1,72,2024-12-12
15855,5025,118.89,68.05,473,2024-12-17
15856,4185,70.58,86.42,377,2025-01-11
15857,2418,383.14,0.29,38,2024-08-11
15858,6798,163.33,10.43,401,2024-11-29
15859,2110,187.14,93.68,6,2024-11-19
15860,3137,394.89,40.12,9,2025-04-11
15861,6678,52.21,77.1,151,2024-07-02
15862,474,303.75,28.74,164,2024-11-08
15863,8296,215.01,6.54,451,2024-06-07
15864,5927,201.7,39.43,474,2024-09-26
15865,5330,5.19,78.2,90,2024-07-10
15866,662,459.14,4.43,466,2024-07-22
15867,4689,265.76,94.05,81,2024-07-21
15868,4111,417.97,43.77,455,2025-04-15
15869,2802,233.49,38.97,166,2024-09-15
15870,2784,66.42,57.12,281,2024-10-22
15871,7793,175.21,97.37,187,2024-10-15
15872,5394,497.56,14.05,452,2025-04-17
15873,1970,66.72,76.29,63,2024-11-24
15874,7802,472.7,17.83,320,2024-09-11
15875,3544,399.95,53.77,450,2025-04-19
15876,3536,62.57,58.67,281,2024-06-19
15877,6219,444.04,29.31,317,2024-06-09
15878,1972,81.77,51.18,323,2024-04-30
15879,5866,297.86,61.49,60,2024-06-19
15880,4469,243.51,58.5,100,2025-02-14
15881,3218,310.62,65.23,422,2025-01-23
15882,9043,358.83,10.29,225,2025-03-18
15883,936,77.72,32.96,82,2025-04-15
15884,8587,215.4,25.45,365,2025-03-24
15885,2476,163.48,52.96,38,2024-12-15
15886,8125,498.57,46.54,207,2024-12-17
15887,2043,287.83,12.56,202,2024-06-15
15888,5258,387.29,10.42,0,2024-05-01
15889,6263,217.69,73.66,271,2024-05-16
15890,7798,263.13,91.19,198,2025-04-08
15891,7671,136.78,85.72,490,2025-03-13
15892,3406,469.21,91.12,297,2025-03-13
15893,6601,294.52,77.36,290,2025-04-27
15894,6952,225.39,17.47,489,2024-05-04
15895,3346,295.61,58.98,195,2025-04-11
15896,3690,146.93,25.6,111,2024-05-23
15897,4391,438.78,65.73,121,2025-03-12
15898,2424,77.15,95.4,81,2024-10-30
15899,1458,280.28,97.16,371,2024-06-24
15900,7983,462.52,2.88,167,2024-05-11
15901,5288,60.76,29.23,432,2024-12-05
15902,8682,315.05,25.84,390,2025-04-15
15903,9858,341.96,23.88,44,2025-04-26
15904,3081,34.09,40.32,451,2025-04-20
15905,3144,320.62,12.83,366,2024-06-26
15906,2622,395.5,32.76,30,2024-10-13
15907,5990,13.98,64.64,187,2025-03-24
15908,525,395.06,37.81,446,2025-02-10
15909,2738,480.26,83.19,3,2025-02-08
15910,7012,372.81,57.59,275,2024-11-07
15911,1864,67.76,66.12,110,2024-09-11
15912,9109,201.18,34.15,467,2025-02-15
15913,9534,66.79,1.97,346,2024-05-04
15914,923,232.59,95.46,71,2024-12-20
15915,4186,265.06,87.06,348,2024-09-18
15916,6731,216.71,24.5,267,2024-09-16
15917,3724,329.29,73.21,4,2024-09-08
15918,6515,58.32,22.83,424,2024-07-31
15919,262,251.04,15.18,225,2024-06-29
15920,7124,98.84,91.93,475,2024-10-30
15921,3682,101.62,31.16,261,2025-04-24
15922,420,14.98,47.54,409,2025-03-07
15923,4699,100.62,45.45,240,2024-10-17
15924,6772,227.14,93.53,38,2025-01-27
15925,5179,342.43,41.3,35,2025-02-20
15926,5095,77.56,31.17,224,2024-12-18
15927,4843,324.61,71.52,478,2025-01-20
15928,3800,455.24,73.85,46,2024-07-13
15929,2352,258.31,72.73,444,2025-02-28
15930,7017,248.28,57.19,279,2024-12-18
15931,2923,394.93,93.89,116,2024-05-01
15932,3072,41.7,5.97,186,2024-10-24
15933,137,35.5,93.84,229,2024-08-29
15934,3913,109.37,79.31,454,2024-05-30
15935,5806,109.41,82.48,437,2024-09-01
15936,7116,9.22,36.41,226,2025-01-28
15937,5634,418.79,32.08,46,2024-11-28
15938,3410,385.25,44.43,392,2024-10-12
15939,3984,141.55,26.79,19,2024-12-04
15940,2090,256.12,7.04,352,2024-10-15
15941,7357,268.03,9.97,177,2024-07-21
15942,7776,57.49,27.59,121,2025-02-18
15943,2182,245.35,38.0,156,2024-08-31
15944,7161,126.61,58.67,481,2024-12-15
15945,2475,245.09,22.84,304,2024-09-30
15946,6149,67.44,73.98,491,2024-09-07
15947,1828,378.18,83.84,359,2025-02-13
15948,2124,365.86,18.94,276,2025-02-22
15949,6167,393.68,46.87,80,2024-11-20
15950,3780,384.77,9.09,166,2024-09-15
15951,6182,260.36,6.22,79,2024-09-26
15952,6488,366.09,86.9,445,2025-02-01
15953,9066,489.9,71.33,213,2025-03-17
15954,6732,16.82,40.71,475,2025-02-10
15955,720,85.59,32.95,299,2024-09-08
15956,4815,101.64,76.74,99,2024-11-10
15957,6083,470.64,93.33,18,2024-08-09
15958,1624,281.65,75.41,183,2024-11-12
15959,8706,124.02,91.31,63,2024-10-09
15960,2330,12.09,97.41,211,2024-11-27
15961,8975,317.4,9.09,113,2025-01-10
15962,1553,54.91,39.74,137,2025-02-12
15963,9063,409.43,36.75,71,2024-09-01
15964,7541,69.28,93.45,97,2024-09-18
15965,7035,163.72,89.53,139,2025-03-05
15966,6310,425.23,9.48,79,2024-10-17
15967,4149,226.2,70.81,394,2025-04-07
15968,1188,393.9,69.91,316,2024-09-24
15969,8557,216.32,30.65,420,2024-12-12
15970,5197,108.84,95.72,483,2025-03-14
15971,6926,259.03,10.37,395,2025-03-17
15972,7639,13.62,41.45,124,2025-04-17
15973,7262,376.55,10.55,423,2024-08-24
15974,7357,3.86,24.85,266,2025-02-24
15975,481,425.2,99.76,297,2024-11-12
15976,9829,452.41,91.27,475,2024-05-09
15977,161,11.88,56.9,396,2025-03-14
15978,7803,278.67,21.7,478,2024-11-22
15979,754,256.05,83.24,177,2024-08-28
15980,5745,47.33,90.76,368,2025-01-22
15981,5320,273.9,72.16,103,2024-07-10
15982,49,497.39,53.87,110,2025-01-11
15983,319,401.7,60.2,476,2024-06-18
15984,6525,179.86,99.4,400,2024-12-12
15985,9027,426.53,30.29,493,2024-09-12
15986,5964,5.8,98.98,9,2025-03-09
15987,1580,149.6,24.56,164,2025-04-25
15988,8014,285.43,78.93,68,2024-11-02
15989,4051,164.43,35.39,161,2024-12-08
15990,922,418.5,8.84,249,2024-08-16
15991,3785,175.42,91.93,287,2025-04-20
15992,951,462.81,49.53,93,2024-12-03
15993,9975,132.69,20.62,209,2025-04-22
15994,9490,73.06,50.52,344,2024-07-12
15995,5562,480.59,50.64,218,2024-07-18
15996,1905,489.1,20.82,358,2024-10-17
15997,105,65.16,11.43,81,2024-07-25
15998,196,326.76,78.4,206,2025-03-25
15999,9853,96.23,7.65,100,2024-11-18
16000,9265,391.58,88.26,64,2025-03-28
16001,242,266.59,66.16,103,2025-02-24
16002,8390,104.4,0.31,52,2024-08-06
16003,9569,274.91,33.07,81,2024-09-22
16004,3296,23.06,8.01,476,2024-11-11
16005,9751,120.91,7.12,266,2024-05-24
16006,8643,349.6,75.15,470,2025-01-26
16007,9418,217.85,60.32,461,2024-09-07
16008,2781,241.65,20.09,113,2024-07-21
16009,58,137.83,8.53,291,2024-12-07
16010,5181,270.64,67.8,401,2025-03-05
16011,9011,441.37,93.46,311,2024-11-18
16012,1105,166.67,70.98,38,2025-01-19
16013,5502,329.06,61.68,332,2025-01-23
16014,6397,258.54,41.07,486,2024-05-04
16015,6689,70.92,58.93,218,2024-11-09
16016,5825,396.5,82.0,159,2024-09-26
16017,3010,145.11,41.54,397,2025-02-03
16018,2007,265.12,92.27,57,2024-10-31
16019,1342,366.38,40.39,140,2024-11-17
16020,4,318.15,78.23,52,2025-04-15
16021,1017,473.62,67.79,67,2024-10-25
16022,6096,397.36,87.23,25,2024-10-08
16023,1906,115.73,76.74,413,2024-08-06
16024,5133,343.82,15.2,351,2024-12-08
16025,6299,391.87,85.47,77,2025-01-28
16026,5269,122.81,63.1,333,2025-01-26
16027,1000,73.06,26.51,183,2024-10-06
16028,3774,320.77,79.21,489,2024-12-13
16029,8231,396.45,57.38,337,2024-12-04
16030,5888,281.58,87.63,470,2024-05-07
16031,9347,137.77,72.32,345,2024-06-21
16032,6941,378.79,91.55,143,2024-12-31
16033,9610,183.98,90.94,304,2024-12-11
16034,4706,145.81,65.67,175,2025-03-20
16035,5604,486.96,55.06,315,2024-07-15
16036,8908,111.75,48.88,301,2024-09-27
16037,5307,230.16,50.01,111,2025-03-28
16038,6925,355.02,18.85,120,2024-11-16
16039,6587,109.58,21.93,260,2024-08-02
16040,6777,62.9,76.01,79,2025-04-23
16041,9622,431.14,89.22,463,2024-12-27
16042,1735,439.8,73.38,245,2024-11-12
16043,2377,226.1,76.39,58,2024-07-29
16044,4359,38.16,7.16,231,2024-10-13
16045,4034,490.71,68.02,485,2024-07-16
16046,9022,33.53,36.53,66,2024-09-10
16047,5965,280.27,92.81,452,2024-07-23
16048,6624,99.86,15.56,121,2025-04-23
16049,8928,458.95,29.3,211,2024-07-24
16050,5031,41.65,72.46,405,2025-04-29
16051,7339,480.44,25.79,385,2025-03-17
16052,3691,405.09,43.88,183,2025-03-27
16053,3013,283.6,36.08,130,2024-09-24
16054,6021,304.21,50.59,259,2024-11-16
16055,8514,262.36,87.8,397,2024-06-16
16056,9,178.12,7.26,280,2024-07-27
16057,329,464.68,88.75,263,2025-02-05
16058,7515,444.39,96.18,388,2025-01-31
16059,2746,432.85,65.13,152,2024-07-06
16060,6776,0.52,28.66,115,2024-11-03
16061,3557,227.81,95.37,471,2025-04-13
16062,1018,132.27,46.98,104,2025-01-08
16063,9561,203.34,26.39,96,2025-03-10
16064,1880,433.15,49.66,404,2024-10-23
16065,3856,316.06,70.29,85,2024-06-18
16066,9412,238.4,48.93,268,2025-02-17
16067,1383,19.58,65.02,69,2024-08-06
16068,9695,246.68,22.67,295,2025-03-31
16069,8696,250.62,68.75,1,2024-05-22
16070,4855,2.2,63.24,335,2024-08-15
16071,6284,48.18,27.79,27,2025-02-20
16072,9084,326.91,41.57,297,2024-06-14
16073,965,427.07,9.84,224,2024-11-07
16074,4871,277.06,73.61,70,2024-10-01
16075,6300,476.43,61.86,214,2024-11-16
16076,2625,405.79,83.71,365,2024-11-13
16077,1698,71.08,51.42,164,2024-05-25
16078,6681,491.48,77.04,9,2025-02-15
16079,3799,97.12,57.97,475,2024-06-20
16080,7991,204.57,40.18,387,2024-09-08
16081,8919,450.5,9.68,97,2025-01-09
16082,4910,94.88,27.21,247,2024-10-05
16083,9582,3.94,94.63,430,2024-06-29
16084,8100,166.25,37.9,421,2024-12-20
16085,2417,251.5,99.76,404,2024-06-18
16086,9189,231.73,45.89,361,2025-03-01
16087,7749,380.3,97.68,77,2024-09-25
16088,9169,86.84,28.4,248,2025-02-13
16089,9918,138.26,53.67,3,2025-04-15
16090,7970,3.13,98.21,380,2024-10-02
16091,1404,86.09,57.0,59,2024-07-13
16092,7162,284.27,63.94,149,2024-07-22
16093,9039,73.63,46.0,321,2025-03-31
16094,1452,20.51,93.62,268,2024-07-17
16095,4798,75.87,13.51,19,2025-04-25
16096,7968,287.7,32.89,393,2024-06-14
16097,3708,265.0,82.69,391,2024-10-14
16098,2568,207.25,26.14,54,2025-04-04
16099,6598,88.15,55.6,107,2024-12-04
16100,9809,226.52,73.02,78,2024-05-15
16101,2352,69.35,6.13,2,2024-10-31
16102,1683,206.54,41.75,77,2024-07-18
16103,9371,328.02,4.81,61,2024-09-20
16104,7634,268.94,58.32,361,2025-03-14
16105,6235,164.11,67.79,73,2024-07-18
16106,1030,421.97,5.75,147,2024-12-04
16107,6054,405.7,42.08,353,2025-03-15
16108,3643,92.16,64.64,333,2024-09-20
16109,4418,236.64,93.15,292,2024-07-30
16110,9461,420.13,18.76,471,2025-03-13
16111,8629,199.93,68.72,334,2025-03-26
16112,491,169.75,62.38,407,2024-05-21
16113,6103,440.08,21.54,169,2024-07-14
16114,422,467.74,29.4,259,2025-02-22
16115,3118,326.39,85.82,125,2024-05-31
16116,4658,146.04,16.63,167,2025-02-18
16117,3722,137.85,94.24,385,2024-11-13
16118,5087,133.27,19.25,72,2024-08-31
16119,2014,236.98,16.59,210,2024-08-27
16120,389,483.85,97.86,432,2024-09-24
16121,5268,382.49,39.72,413,2024-08-03
16122,9209,435.69,99.36,383,2024-12-07
16123,9836,79.08,63.31,334,2024-10-03
16124,4272,32.51,36.15,180,2024-07-15
16125,9959,93.42,88.72,256,2024-11-22
16126,3562,348.54,42.32,181,2025-03-07
16127,4328,126.0,84.54,6,2024-08-16
16128,1837,193.67,49.13,477,2024-09-10
16129,1463,32.89,91.56,317,2024-10-07
16130,3531,371.28,70.15,436,2024-11-22
16131,3824,212.9,26.48,196,2025-03-31
16132,5278,206.99,36.64,69,2024-08-29
16133,8823,493.69,36.51,86,2024-07-13
16134,6440,384.94,41.6,20,2024-09-18
16135,4942,296.63,88.36,362,2024-09-03
16136,765,400.15,56.42,226,2025-03-06
16137,1384,412.97,15.86,115,2024-11-08
16138,4485,307.92,40.77,118,2024-10-28
16139,6755,493.59,94.88,202,2025-01-12
16140,3356,191.71,89.55,103,2025-01-01
16141,5718,227.9,32.6,481,2024-09-03
16142,4310,194.45,85.05,292,2024-09-03
16143,2426,370.08,3.4,431,2025-02-06
16144,3639,424.3,39.24,10,2025-02-19
16145,4894,371.5,93.21,295,2024-05-13
16146,6252,355.53,21.3,291,2024-12-17
16147,9210,290.83,93.38,265,2024-12-05
16148,4221,87.06,97.93,47,2024-12-03
16149,3401,499.68,50.31,24,2025-01-17
16150,5760,451.16,18.12,317,2024-06-01
16151,292,137.55,85.72,179,2025-01-04
16152,883,312.85,46.86,0,2024-09-02
16153,80,38.48,79.01,127,2025-02-05
16154,9079,213.77,86.26,422,2024-11-17
16155,3090,432.54,50.56,321,2025-03-06
16156,7482,51.36,95.48,344,2024-10-11
16157,9445,262.58,89.36,26,2025-01-02
16158,1714,32.68,12.2,394,2024-07-07
16159,5695,130.43,70.78,182,2025-04-03
16160,2682,450.8,9.99,323,2024-11-07
16161,3731,476.12,84.9,244,2025-02-24
16162,5414,260.45,32.43,19,2024-05-05
16163,6351,238.36,53.93,195,2025-03-09
16164,6213,482.15,69.12,340,2025-02-06
16165,7630,95.15,60.39,95,2025-01-11
16166,320,255.9,50.29,354,2025-04-25
16167,3726,369.04,99.32,346,2025-04-07
16168,499,24.0,95.65,125,2024-09-30
16169,5167,369.48,14.23,229,2025-02-01
16170,108,188.0,17.48,277,2024-09-19
16171,9870,45.95,39.84,491,2024-06-25
16172,4222,70.38,40.07,444,2024-12-20
16173,7805,196.11,73.34,459,2024-05-03
16174,8973,231.68,12.49,325,2024-11-24
16175,7384,430.11,74.54,254,2024-08-14
16176,1561,485.22,88.16,73,2024-12-20
16177,7627,46.31,18.51,282,2024-05-25
16178,7438,270.45,69.59,92,2024-12-04
16179,2980,384.0,64.93,91,2024-08-14
16180,9274,184.3,48.54,261,2025-04-05
16181,8328,47.94,96.99,6,2025-04-16
16182,8426,387.7,48.2,124,2024-12-13
16183,6398,343.07,7.27,326,2024-11-15
16184,2331,338.41,5.66,405,2024-10-20
16185,5863,399.21,29.67,348,2024-06-30
16186,3454,497.71,51.49,36,2024-11-21
16187,6690,275.59,9.89,433,2024-05-25
16188,4494,291.49,50.04,170,2025-03-07
16189,2400,154.38,68.59,483,2025-03-14
16190,5034,125.99,43.2,84,2024-06-27
16191,1752,365.3,45.63,320,2025-01-16
16192,2278,377.16,74.3,473,2024-05-03
16193,4032,176.41,13.38,471,2024-06-19
16194,9105,90.45,19.68,448,2024-12-09
16195,2403,297.16,53.62,390,2025-01-15
16196,3526,175.0,80.18,436,2025-01-16
16197,6485,199.61,23.19,39,2024-09-18
16198,7,320.03,88.54,233,2025-04-18
16199,5938,388.11,1.64,179,2025-03-11
16200,5355,31.57,90.13,273,2024-06-12
16201,8099,278.53,66.32,260,2024-08-10
16202,8789,469.95,33.02,496,2024-12-08
16203,1601,299.31,42.73,438,2024-05-24
16204,1258,390.27,71.33,376,2025-03-18
16205,7653,14.24,51.06,448,2025-03-26
16206,5462,68.6,50.56,456,2024-05-06
16207,267,89.65,1.16,299,2025-03-19
16208,5518,345.8,26.04,453,2024-08-05
16209,5756,121.96,86.06,205,2024-09-07
16210,6610,123.1,34.72,490,2024-10-19
16211,3175,326.31,79.83,220,2024-10-31
16212,6560,217.14,76.58,258,2025-03-07
16213,9829,315.19,35.3,370,2024-05-02
16214,1413,432.97,25.41,286,2025-04-09
16215,1905,460.18,79.9,425,2024-12-30
16216,1740,241.47,62.01,251,2025-03-30
16217,2358,370.76,35.45,84,2025-03-09
16218,2970,291.58,58.98,240,2024-08-27
16219,4779,373.6,45.58,418,2025-01-31
16220,5418,223.15,66.46,17,2024-08-06
16221,2919,404.32,12.94,316,2025-01-21
16222,273,127.48,95.23,33,2024-05-29
16223,9467,213.3,41.07,491,2024-11-18
16224,8199,196.75,30.77,433,2024-07-08
16225,5895,421.22,56.18,159,2024-07-16
16226,553,324.22,55.52,226,2024-10-31
16227,333,18.63,2.47,386,2024-10-30
16228,5542,386.3,14.48,150,2024-12-10
16229,583,128.55,23.72,127,2025-03-16
16230,2740,482.58,70.02,95,2025-01-26
16231,4067,162.12,62.59,19,2025-02-17
16232,4930,78.43,55.81,299,2025-01-03
16233,5181,458.08,71.65,286,2024-12-31
16234,9804,57.34,8.93,382,2024-11-15
16235,4783,130.13,21.54,101,2024-11-07
16236,4928,439.86,5.02,236,2024-12-28
16237,5784,77.45,16.3,204,2024-08-22
16238,3172,70.1,51.19,34,2024-07-31
16239,2800,103.54,79.92,440,2024-08-27
16240,6261,60.85,40.51,170,2025-02-04
16241,2866,180.41,94.38,9,2024-12-15
16242,5962,340.42,94.27,409,2024-05-13
16243,7041,88.12,64.66,33,2024-12-12
16244,3503,55.52,39.51,345,2024-05-21
16245,8225,32.16,32.66,243,2024-05-10
16246,7718,442.55,13.38,17,2024-07-16
16247,1055,134.96,69.1,170,2025-03-19
16248,9602,352.63,92.57,271,2024-05-18
16249,4887,67.68,27.75,22,2024-05-23
16250,8809,380.35,6.51,49,2025-01-02
16251,4999,449.93,46.79,269,2025-03-30
16252,3707,227.05,17.03,20,2024-12-06
16253,824,364.06,58.34,414,2025-03-13
16254,5815,162.47,53.35,78,2024-08-08
16255,4409,176.45,77.77,330,2025-04-04
16256,5139,364.05,80.59,324,2024-10-02
16257,7748,152.25,12.77,473,2024-05-16
16258,9981,485.28,92.19,247,2025-01-30
16259,6764,468.28,64.27,79,2024-07-14
16260,2116,311.71,24.96,78,2024-12-27
16261,5155,64.84,88.76,346,2024-06-10
16262,1819,191.36,15.26,245,2024-10-16
16263,1026,232.9,55.2,249,2025-02-04
16264,2986,143.92,92.61,73,2024-12-05
16265,2129,203.36,57.99,89,2024-06-09
16266,8280,92.12,52.58,475,2025-02-01
16267,3165,454.0,54.7,162,2024-10-20
16268,1397,294.54,66.35,336,2024-11-13
16269,8526,219.89,32.95,114,2025-04-15
16270,8085,457.94,34.56,9,2025-03-22
16271,281,71.51,33.5,247,2025-01-16
16272,5910,275.73,84.22,291,2024-05-06
16273,5679,4.41,84.93,225,2024-07-11
16274,1484,401.0,86.22,150,2024-12-24
16275,5652,267.74,86.19,89,2024-12-08
16276,7203,459.76,21.67,78,2024-09-11
16277,1284,327.94,87.08,323,2024-05-16
16278,9296,64.09,72.01,382,2024-09-23
16279,8671,22.64,55.84,202,2025-02-11
16280,9264,73.37,83.03,130,2024-12-24
16281,2332,160.58,66.94,273,2024-05-14
16282,4703,250.49,2.07,235,2024-11-27
16283,9362,478.98,42.95,347,2025-04-24
16284,5971,413.82,48.36,62,2024-12-08
16285,6759,27.28,19.27,165,2024-08-27
16286,1829,179.36,61.29,197,2024-11-19
16287,711,207.15,97.47,418,2025-03-27
16288,3659,364.14,26.89,356,2025-01-04
16289,2937,181.21,59.5,283,2024-12-24
16290,7360,468.21,14.52,409,2025-01-16
16291,1647,297.28,54.85,156,2024-11-15
16292,6936,351.52,20.64,71,2024-10-12
16293,3951,489.42,11.83,312,2024-11-14
16294,4115,206.33,61.57,204,2024-12-23
16295,8156,75.72,10.75,404,2024-06-20
16296,3711,213.46,10.92,286,2024-05-26
16297,1696,6.86,17.96,70,2024-12-16
16298,4259,468.38,39.04,93,2024-07-09
16299,7475,220.29,86.15,347,2024-07-13
16300,6819,423.67,54.5,498,2024-07-25
16301,528,119.72,18.86,18,2024-08-11
16302,6529,381.08,55.3,19,2024-06-14
16303,2865,452.74,65.05,251,2025-03-27
16304,5046,381.67,2.87,336,2025-02-16
16305,5543,270.79,97.19,418,2024-05-23
16306,8156,292.05,6.24,315,2025-04-17
16307,3382,351.93,85.74,58,2024-10-02
16308,6424,403.93,84.24,297,2025-04-05
16309,7219,424.85,89.01,162,2025-03-16
16310,9703,409.05,68.56,433,2025-03-23
16311,5105,21.13,1.37,233,2024-11-25
16312,3996,160.93,56.29,145,2025-02-28
16313,7589,134.75,30.6,14,2025-04-09
16314,1972,453.94,52.66,141,2024-06-29
16315,6490,416.98,21.39,382,2024-12-22
16316,2010,285.79,53.77,115,2025-03-27
16317,737,44.26,32.18,497,2024-07-29
16318,3067,35.06,35.55,39,2024-11-22
16319,324,401.0,48.89,13,2024-08-28
16320,8402,92.52,84.97,53,2025-02-03
16321,9353,26.94,91.99,231,2024-05-15
16322,2375,229.26,44.0,317,2024-08-04
16323,6695,450.79,29.78,164,2024-07-19
16324,8539,271.61,12.96,340,2024-12-20
16325,6688,496.38,85.01,286,2024-12-08
16326,4150,183.65,52.8,465,2024-06-03
16327,2521,323.49,62.0,95,2025-01-11
16328,9540,317.36,1.69,372,2024-07-27
16329,5210,233.82,54.16,252,2024-12-27
16330,1472,356.1,78.85,1,2024-06-23
16331,4543,180.72,18.7,423,2025-01-15
16332,7430,10.78,7.45,125,2024-09-17
16333,3508,114.8,78.08,472,2025-02-21
16334,3665,143.71,68.37,104,2024-12-04
16335,5293,244.19,13.73,25,2024-10-01
16336,2855,215.46,25.33,145,2024-05-27
16337,509,278.08,32.7,225,2024-12-07
16338,5337,281.4,85.11,344,2025-03-06
16339,4506,459.3,93.75,309,2024-10-07
16340,7957,464.41,67.0,51,2024-05-26
16341,3192,120.69,0.75,328,2024-06-19
16342,3959,113.11,20.35,77,2025-04-22
16343,9962,498.43,35.87,113,2024-11-16
16344,8571,113.41,89.33,23,2024-07-07
16345,682,400.03,62.96,128,2025-04-15
16346,2912,147.96,9.57,436,2024-08-23
16347,5254,72.66,74.41,227,2024-12-24
16348,1175,443.39,79.48,132,2025-02-22
16349,8725,272.59,45.12,212,2025-04-28
16350,9535,427.62,24.16,184,2024-08-28
16351,898,268.7,10.49,72,2025-01-25
16352,4845,364.54,7.63,106,2024-12-18
16353,3729,181.73,20.45,75,2024-09-17
16354,9516,234.46,41.51,463,2024-07-19
16355,1643,456.63,97.77,100,2024-09-12
16356,2939,418.06,77.98,412,2024-06-12
16357,4578,153.06,20.05,101,2024-12-16
16358,7005,137.47,42.8,470,2024-10-29
16359,9943,487.33,43.65,13,2024-11-18
16360,1477,7.93,32.45,35,2024-06-15
16361,5545,85.66,70.49,216,2024-05-28
16362,2393,496.47,71.86,184,2025-02-16
16363,7452,254.49,8.68,298,2024-06-30
16364,4098,289.35,41.77,305,2024-09-24
16365,6702,67.51,19.77,258,2024-12-01
16366,5017,215.94,57.79,140,2025-04-30
16367,4417,310.29,68.27,247,2024-07-22
16368,4272,72.24,65.76,227,2024-06-13
16369,5699,303.97,67.29,316,2024-10-05
16370,7012,247.89,86.78,31,2025-02-20
16371,5814,138.24,50.48,473,2025-02-07
16372,7401,87.86,61.78,311,2025-04-23
16373,3586,403.5,60.4,335,2024-05-05
16374,9633,476.17,85.8,86,2024-09-11
16375,5281,77.86,40.48,207,2024-07-11
16376,7807,164.94,44.82,431,2024-11-09
16377,702,378.48,78.93,26,2025-04-13
16378,7055,490.6,3.23,70,2025-04-02
16379,9467,180.1,50.98,446,2024-05-25
16380,4834,106.19,87.25,267,2024-05-23
16381,1875,281.08,54.14,198,2025-01-30
16382,2942,253.68,69.54,319,2025-01-14
16383,3788,298.63,6.13,307,2024-12-23
16384,5839,413.97,18.44,160,2024-08-15
16385,7423,110.0,51.61,195,2024-09-17
16386,2535,430.97,30.96,167,2025-02-23
16387,9216,64.24,46.78,497,2025-03-23
16388,2653,386.14,56.41,368,2025-01-15
16389,2142,355.79,77.48,204,2025-02-01
16390,9599,99.17,82.16,399,2025-02-27
16391,5869,17.37,34.38,429,2025-03-04
16392,6413,268.34,4.82,269,2024-07-14
16393,8450,35.02,2.98,256,2025-03-27
16394,2237,287.06,65.18,63,2025-01-05
16395,6229,100.48,25.35,485,2024-10-21
16396,3158,318.7,53.79,207,2025-03-15
16397,9989,216.18,15.53,37,2025-04-25
16398,755,30.08,35.95,7,2025-02-14
16399,165,232.53,72.06,119,2024-09-06
16400,4460,268.33,9.96,370,2024-10-22
16401,3652,40.68,29.33,15,2024-05-22
16402,710,80.32,4.41,332,2025-03-08
16403,2333,403.77,76.68,166,2025-01-14
16404,1676,32.74,30.1,164,2024-08-10
16405,4846,260.19,68.8,28,2025-02-10
16406,548,343.75,53.31,60,2024-08-03
16407,9554,170.55,20.12,12,2024-11-03
16408,7700,427.44,27.79,358,2025-01-21
16409,3595,191.58,49.67,492,2025-01-19
16410,3601,408.42,32.95,399,2024-05-04
16411,1688,473.97,67.25,310,2025-03-02
16412,8871,399.57,18.1,329,2024-06-19
16413,4016,214.57,63.1,111,2024-12-29
16414,7607,8.79,22.92,144,2024-10-12
16415,9639,485.01,47.32,39,2024-09-28
16416,1928,135.14,5.56,466,2024-11-29
16417,1947,375.09,21.96,261,2025-01-21
16418,7530,7.94,21.82,374,2025-04-11
16419,58,227.0,86.73,19,2025-02-16
16420,7237,289.14,63.93,146,2024-09-29
16421,8643,314.59,91.65,333,2025-04-21
16422,5309,84.87,60.59,263,2024-10-06
16423,535,323.86,85.8,224,2024-12-21
16424,5734,342.05,27.55,32,2024-05-20
16425,8437,170.04,32.32,25,2024-08-28
16426,4131,194.13,12.6,488,2024-06-30
16427,2124,395.81,27.66,213,2025-03-25
16428,2498,218.5,54.5,264,2024-05-30
16429,9135,255.86,84.06,409,2024-06-10
16430,5550,81.08,27.28,433,2025-04-21
16431,2163,326.8,42.24,433,2024-08-14
16432,6711,456.82,86.33,193,2025-01-12
16433,7071,499.83,4.29,320,2024-07-22
16434,8137,469.66,80.3,143,2024-08-26
16435,8625,436.64,34.69,80,2024-11-11
16436,1163,56.75,28.92,264,2024-06-22
16437,5632,421.87,51.75,229,2024-06-04
16438,6969,120.83,4.73,354,2025-01-11
16439,3832,36.9,2.98,263,2025-01-06
16440,3266,143.12,39.67,134,2024-11-08
16441,599,414.08,29.1,433,2024-08-23
16442,5370,193.99,66.93,418,2025-02-06
16443,2625,94.47,25.8,106,2024-08-30
16444,6733,383.19,29.31,286,2025-03-14
16445,9828,31.92,93.67,286,2024-10-23
16446,9064,368.25,36.09,213,2025-01-01
16447,7386,425.85,65.79,162,2025-02-06
16448,4912,445.63,69.54,472,2024-06-17
16449,3069,377.42,30.15,233,2025-03-08
16450,9406,390.81,73.31,125,2024-08-24
16451,2149,262.53,23.02,10,2024-10-15
16452,5183,128.01,84.89,486,2024-12-06
16453,1959,98.32,19.89,482,2024-10-13
16454,4594,421.5,18.55,164,2024-12-19
16455,9577,357.8,40.72,351,2025-02-27
16456,7516,175.36,21.37,62,2025-04-24
16457,9537,349.15,20.3,429,2024-08-08
16458,9843,175.79,1.69,62,2024-09-25
16459,6283,443.89,28.95,57,2024-12-14
16460,3889,426.75,39.31,165,2024-08-21
16461,2200,441.38,8.45,360,2025-03-23
16462,1321,233.42,73.67,372,2024-07-24
16463,2325,304.65,70.73,241,2024-08-06
16464,6249,118.95,58.36,426,2025-02-23
16465,1151,372.69,75.65,468,2025-01-07
16466,9253,313.38,53.54,123,2024-09-13
16467,4983,245.72,27.85,254,2024-09-19
16468,921,474.77,61.63,229,2025-01-26
16469,2905,123.73,23.85,30,2025-04-15
16470,9981,316.07,79.7,263,2025-04-15
16471,8769,112.17,5.97,339,2024-11-16
16472,8278,196.37,88.65,160,2025-04-18
16473,7145,121.69,3.01,222,2025-03-17
16474,3827,345.6,99.42,292,2025-03-13
16475,4575,26.62,89.97,165,2024-12-12
16476,9189,338.54,24.48,408,2025-03-07
16477,4025,316.24,19.15,65,2024-11-01
16478,8211,186.54,43.74,230,2024-07-03
16479,4998,37.01,53.68,433,2024-08-17
16480,688,241.67,99.59,448,2025-01-25
16481,5911,140.68,56.74,347,2025-04-17
16482,5785,98.28,74.32,137,2025-02-19
16483,9440,36.09,90.27,99,2025-04-20
16484,5431,190.4,82.72,203,2025-01-05
16485,8376,76.05,3.87,170,2025-03-30
16486,5401,111.79,79.03,358,2024-05-28
16487,8967,37.53,96.53,201,2024-12-27
16488,8880,76.77,70.39,338,2024-08-11
16489,8455,58.25,5.62,425,2024-09-28
16490,1501,185.1,49.31,36,2024-05-19
16491,779,245.16,56.3,394,2024-10-17
16492,6345,43.14,89.91,210,2024-07-08
16493,3140,376.43,27.44,341,2025-02-14
16494,9967,152.39,53.17,69,2025-01-02
16495,3961,497.94,58.1,430,2025-04-14
16496,3581,468.57,31.11,228,2024-12-03
16497,6941,321.91,97.66,119,2024-12-02
16498,5928,12.43,60.52,182,2024-09-19
16499,138,476.88,31.81,96,2024-06-03
16500,4494,453.09,52.76,72,2024-10-05
16501,588,375.41,73.31,107,2024-11-10
16502,6268,236.8,23.9,214,2024-08-08
16503,1783,499.05,83.05,318,2024-05-13
16504,2039,368.74,74.7,58,2024-06-22
16505,6755,456.49,66.92,188,2024-08-04
16506,9380,11.14,6.42,132,2024-08-16
16507,1541,208.05,4.16,342,2024-07-05
16508,2026,174.94,78.16,120,2025-03-08
16509,7734,416.56,64.87,70,2025-04-26
16510,5380,140.64,55.23,51,2024-12-31
16511,3810,197.35,64.95,443,2025-03-02
16512,2465,96.55,99.22,380,2024-07-08
16513,9039,127.7,50.16,289,2025-02-13
16514,6598,431.2,97.9,473,2025-02-13
16515,2119,18.05,74.8,419,2025-02-09
16516,7502,33.94,46.83,496,2025-03-10
16517,707,476.21,50.1,228,2025-04-04
16518,821,297.56,64.09,48,2024-09-11
16519,9824,290.79,7.9,106,2024-10-14
16520,708,75.14,16.95,487,2024-05-05
16521,8975,411.71,29.92,456,2024-08-24
16522,5358,40.75,37.14,485,2025-03-10
16523,3919,90.79,94.43,57,2025-01-02
16524,3303,440.53,88.8,344,2024-08-10
16525,741,145.39,15.03,78,2024-11-16
16526,608,205.74,21.77,148,2025-01-24
16527,2855,370.31,48.46,106,2024-07-29
16528,9055,269.33,82.9,6,2025-02-06
16529,4770,338.53,93.5,233,2024-09-01
16530,4808,420.44,86.36,151,2024-11-14
16531,3228,255.47,53.57,267,2024-07-21
16532,2166,24.86,93.77,267,2025-03-27
16533,1675,208.54,54.91,429,2025-02-18
16534,7561,316.61,7.44,144,2024-11-17
16535,758,94.01,61.81,342,2024-11-21
16536,6862,65.08,28.91,65,2024-11-13
16537,9149,422.17,96.99,485,2025-01-07
16538,8378,83.88,30.52,145,2025-04-05
16539,2999,382.09,46.71,193,2024-09-09
16540,9125,82.17,34.11,427,2024-10-27
16541,6844,214.66,98.51,267,2025-01-27
16542,6218,276.0,33.01,238,2025-01-09
16543,4449,407.43,20.54,210,2025-03-30
16544,2851,101.61,5.21,267,2024-10-16
16545,2662,389.22,82.95,1,2024-09-04
16546,4238,123.33,90.79,481,2025-04-02
16547,1730,277.35,24.26,491,2024-09-24
16548,2312,87.24,21.76,401,2025-01-29
16549,6489,343.54,23.29,161,2025-04-05
16550,6178,167.71,50.54,83,2024-08-31
16551,7794,44.93,12.46,124,2024-07-22
16552,8534,464.63,90.85,78,2024-10-25
16553,9001,286.16,31.15,476,2024-12-20
16554,9927,300.66,10.18,356,2024-06-03
16555,3042,375.27,85.1,463,2025-04-21
16556,4788,62.24,98.27,39,2024-05-13
16557,2110,412.62,69.67,81,2024-07-11
16558,4363,110.28,29.68,494,2025-04-07
16559,7758,277.14,51.94,432,2025-01-26
16560,683,392.09,43.46,400,2024-12-27
16561,5967,259.75,97.38,485,2025-02-19
16562,8111,370.87,39.43,329,2024-09-25
16563,4885,271.55,21.9,428,2025-02-02
16564,6196,410.37,17.74,158,2025-04-14
16565,5750,320.91,34.18,410,2024-07-04
16566,8435,191.56,88.94,406,2024-10-17
16567,3770,466.84,89.87,273,2024-12-20
16568,2909,437.26,71.78,148,2024-06-15
16569,7270,49.18,76.76,411,2024-09-11
16570,2921,95.54,67.08,436,2024-05-10
16571,561,252.23,27.57,250,2025-01-10
16572,3187,399.48,81.38,330,2024-09-09
16573,7109,480.07,68.67,5,2024-06-26
16574,2653,342.99,82.39,67,2024-09-12
16575,2060,225.1,78.93,375,2025-03-10
16576,9519,208.21,0.42,328,2024-11-13
16577,1786,23.59,21.67,481,2025-01-02
16578,7930,338.33,70.95,302,2025-04-20
16579,4616,105.76,91.39,301,2025-02-12
16580,5740,72.04,83.33,11,2024-08-01
16581,7034,55.87,87.9,301,2024-07-25
16582,7135,438.15,60.15,408,2024-06-15
16583,1962,22.86,48.39,438,2024-06-05
16584,4439,274.11,51.45,481,2025-01-19
16585,9128,56.76,72.87,243,2025-03-17
16586,5913,52.32,83.78,214,2025-01-29
16587,4580,90.06,5.88,488,2024-10-26
16588,9642,413.01,9.05,305,2024-10-09
16589,4827,49.62,36.84,167,2024-10-26
16590,5907,349.26,39.6,262,2025-02-03
16591,4220,274.92,83.16,67,2025-04-28
16592,7976,146.63,9.23,136,2024-12-30
16593,8642,194.79,98.09,66,2024-12-18
16594,889,352.36,14.45,208,2025-02-15
16595,6478,79.91,82.9,16,2024-11-09
16596,1040,283.8,42.39,107,2025-03-10
16597,3986,183.27,27.52,276,2025-01-30
16598,4194,357.46,66.64,368,2025-02-25
16599,8634,59.16,42.17,267,2025-03-25
16600,737,342.72,78.19,264,2025-02-07
16601,8767,114.56,45.41,236,2024-05-12
16602,995,95.03,68.14,283,2024-08-18
16603,9714,157.26,69.28,130,2024-05-25
16604,3198,450.85,16.12,254,2025-03-04
16605,2785,314.3,31.58,271,2025-01-07
16606,6718,388.89,19.94,489,2025-04-07
16607,9857,164.41,48.26,453,2024-10-27
16608,9378,51.9,28.62,421,2024-12-31
16609,4007,227.61,77.92,363,2025-03-30
16610,5419,259.9,18.85,471,2024-06-04
16611,6462,273.95,92.47,229,2024-05-24
16612,8932,103.97,15.96,41,2024-06-15
16613,8182,114.89,22.39,274,2024-08-09
16614,6510,125.17,77.76,223,2025-01-13
16615,9425,174.52,75.11,466,2024-12-22
16616,3885,101.89,94.17,151,2025-01-03
16617,5253,304.86,33.52,358,2024-06-13
16618,5223,169.52,26.86,376,2024-05-04
16619,1554,359.6,14.66,232,2024-08-21
16620,3702,107.61,57.49,327,2024-05-31
16621,6213,224.99,80.71,171,2024-08-05
16622,7845,222.09,88.33,150,2024-10-15
16623,8445,187.85,55.41,390,2024-10-22
16624,5671,105.26,97.51,32,2024-05-22
16625,8617,150.67,17.65,315,2024-05-15
16626,5256,430.11,11.01,201,2025-04-04
16627,6315,53.91,78.86,218,2024-08-29
16628,3004,83.86,41.6,483,2025-02-06
16629,8166,481.97,38.83,334,2024-06-05
16630,5715,497.36,55.53,250,2024-08-07
16631,7305,102.73,85.5,213,2024-11-30
16632,5213,157.93,20.49,218,2025-03-25
16633,1300,405.18,43.64,260,2024-12-22
16634,9203,458.44,10.52,473,2024-07-20
16635,5254,230.52,83.41,405,2025-04-09
16636,7381,104.12,52.64,163,2024-05-21
16637,3256,278.41,65.8,307,2024-07-22
16638,6345,218.47,70.71,23,2024-11-08
16639,6015,141.2,60.42,330,2024-08-23
16640,6420,202.06,71.42,393,2024-09-14
16641,6921,315.79,58.01,103,2024-07-22
16642,8784,314.72,61.81,380,2024-10-28
16643,784,96.63,3.22,272,2024-07-08
16644,6831,146.55,13.85,322,2025-04-26
16645,4097,392.41,30.4,75,2024-10-28
16646,2078,172.49,23.59,105,2025-01-17
16647,6018,231.65,91.36,197,2025-04-30
16648,532,420.81,49.09,129,2024-05-30
16649,2418,248.33,72.54,347,2025-03-12
16650,6257,51.35,33.34,448,2024-07-14
16651,3242,255.62,68.34,95,2024-10-26
16652,508,458.15,12.28,483,2024-08-12
16653,9750,492.97,63.4,261,2025-02-11
16654,7404,162.17,11.01,417,2024-05-02
16655,2193,433.83,14.07,193,2024-12-24
16656,9595,381.95,27.83,364,2024-08-08
16657,2161,14.12,89.02,213,2025-02-11
16658,9875,377.5,72.74,47,2024-05-15
16659,371,192.15,59.5,393,2024-08-18
16660,2476,485.03,38.52,187,2024-12-17
16661,2229,367.93,15.18,267,2024-06-24
16662,5127,76.55,90.54,293,2024-07-21
16663,8832,184.27,72.73,374,2024-06-14
16664,8132,0.77,13.17,173,2025-03-19
16665,9566,98.49,76.57,455,2024-08-14
16666,9932,171.61,48.4,12,2024-05-12
16667,4637,195.0,67.66,108,2024-12-28
16668,9001,71.01,50.18,467,2024-08-15
16669,6496,311.57,56.43,128,2024-11-05
16670,2997,439.95,7.1,488,2024-06-16
16671,3423,202.54,91.97,478,2024-05-30
16672,7099,16.8,53.77,268,2024-11-23
16673,1568,237.32,80.38,348,2024-10-11
16674,6187,21.46,64.64,484,2024-08-17
16675,7388,496.37,64.31,220,2024-06-22
16676,5320,155.19,76.06,138,2024-07-15
16677,7502,304.27,46.19,446,2024-07-02
16678,3708,143.37,10.45,355,2024-11-04
16679,7604,119.12,98.64,214,2025-03-30
16680,6459,42.83,13.46,356,2024-11-13
16681,4387,140.33,54.02,472,2024-11-13
16682,7775,158.72,5.54,499,2024-12-04
16683,2594,175.02,53.04,50,2024-09-13
16684,8601,286.26,95.62,239,2024-11-29
16685,3013,332.48,84.5,161,2025-03-28
16686,1234,342.02,90.11,194,2025-03-31
16687,7797,169.05,27.71,40,2024-08-10
16688,801,430.18,0.52,59,2024-12-31
16689,7734,155.81,92.29,450,2024-09-01
16690,6924,323.72,56.38,30,2024-11-27
16691,8411,122.22,43.36,372,2025-02-07
16692,6672,317.04,27.88,65,2024-11-29
16693,9572,130.7,65.2,166,2024-06-28
16694,59,106.36,84.03,373,2024-10-30
16695,7540,86.61,63.9,219,2024-12-21
16696,5748,111.15,87.75,288,2025-02-18
16697,7116,390.11,87.0,185,2024-10-16
16698,7821,448.59,37.76,0,2025-04-06
16699,3144,397.15,22.43,400,2024-11-09
16700,8559,299.46,72.66,376,2024-07-26
16701,9475,323.22,85.39,351,2025-04-24
16702,8594,104.89,31.29,284,2025-02-24
16703,4202,125.08,13.29,221,2024-10-05
16704,9766,406.83,8.7,37,2025-04-26
16705,5223,95.41,94.33,12,2024-07-08
16706,6099,462.91,90.97,156,2024-07-28
16707,7640,482.9,86.35,401,2025-04-05
16708,9636,327.48,98.33,460,2024-11-05
16709,3832,146.93,3.04,117,2024-08-23
16710,7439,445.39,83.6,157,2025-02-17
16711,7060,303.49,27.69,282,2024-09-05
16712,7315,435.21,11.61,485,2024-12-31
16713,1242,405.06,84.98,117,2025-02-21
16714,3907,57.22,98.91,10,2025-03-17
16715,2575,259.84,19.35,286,2025-02-02
16716,9627,20.28,77.62,318,2024-11-28
16717,5580,357.94,23.89,322,2025-01-22
16718,4282,71.31,37.04,437,2024-05-05
16719,705,488.34,18.64,484,2024-11-04
16720,6317,80.32,94.75,294,2024-11-07
16721,6954,59.61,43.39,441,2024-06-24
16722,1317,497.4,41.1,228,2025-01-11
16723,6968,186.22,62.93,384,2025-03-11
16724,4482,320.67,25.56,475,2024-10-22
16725,9004,228.66,24.42,447,2025-04-09
16726,1824,411.33,1.58,44,2025-04-22
16727,8729,290.44,75.3,458,2024-12-14
16728,2811,385.0,17.49,35,2025-04-25
16729,2328,28.46,40.46,145,2024-12-18
16730,1624,47.42,80.75,237,2024-05-06
16731,4333,248.82,46.54,426,2024-10-17
16732,3212,15.6,99.15,121,2024-08-18
16733,140,321.36,86.56,150,2025-04-12
16734,9383,454.62,1.65,303,2024-11-04
16735,2426,398.4,27.72,92,2024-09-23
16736,8022,72.19,86.41,180,2024-08-23
16737,7885,499.36,54.47,408,2024-07-04
16738,3402,124.74,73.69,161,2024-12-05
16739,1878,260.9,56.75,1,2024-07-26
16740,3123,20.29,59.77,23,2024-06-02
16741,7385,379.07,64.26,132,2024-05-27
16742,4080,1.47,75.59,41,2024-10-11
16743,8404,276.21,57.3,224,2025-01-08
16744,5084,255.07,7.69,336,2024-10-24
16745,4870,474.56,97.46,316,2025-04-03
16746,3826,399.24,69.11,434,2024-10-14
16747,9362,141.79,13.45,331,2024-08-17
16748,2100,310.2,58.56,284,2025-01-20
16749,684,174.24,98.51,206,2025-02-22
16750,1054,208.28,54.01,213,2024-11-06
16751,2693,8.93,92.34,475,2024-07-07
16752,3704,72.15,95.85,346,2024-06-20
16753,1676,491.49,5.13,129,2025-02-12
16754,3816,3.94,87.14,86,2025-02-12
16755,7623,255.37,39.54,224,2024-08-21
16756,7209,100.55,49.94,404,2025-04-17
16757,4211,165.37,26.1,195,2025-01-14
16758,2329,86.72,8.24,446,2025-04-17
16759,655,155.22,28.11,373,2024-05-14
16760,6221,49.4,4.56,392,2025-03-26
16761,8737,427.56,59.92,329,2025-03-18
16762,8632,79.49,60.49,182,2025-03-16
16763,3772,379.9,40.78,298,2025-04-29
16764,5518,113.31,17.73,111,2025-01-21
16765,9485,158.04,90.38,204,2024-05-30
16766,5978,294.57,64.86,193,2024-11-16
16767,6355,401.25,25.64,51,2024-07-12
16768,2146,11.5,89.64,141,2024-05-11
16769,1814,55.78,49.58,179,2024-06-23
16770,2845,106.01,19.07,448,2024-08-10
16771,9383,325.55,78.01,0,2024-06-13
16772,9953,313.89,11.34,282,2024-11-21
16773,392,69.53,28.3,235,2024-09-28
16774,369,275.52,23.28,170,2024-09-17
16775,6735,300.2,50.01,456,2025-04-25
16776,3814,209.36,84.52,154,2024-06-23
16777,917,34.7,74.1,417,2024-06-19
16778,1353,406.23,25.94,302,2024-12-20
16779,9366,369.82,63.07,371,2025-04-11
16780,6957,268.7,71.24,483,2024-12-30
16781,4828,122.68,22.43,214,2024-12-30
16782,5291,371.73,48.84,111,2024-12-05
16783,7285,308.95,70.88,369,2024-12-17
16784,5566,334.75,39.64,325,2024-10-05
16785,7053,128.5,34.49,410,2024-09-05
16786,3410,342.78,13.94,0,2024-06-18
16787,1416,495.96,74.95,274,2024-05-02
16788,1053,25.75,35.03,479,2025-01-28
16789,8251,296.14,68.92,54,2024-10-09
16790,2079,304.74,70.18,237,2024-09-12
16791,7829,356.54,5.66,370,2025-03-05
16792,181,367.44,65.19,33,2024-12-24
16793,8444,45.84,57.42,310,2025-04-07
16794,3476,374.85,38.04,393,2024-06-20
16795,6938,371.03,34.83,194,2025-04-08
16796,4453,350.74,39.03,9,2025-04-08
16797,5383,232.09,16.8,124,2024-07-16
16798,4283,408.71,97.17,215,2024-07-05
16799,1589,179.54,82.73,97,2025-01-26
16800,7575,321.08,93.72,490,2024-11-09
16801,5916,176.37,77.04,373,2025-04-30
16802,4380,253.62,11.5,21,2024-08-12
16803,6811,413.41,5.16,171,2024-06-02
16804,9997,278.76,79.4,224,2024-09-06
16805,9592,0.02,17.52,93,2025-04-18
16806,3121,218.22,82.81,111,2024-05-04
16807,6047,459.2,59.32,83,2025-03-05
16808,9969,94.63,78.81,42,2024-07-12
16809,5103,88.29,73.56,497,2025-01-19
16810,5836,389.12,57.23,0,2025-02-21
16811,4074,411.05,27.41,145,2024-07-27
16812,4195,226.06,68.86,454,2024-06-09
16813,8080,325.46,72.04,35,2024-11-18
16814,9927,308.85,58.51,371,2025-02-07
16815,7740,43.81,56.14,209,2024-09-28
16816,538,258.35,51.52,283,2024-09-06
16817,513,318.64,97.51,177,2024-06-23
16818,2623,256.53,27.27,274,2024-08-15
16819,805,231.68,77.78,468,2024-09-08
16820,7123,194.52,67.81,399,2024-10-08
16821,3371,213.66,80.73,341,2024-11-12
16822,3475,381.37,78.84,103,2024-09-11
16823,7568,94.03,14.63,275,2024-06-21
16824,9699,11.33,42.04,182,2024-07-13
16825,619,459.48,81.55,39,2024-09-01
16826,3494,295.13,78.94,419,2025-02-20
16827,3898,408.66,19.62,178,2024-08-10
16828,9377,387.07,15.09,65,2025-04-13
16829,4493,152.94,8.31,197,2025-02-02
16830,5991,452.55,92.9,123,2024-11-09
16831,4781,4.43,96.73,487,2025-01-26
16832,2112,230.06,67.95,213,2025-01-04
16833,1991,249.53,16.1,305,2024-10-05
16834,5080,110.13,75.6,3,2025-02-24
16835,7410,310.63,17.64,44,2024-05-17
16836,3379,38.04,42.83,101,2024-09-01
16837,5547,458.1,1.57,481,2024-09-09
16838,7878,28.37,4.46,48,2025-04-14
16839,6046,331.56,29.32,148,2025-02-24
16840,539,332.43,99.51,414,2024-10-12
16841,7826,118.28,7.18,200,2024-12-01
16842,8480,3.78,54.62,242,2025-01-26
16843,6184,316.73,21.92,175,2024-07-14
16844,7358,266.98,52.13,208,2024-07-02
16845,7473,494.92,80.77,291,2025-03-03
16846,794,226.48,27.27,174,2025-01-07
16847,7978,50.31,3.57,155,2024-06-04
16848,8698,260.93,79.94,33,2024-12-06
16849,4688,310.27,6.98,321,2024-05-23
16850,934,162.89,37.88,34,2024-10-28
16851,843,191.96,10.04,349,2025-04-23
16852,3354,404.01,64.64,205,2024-09-28
16853,822,124.26,44.66,240,2024-12-08
16854,2223,458.55,78.2,212,2025-02-28
16855,7669,476.36,77.8,270,2025-03-05
16856,6111,408.32,37.25,493,2024-09-20
16857,3074,295.31,81.36,262,2024-10-21
16858,2664,215.95,37.74,410,2024-07-19
16859,5236,478.85,52.66,424,2024-07-22
16860,7633,114.45,64.42,98,2025-04-04
16861,6299,294.67,94.97,316,2024-10-22
16862,7452,226.29,49.42,218,2025-02-14
16863,3905,298.34,92.12,1,2024-10-18
16864,3057,231.06,94.19,329,2024-09-19
16865,7524,194.81,67.97,8,2024-07-29
16866,249,191.69,99.1,223,2024-06-07
16867,7575,133.0,64.72,164,2025-01-04
16868,3464,137.04,80.63,343,2024-11-20
16869,5933,171.64,27.35,266,2024-07-04
16870,1971,146.43,82.2,134,2024-09-25
16871,5838,378.75,5.37,460,2024-08-28
16872,9257,207.07,14.06,158,2024-12-15
16873,9868,84.65,10.68,251,2025-02-16
16874,2201,24.43,60.5,19,2025-03-02
16875,4376,463.53,66.36,59,2024-10-15
16876,9224,50.21,87.19,168,2024-12-28
16877,9747,398.72,72.9,52,2024-06-08
16878,1023,82.14,96.46,158,2025-03-02
16879,4482,368.3,51.59,468,2024-09-21
16880,7327,225.3,31.31,67,2024-09-06
16881,3714,233.46,16.13,265,2024-06-13
16882,4529,481.65,90.9,64,2024-09-19
16883,4860,78.69,56.2,227,2024-10-15
16884,4608,94.25,90.27,374,2025-03-18
16885,2784,404.59,68.8,478,2025-01-02
16886,4950,229.63,55.37,82,2024-10-20
16887,6083,357.25,95.58,367,2024-11-25
16888,8400,103.12,85.75,400,2024-05-07
16889,2353,130.4,82.35,302,2024-10-31
16890,6933,38.46,79.3,271,2025-02-07
16891,5400,167.49,70.03,148,2024-06-27
16892,615,354.3,45.43,349,2024-06-20
16893,5827,243.43,49.49,38,2025-03-17
16894,9236,119.73,21.38,126,2025-02-24
16895,3325,380.35,14.01,135,2025-02-08
16896,2692,429.47,47.78,353,2025-04-02
16897,7916,18.49,8.36,361,2025-02-26
16898,3183,276.11,53.16,282,2025-02-09
16899,1919,394.81,66.18,175,2024-07-26
16900,4423,126.25,39.03,387,2024-06-08
16901,533,5.42,22.76,93,2024-10-04
16902,1720,128.19,65.06,3,2024-07-06
16903,8800,98.19,82.49,230,2024-09-22
16904,918,343.73,43.59,173,2025-03-18
16905,8007,460.18,95.17,495,2024-07-14
16906,9299,456.6,5.1,437,2024-07-10
16907,3973,218.67,88.3,435,2025-04-04
16908,9661,464.91,12.84,282,2024-06-23
16909,4295,388.01,68.03,468,2024-12-06
16910,7807,330.22,12.93,75,2025-02-23
16911,2132,65.63,37.17,197,2024-08-01
16912,699,201.73,28.79,75,2024-09-22
16913,5821,256.26,43.75,176,2024-10-07
16914,9686,337.72,35.24,242,2025-04-05
16915,7501,424.81,58.75,483,2025-02-21
16916,4639,492.64,64.2,33,2024-07-19
16917,6346,260.34,64.79,78,2024-08-12
16918,5381,357.83,57.81,120,2025-01-23
16919,278,113.16,38.41,431,2024-10-25
16920,9967,356.18,90.55,211,2025-02-26
16921,3219,377.1,55.73,426,2024-10-04
16922,2878,155.94,41.29,239,2025-01-26
16923,8929,142.9,24.02,13,2025-02-20
16924,5223,421.47,6.7,55,2024-07-17
16925,4665,254.36,58.44,15,2025-04-08
16926,3177,181.14,50.9,221,2024-05-25
16927,6192,376.41,44.6,220,2024-07-02
16928,6775,306.26,5.98,31,2025-01-03
16929,9450,307.62,3.83,489,2024-09-21
16930,5718,53.88,8.05,307,2024-05-22
16931,3595,491.91,64.35,473,2024-10-09
16932,7632,24.89,34.5,4,2025-01-07
16933,9305,53.17,72.82,133,2024-09-15
16934,6520,415.03,61.21,365,2025-04-05
16935,8701,34.17,72.96,113,2025-01-29
16936,2686,455.65,0.2,427,2024-08-04
16937,8558,209.73,2.28,336,2024-05-30
16938,7503,171.92,53.63,211,2024-08-08
16939,7423,62.98,19.79,466,2024-07-02
16940,179,408.62,73.69,438,2025-02-17
16941,8350,444.39,58.52,448,2024-05-04
16942,1675,390.91,52.44,472,2025-02-03
16943,4488,263.11,29.61,210,2024-07-07
16944,75,30.25,95.09,215,2024-11-19
16945,4388,102.49,90.72,215,2024-12-05
16946,949,226.31,47.1,159,2024-08-13
16947,1111,397.72,80.84,265,2024-12-04
16948,4882,108.98,94.0,377,2024-10-11
16949,227,464.67,65.47,93,2024-10-04
16950,6934,4.91,69.63,205,2024-12-20
16951,3146,259.07,7.9,55,2025-03-27
16952,5036,461.14,23.69,161,2024-06-20
16953,2753,147.69,29.82,327,2024-12-29
16954,8103,30.68,49.0,395,2025-02-16
16955,1276,265.88,74.47,407,2024-12-31
16956,7615,324.01,31.31,375,2024-08-09
16957,1139,241.18,23.5,371,2025-04-26
16958,714,333.76,79.18,43,2024-08-02
16959,9144,307.51,58.13,424,2024-10-16
16960,2361,346.57,64.95,413,2024-05-16
16961,9975,262.15,83.78,102,2025-03-30
16962,6835,341.05,40.75,63,2024-10-03
16963,341,195.71,65.03,364,2024-07-05
16964,5786,91.27,83.87,137,2024-07-06
16965,4454,483.94,24.87,186,2024-07-11
16966,5005,218.04,12.67,439,2025-03-12
16967,1652,465.46,43.36,10,2024-10-11
16968,8574,296.93,17.97,30,2024-06-09
16969,6677,158.93,42.49,433,2025-02-17
16970,8897,123.83,53.47,177,2024-08-23
16971,4568,164.07,97.14,129,2024-08-14
16972,9039,24.49,77.85,371,2024-11-20
16973,9510,410.16,53.1,118,2024-07-04
16974,455,376.36,6.18,349,2025-04-03
16975,4097,97.39,51.55,49,2024-11-17
16976,9058,378.22,23.87,5,2024-10-13
16977,2284,122.06,21.65,279,2024-08-04
16978,101,15.06,50.45,357,2025-04-10
16979,3342,92.32,51.9,169,2024-08-26
16980,1250,482.98,68.21,85,2024-11-06
16981,7263,301.95,26.89,164,2025-02-02
16982,9022,212.49,62.85,22,2024-09-19
16983,3124,128.16,81.27,93,2024-07-14
16984,8350,462.75,1.6,11,2024-11-12
16985,4137,47.85,16.57,144,2024-05-05
16986,9190,80.31,9.01,121,2025-03-22
16987,8262,255.03,26.4,145,2025-03-04
16988,9910,66.02,3.37,440,2024-11-12
16989,7142,178.73,11.48,401,2024-04-30
16990,5183,214.41,27.85,239,2025-02-25
16991,6274,108.46,40.13,172,2024-12-09
16992,4203,141.08,79.35,223,2024-05-03
16993,4950,258.66,62.3,254,2024-11-29
16994,28,280.52,3.95,449,2024-12-11
16995,3160,430.7,48.25,88,2025-03-08
16996,7206,212.42,7.69,15,2025-03-13
16997,9697,48.78,69.39,85,2025-01-12
16998,4526,273.72,85.82,178,2024-08-06
16999,7197,468.89,74.25,455,2024-09-27
17000,5760,232.19,83.68,371,2024-12-25
17001,2041,43.41,91.51,394,2024-06-14
17002,3310,201.98,41.5,473,2024-07-07
17003,6846,251.45,88.99,55,2024-10-18
17004,5922,166.89,27.3,393,2024-07-08
17005,7955,240.73,2.06,389,2024-12-16
17006,5111,325.27,10.19,461,2024-07-10
17007,3767,395.8,26.15,491,2024-07-03
17008,7052,91.23,46.63,48,2025-03-11
17009,6623,143.57,37.88,343,2025-03-10
17010,6728,312.49,30.19,467,2024-11-16
17011,3797,416.69,83.83,93,2025-03-19
17012,697,220.77,43.57,411,2025-04-16
17013,7565,255.29,91.72,144,2025-01-21
17014,9152,419.77,91.18,304,2024-12-20
17015,5576,175.91,81.82,119,2024-07-31
17016,4548,432.06,86.36,455,2025-02-09
17017,6990,458.05,55.06,141,2024-09-19
17018,9718,87.23,68.37,205,2025-01-07
17019,612,189.27,6.14,89,2024-11-24
17020,7200,229.42,15.08,183,2025-04-23
17021,3732,310.24,33.8,322,2024-05-03
17022,3045,144.54,91.39,333,2025-04-17
17023,1326,445.02,85.2,352,2024-08-20
17024,2648,50.82,6.8,311,2024-05-02
17025,5353,142.34,61.18,73,2024-11-03
17026,3967,47.36,28.33,78,2024-08-13
17027,7414,455.79,54.36,229,2024-05-11
17028,9405,420.82,14.15,487,2025-01-16
17029,634,167.34,69.31,314,2024-05-29
17030,6492,354.52,34.93,246,2024-09-27
17031,4910,412.3,31.17,209,2024-05-12
17032,3721,74.84,99.8,68,2025-02-22
17033,9346,419.05,27.78,102,2024-10-08
17034,2839,18.26,39.51,477,2024-10-28
17035,6146,456.82,75.9,314,2024-10-22
17036,3095,54.44,55.16,448,2024-07-11
17037,9957,282.87,56.43,10,2024-06-17
17038,7723,386.48,70.68,426,2024-11-05
17039,7035,260.73,44.32,58,2025-01-06
17040,1527,371.4,5.8,315,2024-07-17
17041,7243,11.83,51.62,106,2025-02-02
17042,6352,486.82,20.28,72,2024-10-15
17043,2356,455.08,87.5,422,2025-01-06
17044,1256,118.29,97.09,196,2024-05-05
17045,4974,220.69,10.55,244,2025-03-01
17046,1648,60.63,35.62,105,2024-08-16
17047,9983,253.61,7.95,5,2025-03-22
17048,5871,185.9,86.63,88,2024-08-28
17049,6020,0.71,8.58,410,2024-10-14
17050,5994,180.59,97.25,0,2024-09-10
17051,4345,481.65,58.61,13,2024-11-25
17052,4900,221.51,47.52,199,2025-01-20
17053,1662,481.27,73.03,387,2025-01-09
17054,8021,189.36,63.76,303,2024-09-25
17055,1936,201.63,11.55,68,2024-09-28
17056,6688,399.78,82.9,451,2024-10-24
17057,4821,492.07,19.69,192,2025-01-11
17058,418,91.32,21.7,124,2024-05-24
17059,1338,459.07,91.47,130,2024-09-24
17060,3746,142.5,26.05,406,2024-10-22
17061,6935,490.48,86.27,273,2024-12-26
17062,1661,232.49,70.58,182,2024-05-04
17063,290,354.03,99.68,369,2024-08-26
17064,2906,134.76,25.63,344,2024-05-14
17065,6482,158.07,17.51,107,2024-10-24
17066,3777,117.88,35.4,219,2024-05-02
17067,7864,336.7,58.64,289,2024-09-03
17068,9016,98.19,22.6,342,2025-02-26
17069,3515,372.51,92.52,239,2024-12-06
17070,7315,125.5,77.58,251,2024-12-22
17071,7222,271.58,90.13,176,2024-07-07
17072,4562,484.04,91.86,308,2025-01-23
17073,1090,248.02,85.58,489,2024-11-08
17074,4089,494.04,41.14,491,2025-02-15
17075,4238,389.84,21.76,102,2025-01-26
17076,1069,444.99,12.61,233,2025-04-21
17077,4518,489.68,59.53,389,2024-05-13
17078,4909,83.95,5.19,380,2025-03-25
17079,5662,269.51,33.58,97,2025-03-31
17080,3822,388.56,51.8,477,2024-09-01
17081,785,403.29,42.99,134,2024-09-25
17082,1495,168.34,37.67,294,2024-08-25
17083,7984,419.0,45.16,103,2024-11-28
17084,279,219.0,51.47,54,2024-11-14
17085,6262,363.22,66.61,420,2025-03-03
17086,124,389.6,97.16,496,2024-07-01
17087,3522,32.44,44.49,301,2025-01-26
17088,6368,479.01,88.16,148,2024-05-24
17089,6217,318.65,59.22,123,2025-04-29
17090,348,426.35,27.22,436,2024-09-21
17091,6413,189.64,51.14,147,2024-06-15
17092,1042,423.29,38.16,122,2025-03-19
17093,2133,278.18,60.93,276,2025-01-19
17094,1339,58.49,92.83,84,2024-08-11
17095,6809,117.44,55.99,435,2025-03-02
17096,3787,120.08,90.21,395,2024-12-01
17097,7280,151.12,98.35,333,2024-11-29
17098,6476,300.92,10.82,457,2024-08-24
17099,7112,354.1,95.98,251,2025-03-27
17100,4016,73.56,83.2,403,2024-08-31
17101,1108,438.29,80.63,363,2024-12-05
17102,5991,438.99,57.41,336,2024-10-09
17103,8631,263.9,58.42,439,2024-05-14
17104,9487,15.45,91.68,114,2024-11-30
17105,1305,438.49,37.65,112,2024-05-05
17106,2232,464.61,53.41,221,2024-07-10
17107,3061,426.22,83.32,423,2024-11-03
17108,6898,456.73,2.47,34,2024-11-11
17109,6195,453.73,16.93,124,2024-10-04
17110,7049,118.68,31.57,405,2024-08-19
17111,730,241.91,56.63,407,2024-07-19
17112,2881,236.23,39.77,342,2025-02-04
17113,3558,373.33,69.29,286,2024-10-14
17114,4625,190.23,95.91,435,2025-01-22
17115,3537,288.78,11.68,364,2024-11-18
17116,3261,89.67,38.54,287,2024-06-23
17117,4623,435.54,54.04,350,2024-11-16
17118,2356,268.84,56.03,431,2025-01-26
17119,975,297.58,44.95,469,2024-05-15
17120,479,69.61,24.9,476,2025-02-26
17121,9538,111.62,78.49,97,2024-10-29
17122,8158,470.43,25.65,130,2024-09-09
17123,1708,117.93,30.68,77,2024-07-30
17124,3515,303.82,58.4,164,2024-10-24
17125,4195,470.37,23.33,491,2025-03-03
17126,3979,113.72,67.67,29,2024-11-15
17127,75,73.97,69.94,79,2024-11-25
17128,3768,280.82,72.04,158,2024-06-07
17129,403,286.78,51.95,206,2025-04-14
17130,1493,160.29,32.83,307,2025-03-19
17131,7020,373.0,100.0,421,2024-08-25
17132,8580,306.86,38.14,331,2024-12-10
17133,2852,37.29,25.08,459,2024-09-24
17134,6582,329.92,19.3,450,2024-12-28
17135,3554,32.78,76.02,256,2024-12-23
17136,6816,168.41,5.49,337,2024-08-14
17137,5239,243.32,20.6,310,2024-11-24
17138,3983,271.15,81.0,12,2024-12-15
17139,6426,352.41,7.46,74,2025-02-21
17140,8830,237.02,87.09,367,2024-07-24
17141,3592,425.02,30.09,97,2024-10-24
17142,6063,457.99,12.98,487,2024-07-22
17143,7125,74.13,69.21,74,2024-07-10
17144,6126,40.4,69.5,294,2024-05-16
17145,8794,335.88,43.49,467,2024-11-17
17146,3453,165.74,52.91,137,2025-02-08
17147,1846,76.94,64.63,339,2024-11-09
17148,7976,46.0,88.1,461,2024-11-18
17149,8144,347.64,69.36,439,2024-11-03
17150,3501,374.03,50.73,403,2024-05-10
17151,9990,402.41,58.52,473,2024-07-02
17152,3897,461.65,90.93,148,2024-06-29
17153,6059,466.45,48.63,149,2024-09-24
17154,5833,468.44,0.15,196,2025-04-12
17155,6703,384.97,33.91,231,2025-02-14
17156,2403,91.74,17.66,378,2024-06-28
17157,3940,329.41,93.04,328,2024-06-17
17158,7918,30.44,0.98,141,2025-01-10
17159,3880,309.12,35.93,463,2025-04-28
17160,9955,438.14,61.6,322,2024-11-28
17161,2676,34.44,23.66,313,2024-06-24
17162,8081,239.11,80.86,48,2024-06-30
17163,2135,125.08,82.82,132,2024-05-10
17164,9970,88.42,42.29,42,2024-10-05
17165,2442,83.2,26.85,102,2024-06-09
17166,3092,317.35,22.9,338,2025-03-24
17167,4614,52.98,54.09,239,2025-02-01
17168,3203,297.54,82.74,267,2024-08-05
17169,1896,407.95,71.93,426,2024-11-13
17170,6502,431.79,76.94,140,2025-01-03
17171,9615,329.98,0.09,307,2025-02-12
17172,5932,177.74,93.14,403,2025-02-16
17173,4558,270.15,49.93,188,2024-08-26
17174,2242,238.43,20.54,54,2024-11-27
17175,1908,285.25,19.78,226,2025-02-09
17176,3864,230.56,85.04,395,2024-11-08
17177,9412,201.47,14.98,382,2025-01-02
17178,24,66.35,66.6,454,2024-10-20
17179,2900,473.82,42.04,262,2025-04-21
17180,7999,265.48,21.55,439,2024-07-22
17181,6312,450.94,3.13,290,2024-11-05
17182,6663,485.04,92.43,151,2025-02-15
17183,322,415.74,87.23,327,2024-11-10
17184,9515,316.68,91.96,72,2025-02-03
17185,6616,351.92,87.29,398,2024-12-16
17186,1640,424.35,8.09,126,2024-11-27
17187,1875,17.14,70.29,434,2025-02-02
17188,8702,210.9,79.08,112,2024-06-19
17189,2583,154.19,28.7,265,2024-06-15
17190,6970,5.88,68.87,416,2024-09-12
17191,1596,321.34,6.3,248,2024-10-05
17192,7870,125.78,45.94,475,2024-05-09
17193,3052,172.09,70.23,93,2024-08-24
17194,1920,462.25,8.76,179,2024-09-24
17195,8672,255.35,51.66,385,2024-09-24
17196,8623,61.01,98.71,432,2024-11-02
17197,588,371.35,70.81,436,2024-06-22
17198,418,464.03,60.27,147,2024-07-21
17199,2250,163.11,94.89,315,2024-09-01
17200,1324,380.6,51.14,495,2024-07-18
17201,390,460.3,93.69,150,2024-06-07
17202,5009,8.49,55.39,477,2024-07-26
17203,5707,81.58,32.69,91,2024-05-10
17204,8526,433.75,7.77,1,2024-09-18
17205,7628,206.48,14.63,91,2024-07-27
17206,4509,456.91,30.56,133,2024-12-12
17207,9791,448.71,46.9,79,2024-12-16
17208,1694,274.97,74.93,284,2025-02-25
17209,907,375.67,45.0,435,2024-06-17
17210,2657,397.12,25.25,69,2024-07-13
17211,9995,46.71,35.15,365,2024-09-17
17212,3812,407.92,88.53,36,2024-10-24
17213,4168,380.88,7.54,147,2024-09-01
17214,6039,84.65,46.06,351,2024-06-14
17215,3983,69.31,91.08,87,2024-06-02
17216,2005,353.23,71.51,304,2025-03-22
17217,4140,51.82,84.0,297,2025-01-23
17218,8964,107.89,14.86,440,2024-09-07
17219,653,472.68,57.98,435,2024-07-12
17220,4076,123.87,44.5,165,2025-01-29
17221,4524,305.61,99.5,95,2024-09-29
17222,5187,435.75,93.06,483,2024-05-31
17223,6098,152.46,2.67,181,2024-06-14
17224,964,34.19,54.37,413,2024-07-04
17225,3459,171.32,95.78,457,2024-11-24
17226,148,446.63,83.8,368,2024-12-13
17227,6086,299.3,33.75,142,2024-08-04
17228,6430,77.43,65.93,345,2024-07-24
17229,67,449.85,8.14,115,2024-06-12
17230,9274,457.0,21.06,12,2024-12-06
17231,6323,305.16,26.85,380,2024-12-05
17232,7329,293.36,92.21,306,2024-10-15
17233,8051,451.97,75.26,5,2024-07-10
17234,9980,13.61,46.12,348,2025-03-03
17235,4608,177.77,58.78,75,2024-12-29
17236,6917,304.5,78.25,194,2024-11-16
17237,8505,401.95,66.3,107,2024-08-10
17238,2133,319.77,32.11,53,2024-05-27
17239,4297,457.51,11.72,225,2025-01-04
17240,2544,365.85,28.38,140,2024-11-03
17241,3916,274.39,9.24,83,2024-05-08
17242,6645,296.03,5.08,397,2025-03-17
17243,3249,296.52,96.67,238,2024-08-30
17244,3308,367.76,83.09,166,2024-07-28
17245,8595,320.63,68.54,474,2024-09-04
17246,2484,473.79,2.01,245,2025-03-27
17247,4865,82.96,52.32,149,2024-11-30
17248,9656,494.36,49.26,3,2024-08-04
17249,4405,25.81,13.88,270,2025-04-01
17250,4405,5.01,6.81,164,2024-09-28
17251,1229,253.06,83.89,427,2024-09-10
17252,577,153.97,12.77,418,2025-02-07
17253,1203,234.8,67.21,476,2025-02-18
17254,4437,493.1,13.57,375,2024-08-01
17255,9922,365.31,52.55,143,2025-03-03
17256,9667,482.82,34.9,4,2024-05-27
17257,4350,311.88,42.39,394,2024-07-20
17258,3903,479.6,40.37,79,2025-02-26
17259,3636,61.49,29.99,96,2024-08-15
17260,2494,477.54,98.6,168,2025-01-17
17261,9762,207.34,44.6,27,2024-06-01
17262,5971,398.09,81.46,126,2024-05-28
17263,6112,221.99,39.0,225,2024-04-30
17264,3298,82.64,74.78,427,2024-05-13
17265,2958,333.47,42.26,438,2024-12-07
17266,6758,139.49,94.04,310,2024-06-18
17267,8113,432.14,57.0,474,2024-07-23
17268,2755,114.76,51.58,378,2025-04-28
17269,4519,191.73,75.8,404,2024-06-11
17270,657,460.04,87.08,440,2024-08-01
17271,6455,371.86,13.92,159,2024-05-16
17272,6615,382.88,40.7,14,2025-02-13
17273,8033,319.39,63.87,205,2024-10-16
17274,9353,426.11,96.75,98,2025-03-27
17275,8263,350.69,71.81,366,2025-02-07
17276,1515,320.72,2.54,2,2024-10-07
17277,8873,105.35,28.89,230,2024-07-02
17278,341,408.02,45.94,288,2024-06-28
17279,4034,470.26,34.25,201,2024-05-11
17280,590,206.77,47.49,171,2024-10-09
17281,454,447.9,15.48,106,2024-08-06
17282,2808,284.91,97.62,216,2025-01-29
17283,9295,203.61,70.1,196,2024-10-01
17284,2467,186.93,97.27,117,2024-05-21
17285,3076,363.96,47.34,439,2024-07-05
17286,1627,388.16,22.51,255,2025-02-03
17287,6861,371.79,36.02,229,2025-03-31
17288,4585,24.69,67.87,204,2025-01-29
17289,4977,381.69,54.39,393,2024-07-12
17290,2416,231.52,29.46,202,2024-11-19
17291,7735,382.75,99.75,130,2025-02-06
17292,955,443.17,12.56,320,2024-08-07
17293,6003,442.85,65.46,398,2025-04-24
17294,7901,382.54,83.95,57,2024-05-04
17295,2774,404.55,93.2,383,2024-12-19
17296,3110,487.95,40.41,321,2024-10-24
17297,5535,282.05,74.72,321,2024-10-06
17298,9149,364.99,13.72,314,2024-08-17
17299,6179,185.61,95.7,489,2025-04-12
17300,9266,355.86,40.43,467,2025-04-12
17301,2396,322.2,48.98,327,2024-08-07
17302,3237,212.18,68.35,336,2025-02-21
17303,4663,192.02,26.7,128,2024-10-30
17304,4874,137.18,69.66,15,2025-02-17
17305,9806,324.12,45.47,5,2024-07-04
17306,4109,490.87,95.88,106,2024-08-18
17307,1116,250.67,77.31,65,2024-05-11
17308,502,274.62,56.74,300,2024-10-22
17309,5916,50.25,78.0,475,2024-07-27
17310,1583,15.55,75.23,148,2024-11-16
17311,9281,378.42,92.97,428,2024-12-30
17312,1951,30.99,63.76,53,2024-06-15
17313,7564,418.12,74.06,470,2024-08-29
17314,8930,496.25,13.7,320,2025-03-15
17315,2482,151.06,87.18,469,2025-01-26
17316,8408,235.27,21.99,180,2025-03-22
17317,2244,142.76,21.67,491,2024-11-07
17318,5757,373.9,71.62,48,2024-12-14
17319,2022,26.06,96.21,451,2024-06-25
17320,3283,175.52,65.13,142,2024-12-28
17321,1471,185.87,55.2,496,2024-07-30
17322,2432,256.94,92.82,247,2025-03-05
17323,5244,408.23,97.7,243,2024-12-11
17324,5082,310.98,46.37,477,2024-05-03
17325,2965,483.39,44.71,339,2025-02-13
17326,2600,347.31,92.44,268,2024-07-02
17327,5725,355.52,62.75,54,2024-12-09
17328,9115,68.15,87.61,149,2024-09-10
17329,1975,332.46,17.84,90,2025-01-27
17330,5800,15.13,67.81,280,2024-05-11
17331,9421,227.79,8.32,476,2024-12-25
17332,2581,216.97,24.34,61,2025-02-21
17333,1726,289.27,81.67,453,2025-04-17
17334,3898,162.86,42.96,418,2024-10-28
17335,8312,106.89,34.6,112,2024-05-03
17336,5945,357.52,22.81,207,2024-07-22
17337,1729,279.11,99.44,464,2025-04-12
17338,6336,259.26,92.12,326,2025-04-21
17339,3645,470.96,54.31,208,2025-03-29
17340,5843,359.7,59.76,29,2024-07-25
17341,1467,357.74,50.65,319,2025-02-27
17342,9963,69.02,80.91,193,2024-08-09
17343,7072,202.71,9.84,259,2024-12-08
17344,3118,23.96,17.86,282,2025-02-26
17345,6389,493.94,28.1,371,2024-06-28
17346,1789,85.16,7.22,38,2024-05-08
17347,1413,139.16,96.46,449,2024-10-10
17348,1648,469.34,67.78,115,2024-06-29
17349,9388,51.08,82.99,49,2025-03-27
17350,7043,201.56,82.38,182,2024-06-22
17351,9447,395.3,14.91,307,2025-04-12
17352,957,213.15,75.38,345,2024-06-10
17353,9288,7.89,10.34,428,2025-02-13
17354,5694,250.29,13.43,309,2024-06-29
17355,7527,289.79,95.1,444,2024-06-14
17356,4918,47.46,73.84,181,2024-08-03
17357,7241,170.75,77.54,153,2024-11-14
17358,7264,248.62,89.53,194,2025-04-11
17359,5346,209.3,0.64,346,2024-08-09
17360,3404,498.82,39.75,88,2025-02-03
17361,543,64.13,46.69,260,2024-06-03
17362,6066,456.4,92.23,436,2025-03-17
17363,306,300.9,26.49,104,2025-01-20
17364,9169,154.32,99.97,376,2024-11-27
17365,9281,102.42,72.72,151,2024-05-16
17366,9100,223.37,85.95,124,2025-03-15
17367,4494,233.98,56.75,243,2024-07-10
17368,7502,26.25,50.61,301,2024-07-23
17369,922,334.93,92.56,284,2024-05-30
17370,3358,436.82,66.32,417,2025-01-23
17371,7896,327.53,81.88,148,2024-05-13
17372,5169,359.54,41.21,299,2024-07-30
17373,6202,283.82,56.18,302,2024-08-22
17374,3420,393.76,60.62,164,2024-11-11
17375,5839,384.9,89.98,329,2024-08-05
17376,8636,266.29,16.38,258,2024-05-27
17377,5626,361.72,84.84,422,2024-11-18
17378,9781,414.68,52.17,390,2025-01-01
17379,1571,95.7,50.01,124,2024-10-10
17380,943,5.4,53.86,284,2024-09-05
17381,9747,72.86,35.01,226,2025-01-28
17382,9860,493.03,83.43,32,2024-08-04
17383,1559,216.12,24.11,370,2024-10-11
17384,7218,379.3,33.56,317,2024-10-11
17385,9962,329.03,61.18,292,2024-09-17
17386,7693,248.18,12.61,91,2024-10-26
17387,6455,424.41,39.69,261,2025-02-05
17388,8515,324.07,49.32,179,2024-07-10
17389,991,200.63,26.17,194,2024-11-16
17390,2906,59.69,88.43,191,2025-03-16
17391,7540,350.26,24.43,176,2024-10-01
17392,7469,51.22,18.49,105,2025-01-19
17393,4614,97.67,90.44,450,2025-04-15
17394,5529,352.71,20.73,299,2024-06-08
17395,7209,239.08,24.09,389,2024-11-15
17396,6100,248.78,13.69,383,2024-10-25
17397,7624,64.68,77.33,225,2024-10-12
17398,923,49.93,87.21,315,2025-04-10
17399,1235,270.35,80.18,157,2024-05-07
17400,1121,276.93,87.38,496,2025-01-06
17401,8918,22.74,11.23,190,2024-12-29
17402,7353,295.88,76.68,104,2024-11-10
17403,1472,330.86,94.28,34,2024-12-31
17404,3362,300.38,70.24,307,2024-09-16
17405,4072,8.64,18.2,280,2025-03-27
17406,3031,52.93,97.21,251,2024-08-13
17407,2023,240.99,19.26,74,2024-08-24
17408,7603,321.25,94.31,134,2024-10-17
17409,6399,425.34,79.99,352,2024-07-13
17410,126,21.19,33.57,241,2024-11-19
17411,8153,497.2,26.35,209,2024-06-14
17412,672,42.62,46.67,327,2024-10-30
17413,941,318.74,74.5,145,2025-02-05
17414,9303,191.17,85.19,112,2025-03-16
17415,7032,263.03,94.84,175,2024-12-21
17416,694,234.51,7.64,23,2025-01-11
17417,8741,37.87,84.31,295,2024-11-27
17418,9484,32.9,69.25,442,2024-07-18
17419,2017,202.54,47.81,113,2024-12-21
17420,1836,13.55,11.3,439,2024-09-28
17421,2061,304.91,0.99,50,2024-05-12
17422,3505,420.42,22.09,19,2025-01-21
17423,3641,454.17,22.69,209,2024-05-31
17424,9893,217.72,34.92,283,2024-11-19
17425,503,74.11,10.35,239,2024-05-19
17426,3158,343.82,95.41,319,2025-04-29
17427,6562,94.81,22.66,102,2024-12-18
17428,1327,125.07,52.3,214,2024-05-29
17429,2531,476.8,79.59,10,2024-05-31
17430,2092,406.44,33.75,370,2024-11-04
17431,5629,490.34,20.43,165,2024-08-10
17432,5087,138.33,22.72,374,2024-07-24
17433,4403,344.1,64.72,461,2024-06-08
17434,7421,319.43,12.01,406,2024-06-06
17435,3150,260.65,27.72,376,2025-02-16
17436,1285,59.85,10.03,357,2024-12-08
17437,4908,323.23,62.49,81,2025-03-11
17438,3222,379.56,33.73,460,2024-11-06
17439,4920,303.56,3.22,54,2024-05-27
17440,1959,381.73,45.88,72,2025-04-23
17441,232,213.99,37.42,195,2024-10-31
17442,3039,0.66,24.42,413,2025-02-09
17443,1948,190.79,15.99,167,2024-11-30
17444,1836,51.29,92.81,443,2024-07-04
17445,6007,234.58,87.03,166,2024-10-31
17446,3492,245.7,75.2,261,2024-07-09
17447,3262,351.33,72.68,92,2024-12-17
17448,432,203.99,42.75,464,2024-11-25
17449,1964,79.84,62.56,175,2024-10-09
17450,4585,368.07,80.94,76,2025-02-25
17451,8421,466.82,48.2,130,2024-08-19
17452,3795,446.18,13.74,205,2024-08-31
17453,5299,354.82,30.86,474,2024-06-28
17454,1627,296.11,28.31,393,2024-06-25
17455,7317,21.59,34.17,315,2025-03-24
17456,8573,31.93,99.05,200,2024-10-25
17457,6638,196.01,72.57,220,2024-07-11
17458,1119,179.12,63.84,273,2024-08-12
17459,2591,442.19,61.04,462,2024-12-27
17460,9810,266.46,23.34,228,2025-03-15
17461,5010,329.75,67.91,191,2025-01-16
17462,8643,97.5,3.36,443,2024-06-15
17463,5416,474.58,79.1,338,2024-11-21
17464,1513,72.83,85.18,188,2024-11-20
17465,4774,315.71,43.0,27,2024-05-19
17466,3577,274.4,0.72,188,2024-08-20
17467,8245,311.69,39.38,41,2025-02-02
17468,1457,485.25,38.85,123,2024-09-26
17469,7949,347.34,73.19,483,2025-03-24
17470,3187,491.26,4.15,455,2024-05-12
17471,5200,217.93,64.69,108,2024-05-09
17472,3779,289.34,62.69,411,2024-10-27
17473,1456,200.46,59.98,189,2024-06-20
17474,8249,354.95,76.31,95,2024-12-18
17475,9499,330.95,15.6,450,2024-09-16
17476,718,194.46,49.73,48,2024-11-20
17477,6641,462.95,50.58,176,2024-08-28
17478,7449,136.54,2.27,7,2024-09-08
17479,1489,84.47,51.62,142,2025-02-06
17480,5577,74.77,88.33,53,2024-12-30
17481,3336,298.05,93.71,266,2024-09-29
17482,2707,256.77,0.49,258,2025-04-23
17483,2415,160.83,85.25,305,2024-11-14
17484,5039,231.53,17.2,198,2025-04-07
17485,9972,206.27,63.05,396,2025-02-21
17486,6663,161.77,53.96,355,2024-05-17
17487,7777,20.92,56.54,116,2024-07-23
17488,2840,454.91,84.8,347,2025-01-21
17489,1571,55.62,92.9,407,2024-07-06
17490,3447,56.67,10.65,278,2024-12-09
17491,3459,268.97,16.37,333,2025-01-01
17492,1691,252.09,61.35,116,2025-04-21
17493,7176,178.23,53.11,50,2024-08-18
17494,160,186.23,32.01,127,2025-04-05
17495,3646,212.39,0.21,327,2025-03-08
17496,5269,423.8,52.52,96,2024-08-22
17497,129,467.28,26.55,384,2024-05-21
17498,7483,97.76,16.34,475,2025-03-30
17499,8443,57.59,26.97,54,2024-12-19
17500,4049,313.2,57.75,132,2024-05-29
17501,9148,204.15,13.06,442,2025-01-18
17502,3517,276.73,53.27,356,2025-04-26
17503,9655,488.59,60.78,90,2024-10-20
17504,6368,271.51,56.26,73,2024-11-19
17505,7861,319.45,59.66,474,2025-01-28
17506,480,179.98,88.22,450,2024-10-12
17507,7884,413.44,35.71,363,2024-11-15
17508,2783,401.84,58.28,125,2024-07-31
17509,7101,313.17,11.65,163,2025-03-07
17510,9361,325.64,95.22,245,2025-01-09
17511,8515,481.53,75.88,230,2024-10-03
17512,6272,13.04,55.82,100,2024-06-17
17513,6862,205.27,8.0,94,2024-06-03
17514,652,310.49,90.56,154,2024-10-08
17515,7585,118.31,53.69,201,2025-01-14
17516,7055,418.38,89.75,303,2025-02-26
17517,8643,39.14,88.07,154,2024-11-07
17518,6964,203.29,99.12,102,2025-04-03
17519,7228,100.99,98.42,352,2024-09-26
17520,4934,414.62,98.39,139,2024-09-03
17521,8602,58.34,41.37,157,2024-08-23
17522,4730,433.72,43.22,113,2025-04-14
17523,1353,452.45,34.0,125,2024-08-09
17524,8428,492.44,28.08,233,2025-03-29
17525,3992,143.89,10.61,392,2025-01-26
17526,4653,146.02,61.77,162,2024-10-22
17527,4094,198.15,17.78,10,2024-09-20
17528,7861,49.77,11.18,483,2024-06-06
17529,7396,284.76,95.8,271,2024-12-25
17530,1075,67.99,12.1,248,2024-10-28
17531,2052,11.7,47.47,274,2024-11-10
17532,7091,350.66,81.39,290,2024-06-27
17533,2233,443.35,61.58,486,2024-10-16
17534,9449,396.48,62.29,191,2024-05-15
17535,1725,426.8,89.28,407,2025-02-18
17536,4892,33.24,36.51,105,2024-12-18
17537,9936,186.29,34.92,404,2024-06-13
17538,5091,299.25,62.12,286,2024-06-01
17539,4884,428.07,85.96,441,2024-11-25
17540,2598,184.89,53.88,52,2024-06-14
17541,2492,47.49,53.2,371,2024-08-03
17542,8736,451.65,11.34,259,2024-10-19
17543,4267,339.07,94.48,40,2024-10-31
17544,7114,175.29,60.69,444,2024-08-31
17545,8005,465.13,97.19,460,2025-01-13
17546,6035,227.37,98.11,179,2024-07-02
17547,8879,231.13,7.22,287,2025-02-21
17548,4157,240.75,9.16,342,2025-01-08
17549,4490,203.3,60.22,438,2025-04-30
17550,2362,266.81,47.6,205,2024-10-03
17551,3045,185.29,33.22,91,2024-10-04
17552,4511,476.16,47.19,487,2024-12-07
17553,1758,386.64,9.47,27,2024-07-04
17554,3993,114.31,16.43,365,2024-09-15
17555,337,394.69,31.82,207,2024-08-17
17556,2087,497.65,42.2,222,2025-02-06
17557,2412,127.81,72.97,423,2024-05-01
17558,9355,181.74,55.56,72,2025-04-05
17559,260,74.08,52.42,448,2024-08-11
17560,6557,131.25,52.28,179,2024-11-26
17561,2967,180.5,15.17,70,2025-04-05
17562,1550,255.2,26.55,492,2024-06-02
17563,7201,208.2,93.73,368,2024-07-22
17564,9255,296.77,27.59,393,2024-05-06
17565,2474,253.18,94.93,277,2025-03-09
17566,7399,289.37,17.55,194,2024-06-30
17567,6591,145.85,15.82,194,2024-07-14
17568,8004,91.39,19.72,259,2024-08-17
17569,6071,249.37,54.63,219,2024-10-06
17570,4345,86.65,68.34,465,2024-08-04
17571,3704,227.83,60.76,389,2025-03-23
17572,2903,261.02,47.99,187,2025-01-13
17573,1091,322.81,99.34,320,2024-08-02
17574,6883,42.92,92.4,271,2024-09-02
17575,1159,312.42,79.28,147,2024-07-03
17576,7653,323.78,41.61,147,2025-02-26
17577,3073,10.38,49.84,149,2025-01-08
17578,186,290.03,37.28,465,2024-05-29
17579,165,323.04,84.46,243,2024-07-11
17580,3715,46.24,24.05,498,2025-02-27
17581,5707,418.82,54.92,68,2024-10-30
17582,3077,349.24,65.66,226,2024-09-11
17583,1894,91.54,50.29,109,2025-02-15
17584,4779,471.6,41.33,80,2024-06-16
17585,6164,469.51,73.82,206,2024-06-30
17586,7008,154.31,59.1,282,2024-07-21
17587,7757,472.69,86.73,467,2025-03-05
17588,4998,452.61,81.02,200,2024-05-30
17589,8933,221.0,23.98,203,2024-07-21
17590,7633,453.88,44.1,212,2024-05-08
17591,166,168.97,9.91,409,2024-06-17
17592,9215,203.26,40.24,205,2024-07-05
17593,2481,463.69,50.11,91,2024-11-30
17594,1096,339.65,55.08,368,2024-07-16
17595,201,286.91,11.43,467,2024-05-29
17596,2635,415.72,39.93,137,2024-05-11
17597,5511,279.24,87.88,192,2024-06-22
17598,3253,137.24,6.46,29,2024-08-27
17599,6901,435.25,26.72,132,2024-06-30
17600,8738,166.8,80.06,220,2025-04-13
17601,3670,52.75,98.94,436,2024-08-26
17602,2292,206.59,55.7,202,2025-04-20
17603,1525,30.95,64.71,407,2024-09-09
17604,8682,256.19,40.9,263,2024-08-01
17605,6468,411.09,85.21,16,2024-08-16
17606,1139,254.7,70.02,329,2024-09-05
17607,1428,355.86,88.52,203,2025-02-11
17608,6079,156.35,88.25,126,2024-10-17
17609,2266,363.78,59.38,317,2025-03-18
17610,1777,323.75,88.25,308,2024-12-07
17611,2892,253.61,7.46,310,2024-08-08
17612,2523,169.64,17.11,150,2024-09-21
17613,4186,235.09,68.33,57,2024-11-19
17614,613,113.17,44.35,24,2024-08-26
17615,5983,436.56,51.95,184,2025-03-23
17616,6748,237.36,74.38,183,2024-10-19
17617,8019,231.66,87.96,29,2025-02-16
17618,1753,191.83,94.69,377,2024-09-02
17619,874,24.37,42.44,156,2024-11-10
17620,7597,46.42,28.96,418,2024-06-15
17621,6900,346.02,74.98,335,2024-06-16
17622,445,440.32,95.56,313,2024-07-31
17623,6427,312.12,49.03,92,2024-11-23
17624,9292,457.92,40.4,476,2025-04-18
17625,7463,308.52,93.97,384,2024-09-14
17626,6170,313.33,96.94,207,2024-08-19
17627,9128,94.01,57.37,272,2024-07-01
17628,9087,203.74,42.33,11,2024-08-29
17629,1403,9.13,19.12,339,2024-10-11
17630,7430,341.22,96.24,84,2025-01-29
17631,4533,107.26,15.98,413,2025-04-11
17632,5409,424.71,7.73,206,2024-11-18
17633,4344,119.57,82.74,15,2025-03-24
17634,4483,36.52,20.78,482,2024-11-03
17635,726,255.57,76.63,334,2024-10-15
17636,750,442.11,41.37,482,2025-03-05
17637,4255,302.3,57.63,194,2024-08-15
17638,3076,91.17,17.93,452,2024-08-10
17639,5680,5.23,19.86,254,2024-06-03
17640,8201,65.17,98.3,139,2025-03-29
17641,321,129.04,37.86,249,2025-04-26
17642,2261,412.91,62.23,147,2024-08-08
17643,8780,7.03,66.3,463,2024-08-27
17644,1148,80.61,35.92,313,2024-06-07
17645,2525,79.91,60.84,252,2025-03-23
17646,686,286.82,7.97,328,2025-04-10
17647,7572,459.32,33.08,4,2024-10-24
17648,562,137.69,20.35,390,2024-08-27
17649,2346,324.82,86.84,314,2025-03-13
17650,7072,14.69,3.51,162,2025-04-16
17651,5346,429.26,79.48,202,2025-04-08
17652,5737,284.82,49.17,464,2025-03-06
17653,7648,37.46,82.57,347,2024-10-11
17654,3402,277.07,60.36,201,2025-04-12
17655,3028,235.06,49.04,186,2024-06-06
17656,3013,319.95,25.43,390,2024-07-12
17657,4702,243.87,62.11,328,2024-11-16
17658,7447,298.56,19.53,50,2025-02-02
17659,3052,98.72,9.27,269,2024-09-18
17660,4919,365.47,57.11,468,2025-01-08
17661,257,454.32,62.63,50,2025-01-22
17662,369,155.64,37.44,249,2024-08-31
17663,6086,369.71,88.18,406,2024-08-06
17664,6004,121.53,27.26,191,2024-12-30
17665,8789,3.92,97.18,289,2024-06-09
17666,9651,297.58,72.86,447,2024-10-24
17667,6015,373.81,94.4,417,2024-11-29
17668,3670,201.17,95.29,423,2024-11-22
17669,4385,22.59,31.48,83,2024-08-17
17670,911,490.54,89.15,331,2024-05-15
17671,7081,367.95,3.08,422,2025-01-06
17672,2675,255.33,74.99,253,2024-09-12
17673,7227,329.98,20.97,63,2024-10-24
17674,5385,484.54,94.59,372,2024-10-14
17675,5014,456.3,0.58,459,2025-03-28
17676,9284,459.12,3.12,318,2024-08-06
17677,2988,41.77,25.71,493,2024-07-15
17678,6371,17.2,89.0,57,2024-08-06
17679,9470,400.44,83.34,32,2024-07-13
17680,377,103.37,30.75,331,2024-11-09
17681,736,138.89,20.58,57,2024-06-02
17682,5246,11.56,18.81,174,2024-11-18
17683,8127,373.13,5.39,176,2025-01-29
17684,1568,463.96,91.58,85,2024-12-25
17685,5340,287.12,22.33,273,2024-09-15
17686,1904,86.57,63.88,485,2024-09-04
17687,8674,211.42,68.94,432,2024-04-30
17688,3974,459.24,3.44,423,2025-02-06
17689,3308,364.64,45.03,329,2024-07-03
17690,9362,470.15,67.33,344,2025-01-01
17691,1419,383.89,81.13,18,2024-12-06
17692,3644,248.09,58.16,23,2025-01-09
17693,1698,199.1,81.48,437,2025-03-21
17694,9803,203.31,1.94,100,2024-05-13
17695,3193,138.55,37.51,82,2025-03-03
17696,1664,145.3,72.15,394,2025-03-07
17697,8913,339.38,83.52,295,2024-09-08
17698,2542,352.83,25.45,44,2024-05-01
17699,2293,84.51,46.43,460,2024-07-26
17700,1489,313.41,68.94,472,2025-04-23
17701,1813,458.55,19.63,382,2024-06-22
17702,293,58.2,15.74,172,2024-08-05
17703,6678,188.07,42.45,65,2025-04-12
17704,8559,340.63,68.65,355,2024-05-11
17705,2803,316.94,85.17,274,2025-03-25
17706,1368,473.97,46.66,66,2024-11-16
17707,6665,66.53,9.89,378,2025-04-27
17708,4076,38.48,90.18,161,2024-10-03
17709,7340,122.35,31.3,24,2024-08-16
17710,725,302.37,72.63,219,2024-12-26
17711,8527,257.8,4.61,118,2024-11-01
17712,4903,79.57,86.88,361,2025-02-28
17713,3825,59.42,64.69,236,2024-10-20
17714,4180,449.47,76.56,88,2024-07-04
17715,9001,64.21,94.52,412,2024-09-15
17716,3739,80.57,11.58,326,2025-02-08
17717,1979,284.68,73.65,24,2024-05-06
17718,448,293.03,62.86,270,2024-08-29
17719,1430,434.57,86.81,400,2024-07-26
17720,8147,409.26,97.04,284,2024-09-27
17721,4624,432.36,91.13,444,2024-11-02
17722,5328,107.06,72.79,382,2025-04-16
17723,5427,299.19,80.68,171,2024-09-20
17724,2764,186.61,50.4,323,2024-12-12
17725,7590,155.61,60.87,104,2024-12-20
17726,1421,436.94,84.09,242,2024-07-15
17727,5882,296.08,63.15,77,2024-11-20
17728,2300,142.51,95.61,187,2024-12-09
17729,8675,398.88,35.36,280,2025-01-16
17730,5459,359.2,6.43,360,2024-08-12
17731,6134,50.47,34.59,137,2024-06-07
17732,6803,382.84,49.22,119,2024-11-29
17733,9055,106.75,39.83,114,2024-09-19
17734,1633,24.01,20.7,321,2024-12-29
17735,8358,272.99,98.33,255,2025-04-14
17736,7550,214.52,69.39,195,2024-05-18
17737,1808,175.71,60.65,497,2025-03-23
17738,3709,263.53,65.29,221,2024-10-31
17739,7052,54.89,98.44,361,2024-09-01
17740,5145,342.13,87.84,157,2024-11-08
17741,6489,5.94,81.92,153,2024-10-12
17742,2785,425.43,27.81,351,2024-07-12
17743,6015,140.86,4.89,200,2024-05-10
17744,3691,57.82,55.23,346,2024-09-26
17745,21,344.6,28.32,235,2024-07-31
17746,7315,22.75,8.62,316,2024-12-31
17747,7014,491.97,17.99,453,2024-09-01
17748,7135,423.82,95.09,93,2025-04-13
17749,5100,32.92,23.8,332,2025-01-08
17750,1502,471.23,28.83,346,2024-07-21
17751,2005,245.5,2.11,151,2024-05-19
17752,8782,219.36,74.31,122,2024-12-14
17753,803,18.08,49.78,281,2024-08-20
17754,1846,288.26,88.79,83,2024-09-03
17755,1469,285.15,92.07,364,2024-07-22
17756,3066,115.16,2.1,302,2024-06-02
17757,3529,426.52,61.45,391,2024-07-23
17758,3045,283.04,19.74,187,2024-11-08
17759,5729,209.85,93.76,13,2024-06-01
17760,5577,129.26,88.48,486,2024-05-19
17761,2826,172.79,33.65,105,2024-09-06
17762,170,389.63,65.49,489,2025-03-30
17763,2579,280.17,92.47,243,2024-12-12
17764,6868,293.32,94.58,264,2024-09-15
17765,3385,413.26,71.64,90,2024-06-14
17766,7436,199.74,16.04,363,2024-07-26
17767,1613,18.57,24.87,326,2024-06-06
17768,9622,467.84,30.23,155,2024-11-16
17769,1952,167.19,0.9,374,2024-05-10
17770,1905,476.04,44.23,452,2024-08-20
17771,2720,456.92,29.91,500,2024-06-21
17772,8029,438.59,10.88,94,2025-01-20
17773,7990,189.55,75.85,462,2025-02-05
17774,1327,373.64,81.44,25,2025-03-01
17775,4105,328.92,92.48,119,2024-12-31
17776,6292,277.95,29.91,492,2024-07-04
17777,7741,376.04,46.01,105,2024-10-27
17778,1621,331.6,59.05,192,2024-12-22
17779,5598,123.67,28.12,214,2024-07-24
17780,5329,146.17,28.85,288,2025-01-25
17781,2394,50.64,18.01,32,2024-08-08
17782,8698,37.98,88.42,259,2024-07-26
17783,973,415.01,44.65,258,2024-11-25
17784,7691,395.53,77.85,362,2024-09-29
17785,8869,483.9,85.69,253,2024-08-19
17786,7278,59.22,31.53,321,2024-11-27
17787,397,352.61,40.79,48,2024-11-18
17788,6858,209.28,18.86,202,2024-09-02
17789,7633,8.66,15.51,192,2024-12-26
17790,5191,486.65,19.02,302,2024-08-29
17791,8102,125.1,38.51,452,2024-09-28
17792,1156,133.09,69.95,117,2024-10-31
17793,2224,376.36,7.51,275,2024-07-15
17794,8388,32.04,40.36,285,2024-12-16
17795,9322,276.19,10.54,430,2025-02-01
17796,9103,371.26,60.78,345,2025-03-04
17797,6735,198.55,38.93,57,2024-06-16
17798,7034,59.58,30.22,261,2024-12-02
17799,7603,131.96,40.21,20,2024-08-01
17800,4384,54.42,1.3,205,2024-11-26
17801,3543,169.26,17.71,125,2025-03-21
17802,1701,82.86,68.48,238,2024-06-06
17803,4012,67.98,8.1,310,2024-11-15
17804,5651,299.66,78.16,484,2025-01-10
17805,6105,50.1,23.59,215,2025-03-07
17806,6346,182.03,80.02,321,2024-08-20
17807,4869,441.87,61.38,410,2025-03-08
17808,9807,183.16,54.04,46,2025-01-18
17809,1713,33.34,59.7,45,2024-06-19
17810,977,282.38,32.47,429,2024-08-16
17811,3259,486.89,41.28,245,2024-10-04
17812,3533,418.2,45.26,400,2025-02-24
17813,1892,262.19,7.05,356,2025-03-10
17814,3533,411.75,51.76,308,2024-10-07
17815,3234,130.0,62.6,215,2025-01-24
17816,5017,495.29,48.0,107,2024-07-31
17817,1845,72.79,37.34,146,2025-03-08
17818,7594,293.35,12.61,52,2025-02-11
17819,7910,213.82,7.14,158,2025-02-07
17820,4672,167.04,76.5,365,2024-08-11
17821,9505,433.45,50.44,405,2025-01-02
17822,5659,398.45,69.58,171,2025-04-08
17823,2648,12.77,26.86,470,2024-08-15
17824,7885,30.3,61.53,334,2024-07-11
17825,4547,295.83,3.35,180,2025-04-05
17826,9841,12.07,36.49,167,2025-01-24
17827,5821,232.59,31.91,161,2024-05-11
17828,6647,228.04,34.1,43,2024-07-16
17829,6983,204.34,97.29,286,2024-09-01
17830,7027,221.23,38.47,495,2025-04-23
17831,5308,84.92,10.11,330,2024-11-03
17832,1883,9.71,65.91,20,2024-05-30
17833,1002,193.41,31.93,232,2025-02-06
17834,7202,3.9,98.69,32,2024-07-10
17835,3006,421.65,8.86,451,2025-04-24
17836,8372,156.83,64.01,355,2024-05-13
17837,9426,15.8,57.78,19,2024-10-11
17838,620,194.32,64.15,464,2024-06-22
17839,727,238.73,36.89,45,2025-04-08
17840,4460,258.53,73.62,1,2025-03-13
17841,8786,165.96,66.92,148,2025-01-21
17842,2464,40.59,37.19,345,2024-10-15
17843,8432,363.49,57.18,144,2024-08-22
17844,2310,214.8,72.72,282,2024-12-02
17845,802,146.09,86.91,216,2025-01-04
17846,6644,236.9,32.18,432,2024-09-04
17847,2697,446.52,67.41,110,2024-06-20
17848,4799,398.04,47.69,249,2025-02-15
17849,623,205.27,0.86,297,2024-09-01
17850,6488,26.58,28.17,296,2025-04-27
17851,8020,439.46,47.81,115,2025-04-01
17852,8725,25.04,68.06,297,2025-02-26
17853,2493,351.24,33.94,396,2024-06-06
17854,5962,60.23,98.06,110,2024-05-10
17855,850,464.93,13.87,40,2024-07-16
17856,8758,336.51,65.09,462,2025-01-08
17857,2640,353.44,84.31,385,2025-02-23
17858,6094,183.24,74.87,400,2024-12-02
17859,7768,172.4,29.9,49,2024-11-08
17860,2677,433.81,94.34,237,2024-07-12
17861,7775,4.37,34.24,172,2025-04-29
17862,5569,346.1,19.73,38,2024-05-16
17863,4623,0.39,7.4,408,2025-01-22
17864,1527,110.82,31.35,444,2024-06-12
17865,2580,130.79,61.86,129,2024-07-31
17866,9821,163.86,52.15,447,2024-05-06
17867,7517,141.26,36.23,389,2024-10-05
17868,3424,339.15,25.67,18,2024-06-23
17869,1147,450.57,69.96,199,2024-07-30
17870,2710,362.92,54.59,94,2024-06-20
17871,2478,69.69,96.4,312,2024-10-14
17872,7173,454.6,5.75,439,2024-11-02
17873,5100,386.83,67.63,332,2025-03-01
17874,5225,390.7,62.25,189,2025-01-29
17875,3076,398.79,74.87,242,2025-03-17
17876,585,378.79,34.7,242,2024-11-15
17877,659,28.45,6.16,171,2025-04-21
17878,894,316.02,77.28,1,2024-06-13
17879,6687,190.03,65.49,104,2024-08-26
17880,358,8.59,93.37,378,2024-08-16
17881,8313,78.5,77.08,341,2024-12-08
17882,7687,488.27,26.08,343,2024-06-28
17883,9556,151.84,85.7,254,2025-02-13
17884,2152,134.71,8.49,391,2024-12-06
17885,4875,377.46,10.13,336,2024-09-03
17886,1326,22.57,70.14,479,2024-09-29
17887,2585,203.7,14.08,416,2025-04-11
17888,9083,335.95,92.39,201,2024-08-19
17889,3157,115.17,27.71,287,2025-04-23
17890,4091,469.2,91.81,57,2024-09-12
17891,8969,434.87,46.47,176,2024-11-19
17892,7243,473.65,80.36,301,2025-01-01
17893,6084,40.09,56.39,468,2025-03-04
17894,1182,399.33,85.23,265,2024-08-14
17895,8329,332.38,66.14,166,2024-05-29
17896,6525,45.22,39.72,99,2024-11-16
17897,3180,133.74,5.38,431,2025-01-14
17898,169,273.26,55.6,197,2025-04-02
17899,8531,2.59,78.59,105,2024-11-17
17900,7168,13.08,26.69,146,2024-08-17
17901,7817,332.63,25.55,285,2024-11-28
17902,8410,129.48,40.82,433,2024-06-17
17903,6106,93.27,11.32,154,2024-06-19
17904,7552,130.11,9.33,216,2024-11-11
17905,8215,277.31,4.75,452,2024-12-05
17906,330,30.83,15.58,427,2024-07-14
17907,1513,170.17,61.87,491,2024-06-27
17908,5781,121.75,4.74,121,2025-03-16
17909,8469,313.3,21.61,462,2024-12-31
17910,509,63.76,31.32,95,2025-04-26
17911,6580,349.67,15.32,80,2024-07-24
17912,4507,339.14,21.79,10,2024-06-19
17913,311,234.43,68.5,258,2025-03-29
17914,7571,38.89,96.16,458,2025-04-02
17915,6766,356.11,27.98,48,2024-11-18
17916,774,411.65,20.94,234,2024-08-05
17917,4176,260.4,51.23,88,2025-02-05
17918,3831,379.07,94.69,162,2024-09-09
17919,492,78.86,53.08,373,2024-07-02
17920,6049,464.76,88.24,244,2024-06-18
17921,218,183.96,8.13,171,2025-04-10
17922,4948,123.96,40.88,406,2024-08-31
17923,5194,255.22,13.26,395,2025-01-24
17924,8213,480.22,40.22,292,2024-09-08
17925,7807,473.33,17.19,290,2025-04-21
17926,6730,117.78,7.77,304,2024-06-25
17927,6588,284.02,2.35,326,2024-05-18
17928,5740,73.5,40.82,61,2024-08-27
17929,3164,157.53,19.56,446,2024-08-03
17930,4192,498.14,9.98,6,2025-04-11
17931,99,56.54,77.75,94,2024-07-24
17932,2946,171.52,87.5,240,2024-06-01
17933,116,67.48,75.47,189,2024-06-08
17934,6210,44.92,50.9,138,2024-10-28
17935,6978,277.74,76.19,398,2025-01-18
17936,1404,367.58,97.69,263,2024-08-30
17937,5016,33.86,30.09,427,2025-04-04
17938,2983,6.67,82.12,403,2024-10-05
17939,3007,460.22,3.79,133,2025-03-22
17940,9512,246.54,73.27,416,2024-11-15
17941,1814,260.12,58.89,189,2024-09-17
17942,6065,78.24,21.49,481,2024-09-12
17943,9775,378.72,37.49,16,2025-04-21
17944,2043,203.25,15.28,442,2024-12-05
17945,2870,310.85,26.56,95,2025-03-12
17946,8256,280.96,91.41,382,2025-01-07
17947,842,231.5,65.24,177,2024-05-25
17948,696,180.14,88.78,118,2024-06-21
17949,7740,91.22,8.46,79,2024-11-01
17950,1268,407.88,42.13,413,2025-03-18
17951,8962,74.0,18.64,309,2024-11-03
17952,4785,360.16,48.94,374,2025-01-23
17953,6850,438.28,50.24,194,2024-09-17
17954,7451,424.01,11.78,17,2024-06-29
17955,1640,141.43,25.63,416,2024-08-13
17956,9209,254.64,11.34,62,2024-07-30
17957,4004,266.2,2.5,332,2025-01-18
17958,9136,80.0,60.67,286,2024-10-27
17959,2967,3.29,78.79,339,2024-10-02
17960,6392,266.43,84.5,204,2024-08-17
17961,66,235.65,33.42,140,2025-03-21
17962,7913,90.84,17.29,236,2025-01-26
17963,2235,53.41,33.19,38,2025-03-11
17964,4999,104.48,68.58,461,2025-02-04
17965,8065,420.3,64.97,353,2024-10-21
17966,3091,494.4,3.1,415,2024-09-19
17967,627,49.6,31.66,57,2024-10-06
17968,1220,127.92,55.92,171,2024-06-21
17969,562,72.18,57.16,210,2024-06-21
17970,7573,111.8,45.48,208,2025-02-15
17971,5839,51.2,41.19,40,2024-05-05
17972,5351,277.2,28.95,212,2024-07-24
17973,5395,16.93,96.21,312,2024-09-22
17974,3197,37.9,7.8,464,2024-10-07
17975,3109,377.1,45.36,310,2024-09-17
17976,2492,299.03,11.84,476,2025-02-13
17977,7457,447.39,29.36,467,2024-06-10
17978,4548,60.21,88.0,396,2024-09-04
17979,1337,3.29,48.08,346,2025-03-07
17980,387,224.1,9.56,239,2025-02-18
17981,6572,30.15,80.35,121,2024-11-29
17982,3447,490.25,33.77,160,2025-01-31
17983,6157,100.47,67.25,132,2024-09-16
17984,5696,111.02,42.76,418,2024-05-27
17985,468,132.45,97.57,142,2024-08-13
17986,1404,383.47,28.98,465,2024-07-09
17987,7946,166.4,17.09,341,2024-10-04
17988,6363,35.37,99.43,447,2025-02-27
17989,1601,100.82,43.61,59,2024-07-22
17990,4721,196.11,77.76,244,2024-11-24
17991,6238,268.15,47.61,295,2024-07-11
17992,6280,350.68,11.13,252,2024-08-01
17993,9747,86.03,84.55,172,2024-11-22
17994,2991,13.62,61.24,385,2024-05-17
17995,7194,259.91,35.41,385,2024-08-15
17996,4999,229.86,74.7,291,2024-08-26
17997,7474,163.62,57.76,205,2024-12-03
17998,5302,373.37,89.43,122,2024-10-07
17999,5266,329.75,92.63,385,2024-05-05
18000,9520,249.31,14.81,158,2024-12-01
18001,7349,157.35,61.89,462,2024-12-01
18002,5224,67.17,85.12,387,2025-03-09
18003,1925,1.97,85.18,198,2025-03-22
18004,9013,403.98,25.4,287,2024-12-07
18005,565,487.74,35.56,490,2025-04-28
18006,1223,218.53,97.37,297,2025-01-26
18007,1483,425.9,76.69,38,2024-08-04
18008,2822,0.83,35.46,95,2024-10-05
18009,4615,6.0,0.01,29,2024-10-22
18010,1047,281.17,55.64,439,2025-01-31
18011,7383,426.21,92.8,94,2025-04-09
18012,6372,89.9,82.06,92,2024-06-30
18013,2403,295.29,92.86,280,2025-04-22
18014,994,444.36,76.59,387,2025-01-25
18015,2568,177.4,78.68,491,2025-02-02
18016,3138,90.26,75.79,124,2024-08-21
18017,6796,104.22,63.54,129,2025-04-14
18018,7718,337.56,64.01,43,2024-12-24
18019,6104,132.62,14.33,87,2024-07-26
18020,5249,90.37,55.44,440,2024-07-14
18021,231,358.42,76.67,251,2024-05-02
18022,9804,16.62,43.96,251,2025-04-08
18023,4117,459.49,77.39,375,2024-10-15
18024,7075,300.99,82.69,372,2024-12-28
18025,958,249.6,23.52,388,2024-06-10
18026,5906,432.8,23.45,331,2024-06-13
18027,5809,96.44,75.52,33,2024-12-05
18028,149,115.91,92.07,274,2025-04-15
18029,6627,485.31,10.81,398,2024-08-19
18030,1880,435.82,83.54,428,2024-08-10
18031,1418,347.42,74.16,361,2024-08-12
18032,7981,300.7,69.98,118,2024-12-11
18033,2437,18.3,35.73,498,2025-02-24
18034,4568,347.12,48.97,114,2024-07-26
18035,7595,453.75,45.16,245,2025-03-09
18036,2316,225.5,43.99,354,2025-02-05
18037,5411,339.74,3.9,63,2024-10-05
18038,1613,196.59,62.3,206,2024-12-01
18039,4364,462.89,5.1,255,2024-07-16
18040,437,137.63,55.29,23,2025-04-18
18041,7973,139.22,91.15,143,2024-05-20
18042,9381,179.68,68.92,162,2024-05-15
18043,1173,3.65,38.5,32,2025-01-23
18044,8049,496.63,82.36,232,2024-05-02
18045,5320,347.95,5.03,307,2024-12-25
18046,2823,338.95,23.96,341,2025-02-04
18047,8496,228.07,5.53,361,2024-08-04
18048,2011,437.76,57.37,416,2024-09-24
18049,533,90.87,15.01,325,2025-03-29
18050,9579,450.2,45.83,420,2024-07-06
18051,6598,232.55,78.72,415,2024-11-21
18052,9280,365.36,88.38,207,2024-05-08
18053,5564,455.22,37.25,62,2024-07-17
18054,526,367.63,58.37,20,2024-10-08
18055,630,398.99,61.41,463,2024-05-07
18056,7106,398.93,78.92,32,2025-03-23
18057,3896,45.69,38.25,69,2025-04-09
18058,8579,433.29,86.99,193,2024-07-01
18059,1093,297.51,92.48,129,2025-03-16
18060,3917,428.54,55.72,244,2024-05-30
18061,8227,63.9,96.8,480,2025-02-05
18062,9036,98.73,71.85,74,2024-08-07
18063,6038,154.86,19.98,88,2025-02-03
18064,2873,448.38,54.05,404,2024-09-12
18065,1859,240.97,50.55,433,2024-07-25
18066,8716,393.93,88.11,118,2024-06-16
18067,5926,128.9,81.58,148,2024-11-23
18068,8796,404.52,28.54,156,2024-07-09
18069,3980,85.42,14.77,371,2024-08-02
18070,1353,488.34,39.97,449,2025-03-13
18071,6357,68.98,7.84,92,2025-02-25
18072,9468,148.47,45.35,27,2024-08-01
18073,9773,440.19,8.1,325,2025-03-17
18074,2685,411.68,12.36,282,2024-08-14
18075,1718,309.62,70.81,442,2024-11-20
18076,7587,67.55,23.88,500,2024-06-25
18077,7894,97.43,65.78,313,2024-10-27
18078,8500,179.76,95.62,159,2024-09-28
18079,4474,441.41,64.84,348,2024-11-18
18080,4619,498.12,12.87,321,2024-11-27
18081,9197,267.73,29.17,492,2024-09-30
18082,8464,4.08,14.09,59,2025-01-18
18083,5005,341.47,69.21,360,2025-02-20
18084,7711,21.64,53.56,319,2024-11-29
18085,5864,376.84,79.78,372,2024-11-18
18086,4702,380.94,66.12,210,2024-11-19
18087,4420,309.58,97.61,93,2024-12-12
18088,647,421.49,91.88,366,2025-02-10
18089,793,156.23,15.99,30,2024-12-16
18090,4675,82.58,37.49,469,2024-09-19
18091,2555,223.24,33.96,77,2024-10-28
18092,8420,315.04,61.83,105,2024-12-16
18093,4388,11.31,18.45,59,2024-05-15
18094,3541,16.73,74.15,180,2024-05-09
18095,6917,419.11,4.39,117,2025-01-01
18096,3842,235.85,70.81,400,2025-03-05
18097,7883,113.99,66.15,134,2025-01-04
18098,6670,88.47,3.62,374,2024-09-25
18099,2969,156.27,63.34,353,2024-09-27
18100,9086,38.19,26.25,134,2025-01-07
18101,8877,283.43,42.35,430,2024-09-12
18102,4132,474.68,74.21,432,2024-04-30
18103,8412,212.56,93.0,481,2024-09-24
18104,4557,221.14,15.5,49,2024-12-14
18105,3338,55.5,22.89,302,2024-09-12
18106,1744,117.65,56.94,166,2024-11-27
18107,3080,458.65,42.78,331,2024-06-26
18108,1344,366.68,48.59,303,2025-02-03
18109,2826,229.51,48.98,169,2025-03-02
18110,1914,459.16,84.25,140,2025-04-21
18111,3260,490.1,80.04,69,2024-12-20
18112,9287,4.65,83.13,376,2025-01-05
18113,2234,135.63,6.68,47,2024-09-29
18114,6130,493.44,75.15,328,2024-05-23
18115,1596,81.47,41.63,34,2024-06-25
18116,5893,75.47,95.2,136,2024-07-29
18117,1377,201.32,71.76,34,2024-12-10
18118,9393,461.22,62.02,466,2025-02-14
18119,9945,429.03,75.35,228,2025-02-05
18120,5725,209.38,46.13,452,2025-04-07
18121,6770,65.93,49.68,18,2024-06-26
18122,4839,80.43,59.97,153,2024-06-12
18123,8019,61.81,84.21,179,2024-06-06
18124,4387,288.71,99.78,188,2025-01-29
18125,5082,51.82,58.78,408,2025-03-11
18126,1310,480.21,7.18,471,2024-12-24
18127,8243,105.23,69.37,85,2025-01-07
18128,5395,211.96,82.3,197,2024-07-20
18129,2311,74.58,72.85,452,2025-01-19
18130,2243,448.29,58.92,269,2024-09-14
18131,1173,338.01,68.47,31,2024-12-22
18132,8397,130.63,49.11,448,2024-09-02
18133,1229,55.86,17.1,53,2024-09-03
18134,2603,442.49,91.38,455,2024-11-27
18135,7770,359.4,72.64,245,2024-07-26
18136,2335,327.24,0.84,471,2024-09-03
18137,3040,358.47,24.75,41,2025-02-07
18138,9351,33.39,78.38,340,2024-12-08
18139,8317,60.32,80.04,382,2024-08-31
18140,5401,331.83,58.78,320,2025-02-18
18141,4999,377.1,77.15,8,2024-05-30
18142,4803,468.39,6.29,333,2024-12-04
18143,3733,434.51,10.98,328,2024-12-23
18144,4452,51.82,34.68,116,2024-11-05
18145,186,477.94,46.85,448,2024-12-14
18146,7643,223.94,54.98,467,2024-08-16
18147,6914,164.94,1.03,251,2024-10-27
18148,3299,96.68,79.96,79,2024-06-21
18149,8811,88.21,73.69,30,2024-10-24
18150,3923,132.11,57.69,410,2024-12-13
18151,8094,495.21,5.69,256,2024-07-06
18152,5143,304.13,3.36,177,2025-02-14
18153,8590,187.11,88.34,149,2024-07-07
18154,2768,310.12,22.73,482,2025-02-14
18155,5979,23.2,64.21,382,2024-11-27
18156,4531,315.49,18.7,21,2025-02-27
18157,7654,413.29,99.44,187,2024-09-25
18158,2340,404.53,29.14,340,2025-01-09
18159,8069,396.32,6.52,388,2025-02-19
18160,8088,358.98,57.31,179,2024-10-12
18161,8541,201.67,42.24,63,2025-01-26
18162,1025,25.28,34.67,408,2025-02-10
18163,1214,480.05,5.65,79,2024-07-21
18164,156,433.7,52.28,43,2025-04-09
18165,6381,430.53,64.3,329,2024-05-07
18166,8542,136.28,7.42,331,2024-07-30
18167,8214,162.65,95.16,79,2025-04-09
18168,1873,289.21,96.42,139,2025-01-30
18169,1444,429.53,87.28,488,2025-03-12
18170,4849,234.19,59.91,42,2024-09-16
18171,8473,233.04,8.22,112,2025-04-30
18172,8809,448.52,8.23,364,2025-03-18
18173,7024,361.88,99.12,12,2025-01-21
18174,6662,163.94,63.88,78,2025-04-24
18175,3624,397.35,21.88,150,2024-06-07
18176,2435,194.23,49.09,223,2025-03-16
18177,8693,265.25,61.2,454,2024-12-15
18178,5839,308.84,74.13,384,2025-02-20
18179,3424,138.79,91.97,155,2025-02-26
18180,3432,376.38,90.51,258,2024-07-27
18181,4656,251.41,75.22,283,2025-03-30
18182,5754,13.34,77.45,429,2025-02-13
18183,4433,260.99,7.85,307,2024-07-11
18184,6729,168.39,84.67,297,2024-08-05
18185,6010,246.9,30.94,286,2025-03-19
18186,1972,202.72,8.54,478,2025-02-03
18187,1438,339.35,26.86,330,2024-06-20
18188,3737,435.16,31.23,207,2025-03-01
18189,2778,242.92,13.8,397,2024-08-17
18190,9693,139.31,84.75,367,2024-11-02
18191,3079,296.01,63.75,236,2024-05-11
18192,8132,267.08,26.52,94,2025-04-05
18193,6311,326.94,30.36,217,2025-04-15
18194,3394,339.39,76.31,500,2024-05-06
18195,4872,57.72,72.54,243,2024-05-25
18196,3105,412.37,19.6,242,2024-05-06
18197,6491,296.71,16.86,204,2024-06-04
18198,6688,364.16,80.96,258,2024-08-03
18199,2518,38.88,37.99,421,2025-04-25
18200,1249,489.77,85.47,140,2024-05-10
18201,6024,44.73,99.78,147,2024-11-07
18202,8873,45.44,75.44,395,2024-09-15
18203,9697,444.93,59.29,214,2025-02-16
18204,8508,98.82,69.67,90,2025-04-24
18205,5741,460.67,67.08,164,2025-03-02
18206,2713,6.95,68.5,139,2024-09-11
18207,2394,25.53,40.22,65,2024-06-17
18208,829,66.68,16.42,66,2024-10-20
18209,2862,276.12,48.86,320,2024-07-28
18210,1089,317.05,26.49,493,2024-10-05
18211,3088,336.81,5.5,115,2025-01-24
18212,4463,213.4,89.05,170,2024-06-16
18213,4380,47.87,90.62,327,2024-09-13
18214,6910,491.93,16.24,158,2025-01-08
18215,9246,176.95,98.14,251,2024-06-28
18216,9074,314.1,75.19,447,2024-08-29
18217,212,310.17,9.89,251,2024-08-26
18218,9298,370.16,40.09,94,2024-05-11
18219,6146,155.21,63.33,305,2025-01-23
18220,2736,170.82,50.21,160,2025-04-10
18221,6321,319.38,49.6,398,2025-01-12
18222,2700,264.68,5.1,282,2024-07-28
18223,210,414.36,58.91,30,2025-01-06
18224,4353,476.66,36.71,38,2024-12-11
18225,6781,332.84,33.72,89,2024-07-07
18226,8607,325.51,25.5,256,2025-02-24
18227,7591,310.45,79.59,349,2024-12-25
18228,1383,181.5,47.54,314,2024-07-22
18229,5528,12.0,59.63,88,2025-02-16
18230,7767,411.82,98.27,31,2024-11-12
18231,675,115.59,7.86,322,2024-05-26
18232,3186,78.96,70.03,60,2024-11-03
18233,5888,105.66,11.31,423,2024-10-22
18234,6603,172.18,5.93,386,2024-07-09
18235,1028,80.49,9.26,53,2024-11-29
18236,7390,67.34,42.68,422,2024-08-09
18237,794,302.9,10.14,425,2024-08-15
18238,8568,306.57,6.45,47,2025-02-22
18239,5026,338.61,96.97,94,2024-11-19
18240,4136,215.6,65.83,383,2024-05-17
18241,5248,43.19,37.88,101,2024-11-01
18242,5257,186.19,82.37,224,2024-10-29
18243,606,397.18,56.51,270,2024-08-25
18244,4357,250.19,25.55,29,2025-04-01
18245,5376,311.81,58.13,22,2024-10-03
18246,166,247.22,87.98,211,2024-07-20
18247,4039,174.26,21.97,242,2024-07-12
18248,6091,15.08,0.01,272,2024-06-30
18249,3808,474.96,57.37,220,2024-09-07
18250,6580,476.13,63.94,272,2025-03-04
18251,387,70.33,95.58,14,2024-12-18
18252,5421,439.31,3.74,252,2024-07-07
18253,5237,280.86,55.33,448,2025-01-20
18254,4492,277.61,32.28,35,2024-12-12
18255,5574,247.94,35.53,35,2024-12-21
18256,5541,364.87,41.48,476,2025-02-02
18257,2423,357.64,64.65,412,2024-07-19
18258,8135,193.32,60.95,180,2024-09-11
18259,8215,204.08,62.22,111,2024-12-19
18260,2175,81.35,71.21,358,2025-03-24
18261,531,112.32,88.42,44,2025-02-19
18262,2414,139.22,18.83,222,2024-11-02
18263,5448,249.38,87.61,170,2024-12-01
18264,1120,387.17,12.17,395,2024-11-27
18265,704,301.31,54.44,118,2025-03-15
18266,1371,215.7,46.07,448,2025-01-05
18267,2620,103.38,98.14,331,2025-02-11
18268,6809,113.76,41.29,317,2025-02-04
18269,4286,458.94,72.04,66,2024-05-10
18270,407,348.67,51.54,181,2025-03-12
18271,9547,196.84,90.65,167,2024-05-16
18272,1736,443.64,37.25,65,2025-01-29
18273,3485,296.05,54.43,11,2024-10-31
18274,639,8.09,69.64,330,2024-06-25
18275,5292,376.16,3.28,445,2025-02-18
18276,988,7.28,16.07,448,2024-08-07
18277,7139,80.15,52.79,433,2025-01-02
18278,2567,479.1,96.31,474,2024-06-30
18279,1274,425.79,89.89,119,2024-11-29
18280,3493,253.57,49.84,112,2024-05-25
18281,2798,26.91,35.74,443,2024-07-16
18282,5666,380.48,21.53,381,2024-09-13
18283,9077,214.9,42.56,160,2024-11-22
18284,4944,41.5,35.58,76,2024-09-11
18285,9818,214.89,29.37,260,2024-10-21
18286,6547,372.8,4.37,419,2025-03-12
18287,2021,450.2,78.62,447,2024-08-02
18288,4527,360.85,64.29,325,2024-10-09
18289,6445,487.64,38.59,187,2024-10-29
18290,5434,187.92,43.48,2,2024-06-20
18291,9116,240.7,28.17,428,2024-08-03
18292,3389,216.71,32.87,227,2024-10-29
18293,8910,289.98,92.76,342,2024-08-04
18294,350,283.35,40.67,275,2024-07-26
18295,7379,414.13,61.89,112,2025-03-31
18296,1101,351.48,47.66,6,2024-09-17
18297,6887,148.08,10.67,305,2024-08-10
18298,6034,422.09,67.29,469,2024-12-26
18299,7300,362.07,66.45,99,2025-01-23
18300,1164,369.39,10.18,53,2024-10-28
18301,9531,159.77,92.83,193,2025-04-18
18302,8674,190.73,70.04,155,2024-10-28
18303,4043,199.43,63.86,111,2025-03-19
18304,3316,349.66,96.28,468,2025-01-23
18305,8395,288.37,56.38,96,2024-05-14
18306,7650,216.64,37.4,39,2024-12-19
18307,195,310.53,13.63,452,2024-11-10
18308,3920,234.25,56.53,206,2024-08-07
18309,332,112.29,15.48,35,2024-05-09
18310,1631,446.86,21.49,67,2024-05-10
18311,5630,381.9,12.84,331,2024-07-13
18312,5795,35.41,23.94,368,2024-09-08
18313,9276,95.02,71.9,335,2025-04-20
18314,6431,221.9,78.58,380,2024-09-04
18315,3016,154.92,13.84,284,2024-12-29
18316,8431,349.8,87.92,31,2025-01-14
18317,4761,5.21,90.16,297,2024-08-30
18318,9317,246.14,36.03,229,2024-09-26
18319,5163,352.86,0.68,272,2024-10-17
18320,1326,352.3,54.83,434,2024-07-20
18321,455,449.99,20.9,65,2024-08-15
18322,8814,385.21,44.27,254,2025-01-10
18323,4442,123.4,20.22,349,2025-04-10
18324,9535,425.28,35.22,255,2024-11-08
18325,8411,97.54,58.74,452,2025-02-26
18326,7825,474.74,67.62,122,2024-05-02
18327,9271,118.22,74.83,1,2024-08-24
18328,5888,489.3,2.38,64,2024-07-08
18329,3595,73.51,26.78,197,2024-11-26
18330,4253,124.49,62.95,428,2024-06-24
18331,8615,194.12,30.96,402,2024-11-10
18332,5908,135.83,88.87,460,2024-06-23
18333,9985,1.49,35.93,488,2025-01-26
18334,9399,404.69,73.8,296,2024-07-05
18335,7322,484.78,53.77,334,2025-03-03
18336,4310,368.13,41.54,167,2024-12-07
18337,5301,45.12,92.92,274,2024-06-10
18338,9364,186.42,95.7,322,2024-09-22
18339,6105,12.17,17.51,48,2024-05-19
18340,6286,36.97,77.82,293,2024-12-20
18341,3333,190.8,61.41,283,2024-11-14
18342,3903,171.55,34.52,196,2024-05-06
18343,2952,459.7,18.46,154,2024-10-10
18344,9453,253.58,5.78,135,2024-07-03
18345,1929,433.73,88.5,300,2025-03-25
18346,4420,141.26,1.1,31,2025-01-06
18347,7613,203.23,0.83,317,2025-02-02
18348,4335,258.78,77.65,127,2024-07-18
18349,5529,444.47,28.73,453,2024-07-21
18350,8937,289.14,19.79,136,2024-05-16
18351,6880,13.22,3.8,245,2024-06-16
18352,5282,120.95,69.75,257,2024-07-14
18353,5431,321.16,9.98,296,2025-02-26
18354,5003,282.05,84.78,171,2024-11-28
18355,1376,62.71,90.48,104,2024-05-12
18356,5843,379.61,16.0,363,2025-04-24
18357,183,292.51,40.61,246,2025-03-29
18358,1146,20.58,18.92,20,2024-07-03
18359,9317,143.39,46.92,434,2025-04-23
18360,8345,300.04,80.69,59,2024-12-26
18361,5669,399.71,94.28,267,2024-11-12
18362,1819,262.17,23.87,351,2024-07-01
18363,4835,420.59,82.46,455,2024-08-05
18364,4870,177.82,77.69,338,2024-09-17
18365,6679,390.95,24.49,155,2025-02-04
18366,3922,192.98,25.31,159,2024-09-16
18367,3171,288.74,71.75,458,2024-11-14
18368,7251,474.6,0.16,259,2025-03-26
18369,7709,458.63,23.13,151,2025-01-19
18370,1213,178.44,92.83,452,2025-03-28
18371,4506,269.72,76.05,228,2024-07-29
18372,3667,169.84,25.55,158,2024-12-02
18373,8966,432.21,11.2,277,2025-04-19
18374,6065,244.31,80.54,448,2024-05-16
18375,4814,104.92,1.0,328,2024-10-25
18376,4617,397.98,64.46,41,2025-02-08
18377,2114,263.85,74.36,387,2024-09-17
18378,484,462.16,28.53,499,2025-04-20
18379,8992,291.5,18.61,405,2024-09-27
18380,8629,247.7,51.46,356,2024-06-25
18381,8360,341.71,69.41,433,2024-10-13
18382,2310,135.85,77.02,54,2024-06-12
18383,8296,473.11,88.98,206,2025-03-20
18384,8388,126.83,12.86,392,2025-01-02
18385,6420,216.08,14.47,341,2025-01-08
18386,2842,12.46,48.02,59,2025-04-07
18387,6466,358.96,53.96,85,2024-12-11
18388,7507,188.8,31.16,233,2024-07-24
18389,7446,420.79,76.95,499,2024-05-03
18390,2919,173.87,65.68,396,2024-05-25
18391,5547,352.66,64.47,166,2024-06-03
18392,5597,82.27,89.76,242,2024-07-10
18393,2636,285.3,94.15,151,2025-03-22
18394,4152,403.81,60.25,469,2025-01-17
18395,3598,108.6,91.04,191,2024-10-20
18396,4836,241.03,46.16,321,2024-06-21
18397,1809,124.55,47.61,402,2025-02-24
18398,9514,53.59,17.23,281,2024-08-27
18399,3479,144.97,73.21,489,2024-08-03
18400,7419,278.2,68.56,48,2024-12-19
18401,2653,297.68,22.23,282,2024-06-26
18402,3883,333.72,8.02,360,2024-11-13
18403,8620,368.2,56.49,4,2025-03-16
18404,9038,68.97,30.1,390,2024-10-29
18405,2298,489.43,15.05,384,2025-03-27
18406,8929,84.22,40.76,117,2024-10-25
18407,9496,466.25,96.62,228,2024-05-04
18408,2400,22.51,21.89,369,2025-02-07
18409,9508,420.45,42.8,453,2025-01-15
18410,9119,25.3,6.34,45,2024-05-29
18411,4347,296.58,17.82,1,2024-10-01
18412,4262,414.96,87.05,105,2025-03-05
18413,4762,92.9,72.13,210,2024-08-20
18414,2818,456.63,29.07,164,2024-08-25
18415,566,300.76,69.65,354,2024-09-14
18416,2339,471.97,52.2,47,2024-09-29
18417,6834,153.72,10.18,31,2025-01-16
18418,5780,244.41,94.89,273,2025-03-22
18419,7619,131.01,68.26,5,2024-06-07
18420,5775,185.03,63.96,349,2025-02-06
18421,10000,54.29,39.76,327,2025-01-11
18422,6589,454.36,44.25,356,2024-09-30
18423,8818,152.02,1.63,22,2025-02-03
18424,170,157.33,55.68,424,2024-05-23
18425,4498,62.97,51.39,285,2024-05-27
18426,223,224.87,98.29,284,2024-06-10
18427,6610,8.95,48.56,482,2025-02-22
18428,845,1.52,87.16,92,2024-11-13
18429,968,413.2,54.52,448,2024-08-31
18430,2372,12.55,80.9,34,2024-12-01
18431,6914,307.57,41.2,420,2024-06-16
18432,8457,164.57,98.97,141,2025-03-26
18433,1056,432.48,43.92,6,2024-06-11
18434,2019,299.2,59.21,317,2025-04-25
18435,6153,245.05,37.88,232,2024-07-06
18436,5209,55.66,6.03,265,2024-07-07
18437,9815,477.85,73.84,488,2024-06-10
18438,6487,39.76,38.04,205,2025-01-01
18439,4534,302.41,27.92,317,2024-12-18
18440,7228,180.36,73.1,138,2024-09-12
18441,7284,241.3,46.36,287,2025-01-30
18442,1416,275.59,83.42,147,2024-08-10
18443,4275,225.43,77.11,220,2025-03-04
18444,8151,462.66,34.29,269,2024-07-27
18445,9262,365.6,29.05,288,2025-03-12
18446,6990,153.65,59.53,194,2024-10-03
18447,877,250.07,3.32,115,2024-05-27
18448,2256,369.86,5.32,295,2024-07-19
18449,7754,103.3,96.18,486,2025-01-08
18450,8829,378.48,86.41,300,2024-09-19
18451,760,493.64,32.11,124,2024-05-18
18452,4268,413.31,22.55,35,2024-11-05
18453,5407,406.93,58.36,236,2024-09-11
18454,827,173.06,33.31,84,2025-03-17
18455,9774,452.11,37.8,346,2024-12-14
18456,3354,350.32,73.63,179,2025-02-27
18457,226,361.67,68.5,365,2024-09-18
18458,821,244.06,3.85,450,2025-04-08
18459,1964,391.65,48.24,3,2024-08-21
18460,7429,185.22,46.1,472,2024-10-24
18461,7335,4.29,32.94,393,2024-07-29
18462,6432,13.58,9.9,257,2025-03-09
18463,8166,411.78,23.86,416,2024-08-29
18464,5200,471.16,84.5,454,2024-07-26
18465,2039,463.34,58.67,9,2024-10-14
18466,6806,156.76,2.51,372,2025-02-05
18467,4476,104.07,90.58,472,2024-11-15
18468,5467,135.04,71.2,347,2024-12-27
18469,3127,276.76,61.6,297,2024-07-16
18470,5424,353.32,45.01,186,2024-09-23
18471,2047,233.62,82.53,491,2024-10-23
18472,7945,131.69,23.56,417,2024-09-03
18473,3101,17.0,15.81,52,2024-05-18
18474,1778,379.83,47.71,44,2025-02-09
18475,1695,65.34,14.67,213,2024-08-23
18476,3682,343.89,50.24,497,2025-02-12
18477,5511,338.93,16.42,275,2024-05-17
18478,4394,302.5,77.26,285,2024-09-17
18479,6679,56.54,65.76,272,2025-02-15
18480,6001,48.0,96.21,393,2024-10-19
18481,876,328.14,62.85,300,2024-07-11
18482,650,484.44,98.63,491,2025-02-13
18483,7328,461.04,3.6,443,2024-09-27
18484,3908,491.59,80.81,428,2025-01-21
18485,6907,491.9,30.1,350,2024-10-17
18486,6412,355.55,14.47,6,2024-08-10
18487,4739,234.56,51.69,47,2024-10-04
18488,6510,346.35,42.34,149,2024-11-12
18489,649,32.21,7.6,284,2024-08-05
18490,6040,398.47,53.65,92,2024-08-27
18491,6973,387.72,97.5,121,2025-03-16
18492,4950,378.4,70.19,195,2024-11-11
18493,89,422.92,59.73,18,2024-11-01
18494,527,487.33,45.56,84,2024-11-13
18495,7867,317.5,87.29,55,2025-03-24
18496,649,147.43,8.87,373,2024-12-13
18497,9132,438.3,26.28,418,2024-12-17
18498,7941,478.9,10.26,478,2025-02-02
18499,6686,22.23,82.22,430,2024-05-05
18500,6223,411.49,24.82,444,2025-01-01
18501,3627,74.99,16.14,55,2024-06-26
18502,7298,491.52,42.84,165,2025-02-22
18503,5778,331.76,6.58,426,2024-06-13
18504,2745,131.64,60.97,96,2024-11-12
18505,3616,272.52,81.28,344,2024-08-24
18506,6162,62.97,5.87,367,2024-09-17
18507,7230,109.95,41.28,428,2024-08-29
18508,9947,354.15,58.08,180,2024-10-04
18509,681,466.26,29.46,73,2025-03-04
18510,2157,124.07,8.49,391,2024-06-26
18511,9590,186.76,28.4,33,2024-12-15
18512,5132,246.07,58.85,239,2025-04-11
18513,9395,306.15,96.95,404,2024-09-11
18514,5113,138.05,97.82,144,2024-08-10
18515,5031,118.1,88.56,29,2024-05-03
18516,2958,411.74,40.03,279,2024-07-21
18517,6381,130.35,10.42,288,2024-09-15
18518,2574,199.78,47.21,172,2025-02-05
18519,2062,173.32,52.01,44,2024-11-23
18520,6428,268.76,51.14,130,2024-12-03
18521,8558,422.19,29.08,473,2024-12-13
18522,6906,60.95,1.05,423,2024-05-31
18523,630,98.59,4.27,304,2025-01-29
18524,8726,153.53,99.07,68,2024-09-18
18525,3958,426.49,28.0,397,2025-01-13
18526,8225,464.27,81.21,13,2025-01-01
18527,4598,71.99,87.79,456,2024-11-25
18528,5587,277.55,44.23,72,2024-04-30
18529,8522,41.65,48.59,415,2024-05-31
18530,323,394.58,69.19,193,2024-12-01
18531,3752,344.99,53.5,284,2025-02-26
18532,6229,149.85,47.18,180,2024-10-20
18533,1125,323.05,80.72,371,2024-12-13
18534,2236,434.0,9.55,472,2024-11-29
18535,7056,344.41,93.4,290,2025-04-14
18536,7109,72.18,65.66,95,2025-03-28
18537,3300,190.88,64.48,361,2025-04-10
18538,9456,67.39,76.89,478,2025-01-04
18539,3393,394.52,41.04,32,2024-10-25
18540,4581,296.24,26.56,292,2025-03-11
18541,7812,237.21,40.49,466,2024-12-28
18542,4732,172.45,90.43,100,2024-09-29
18543,914,294.21,96.52,65,2024-06-30
18544,7081,27.41,5.37,142,2024-05-03
18545,6610,151.17,70.24,427,2024-12-29
18546,5737,142.62,69.5,168,2025-01-22
18547,866,235.0,91.4,139,2025-03-18
18548,4827,319.42,56.53,73,2024-10-19
18549,9620,106.5,60.45,390,2024-08-15
18550,6254,31.94,78.68,127,2025-02-09
18551,9299,329.28,69.15,431,2025-04-11
18552,3859,487.36,15.01,319,2024-12-16
18553,6978,402.73,85.14,158,2025-03-11
18554,6350,337.27,18.21,332,2025-04-08
18555,3336,393.03,80.03,441,2024-05-20
18556,1459,101.81,97.65,237,2025-03-18
18557,6959,490.57,72.45,4,2025-02-03
18558,1880,374.95,47.67,159,2024-07-01
18559,9023,289.79,60.99,44,2024-11-20
18560,8161,430.56,37.38,315,2024-07-19
18561,2245,117.42,72.87,477,2024-08-12
18562,4755,417.87,41.5,41,2024-12-09
18563,4402,275.71,1.61,473,2024-10-06
18564,301,408.76,69.08,238,2024-12-08
18565,4343,16.12,52.77,448,2024-11-08
18566,9347,186.11,95.03,369,2024-08-21
18567,3566,88.46,52.28,53,2025-04-19
18568,3652,382.02,76.88,286,2024-08-10
18569,4031,319.51,6.98,96,2024-08-09
18570,3492,78.52,84.23,141,2024-10-18
18571,3329,300.69,24.14,443,2024-12-14
18572,7597,483.27,61.13,135,2024-07-12
18573,3382,450.48,90.26,9,2024-06-26
18574,6276,39.09,79.09,330,2024-05-27
18575,1171,73.61,42.66,101,2024-06-11
18576,8534,493.78,63.11,446,2025-04-25
18577,3498,15.15,50.18,426,2024-12-09
18578,3763,493.42,10.65,375,2024-06-05
18579,2712,403.06,84.07,356,2024-12-09
18580,6420,72.53,87.83,461,2024-06-07
18581,5876,219.25,62.15,61,2024-08-31
18582,7771,472.95,44.1,458,2024-10-19
18583,3914,70.96,19.69,339,2025-04-12
18584,7128,454.11,15.87,267,2024-10-30
18585,3708,449.82,90.7,156,2024-12-07
18586,4947,292.38,2.89,56,2024-05-10
18587,72,386.81,29.14,383,2024-09-15
18588,5156,87.93,46.99,315,2024-08-11
18589,6369,179.84,12.17,221,2024-10-19
18590,2876,134.81,58.34,363,2024-07-20
18591,6606,371.35,68.11,384,2025-02-23
18592,2316,496.18,5.1,209,2024-08-06
18593,2952,276.18,23.42,74,2024-10-12
18594,7641,135.25,50.42,314,2024-08-31
18595,2796,401.27,62.15,487,2025-03-01
18596,6297,299.4,23.41,29,2025-01-20
18597,1768,28.37,83.5,238,2025-02-25
18598,8277,201.92,63.17,279,2024-08-20
18599,61,117.14,28.84,406,2024-07-05
18600,5135,198.44,53.11,42,2024-11-25
18601,170,498.37,30.47,275,2024-08-17
18602,4014,436.9,64.09,309,2025-04-07
18603,4898,309.65,9.81,406,2025-03-03
18604,2342,427.9,0.38,324,2024-05-25
18605,3533,32.26,63.88,36,2024-11-05
18606,9775,287.41,61.27,144,2024-07-29
18607,6559,339.21,94.44,490,2025-03-13
18608,1277,398.03,24.38,374,2024-07-11
18609,1629,282.71,25.33,341,2024-10-30
18610,719,357.93,5.86,194,2024-06-24
18611,7959,193.83,14.16,15,2024-06-25
18612,6098,268.53,41.32,55,2024-09-14
18613,6044,364.73,11.36,115,2025-03-08
18614,9737,49.72,56.69,390,2024-10-15
18615,5607,328.47,42.85,95,2024-05-21
18616,8102,16.87,65.5,5,2024-07-08
18617,7871,331.56,84.75,118,2024-10-19
18618,8093,342.4,38.53,82,2024-12-10
18619,3306,207.05,75.0,8,2025-03-14
18620,7922,209.09,9.26,328,2024-09-06
18621,2656,9.97,35.09,128,2024-06-11
18622,6975,226.56,61.57,152,2024-11-25
18623,245,298.06,75.84,391,2024-05-12
18624,7032,423.34,30.12,106,2025-02-03
18625,7951,272.34,55.54,194,2024-06-16
18626,8423,233.51,61.51,261,2024-12-27
18627,3851,113.68,59.49,46,2024-05-25
18628,5620,157.12,42.47,399,2024-06-15
18629,247,176.93,72.38,91,2025-04-11
18630,9449,181.18,98.06,167,2025-01-29
18631,6345,482.8,87.22,251,2024-09-23
18632,7770,93.79,17.72,128,2024-06-20
18633,9276,217.32,74.31,66,2024-05-06
18634,2690,150.39,58.96,155,2024-10-29
18635,2831,403.15,25.36,386,2025-02-26
18636,4684,230.45,90.19,38,2024-07-16
18637,6870,468.27,50.23,324,2024-05-26
18638,3372,0.62,84.36,67,2025-02-12
18639,1743,218.01,13.66,412,2025-04-27
18640,9908,250.7,60.34,327,2025-03-14
18641,1427,197.49,6.55,390,2025-03-08
18642,5064,492.65,90.55,239,2024-06-29
18643,7723,220.83,27.63,451,2025-04-07
18644,2403,219.57,42.46,115,2024-08-12
18645,1176,446.97,71.53,258,2025-03-06
18646,5187,319.9,37.53,121,2024-06-26
18647,6365,34.89,89.66,189,2024-09-18
18648,3700,100.14,11.24,305,2024-08-18
18649,6771,205.55,3.15,434,2024-08-21
18650,8880,52.38,97.74,62,2024-11-17
18651,4241,270.96,45.65,480,2024-06-09
18652,9947,316.18,3.88,175,2024-10-19
18653,6490,69.54,11.41,190,2025-04-28
18654,2101,189.38,76.89,56,2024-09-09
18655,8673,243.45,8.0,66,2024-09-17
18656,5375,170.36,28.3,258,2024-08-22
18657,4797,157.87,63.02,340,2024-12-27
18658,2217,196.71,63.91,477,2024-05-17
18659,1358,319.38,83.49,272,2025-03-21
18660,9231,454.76,19.58,293,2025-01-04
18661,115,359.05,84.14,59,2025-04-14
18662,8066,0.19,54.43,151,2024-05-14
18663,9112,2.28,57.34,423,2024-09-09
18664,7299,248.42,19.18,115,2025-04-20
18665,2580,247.12,12.23,43,2024-10-03
18666,1619,219.69,81.91,149,2024-07-10
18667,2124,186.61,56.76,337,2025-04-26
18668,397,225.71,97.72,433,2025-01-19
18669,127,445.59,84.88,67,2024-12-01
18670,9915,425.49,92.41,193,2024-09-07
18671,6036,19.26,83.85,169,2025-03-18
18672,2220,279.96,90.92,212,2024-06-01
18673,478,258.72,33.85,187,2024-09-04
18674,921,328.21,62.84,245,2024-08-30
18675,662,457.39,85.41,171,2024-08-01
18676,4975,8.05,26.57,470,2024-05-29
18677,1171,267.16,40.99,55,2024-06-07
18678,6053,326.98,2.36,360,2024-05-12
18679,3306,135.31,52.85,0,2024-09-29
18680,3442,2.96,24.98,322,2024-12-02
18681,2327,410.87,45.08,4,2024-11-02
18682,3016,378.93,50.3,48,2025-02-05
18683,8812,249.37,47.96,246,2025-03-12
18684,6424,58.48,45.38,117,2024-06-22
18685,7778,117.43,35.89,45,2024-10-16
18686,9260,466.05,70.7,56,2024-07-05
18687,4656,419.79,23.65,11,2025-02-21
18688,7747,481.02,78.36,495,2024-05-09
18689,8889,250.78,82.66,462,2024-10-05
18690,4477,142.87,57.88,346,2024-05-09
18691,6413,415.96,31.64,372,2024-12-05
18692,9352,56.52,92.73,253,2024-09-24
18693,5089,177.57,43.4,138,2024-10-16
18694,763,497.69,39.1,311,2024-08-20
18695,8830,58.95,7.58,362,2024-07-09
18696,1878,286.47,60.8,69,2024-05-19
18697,5081,160.94,93.06,34,2024-10-01
18698,9206,493.83,95.92,174,2024-06-10
18699,5162,45.07,71.57,442,2024-12-18
18700,8858,255.81,2.53,187,2025-02-05
18701,2795,235.66,49.18,106,2024-11-07
18702,9979,413.35,23.42,102,2025-04-28
18703,392,49.09,28.49,466,2025-03-12
18704,4662,121.68,36.38,221,2024-10-05
18705,9783,78.13,96.22,389,2024-09-02
18706,5039,261.68,19.2,226,2024-05-28
18707,2128,376.05,43.84,9,2025-02-01
18708,4001,200.27,62.73,9,2025-04-04
18709,359,7.83,90.49,337,2025-01-10
18710,1774,241.87,26.71,173,2025-03-24
18711,761,56.83,33.81,367,2025-04-17
18712,9453,424.67,76.9,206,2025-02-28
18713,2282,149.02,27.91,212,2024-11-02
18714,5053,443.31,75.13,159,2025-02-23
18715,2307,382.63,67.12,336,2024-11-08
18716,8521,37.2,56.27,28,2024-06-14
18717,5518,376.78,93.54,315,2024-11-20
18718,9601,248.93,71.81,148,2024-10-29
18719,1504,465.45,57.75,370,2024-09-20
18720,4319,457.62,88.01,404,2024-09-03
18721,9303,168.77,79.49,278,2025-03-23
18722,8561,43.13,11.9,295,2024-06-04
18723,6979,432.01,69.2,61,2024-12-22
18724,7697,24.79,83.21,324,2024-11-12
18725,2439,216.9,59.72,51,2025-03-17
18726,5983,92.62,93.09,452,2025-03-12
18727,2653,483.03,53.85,2,2024-12-25
18728,4257,147.66,95.89,119,2024-05-16
18729,7922,436.03,8.6,300,2025-04-23
18730,4628,218.14,24.49,189,2025-01-02
18731,5087,408.38,49.67,43,2025-04-08
18732,6205,111.0,75.12,29,2025-01-10
18733,8914,348.58,20.01,373,2024-11-26
18734,2705,198.7,52.45,308,2025-01-19
18735,7935,189.96,36.69,382,2024-06-16
18736,6884,110.45,77.46,17,2024-06-01
18737,2715,45.61,49.34,379,2024-09-07
18738,3939,164.18,28.32,112,2025-02-27
18739,5011,266.83,41.04,247,2024-07-08
18740,7585,153.49,24.18,396,2025-01-21
18741,6289,85.9,56.49,103,2024-06-28
18742,7807,1.21,53.04,154,2024-11-16
18743,9454,227.07,18.8,150,2024-05-26
18744,4642,198.01,89.84,373,2024-05-10
18745,9512,227.81,68.18,231,2024-12-13
18746,5541,492.44,4.38,444,2024-09-16
18747,5061,14.46,95.48,37,2025-01-17
18748,2016,447.47,68.18,309,2025-02-26
18749,4233,222.56,33.72,144,2025-01-24
18750,9229,287.7,99.3,425,2024-08-28
18751,7349,272.4,7.62,362,2025-03-26
18752,7747,128.98,45.44,451,2024-11-13
18753,9433,476.93,4.12,51,2024-07-15
18754,1524,105.01,60.87,247,2025-01-16
18755,1530,438.08,60.86,3,2024-08-04
18756,9157,148.63,17.73,205,2024-09-22
18757,8588,19.15,29.7,243,2024-05-14
18758,9778,70.76,48.9,187,2025-03-14
18759,1882,24.6,8.59,356,2025-04-13
18760,5420,80.65,90.66,155,2025-01-02
18761,7379,490.71,62.9,275,2025-01-18
18762,2624,35.13,54.08,117,2024-06-05
18763,9078,320.41,73.72,45,2024-05-05
18764,3840,174.75,80.83,102,2024-08-07
18765,6467,173.19,52.54,339,2025-04-26
18766,1464,162.87,7.47,34,2024-08-02
18767,7976,228.42,93.84,389,2024-09-22
18768,7027,157.62,0.77,478,2025-03-15
18769,856,318.65,85.43,407,2025-04-22
18770,3315,348.09,98.26,247,2024-08-12
18771,3672,436.03,34.24,383,2025-04-11
18772,9818,42.16,38.25,297,2025-03-25
18773,9255,163.8,98.3,293,2024-07-18
18774,1519,248.45,99.4,112,2024-11-06
18775,362,92.82,20.97,380,2024-12-17
18776,5115,347.1,75.22,203,2025-02-20
18777,3948,350.68,10.08,434,2024-10-26
18778,2729,205.73,82.67,294,2024-06-18
18779,4623,267.86,52.95,35,2024-05-26
18780,9379,280.7,4.71,193,2024-06-01
18781,2081,25.9,42.51,91,2024-07-15
18782,7724,446.59,2.94,3,2024-08-29
18783,8125,360.85,58.37,343,2024-11-08
18784,6161,209.27,93.4,483,2024-06-19
18785,2422,431.8,80.93,207,2024-05-06
18786,8343,365.7,56.13,29,2024-09-15
18787,7062,486.92,70.01,315,2024-09-01
18788,1861,22.02,6.26,347,2024-06-20
18789,9375,246.87,86.28,424,2024-05-02
18790,2607,418.12,40.11,26,2024-09-14
18791,692,184.34,67.66,298,2025-03-06
18792,7615,440.17,32.69,208,2024-10-23
18793,3591,149.41,95.27,492,2024-10-09
18794,3347,208.46,97.61,355,2024-05-02
18795,74,362.36,54.82,369,2025-02-24
18796,6597,488.63,98.62,448,2024-07-22
18797,8731,359.34,55.14,20,2024-12-28
18798,5100,32.24,59.26,214,2025-03-30
18799,305,119.18,20.75,481,2024-12-25
18800,6514,184.0,72.53,340,2024-08-20
18801,8050,276.68,78.75,1,2025-02-07
18802,2384,178.0,92.49,440,2024-05-28
18803,4093,103.6,78.58,8,2024-09-25
18804,8532,82.46,46.99,349,2025-03-12
18805,550,408.14,32.99,406,2024-10-04
18806,1464,249.67,66.43,288,2025-01-19
18807,2381,138.02,73.61,340,2024-10-08
18808,5173,129.28,70.09,114,2024-05-21
18809,2816,23.07,39.03,294,2024-12-29
18810,6503,334.84,96.2,3,2024-07-03
18811,9139,229.25,34.63,293,2025-02-16
18812,5220,247.27,0.14,239,2025-02-11
18813,2244,283.31,5.81,291,2025-01-27
18814,6036,218.84,68.81,378,2024-12-18
18815,9519,316.89,65.52,177,2025-01-10
18816,6991,136.49,87.36,402,2024-12-28
18817,404,389.6,95.24,461,2025-02-16
18818,1612,215.0,34.24,100,2024-10-26
18819,3837,462.76,70.3,158,2025-04-04
18820,3488,488.82,74.95,264,2025-02-03
18821,5963,91.08,17.88,111,2024-10-12
18822,3289,431.28,16.75,468,2024-08-17
18823,2267,28.78,81.9,350,2024-05-19
18824,1757,49.9,92.19,169,2024-05-21
18825,9589,91.16,1.6,300,2025-01-13
18826,2447,436.54,64.18,71,2025-02-03
18827,303,305.49,23.03,97,2025-01-25
18828,760,11.7,83.71,124,2025-01-11
18829,3301,487.92,43.26,337,2025-01-18
18830,1762,419.83,42.09,296,2025-04-02
18831,499,163.82,5.39,467,2024-08-07
18832,3661,178.23,37.59,402,2025-02-05
18833,541,140.73,16.75,164,2024-12-04
18834,730,33.27,29.11,271,2025-01-14
18835,2985,264.78,80.31,246,2024-12-11
18836,1666,375.63,48.87,267,2024-08-13
18837,2792,4.9,93.25,476,2025-02-15
18838,4290,6.69,17.99,44,2024-07-11
18839,7599,7.04,99.91,459,2024-09-24
18840,7549,454.45,52.06,413,2024-12-14
18841,9509,14.86,4.23,489,2025-02-03
18842,6159,289.19,37.38,292,2024-09-09
18843,6422,463.02,16.3,131,2024-10-17
18844,2811,265.22,54.65,86,2025-02-25
18845,1690,30.11,85.09,130,2024-10-03
18846,3944,35.83,13.34,183,2024-11-16
18847,8011,196.09,42.87,12,2025-03-09
18848,6316,449.62,33.66,185,2024-05-21
18849,1257,96.39,37.96,195,2024-12-26
18850,2253,209.08,27.69,354,2025-02-12
18851,5321,92.89,4.02,239,2024-07-23
18852,5239,79.83,37.59,116,2024-09-18
18853,5738,424.7,70.83,350,2024-10-13
18854,7446,350.73,77.34,78,2024-07-15
18855,10,412.34,74.76,331,2024-05-18
18856,9615,232.61,69.75,290,2024-12-28
18857,1057,471.94,44.97,224,2025-02-08
18858,9385,233.59,87.27,218,2024-06-30
18859,8238,88.16,76.1,431,2024-10-04
18860,6290,336.16,84.78,352,2024-12-26
18861,9427,495.4,43.87,162,2025-03-20
18862,7333,395.8,3.08,6,2024-11-13
18863,4503,349.14,33.73,358,2025-03-23
18864,2301,430.5,64.12,206,2025-02-10
18865,812,342.21,60.21,412,2024-09-01
18866,9366,37.83,39.7,449,2024-07-21
18867,9855,319.15,93.75,297,2024-10-11
18868,4442,499.37,54.87,294,2024-05-03
18869,932,102.7,5.95,38,2025-04-01
18870,6406,11.23,11.48,72,2024-12-09
18871,1112,332.56,41.79,120,2025-01-26
18872,8059,367.17,99.85,322,2024-07-25
18873,4661,233.24,24.28,273,2024-08-18
18874,7402,174.67,32.36,460,2024-11-19
18875,9050,3.74,45.3,17,2024-05-29
18876,7794,281.11,93.29,432,2024-06-21
18877,9840,143.68,1.16,323,2025-01-20
18878,1411,91.12,75.43,433,2024-11-20
18879,9435,437.75,92.18,473,2024-05-13
18880,5879,7.42,64.18,47,2024-05-01
18881,7556,368.1,13.19,436,2024-10-04
18882,3634,400.1,88.24,295,2024-06-14
18883,835,110.9,6.4,392,2024-11-10
18884,8587,357.28,71.34,283,2025-01-22
18885,9909,10.19,47.74,7,2025-03-03
18886,2409,224.69,66.68,216,2025-03-05
18887,2289,189.79,96.79,107,2024-05-23
18888,187,163.53,80.43,158,2024-05-03
18889,3370,107.2,40.96,108,2025-02-06
18890,9924,70.88,65.21,181,2025-04-27
18891,7261,191.39,35.23,3,2025-03-09
18892,8488,87.97,29.38,269,2025-01-05
18893,7800,493.58,3.3,426,2024-10-12
18894,4254,52.39,77.4,96,2025-03-14
18895,4023,141.07,91.79,486,2024-08-22
18896,751,261.05,72.28,336,2024-12-08
18897,2891,272.34,90.05,284,2024-12-28
18898,5805,294.61,57.33,402,2025-04-24
18899,3929,392.28,40.62,259,2024-08-14
18900,8951,234.01,23.69,131,2024-09-02
18901,7546,70.92,73.64,438,2024-06-18
18902,7027,36.61,81.01,340,2024-08-28
18903,7574,320.54,36.15,428,2024-12-22
18904,8856,71.36,83.58,478,2024-08-13
18905,9112,87.94,20.46,401,2025-04-12
18906,1934,67.27,16.0,313,2024-05-21
18907,4957,293.04,94.31,481,2024-07-09
18908,1504,49.11,89.4,432,2024-05-24
18909,4976,122.68,5.9,119,2025-01-19
18910,3586,278.86,95.33,220,2025-03-05
18911,5959,155.31,46.6,39,2024-08-05
18912,9470,309.46,85.93,113,2024-06-24
18913,7699,227.0,21.3,448,2024-12-16
18914,2399,420.5,24.83,390,2025-01-04
18915,2165,230.86,25.04,139,2024-05-17
18916,4519,488.32,58.19,283,2025-04-19
18917,5430,170.03,39.68,4,2024-12-31
18918,1110,379.26,11.91,113,2024-11-05
18919,6945,241.57,20.06,19,2024-11-06
18920,3988,123.61,27.37,391,2024-11-21
18921,2531,168.97,27.55,269,2025-01-30
18922,2914,84.76,12.66,466,2024-05-20
18923,7798,370.26,65.5,495,2024-07-30
18924,6942,163.2,14.79,386,2025-03-13
18925,2375,8.55,86.09,69,2024-07-22
18926,786,365.86,28.85,443,2025-03-18
18927,740,375.34,28.14,497,2024-05-28
18928,3492,119.51,29.91,393,2024-05-20
18929,7279,434.85,36.39,353,2024-10-30
18930,7639,15.43,56.97,296,2024-10-08
18931,4544,373.32,61.34,61,2024-10-14
18932,2871,228.46,2.09,153,2025-04-23
18933,8868,430.36,57.63,394,2024-05-26
18934,707,98.15,12.7,45,2024-10-13
18935,3285,15.35,78.54,157,2025-02-04
18936,6782,244.44,32.0,90,2024-12-11
18937,9548,55.29,30.4,122,2024-06-15
18938,7591,11.8,91.23,117,2024-11-15
18939,9246,332.89,48.69,150,2025-03-17
18940,5248,197.06,24.2,193,2025-04-12
18941,5087,302.4,55.34,72,2025-03-15
18942,9241,83.91,24.22,295,2024-08-01
18943,6366,133.32,2.71,427,2024-11-13
18944,4991,297.66,59.49,99,2024-06-07
18945,7699,469.39,18.89,231,2025-01-15
18946,1610,390.5,21.93,67,2024-10-27
18947,4383,364.98,76.14,371,2025-03-11
18948,2087,88.97,6.94,474,2024-12-25
18949,5439,43.74,62.55,241,2024-06-16
18950,9507,103.63,98.93,61,2024-10-07
18951,5757,377.08,94.61,482,2025-02-12
18952,8151,413.11,48.26,146,2025-02-28
18953,7405,30.1,77.08,393,2025-03-21
18954,8271,336.48,29.98,207,2024-11-19
18955,3437,191.78,56.94,8,2025-01-01
18956,3198,446.38,90.13,258,2024-06-06
18957,1955,46.14,71.13,378,2024-08-25
18958,8365,490.75,60.84,270,2024-12-05
18959,3547,362.27,7.81,446,2025-01-28
18960,5156,178.94,7.14,248,2024-09-02
18961,7965,48.84,97.68,453,2024-08-01
18962,2684,19.23,29.81,367,2024-12-17
18963,334,412.04,38.54,229,2024-08-10
18964,8772,231.25,49.2,495,2024-05-30
18965,9621,168.87,38.61,301,2024-05-19
18966,8599,374.87,16.83,221,2024-11-23
18967,7983,117.39,19.15,385,2024-11-23
18968,240,220.65,33.3,331,2024-09-07
18969,4556,130.89,68.92,158,2025-02-22
18970,9626,490.9,70.84,274,2024-06-24
18971,7572,14.9,92.47,157,2024-10-17
18972,8865,129.11,66.03,253,2025-03-30
18973,6709,9.36,87.17,262,2024-09-08
18974,5573,266.78,66.82,310,2025-03-06
18975,5596,305.45,12.57,473,2025-01-23
18976,2382,423.13,3.13,382,2024-05-10
18977,1433,214.02,44.1,244,2025-02-02
18978,178,251.34,0.54,299,2024-11-16
18979,766,177.72,91.46,288,2024-11-19
18980,646,87.63,23.43,213,2024-09-15
18981,4312,170.9,2.11,311,2024-05-17
18982,4152,403.05,79.71,289,2025-02-09
18983,51,200.29,34.94,338,2024-11-18
18984,347,260.99,72.86,131,2024-12-24
18985,9017,17.79,32.83,478,2024-08-02
18986,9527,238.89,48.74,394,2025-02-26
18987,9974,52.76,66.91,259,2024-08-06
18988,6306,367.69,5.54,191,2025-03-15
18989,2155,410.98,91.27,285,2025-01-08
18990,621,481.02,60.47,470,2024-09-10
18991,6622,167.46,1.16,472,2024-07-31
18992,2712,32.3,82.11,130,2025-02-05
18993,44,470.24,22.92,119,2024-08-07
18994,1821,142.98,94.5,220,2024-09-09
18995,9057,346.89,66.9,164,2025-04-24
18996,8812,2.82,29.33,63,2024-10-03
18997,3459,204.44,95.93,417,2024-05-20
18998,5235,464.3,31.51,170,2024-12-21
18999,4492,218.46,55.37,390,2024-11-26
19000,2032,158.34,59.76,451,2024-09-11
19001,8367,140.41,75.34,486,2024-09-07
19002,9290,294.19,43.35,10,2024-12-09
19003,5980,324.63,66.51,168,2024-05-16
19004,7486,132.6,90.25,482,2024-10-17
19005,6308,127.55,16.86,174,2024-11-21
19006,1216,209.87,28.71,86,2024-10-03
19007,6983,329.88,78.62,124,2024-07-18
19008,6988,323.41,8.6,284,2024-06-26
19009,4218,314.83,83.43,122,2024-09-29
19010,8782,19.38,25.25,120,2024-06-13
19011,246,331.6,88.57,467,2025-04-23
19012,540,417.88,8.93,438,2024-11-16
19013,1453,99.28,13.28,242,2024-07-30
19014,4379,242.57,65.15,11,2024-08-18
19015,7584,179.72,24.78,286,2025-03-21
19016,1502,203.54,27.09,386,2025-02-09
19017,8483,226.49,23.34,407,2024-12-06
19018,6554,76.12,72.18,431,2024-05-24
19019,8727,365.72,81.0,185,2024-11-17
19020,6135,387.25,54.36,499,2025-01-19
19021,5715,492.76,13.24,162,2025-02-05
19022,9517,33.51,85.36,292,2024-12-22
19023,1425,237.16,53.3,388,2024-08-17
19024,7459,162.76,4.85,423,2025-02-17
19025,2616,240.88,26.23,103,2025-01-20
19026,750,330.44,7.15,68,2024-06-03
19027,8288,71.52,48.52,83,2024-05-30
19028,9827,360.32,17.16,91,2024-06-04
19029,9077,141.73,47.06,210,2024-08-18
19030,5790,79.34,81.03,62,2024-10-02
19031,46,409.96,97.28,322,2024-08-21
19032,4636,73.79,87.14,247,2024-08-12
19033,6579,81.1,76.02,240,2024-06-15
19034,4561,225.91,13.01,57,2024-10-19
19035,727,445.23,4.02,320,2025-01-01
19036,4214,77.13,55.4,274,2025-02-10
19037,5770,416.91,85.2,340,2024-11-24
19038,1843,251.01,91.41,238,2024-07-15
19039,6611,182.25,18.7,14,2024-09-14
19040,4086,7.09,14.99,328,2024-10-02
19041,2427,462.08,34.05,379,2025-03-31
19042,2283,458.85,67.3,426,2025-02-28
19043,6607,348.21,9.66,193,2024-08-24
19044,7141,91.75,23.8,335,2024-06-18
19045,9996,145.59,10.28,142,2025-04-19
19046,1784,289.23,22.81,207,2024-12-17
19047,3575,78.96,42.63,306,2025-03-05
19048,2337,278.74,59.65,391,2024-08-11
19049,2956,198.18,3.39,438,2025-03-07
19050,4915,200.45,91.44,393,2024-05-25
19051,6829,392.03,58.53,17,2024-08-27
19052,6075,312.15,46.05,382,2024-08-07
19053,3415,81.16,97.66,285,2024-05-31
19054,5666,14.97,42.27,231,2024-06-19
19055,3022,151.96,47.22,105,2025-02-16
19056,5249,178.13,31.16,299,2024-12-19
19057,6653,193.07,1.46,319,2024-11-13
19058,9709,357.72,26.93,365,2025-01-15
19059,7231,19.58,68.42,345,2024-09-23
19060,4728,409.6,92.96,127,2024-08-13
19061,1167,282.41,46.87,86,2025-02-16
19062,1917,29.02,11.12,27,2024-09-29
19063,8108,431.39,57.72,369,2025-04-11
19064,3803,371.46,75.87,340,2024-07-04
19065,5053,483.95,78.05,423,2024-07-12
19066,8886,4.13,26.27,110,2025-03-13
19067,2895,175.88,52.07,172,2024-09-01
19068,4405,49.74,98.87,127,2024-09-04
19069,3634,180.89,38.45,497,2024-12-28
19070,2472,355.21,73.38,143,2025-04-17
19071,4983,408.14,64.06,102,2024-08-02
19072,2778,473.5,21.74,118,2025-02-13
19073,1173,489.55,3.69,149,2024-12-07
19074,5123,17.45,37.91,136,2024-12-17
19075,2193,439.15,71.85,59,2024-05-23
19076,4225,39.09,48.3,297,2025-02-17
19077,1638,431.25,80.89,361,2024-09-21
19078,6420,130.6,66.27,463,2025-01-24
19079,3752,376.38,86.2,307,2025-04-28
19080,8557,10.17,4.55,322,2024-09-27
19081,5694,336.76,59.51,467,2025-01-01
19082,9635,375.31,22.62,204,2024-05-11
19083,3160,255.3,48.47,267,2025-01-04
19084,6978,489.74,0.28,33,2024-05-11
19085,5136,299.3,26.43,130,2025-04-23
19086,3708,451.84,62.16,332,2025-03-28
19087,4995,96.92,35.38,173,2024-06-21
19088,8864,82.0,38.98,50,2025-03-08
19089,4823,239.63,86.29,77,2024-10-26
19090,9114,177.11,61.37,90,2024-05-02
19091,4924,166.88,27.09,300,2025-03-16
19092,7533,186.23,81.97,481,2025-03-28
19093,1588,113.53,26.67,51,2025-03-19
19094,2213,404.06,69.64,141,2025-03-06
19095,6167,313.57,21.14,243,2024-11-24
19096,4635,11.33,6.19,0,2024-05-24
19097,4581,112.92,97.24,306,2024-09-04
19098,6628,136.0,40.04,265,2024-12-29
19099,2383,150.76,86.53,374,2025-01-21
19100,3427,420.64,84.97,408,2025-02-03
19101,1226,232.8,28.87,27,2025-03-05
19102,7266,138.89,21.86,192,2024-08-15
19103,9920,495.0,61.91,411,2024-11-13
19104,7131,217.8,96.06,401,2024-05-25
19105,1476,388.67,94.86,121,2024-06-09
19106,3510,57.89,30.71,268,2024-09-26
19107,3661,141.1,16.61,460,2024-11-20
19108,8387,73.24,90.32,12,2024-10-28
19109,4844,40.82,25.11,342,2024-07-12
19110,4760,221.22,34.81,89,2025-02-11
19111,7726,251.57,83.45,392,2024-06-14
19112,6032,221.07,63.47,234,2025-02-17
19113,3436,320.53,0.47,233,2024-05-18
19114,4947,328.79,47.98,192,2025-04-01
19115,4994,66.65,93.09,91,2025-03-06
19116,8301,382.94,68.92,357,2024-07-17
19117,2918,251.62,69.71,315,2024-06-28
19118,1014,446.33,80.8,232,2024-08-17
19119,3672,200.08,77.31,270,2024-07-14
19120,2503,318.11,18.67,280,2025-01-13
19121,7491,371.6,32.65,423,2024-08-02
19122,419,152.34,96.7,266,2024-10-15
19123,8091,229.24,11.47,160,2025-03-10
19124,3381,451.56,68.09,360,2024-05-01
19125,6820,101.67,2.84,334,2024-10-23
19126,8167,378.81,72.79,172,2025-01-11
19127,3221,244.92,87.7,489,2024-06-09
19128,2182,178.61,57.74,118,2025-04-13
19129,7275,208.67,32.22,450,2024-11-15
19130,5793,71.59,63.59,363,2024-06-13
19131,8418,369.19,21.11,396,2024-07-07
19132,3184,304.22,25.4,299,2024-09-17
19133,2601,83.19,56.82,386,2024-07-25
19134,2179,397.77,25.84,124,2024-07-17
19135,9899,417.55,76.08,133,2024-11-15
19136,4241,212.45,51.09,377,2024-06-22
19137,8195,484.7,29.68,110,2025-02-20
19138,5099,378.85,92.73,16,2024-05-23
19139,4802,116.96,54.44,365,2024-11-27
19140,7445,420.52,68.68,278,2025-02-13
19141,803,260.06,94.11,357,2024-09-21
19142,4996,228.81,64.89,396,2024-07-25
19143,4698,67.81,70.51,347,2024-07-15
19144,5203,13.37,1.85,31,2024-12-23
19145,1782,139.61,27.05,41,2024-07-20
19146,9313,281.37,43.68,160,2025-01-23
19147,7754,222.15,22.27,24,2024-08-24
19148,3826,86.41,10.09,340,2024-11-20
19149,2460,375.94,4.39,433,2024-06-06
19150,6424,251.61,80.2,208,2025-02-04
19151,2492,459.65,69.93,17,2024-12-28
19152,4138,347.61,14.12,100,2025-02-16
19153,1869,179.84,3.77,309,2025-04-21
19154,5124,191.47,38.24,472,2024-10-24
19155,4838,41.16,40.66,322,2025-04-17
19156,2470,298.54,76.18,450,2025-03-27
19157,8185,186.71,48.96,174,2025-03-04
19158,7784,160.9,80.45,105,2025-01-20
19159,1568,53.7,64.76,383,2025-03-21
19160,4468,80.82,56.35,489,2025-01-04
19161,3849,64.85,44.85,223,2024-10-12
19162,1797,385.89,0.89,58,2024-10-15
19163,6048,421.37,33.09,367,2024-05-04
19164,7681,222.17,84.75,477,2025-04-20
19165,7827,42.44,85.67,314,2024-05-10
19166,2115,455.5,17.36,9,2024-10-10
19167,4471,131.54,22.17,339,2024-08-21
19168,5013,246.1,46.64,340,2024-08-30
19169,5439,208.97,42.85,318,2025-03-07
19170,3280,215.75,99.73,247,2024-11-16
19171,7718,410.42,77.93,28,2025-01-07
19172,7926,295.07,92.46,294,2025-04-06
19173,942,476.38,93.66,269,2024-12-12
19174,2186,228.1,61.1,279,2025-04-16
19175,6470,339.44,97.61,89,2025-03-19
19176,3547,49.99,91.69,77,2025-01-10
19177,6357,138.76,21.68,441,2025-02-21
19178,7304,144.29,0.39,450,2024-11-09
19179,2065,234.77,50.98,417,2024-11-11
19180,6319,455.66,33.49,182,2025-04-08
19181,9188,426.27,16.14,410,2024-10-28
19182,981,274.84,62.89,182,2024-12-26
19183,3857,251.87,86.08,46,2025-01-07
19184,4120,357.16,69.37,327,2024-10-27
19185,5370,170.18,33.8,60,2024-10-27
19186,6815,334.4,1.0,138,2024-06-04
19187,7982,195.84,19.15,312,2025-02-28
19188,9715,215.95,43.96,240,2024-12-01
19189,5413,390.24,20.48,76,2025-04-23
19190,7575,22.31,55.9,341,2024-05-16
19191,6806,273.97,66.55,445,2025-01-13
19192,5935,312.31,77.88,330,2024-11-28
19193,6814,69.45,82.96,48,2025-01-16
19194,456,306.12,55.92,18,2024-12-07
19195,6844,475.3,15.35,29,2024-10-08
19196,2409,479.17,2.47,420,2025-04-24
19197,7311,120.36,9.71,288,2024-12-15
19198,7806,132.26,51.05,340,2024-11-14
19199,4204,300.25,46.12,369,2025-02-14
19200,661,342.73,96.95,86,2024-08-10
19201,8735,41.34,97.43,230,2025-01-03
19202,8491,315.65,95.74,417,2024-06-12
19203,643,308.56,40.41,91,2024-06-19
19204,4760,490.44,32.69,468,2024-05-12
19205,8180,220.81,78.35,9,2025-03-31
19206,9041,225.26,77.26,384,2025-03-20
19207,1705,182.58,56.0,382,2024-10-02
19208,6121,51.33,68.9,461,2025-03-10
19209,129,229.22,4.48,173,2024-11-19
19210,3698,84.29,32.06,286,2024-07-21
19211,2251,115.95,21.38,151,2024-06-27
19212,3684,66.91,29.02,33,2025-01-05
19213,1991,25.74,34.72,315,2024-07-08
19214,7540,85.51,94.39,431,2024-08-14
19215,129,404.1,89.97,323,2024-12-13
19216,1665,232.37,8.07,159,2024-07-22
19217,1291,296.31,66.26,161,2025-02-16
19218,3957,349.4,16.89,357,2025-01-02
19219,7449,261.91,54.22,108,2025-04-15
19220,3294,245.18,46.89,268,2024-12-31
19221,4522,245.71,6.84,420,2025-03-21
19222,3178,362.63,33.39,11,2024-08-02
19223,4343,252.0,39.85,113,2024-11-21
19224,7092,206.09,83.75,363,2024-07-12
19225,6871,246.59,34.07,292,2024-06-16
19226,6046,145.72,17.93,449,2024-05-25
19227,3759,496.72,29.95,448,2024-06-09
19228,7580,140.91,47.74,54,2024-09-05
19229,499,83.0,68.36,162,2024-06-15
19230,6800,110.02,46.96,266,2024-09-06
19231,1191,496.53,74.84,319,2024-09-06
19232,2436,312.77,31.62,473,2024-11-12
19233,1573,435.82,31.27,331,2025-02-27
19234,1733,489.12,35.06,394,2024-05-24
19235,7771,356.43,21.6,157,2024-12-31
19236,8928,330.88,81.68,58,2024-07-02
19237,9146,373.93,8.05,329,2024-12-27
19238,1055,51.24,65.06,170,2024-05-12
19239,7469,478.29,93.13,11,2024-06-28
19240,2036,312.88,77.96,30,2025-02-10
19241,4232,487.76,27.12,309,2025-03-17
19242,4622,224.41,87.4,287,2024-06-08
19243,1084,440.67,37.54,304,2025-04-30
19244,1199,213.2,48.98,78,2024-06-11
19245,3447,201.95,15.42,144,2025-01-28
19246,9127,182.42,19.6,130,2024-05-05
19247,4527,467.42,24.31,224,2024-07-06
19248,1179,289.38,71.78,468,2025-01-23
19249,7064,473.92,14.78,46,2024-09-08
19250,3560,76.18,13.63,47,2024-10-14
19251,8710,239.92,0.56,296,2024-12-11
19252,6842,273.59,92.32,193,2024-09-19
19253,5497,421.47,93.58,312,2024-12-29
19254,6989,238.89,57.2,143,2025-03-26
19255,2213,229.37,56.71,420,2024-06-21
19256,7542,342.67,2.67,292,2025-01-05
19257,2724,411.99,62.78,272,2024-08-12
19258,6940,215.09,76.6,467,2024-12-18
19259,5815,369.86,8.15,419,2024-08-15
19260,4522,75.52,40.58,246,2025-03-26
19261,6144,391.47,33.3,459,2024-08-14
19262,9669,322.11,58.64,192,2025-01-15
19263,198,224.6,56.14,84,2025-04-16
19264,2708,405.34,63.42,35,2025-02-16
19265,4671,284.43,64.79,69,2025-03-31
19266,9247,276.37,84.67,112,2024-12-15
19267,5984,251.93,79.35,331,2024-11-09
19268,490,87.31,95.15,469,2024-11-17
19269,4823,133.55,20.27,6,2024-11-13
19270,6256,455.37,70.69,434,2024-05-08
19271,833,464.11,46.32,465,2024-09-12
19272,6525,47.91,48.73,308,2024-06-22
19273,2208,39.98,35.21,449,2024-11-06
19274,655,304.9,47.67,113,2024-10-12
19275,8676,118.87,93.29,167,2024-10-01
19276,5955,163.91,28.77,26,2024-05-14
19277,4693,222.91,18.11,192,2024-06-03
19278,4539,36.69,11.1,130,2024-07-04
19279,1210,22.34,4.66,268,2024-12-16
19280,559,474.27,98.45,365,2024-07-11
19281,9930,3.97,65.4,6,2024-12-31
19282,6309,366.13,29.22,111,2024-08-14
19283,7206,476.61,37.71,354,2024-04-30
19284,630,188.4,59.87,25,2025-02-15
19285,2141,316.43,19.41,207,2025-01-17
19286,6787,368.84,61.29,146,2024-11-11
19287,8511,61.5,14.66,249,2024-08-20
19288,2180,91.42,82.99,402,2024-08-26
19289,6495,5.13,12.61,425,2024-07-25
19290,6027,233.02,15.27,387,2025-01-31
19291,8615,434.3,65.47,168,2024-10-07
19292,7377,151.81,60.25,74,2024-10-18
19293,1575,447.03,85.35,150,2024-12-04
19294,4064,321.14,42.16,200,2024-11-17
19295,8992,440.34,66.06,168,2025-01-06
19296,1514,4.24,78.37,85,2025-03-21
19297,2417,301.74,54.56,395,2024-05-19
19298,951,300.12,79.27,288,2024-09-25
19299,4222,273.94,5.83,13,2024-05-01
19300,8770,183.05,98.68,473,2024-10-17
19301,5917,203.47,9.25,64,2024-06-02
19302,2742,409.31,86.43,225,2025-03-26
19303,1763,226.22,28.21,288,2024-11-28
19304,6496,169.82,87.35,240,2025-03-04
19305,4098,381.88,96.13,300,2024-08-01
19306,7769,226.57,77.54,494,2024-05-22
19307,6292,415.48,96.71,146,2025-04-25
19308,6859,421.74,42.45,227,2025-04-22
19309,612,267.41,17.69,91,2024-06-01
19310,1484,189.18,99.0,92,2024-07-07
19311,5673,444.96,18.55,200,2024-08-27
19312,6818,455.85,22.31,309,2025-04-23
19313,7117,145.7,6.67,189,2024-05-16
19314,1330,106.54,22.72,338,2025-02-28
19315,1662,135.08,76.31,100,2024-10-23
19316,4320,467.89,53.92,117,2024-06-21
19317,8387,432.73,87.53,361,2024-10-26
19318,2868,69.26,99.36,297,2024-08-27
19319,7376,150.38,89.92,233,2024-10-26
19320,8838,3.5,92.41,222,2024-12-17
19321,7323,111.8,39.26,108,2024-12-04
19322,906,96.05,49.12,249,2024-10-11
19323,9232,61.16,34.31,89,2024-12-03
19324,7061,448.07,37.63,202,2025-01-01
19325,9675,16.81,8.92,183,2024-11-13
19326,7436,266.68,39.32,430,2025-01-31
19327,3667,263.4,83.09,50,2024-05-20
19328,8239,371.7,90.56,363,2025-03-18
19329,4694,305.87,70.63,210,2024-11-22
19330,6752,331.07,64.25,139,2024-06-08
19331,5537,405.32,47.56,105,2024-06-22
19332,9808,440.13,65.41,149,2024-06-04
19333,5606,267.78,46.32,359,2025-04-09
19334,2247,470.12,94.78,496,2024-05-11
19335,7349,428.24,37.21,48,2024-07-19
19336,5848,304.45,22.82,498,2024-06-18
19337,7782,194.41,92.45,115,2025-01-06
19338,2634,274.03,36.69,27,2025-04-07
19339,4647,108.79,23.6,195,2024-06-15
19340,7016,142.41,41.2,354,2024-09-04
19341,9239,179.23,74.97,99,2024-12-27
19342,7743,403.23,47.85,86,2024-05-09
19343,9326,436.09,85.62,256,2024-05-29
19344,3279,7.28,66.52,60,2024-05-20
19345,5713,97.6,2.86,401,2024-10-18
19346,4286,479.11,8.53,32,2024-09-20
19347,9882,249.12,60.99,278,2024-06-27
19348,3360,33.24,27.61,0,2024-10-14
19349,8553,232.27,5.23,393,2025-01-24
19350,8871,264.75,10.53,169,2024-12-02
19351,2335,28.67,4.1,301,2024-05-19
19352,1092,180.17,33.46,418,2024-09-17
19353,3715,351.2,52.16,168,2024-04-30
19354,7005,69.58,76.09,222,2024-08-05
19355,2336,64.32,37.71,351,2024-05-08
19356,6676,489.25,62.2,76,2024-08-24
19357,7129,322.6,93.77,91,2024-10-30
19358,9870,425.05,21.33,322,2024-08-02
19359,9413,361.19,29.08,65,2024-10-12
19360,4502,165.12,15.83,271,2025-04-06
19361,3118,230.26,57.04,335,2024-12-22
19362,9485,15.77,52.28,226,2025-04-22
19363,6764,164.46,53.33,234,2024-07-22
19364,9933,472.01,97.77,282,2024-12-04
19365,9355,275.83,10.32,317,2024-07-10
19366,7800,83.83,95.96,340,2024-08-20
19367,7339,115.1,59.62,150,2024-09-16
19368,4716,72.32,34.29,445,2025-02-05
19369,1947,265.54,95.12,490,2025-03-09
19370,8043,498.79,78.05,113,2024-10-16
19371,6332,289.03,39.38,328,2024-08-05
19372,533,412.08,40.82,183,2024-12-15
19373,5516,459.03,94.46,321,2024-10-22
19374,6234,18.97,89.17,450,2024-06-11
19375,2279,174.93,79.45,370,2024-12-28
19376,1335,337.09,78.4,171,2024-07-17
19377,4780,482.78,62.06,397,2024-09-10
19378,2493,200.34,80.76,291,2025-04-22
19379,1416,254.28,15.85,163,2024-07-28
19380,5157,211.63,76.86,139,2025-01-08
19381,6318,40.97,31.26,293,2024-09-29
19382,8779,80.77,19.33,334,2025-02-10
19383,8999,397.85,92.98,312,2024-09-08
19384,9281,126.61,0.66,428,2024-09-12
19385,8462,451.99,14.64,20,2024-06-08
19386,2662,256.92,86.88,4,2024-10-22
19387,703,325.79,95.76,245,2025-04-12
19388,9427,38.74,56.32,404,2024-09-06
19389,3357,465.56,17.86,174,2025-03-03
19390,3549,274.84,41.32,447,2024-10-10
19391,7370,249.5,69.54,423,2025-03-25
19392,6356,437.28,17.18,94,2025-01-11
19393,4009,463.34,74.41,305,2025-02-06
19394,1691,370.85,7.01,190,2025-02-08
19395,889,237.9,36.65,497,2024-07-28
19396,654,309.13,21.97,276,2025-01-13
19397,3526,195.0,25.73,182,2024-10-19
19398,3267,423.81,44.31,119,2025-03-06
19399,5696,190.06,92.35,421,2025-02-02
19400,6867,249.5,52.95,262,2025-01-05
19401,3794,252.99,10.03,9,2025-04-15
19402,9349,114.07,8.88,64,2025-01-03
19403,1245,118.21,44.52,207,2025-01-20
19404,2053,66.95,83.04,382,2024-10-22
19405,6260,50.31,52.99,199,2025-03-12
19406,3236,405.35,87.0,125,2025-04-01
19407,5517,295.66,0.26,465,2025-04-15
19408,8815,491.24,3.5,498,2024-06-05
19409,7118,450.73,10.93,495,2024-05-19
19410,9001,470.33,59.38,130,2024-09-16
19411,7526,343.03,53.38,91,2025-04-27
19412,6497,26.48,67.02,433,2025-01-25
19413,8695,365.99,98.99,251,2024-05-01
19414,4290,249.02,50.2,86,2024-05-07
19415,2012,191.02,6.27,432,2024-08-23
19416,5482,225.53,69.53,254,2024-09-10
19417,6573,123.03,93.98,163,2024-10-07
19418,3378,188.32,2.38,38,2024-07-13
19419,6759,336.69,50.85,449,2024-11-07
19420,8089,306.68,61.52,90,2024-05-02
19421,6310,496.27,49.54,57,2024-05-27
19422,1046,90.57,58.49,225,2024-12-08
19423,8698,50.29,90.34,174,2024-05-18
19424,9728,216.63,77.01,366,2024-10-11
19425,7323,334.39,85.32,335,2024-07-20
19426,6828,498.59,38.87,230,2024-05-17
19427,2728,30.95,45.6,419,2024-11-25
19428,1390,203.12,96.07,298,2025-03-04
19429,6864,383.47,11.18,272,2025-04-12
19430,3404,86.94,93.67,467,2024-12-05
19431,3767,401.23,90.24,190,2024-11-17
19432,2820,106.53,18.68,289,2024-05-07
19433,8943,221.48,77.85,172,2024-06-08
19434,9471,335.35,36.94,1,2024-05-07
19435,4168,113.0,33.82,198,2025-04-03
19436,6999,463.23,28.67,252,2024-11-28
19437,126,465.79,55.73,283,2024-11-19
19438,2049,203.17,13.0,428,2024-10-22
19439,1469,377.81,15.81,282,2024-12-13
19440,5743,175.89,13.51,214,2025-03-06
19441,2818,314.77,10.59,441,2025-02-16
19442,2640,313.19,51.32,263,2025-02-15
19443,8315,6.91,39.83,127,2024-07-21
19444,452,483.39,82.95,430,2024-10-04
19445,1925,235.53,66.44,184,2024-12-05
19446,5494,91.87,10.2,268,2024-09-18
19447,2061,208.93,95.02,213,2024-07-06
19448,6303,344.38,36.41,205,2025-02-28
19449,8701,85.29,29.2,218,2025-03-24
19450,810,101.68,58.25,419,2024-05-02
19451,6225,455.86,60.13,85,2024-08-15
19452,8085,3.49,84.0,53,2024-10-15
19453,4312,491.12,28.5,279,2024-05-07
19454,2484,30.54,60.25,407,2025-02-01
19455,4345,499.15,75.99,125,2024-05-24
19456,452,175.44,68.51,350,2024-10-16
19457,8326,386.5,91.26,214,2024-06-23
19458,7797,200.45,68.02,267,2025-04-28
19459,6068,154.89,21.8,177,2024-10-28
19460,1054,373.52,7.16,253,2024-05-21
19461,4158,84.53,51.83,205,2024-09-23
19462,4191,212.41,14.3,160,2024-05-23
19463,6938,24.21,88.61,473,2024-06-22
19464,1481,30.27,30.21,452,2024-06-25
19465,3773,320.94,95.73,497,2024-06-18
19466,4717,220.78,7.93,0,2024-05-06
19467,9398,402.61,66.55,464,2024-05-26
19468,1159,68.8,28.53,290,2024-05-20
19469,7036,55.83,20.09,377,2024-05-12
19470,9254,120.72,12.11,292,2024-10-21
19471,7851,449.32,51.57,63,2025-04-16
19472,6681,88.46,53.54,320,2024-12-05
19473,8352,147.66,96.64,382,2025-02-10
19474,2418,128.63,73.9,409,2024-12-14
19475,9091,132.14,89.6,421,2025-02-05
19476,6160,0.26,45.42,78,2024-10-07
19477,3942,71.88,84.29,228,2025-04-30
19478,9788,166.73,18.51,277,2025-01-26
19479,5565,58.41,7.78,478,2024-05-01
19480,6852,489.63,97.92,326,2024-11-25
19481,1910,236.2,66.34,447,2025-04-04
19482,1688,321.86,43.14,69,2025-03-25
19483,8418,121.4,31.2,459,2025-03-23
19484,6075,275.12,27.26,244,2024-08-31
19485,464,251.19,6.84,38,2025-01-01
19486,1095,456.4,85.39,27,2024-11-26
19487,2457,337.94,42.14,261,2024-06-21
19488,8421,353.09,60.08,329,2025-03-25
19489,2406,478.62,60.77,410,2025-02-27
19490,7799,145.91,87.06,74,2025-03-12
19491,1674,21.07,30.46,385,2024-09-07
19492,2645,33.48,70.0,428,2025-02-13
19493,6841,257.16,47.52,224,2024-12-01
19494,4158,80.37,37.42,307,2024-10-13
19495,9678,195.39,44.25,289,2024-11-10
19496,6301,445.35,0.18,301,2024-12-24
19497,3250,28.84,18.39,437,2024-10-01
19498,3945,257.6,12.22,315,2024-10-28
19499,2153,17.33,11.82,414,2025-01-07
19500,5329,137.65,85.59,435,2025-02-01
19501,9452,320.59,16.53,212,2024-12-16
19502,4992,110.92,6.77,243,2024-05-24
19503,3232,102.28,88.84,336,2025-03-17
19504,9181,492.73,56.45,6,2024-05-11
19505,6939,226.91,30.57,31,2025-02-15
19506,9359,100.89,85.55,91,2025-03-18
19507,5015,84.58,16.96,312,2024-10-26
19508,6492,359.55,68.03,107,2024-07-26
19509,3613,474.9,87.26,284,2025-01-05
19510,7464,218.33,43.34,192,2024-08-02
19511,4050,326.57,85.7,90,2025-03-28
19512,4844,438.13,54.17,122,2024-05-13
19513,8245,60.42,95.67,331,2025-03-28
19514,3784,214.07,72.43,376,2024-09-15
19515,1707,419.23,24.6,37,2025-04-06
19516,1942,365.16,92.76,328,2024-08-20
19517,6331,485.7,54.26,83,2024-06-12
19518,281,74.3,32.91,7,2024-12-15
19519,2761,18.89,77.39,312,2024-06-21
19520,6385,343.6,36.11,70,2024-05-16
19521,9764,115.91,21.74,313,2025-01-19
19522,9698,354.52,92.53,246,2024-07-29
19523,7084,242.77,44.05,149,2024-08-28
19524,6758,32.6,88.67,486,2024-08-09
19525,2538,53.03,79.82,479,2024-07-18
19526,6645,0.78,65.79,495,2025-03-09
19527,5151,87.75,97.77,136,2024-07-09
19528,839,299.26,50.34,464,2024-11-28
19529,6561,126.98,88.84,422,2025-03-18
19530,8254,115.02,20.48,280,2024-11-30
19531,4079,471.76,88.08,177,2024-06-10
19532,1826,77.32,55.8,365,2025-02-27
19533,7168,80.73,94.33,147,2025-02-11
19534,7086,164.84,82.54,300,2025-01-09
19535,8769,288.76,45.3,193,2024-06-14
19536,8091,4.03,20.86,86,2024-10-14
19537,6803,61.41,37.09,490,2024-10-15
19538,6673,180.06,0.93,189,2025-04-21
19539,4350,155.51,82.84,98,2025-02-20
19540,4106,180.03,1.51,298,2025-03-01
19541,2622,429.29,80.46,492,2024-12-14
19542,3171,53.44,68.54,62,2025-01-25
19543,1497,459.25,13.15,457,2024-07-24
19544,6779,436.82,46.91,246,2024-09-14
19545,5290,447.7,92.28,34,2025-01-20
19546,5780,216.36,36.86,195,2024-11-22
19547,9883,471.06,46.02,430,2025-03-09
19548,9129,175.41,59.5,272,2024-09-02
19549,6133,284.35,20.65,191,2024-05-04
19550,3625,419.38,11.34,480,2024-12-21
19551,182,190.6,63.05,239,2024-10-24
19552,7869,244.96,68.03,362,2024-12-08
19553,3761,34.94,44.34,186,2025-04-07
19554,5694,198.49,83.33,255,2025-03-06
19555,6790,251.63,33.69,341,2024-08-26
19556,4788,390.17,2.2,499,2024-06-22
19557,5285,291.77,88.21,141,2025-04-25
19558,1390,163.86,73.93,361,2024-08-01
19559,6853,28.9,78.64,463,2024-10-11
19560,2553,461.04,82.91,129,2024-06-09
19561,2510,369.77,16.77,259,2024-06-05
19562,296,128.16,19.11,54,2024-07-26
19563,1409,422.75,36.89,267,2024-06-17
19564,9383,154.72,73.98,2,2024-08-06
19565,7124,329.18,76.5,38,2024-12-31
19566,1244,162.69,60.97,477,2024-05-18
19567,7041,331.36,23.02,323,2025-04-17
19568,7833,36.33,12.99,153,2025-01-02
19569,1938,80.03,64.44,298,2024-10-13
19570,1359,289.63,17.13,148,2025-04-09
19571,426,182.39,58.36,359,2025-03-21
19572,1312,368.14,30.29,169,2025-04-05
19573,6706,294.89,88.66,220,2024-06-06
19574,4272,475.31,3.29,499,2024-09-30
19575,5762,100.62,72.28,273,2025-04-15
19576,9655,344.26,96.58,479,2024-08-18
19577,934,303.41,47.71,410,2024-06-20
19578,3841,412.24,4.28,316,2024-07-18
19579,2006,430.78,79.12,270,2025-03-21
19580,7013,359.06,10.91,467,2024-11-03
19581,1468,50.43,82.38,7,2024-11-07
19582,4206,274.79,53.06,169,2025-03-02
19583,4625,165.38,47.21,175,2024-06-20
19584,4423,445.67,59.11,366,2024-07-20
19585,2735,286.66,87.21,170,2024-05-21
19586,5936,250.28,86.8,134,2024-07-25
19587,2987,65.99,85.83,37,2025-04-22
19588,571,123.67,89.72,230,2024-09-27
19589,3634,65.0,40.95,294,2025-04-30
19590,6879,174.62,46.92,321,2024-12-19
19591,5111,14.29,89.24,161,2025-04-22
19592,6489,172.94,47.29,246,2025-04-02
19593,1872,302.62,21.21,283,2024-06-28
19594,9145,242.44,1.52,27,2024-12-29
19595,5746,132.41,42.16,64,2024-11-05
19596,2335,134.28,42.1,118,2024-08-21
19597,4010,339.78,2.44,414,2024-09-07
19598,1965,189.07,69.62,446,2024-06-13
19599,9354,127.9,66.35,288,2024-10-29
19600,4896,55.05,68.99,396,2024-06-07
19601,1094,252.21,48.76,466,2024-05-03
19602,181,108.94,14.69,61,2024-11-16
19603,5483,30.23,66.4,199,2024-08-16
19604,2482,26.49,6.21,410,2025-01-15
19605,1050,86.32,87.77,0,2025-01-28
19606,3558,488.43,10.34,176,2024-07-09
19607,9079,168.26,43.81,310,2025-03-19
19608,5928,244.7,57.53,471,2025-03-12
19609,501,97.77,63.1,53,2024-06-02
19610,505,163.32,72.97,153,2025-02-16
19611,2360,101.99,22.61,243,2024-07-21
19612,9671,213.44,7.36,391,2024-11-27
19613,9267,340.56,13.23,119,2024-10-07
19614,2171,128.81,89.49,97,2024-08-12
19615,8400,216.0,81.98,367,2025-01-26
19616,6135,99.81,48.43,59,2024-11-10
19617,3510,299.82,64.37,206,2024-07-29
19618,3229,393.74,5.12,226,2024-11-20
19619,9959,365.61,93.71,497,2024-10-26
19620,1470,375.19,38.39,112,2024-10-10
19621,1970,196.93,2.93,103,2025-02-12
19622,7864,348.81,98.28,134,2024-05-11
19623,4057,220.08,9.86,357,2024-06-08
19624,6218,161.41,12.37,290,2025-04-17
19625,9539,374.01,34.55,408,2024-08-02
19626,7530,373.47,5.11,293,2025-03-24
19627,4204,408.34,29.44,200,2024-05-20
19628,6829,58.69,71.49,222,2024-09-13
19629,7795,58.65,79.0,410,2024-11-27
19630,3890,346.04,81.87,31,2025-04-28
19631,2066,12.83,99.79,146,2025-01-18
19632,322,182.22,0.54,280,2024-08-16
19633,3429,114.86,9.13,341,2024-05-19
19634,5421,450.84,79.56,356,2024-08-02
19635,2354,484.34,79.25,145,2024-12-09
19636,3780,7.64,68.56,446,2025-01-30
19637,5326,491.79,62.4,445,2024-12-08
19638,2460,251.35,63.04,196,2024-06-06
19639,9945,254.3,15.81,323,2024-06-06
19640,5295,102.89,0.74,74,2024-10-17
19641,5254,66.36,42.89,158,2024-08-23
19642,2873,63.91,29.12,485,2024-06-21
19643,2721,255.51,81.32,276,2025-01-13
19644,9037,162.98,74.63,355,2024-07-12
19645,748,19.84,18.75,137,2024-07-05
19646,7386,193.97,95.22,173,2024-10-18
19647,107,119.73,55.21,433,2024-09-25
19648,2948,25.02,6.13,489,2025-03-05
19649,622,155.79,54.52,407,2024-10-18
19650,7540,28.46,30.13,226,2025-01-28
19651,793,360.84,27.82,335,2024-05-04
19652,6011,392.43,20.83,54,2024-07-17
19653,3749,199.17,12.9,107,2024-05-26
19654,4516,13.7,78.47,253,2024-11-02
19655,6950,174.76,11.59,349,2024-07-04
19656,8003,3.48,6.11,118,2024-09-10
19657,2719,244.55,82.95,413,2025-03-20
19658,1674,498.1,64.22,127,2024-10-16
19659,8892,442.5,58.34,493,2024-08-04
19660,8275,342.26,20.98,298,2024-07-29
19661,9893,417.58,15.84,288,2024-06-06
19662,3510,271.03,49.83,21,2025-04-23
19663,6123,460.69,81.39,7,2024-10-16
19664,8251,87.39,31.95,219,2025-04-11
19665,7506,142.39,90.01,299,2024-10-06
19666,6637,215.0,55.03,172,2024-10-26
19667,7828,198.97,81.05,130,2024-06-20
19668,5241,274.83,37.58,377,2024-08-27
19669,8995,353.11,90.09,74,2024-05-10
19670,2586,294.94,65.51,52,2025-02-10
19671,6686,291.85,3.54,360,2024-12-12
19672,9437,36.85,27.41,273,2025-02-09
19673,100,331.68,9.95,113,2025-04-30
19674,8228,158.65,1.33,261,2024-09-01
19675,3555,79.16,25.75,148,2025-03-17
19676,5169,395.57,75.21,301,2024-09-27
19677,8475,58.34,65.69,445,2025-03-15
19678,5134,388.91,88.42,225,2024-10-19
19679,4652,11.44,49.61,310,2024-07-16
19680,6362,236.91,64.51,322,2024-05-25
19681,3858,478.66,95.43,360,2025-04-01
19682,7802,481.13,69.38,370,2024-11-23
19683,1118,20.3,50.03,39,2024-12-10
19684,1307,212.59,95.74,159,2024-11-27
19685,2568,351.41,54.61,102,2025-01-01
19686,1430,309.34,60.56,186,2024-06-11
19687,3637,330.3,95.94,47,2024-05-28
19688,1047,62.81,47.03,463,2025-01-10
19689,8633,72.03,1.23,357,2025-03-22
19690,6072,396.03,64.94,366,2024-11-17
19691,2606,205.64,3.6,233,2025-02-28
19692,6744,172.64,22.16,30,2024-05-11
19693,2837,421.95,63.08,82,2025-03-12
19694,5986,217.59,40.48,24,2025-03-10
19695,1042,490.7,18.82,46,2024-11-26
19696,7890,151.53,92.85,426,2024-12-22
19697,701,446.45,45.37,12,2025-03-09
19698,7436,347.61,86.52,95,2024-09-21
19699,8695,102.72,51.79,386,2024-10-06
19700,6872,342.45,58.64,303,2024-10-31
19701,4800,397.64,24.96,197,2024-09-18
19702,2852,209.77,0.86,412,2024-09-16
19703,7523,264.36,52.83,13,2025-01-23
19704,3192,421.84,23.78,409,2025-02-19
19705,2121,191.94,96.31,0,2024-07-11
19706,212,189.86,46.29,64,2024-11-06
19707,6294,118.17,61.48,141,2025-04-22
19708,3779,375.73,77.57,449,2025-01-14
19709,9291,273.89,49.44,441,2024-05-03
19710,4529,228.13,54.05,25,2024-08-06
19711,8570,241.19,5.67,261,2024-06-12
19712,7081,468.73,15.14,90,2024-12-18
19713,7836,122.6,57.78,29,2025-03-20
19714,1575,405.46,31.3,84,2024-07-16
19715,1913,163.51,83.89,204,2024-07-15
19716,7804,201.65,74.09,459,2024-08-17
19717,7958,70.67,86.17,481,2024-05-27
19718,1915,431.19,10.06,175,2025-02-04
19719,1543,382.26,6.17,392,2024-09-15
19720,9038,450.7,78.46,413,2024-06-26
19721,3124,130.72,72.49,490,2024-06-22
19722,2015,377.24,49.56,43,2024-10-13
19723,1422,326.82,38.42,49,2024-06-12
19724,8548,24.03,23.98,349,2024-11-14
19725,3071,493.19,10.61,248,2024-09-01
19726,9281,6.71,43.36,474,2024-05-06
19727,531,498.27,5.25,138,2024-12-20
19728,716,256.74,79.85,352,2025-03-27
19729,8511,144.17,9.12,265,2024-07-14
19730,5775,421.36,69.16,205,2024-11-28
19731,5633,204.92,56.35,121,2024-07-10
19732,349,498.35,40.62,467,2024-06-04
19733,1303,184.97,3.81,419,2024-06-06
19734,4776,461.31,95.29,416,2025-01-17
19735,9536,250.59,81.53,247,2025-03-31
19736,4907,227.13,96.01,13,2025-02-18
19737,671,126.67,24.26,27,2024-05-13
19738,6233,181.21,13.38,41,2024-05-14
19739,8752,200.55,30.27,26,2024-09-28
19740,8123,120.69,28.33,343,2024-11-16
19741,457,432.01,28.52,318,2025-03-28
19742,2079,348.99,28.61,68,2025-02-12
19743,9339,59.24,70.47,113,2024-08-27
19744,1639,0.18,29.24,180,2024-09-14
19745,5411,297.46,9.65,356,2024-09-25
19746,7948,43.32,50.48,329,2024-10-22
19747,5329,266.16,68.22,180,2024-11-11
19748,6795,419.92,12.78,116,2024-09-19
19749,2629,109.43,10.78,88,2024-11-02
19750,2382,290.83,76.49,406,2025-01-12
19751,6924,231.33,85.65,480,2024-09-10
19752,6502,490.2,1.79,123,2025-03-25
19753,9247,22.35,45.44,401,2024-08-24
19754,9448,116.38,50.1,169,2025-01-09
19755,1699,9.39,93.64,211,2024-07-13
19756,1863,490.98,69.05,366,2025-03-19
19757,5957,325.38,65.21,316,2024-07-19
19758,5436,22.92,94.7,209,2025-01-20
19759,3344,94.39,11.01,231,2024-11-29
19760,938,172.16,22.57,228,2025-03-28
19761,9389,108.9,79.66,224,2024-06-10
19762,14,249.52,2.95,193,2024-06-20
19763,4171,407.01,33.8,231,2025-04-01
19764,4633,4.03,2.92,287,2025-04-21
19765,1406,232.2,92.39,25,2024-11-12
19766,970,446.22,5.08,143,2024-12-13
19767,361,151.11,66.78,120,2024-11-12
19768,2496,393.79,33.56,274,2025-03-21
19769,718,250.25,3.9,431,2024-09-28
19770,2248,104.49,23.98,344,2025-02-21
19771,4409,234.81,18.42,243,2024-08-08
19772,672,216.4,84.87,131,2024-06-21
19773,9125,297.81,94.1,240,2024-05-01
19774,8539,304.9,19.35,252,2025-03-15
19775,150,397.92,13.64,293,2024-10-06
19776,2281,388.04,8.97,253,2025-01-13
19777,3364,138.65,6.81,199,2024-08-23
19778,4619,483.14,3.35,404,2024-06-03
19779,3898,390.55,28.03,412,2025-04-02
19780,5828,463.41,92.3,427,2024-09-25
19781,4958,263.1,11.53,118,2025-02-20
19782,2134,459.38,15.27,139,2025-03-30
19783,7723,266.09,4.08,274,2024-08-23
19784,976,487.04,44.84,259,2025-02-21
19785,4373,400.05,62.43,375,2025-02-02
19786,3311,379.82,93.96,144,2025-03-06
19787,3513,315.49,10.69,388,2024-09-14
19788,6652,180.87,60.18,8,2025-03-22
19789,9041,393.71,85.61,291,2025-02-28
19790,4006,404.41,90.27,166,2024-10-16
19791,540,171.14,63.76,98,2024-05-20
19792,6823,293.94,56.81,446,2024-07-29
19793,234,40.22,98.77,466,2024-10-14
19794,1729,452.24,34.42,195,2024-11-30
19795,768,55.66,37.64,111,2024-08-20
19796,1196,236.8,62.95,52,2024-09-02
19797,5916,496.65,1.54,141,2024-09-29
19798,1414,19.97,29.67,191,2024-08-17
19799,7220,304.04,35.8,12,2025-01-08
19800,1651,474.14,86.28,309,2024-12-09
19801,3678,184.73,23.55,316,2025-01-29
19802,8981,260.52,46.04,40,2025-02-26
19803,5951,402.29,61.28,275,2024-07-07
19804,5340,263.29,14.35,82,2025-04-11
19805,5623,0.99,23.86,396,2024-09-17
19806,9894,429.4,27.25,473,2024-05-20
19807,1749,92.18,74.8,125,2024-07-14
19808,5999,342.68,18.49,337,2024-06-07
19809,5711,271.36,61.72,73,2024-08-31
19810,9250,478.06,34.42,479,2024-08-07
19811,2649,309.65,36.24,173,2024-11-24
19812,872,396.44,34.89,437,2024-05-26
19813,7658,211.9,48.87,301,2025-03-17
19814,6866,182.62,77.27,9,2024-08-19
19815,5459,231.05,42.17,179,2024-06-02
19816,7641,226.77,15.42,334,2024-11-21
19817,1339,250.58,84.74,249,2024-08-21
19818,8168,337.69,24.43,220,2025-01-11
19819,2602,113.41,39.63,171,2024-11-04
19820,6176,57.69,12.95,70,2025-02-14
19821,8796,201.28,8.32,440,2025-04-25
19822,1352,487.15,51.59,180,2025-04-07
19823,676,338.94,37.56,116,2024-12-07
19824,2097,188.68,29.18,269,2024-11-19
19825,1042,56.43,84.81,24,2024-05-18
19826,24,255.67,99.38,160,2024-05-11
19827,8259,16.03,56.59,112,2025-04-09
19828,4862,254.74,46.99,4,2025-01-25
19829,5475,224.41,56.7,263,2024-10-09
19830,551,2.61,56.77,13,2024-11-25
19831,2654,471.22,6.7,473,2025-03-29
19832,5306,43.51,29.14,131,2024-09-26
19833,9938,220.47,90.8,101,2025-02-24
19834,5452,86.66,47.55,305,2025-02-15
19835,5542,470.43,69.08,361,2024-12-16
19836,3217,349.57,84.32,133,2024-05-01
19837,3409,327.89,8.04,42,2024-07-24
19838,2778,183.0,7.63,208,2024-10-06
19839,6669,425.69,0.88,439,2024-11-03
19840,4492,179.48,7.03,71,2025-02-04
19841,5818,137.19,28.86,264,2024-11-24
19842,4718,391.05,67.96,459,2024-05-05
19843,7372,467.96,51.02,8,2024-07-01
19844,7089,125.85,7.56,20,2025-04-23
19845,4776,378.03,75.26,356,2024-05-17
19846,9822,269.15,35.85,391,2025-01-18
19847,3316,349.9,7.75,135,2024-06-05
19848,8127,368.61,57.73,181,2025-02-26
19849,8706,114.64,39.65,453,2025-04-27
19850,5290,259.06,26.57,240,2024-06-01
19851,4307,148.17,12.63,15,2025-04-14
19852,8633,114.46,27.42,76,2024-10-20
19853,4565,339.3,17.68,362,2024-11-19
19854,9189,436.01,90.5,399,2025-03-20
19855,5511,198.03,64.56,110,2024-10-09
19856,5137,340.23,65.66,81,2024-10-12
19857,5938,155.62,24.18,355,2024-11-28
19858,7658,182.71,55.74,104,2024-12-25
19859,4294,423.69,26.59,389,2024-06-20
19860,4659,213.97,38.73,486,2024-07-30
19861,4220,359.7,85.16,251,2024-11-28
19862,7782,272.4,45.14,377,2024-09-05
19863,9706,14.23,63.16,433,2025-03-31
19864,1499,208.31,12.5,147,2025-02-28
19865,1175,329.12,3.31,87,2024-11-16
19866,9333,154.59,76.49,69,2024-11-30
19867,3552,137.15,62.77,388,2025-02-15
19868,4520,243.6,25.22,447,2025-04-29
19869,41,298.53,58.09,28,2025-01-17
19870,8456,369.7,21.65,197,2024-06-22
19871,5254,69.26,66.49,442,2024-10-01
19872,5313,79.16,72.41,154,2025-02-06
19873,6506,362.41,94.47,296,2024-12-16
19874,2541,389.42,18.73,476,2025-01-07
19875,6278,259.93,74.38,303,2025-01-05
19876,5191,385.77,40.31,195,2024-09-25
19877,7005,45.48,76.42,74,2025-01-05
19878,2877,348.36,25.8,88,2025-03-16
19879,657,245.94,23.28,311,2024-12-07
19880,511,241.75,94.99,315,2025-04-16
19881,6175,418.7,98.53,32,2025-03-07
19882,2146,341.39,88.15,300,2024-12-24
19883,8058,444.14,83.16,463,2025-01-18
19884,6745,4.28,44.59,143,2024-06-10
19885,9874,141.38,22.2,499,2025-02-11
19886,4714,108.86,23.73,147,2024-08-13
19887,7489,345.48,16.39,13,2025-04-11
19888,1001,76.79,21.92,307,2024-09-26
19889,9437,233.9,57.86,388,2024-10-21
19890,49,295.95,59.92,471,2024-10-14
19891,114,335.54,48.93,486,2025-02-18
19892,7219,198.27,13.1,473,2025-03-08
19893,3287,219.8,12.71,176,2025-02-14
19894,2107,108.41,64.46,476,2024-07-19
19895,5109,277.71,20.31,489,2025-03-26
19896,326,284.65,35.93,200,2024-09-27
19897,1992,320.49,4.33,99,2024-11-01
19898,9013,464.15,98.41,152,2024-06-17
19899,7848,228.95,89.15,406,2024-09-27
19900,967,206.71,83.36,147,2025-04-24
19901,4626,50.86,81.84,0,2025-01-10
19902,7976,408.95,20.58,51,2024-06-10
19903,677,218.65,24.01,316,2024-11-01
19904,5445,268.91,95.04,149,2024-12-08
19905,73,90.41,22.73,355,2024-11-19
19906,2905,490.67,67.04,400,2024-10-08
19907,2542,166.44,37.67,104,2024-10-22
19908,4866,159.72,75.27,279,2024-11-26
19909,9189,176.38,28.83,421,2025-04-04
19910,2871,402.69,5.35,433,2024-07-24
19911,9966,283.22,88.12,242,2024-10-05
19912,212,477.24,60.25,500,2025-01-26
19913,2462,72.12,59.64,373,2024-12-24
19914,8899,140.64,40.08,69,2025-03-23
19915,4440,293.0,24.18,189,2025-03-01
19916,7960,482.32,67.07,311,2024-09-17
19917,7193,441.25,10.53,228,2024-05-08
19918,260,22.99,73.47,397,2024-06-26
19919,1757,408.63,91.81,37,2025-02-18
19920,5196,87.9,76.41,175,2024-06-26
19921,6469,59.49,90.71,165,2024-05-12
19922,633,290.12,52.18,131,2025-04-12
19923,560,182.41,36.11,294,2024-05-21
19924,7982,412.77,49.23,92,2025-01-22
19925,3790,3.58,21.46,20,2025-01-12
19926,3040,50.63,8.98,323,2024-11-26
19927,3986,238.16,44.04,209,2025-02-26
19928,4519,423.48,69.35,407,2025-03-20
19929,7194,116.57,54.5,310,2024-11-17
19930,5348,268.01,52.77,153,2025-04-11
19931,812,337.26,65.23,191,2024-06-23
19932,583,31.0,45.41,13,2024-10-11
19933,5116,272.77,26.52,374,2024-12-15
19934,6921,437.18,72.74,431,2024-12-12
19935,7276,392.1,6.76,8,2025-03-26
19936,8264,342.49,9.69,444,2024-12-28
19937,967,418.03,2.21,456,2024-10-18
19938,2437,6.49,84.92,477,2025-02-10
19939,7225,471.98,59.28,256,2024-12-07
19940,3315,454.11,54.08,186,2024-11-26
19941,3313,167.59,1.65,495,2024-08-25
19942,827,121.21,85.56,191,2024-10-17
19943,5803,53.59,98.06,391,2024-07-16
19944,8061,174.02,45.05,469,2024-12-25
19945,9937,123.77,76.14,485,2025-01-31
19946,4666,314.65,46.99,418,2024-12-10
19947,1373,182.12,92.08,486,2024-07-10
19948,4678,471.47,36.28,399,2025-03-27
19949,295,213.91,58.07,139,2025-02-18
19950,4279,373.64,57.35,22,2024-10-10
19951,6226,178.96,9.47,120,2024-05-26
19952,5460,137.32,86.25,341,2024-07-02
19953,2850,240.08,47.93,183,2024-05-10
19954,4696,239.16,19.81,204,2024-08-27
19955,8528,210.55,9.44,489,2024-08-19
19956,1058,475.74,7.23,219,2024-12-16
19957,1143,172.49,97.86,344,2025-04-11
19958,2945,184.46,82.54,420,2024-12-30
19959,7571,120.97,78.0,20,2024-05-16
19960,549,151.18,58.41,192,2025-01-28
19961,8022,415.77,76.0,225,2025-01-18
19962,5735,293.92,66.0,2,2024-09-30
19963,9362,482.06,59.51,191,2024-07-03
19964,8926,140.21,93.66,483,2024-09-09
19965,4106,331.4,76.22,96,2024-05-16
19966,9912,26.17,66.17,427,2024-12-16
19967,3743,106.34,45.8,153,2024-11-04
19968,5155,312.74,57.16,355,2025-04-01
19969,5387,31.12,97.55,24,2025-03-28
19970,3279,297.26,14.29,403,2025-01-01
19971,8774,449.44,64.46,208,2024-05-16
19972,2040,68.1,73.98,355,2025-03-02
19973,6778,295.73,60.14,26,2025-03-05
19974,5903,410.47,78.27,147,2024-05-08
19975,124,360.65,47.58,349,2024-12-04
19976,1511,123.12,8.03,313,2024-05-30
19977,3304,466.26,10.4,476,2025-01-13
19978,1124,330.97,73.04,129,2024-07-21
19979,7548,187.82,92.92,67,2025-02-25
19980,342,206.74,63.48,43,2024-10-09
19981,7430,72.87,77.03,300,2025-04-08
19982,589,393.67,77.07,366,2024-06-18
19983,7902,7.79,70.5,281,2024-06-25
19984,9235,404.41,46.14,285,2025-03-23
19985,4629,363.88,15.12,184,2024-04-30
19986,3657,443.21,80.15,204,2024-06-15
19987,9437,298.16,35.95,267,2024-07-14
19988,7631,433.56,15.47,144,2024-11-29
19989,9027,104.38,48.73,56,2024-12-27
19990,7111,250.84,82.65,176,2024-12-19
19991,4535,324.87,65.19,254,2024-12-24
19992,4521,253.04,56.4,9,2025-02-27
19993,9946,229.87,51.09,296,2024-06-17
19994,2827,485.02,55.16,253,2024-12-27
19995,6011,455.02,65.13,320,2024-11-04
19996,4293,73.34,47.72,229,2024-08-22
19997,8127,438.89,27.27,407,2025-01-29
19998,7021,376.66,93.26,438,2025-02-25
19999,1011,322.85,92.87,480,2025-04-11
20000,659,498.07,87.67,168,2024-10-04
